timestamp,cpuUsage,cpuTemperature,cpuPackagePower,cpuAverageClock,ramUsage,networkConnections,processCount,mode,targetLoad,stepNumber,eventType
2026-07-09 22:39:09.922460900+05:30,86.8,37,48.3,2631.31,66.96,186,319,UNASSIGNED,,,
2026-07-09 22:39:13.018206100+05:30,36.3,49,21.8,2500.74,66.65,187,318,UNASSIGNED,,,
2026-07-09 22:39:15.102433400+05:30,42.8,46,27.7,2842.22,66.18,186,317,UNASSIGNED,,,
2026-07-09 22:39:17.189556700+05:30,40.0,48,21.1,1898.14,66.19,186,317,UNASSIGNED,,,
2026-07-09 22:39:19.275391700+05:30,38.2,48,24.0,2189.4,66.14,185,316,UNASSIGNED,,,
2026-07-09 22:39:21.354336600+05:30,30.2,51,21.1,1596.84,66.07,185,316,UNASSIGNED,,,
2026-07-09 22:39:23.430064200+05:30,35.9,42,20.9,2179.36,66.1,186,316,UNASSIGNED,,,
2026-07-09 22:39:25.499519400+05:30,37.3,50,20.4,1847.92,66.09,186,316,UNASSIGNED,,,
2026-07-09 22:39:27.569010600+05:30,41.6,50,21.2,1837.88,66.08,182,316,UNASSIGNED,,,
2026-07-09 22:39:29.632482300+05:30,35.6,49,22.3,1817.79,66.12,181,316,UNASSIGNED,,,
2026-07-09 22:39:31.762476900+05:30,34.1,48,19.6,1496.42,66.1,181,316,UNASSIGNED,,,
2026-07-09 22:39:33.919574400+05:30,42.4,50,19.8,1626.98,66.21,185,316,UNASSIGNED,,,
2026-07-09 22:39:36.041279600+05:30,43.5,50,19.6,1847.91,65.37,185,316,UNASSIGNED,,,
2026-07-09 22:39:38.181256700+05:30,39.3,45,22.1,1787.66,65.41,186,316,UNASSIGNED,,,
2026-07-09 22:39:40.282442200+05:30,36.3,48,22.2,2470.62,65.42,183,316,UNASSIGNED,,,
2026-07-09 22:39:42.421542700+05:30,34.4,46,24.7,1978.48,65.74,183,316,UNASSIGNED,,,
2026-07-09 22:39:44.660649600+05:30,35.1,44,26.3,2309.92,65.86,183,316,UNASSIGNED,,,
2026-07-09 22:39:46.942307100+05:30,47.2,45,24.2,1797.7,66.02,182,317,UNASSIGNED,,,
2026-07-09 22:39:49.068477300+05:30,34.2,46,23.4,2520.82,66.0,181,317,UNASSIGNED,,,
2026-07-09 22:39:51.200629800+05:30,34.2,48,22.8,1596.84,65.99,179,317,UNASSIGNED,,,
2026-07-09 22:39:53.306153300+05:30,32.8,48,21.4,1677.18,65.5,178,317,UNASSIGNED,,,
2026-07-09 22:39:55.433287500+05:30,36.4,51,20.4,1375.89,65.46,166,317,UNASSIGNED,,,
2026-07-09 22:39:57.609220400+05:30,41.6,48,25.1,2259.69,65.69,166,319,UNASSIGNED,,,
2026-07-09 22:39:59.716519700+05:30,30.2,52,18.4,1827.83,65.61,166,319,UNASSIGNED,,,
2026-07-09 22:40:01.873346200+05:30,35.6,51,19.1,1918.23,65.67,166,320,UNASSIGNED,,,
2026-07-09 22:40:03.987029900+05:30,31.4,49,19.4,1486.36,65.68,166,319,UNASSIGNED,,,
2026-07-09 22:40:06.082354600+05:30,34.9,48,20.3,2500.74,65.64,170,320,UNASSIGNED,,,
2026-07-09 22:40:08.198764+05:30,38.2,49,20.6,1546.62,65.84,168,320,UNASSIGNED,,,
2026-07-09 22:40:10.524178200+05:30,35.8,49,21.8,1757.53,66.1,174,320,UNASSIGNED,,,
2026-07-09 22:40:12.647492800+05:30,39.6,49,21.2,2129.13,65.81,174,320,UNASSIGNED,,,
2026-07-09 22:40:14.740635100+05:30,31.2,52,18.1,1817.78,65.7,174,321,UNASSIGNED,,,
2026-07-09 22:40:16.884964700+05:30,31.2,49,22.8,1687.23,65.8,174,321,UNASSIGNED,,,
2026-07-09 22:40:18.930898500+05:30,27.7,50,20.6,1898.14,65.78,182,321,UNASSIGNED,,,
2026-07-09 22:40:20.999581300+05:30,44.7,50,24.4,2048.77,65.65,175,321,UNASSIGNED,,,
2026-07-09 22:40:23.087566400+05:30,34.4,51,17.9,1496.42,65.62,175,321,UNASSIGNED,,,
2026-07-09 22:40:25.145848800+05:30,35.2,53,19.2,1657.09,65.53,175,321,UNASSIGNED,,,
2026-07-09 22:40:27.184814+05:30,21.7,51,16.7,1747.49,65.42,175,321,UNASSIGNED,,,
2026-07-09 22:40:29.238478800+05:30,21.1,52,16.7,1647.04,65.36,175,321,UNASSIGNED,,,
2026-07-09 22:40:31.284327600+05:30,17.3,52,18.3,1677.19,65.23,175,321,UNASSIGNED,,,
2026-07-09 22:40:33.361372400+05:30,20.8,52,18.6,1737.45,65.28,175,321,UNASSIGNED,,,
2026-07-09 22:40:35.428226400+05:30,33.2,51,17.5,1797.7,65.21,175,322,UNASSIGNED,,,
2026-07-09 22:40:37.474316500+05:30,27.8,49,23.2,2129.14,65.4,161,324,UNASSIGNED,,,
2026-07-09 22:40:39.531552500+05:30,36.3,52,18.4,1486.36,65.61,163,326,UNASSIGNED,,,
2026-07-09 22:40:41.642450200+05:30,43.9,39,33.0,2812.08,65.86,162,329,UNASSIGNED,,,
2026-07-09 22:40:43.686721200+05:30,40.3,45,25.9,1757.53,66.13,162,329,UNASSIGNED,,,
2026-07-09 22:40:45.741607300+05:30,57.5,42,37.0,2109.04,65.8,167,325,UNASSIGNED,,,
2026-07-09 22:40:47.781424900+05:30,43.1,52,25.8,2571.05,65.92,167,325,UNASSIGNED,,,
2026-07-09 22:40:49.830915500+05:30,32.1,50,20.0,1707.31,65.91,165,325,UNASSIGNED,,,
2026-07-09 22:40:51.920200+05:30,26.9,51,17.0,1305.58,66.04,165,325,UNASSIGNED,,,
2026-07-09 22:40:54.004037900+05:30,54.9,38,41.3,2982.82,66.73,176,325,UNASSIGNED,,,
2026-07-09 22:40:56.090359900+05:30,95.7,35,49.6,2992.87,67.09,178,325,UNASSIGNED,,,
2026-07-09 22:40:58.138229800+05:30,39.5,49,22.4,1898.14,67.09,178,325,UNASSIGNED,,,
2026-07-09 22:41:00.176581300+05:30,55.4,44,35.2,2229.57,67.16,178,325,UNASSIGNED,,,
2026-07-09 22:41:02.223456700+05:30,40.2,52,22.9,2129.12,67.07,175,324,UNASSIGNED,,,
2026-07-09 22:41:04.263454100+05:30,46.7,46,31.0,1998.56,67.12,176,324,UNASSIGNED,,,
2026-07-09 22:41:06.316392500+05:30,56.7,38,41.6,2982.83,67.2,175,324,UNASSIGNED,,,
2026-07-09 22:41:08.364207700+05:30,48.1,44,20.0,2480.65,67.34,172,326,UNASSIGNED,,,
2026-07-09 22:41:10.402925+05:30,31.4,49,18.7,1175.03,67.37,171,326,UNASSIGNED,,,
2026-07-09 22:41:12.467294600+05:30,35.9,49,20.1,1576.76,67.46,172,326,UNASSIGNED,,,
2026-07-09 22:41:14.550313900+05:30,32.2,46,23.8,2571.04,67.75,174,326,UNASSIGNED,,,
2026-07-09 22:41:16.658348100+05:30,58.1,36,43.8,3012.96,67.83,182,328,INITIAL_IDLE,0.0,,SESSION
2026-07-09 22:41:18.708810400+05:30,32.6,48,22.0,1807.73,67.61,180,326,INITIAL_IDLE,0.0,,SESSION
2026-07-09 22:41:20.759004700+05:30,22.9,48,19.2,1968.44,67.59,180,326,INITIAL_IDLE,0.0,,SESSION
2026-07-09 22:41:22.813737700+05:30,24.8,48,18.3,2199.43,67.58,178,326,INITIAL_IDLE,0.0,,SESSION
2026-07-09 22:41:24.859275300+05:30,19.6,50,18.5,2239.61,67.58,179,326,INITIAL_IDLE,0.0,,SESSION
2026-07-09 22:41:26.912348700+05:30,22.6,49,16.7,1737.44,67.53,179,326,INITIAL_IDLE,0.0,,SESSION
2026-07-09 22:41:28.949273400+05:30,18.0,51,19.1,1988.53,67.5,178,326,INITIAL_IDLE,0.0,,SESSION
2026-07-09 22:41:30.989141200+05:30,23.1,49,20.0,1787.66,67.54,178,326,INITIAL_IDLE,0.0,,SESSION
2026-07-09 22:41:33.104300300+05:30,27.7,49,19.8,1496.4,67.6,178,326,INITIAL_IDLE,0.0,,SESSION
2026-07-09 22:41:35.150549500+05:30,31.7,50,19.3,1968.44,67.65,178,326,INITIAL_IDLE,0.0,,SESSION
2026-07-09 22:41:37.261590900+05:30,26.0,46,19.9,1807.74,67.66,177,326,INITIAL_IDLE,0.0,,SESSION
2026-07-09 22:41:39.443215600+05:30,29.8,52,18.9,1556.67,67.63,178,326,INITIAL_IDLE,0.0,,SESSION
2026-07-09 22:41:41.968538600+05:30,24.7,51,16.8,1325.67,67.03,180,326,INITIAL_IDLE,0.0,,SESSION
2026-07-09 22:41:44.080171100+05:30,19.6,51,16.4,1747.49,67.0,178,326,INITIAL_IDLE,0.0,,SESSION
2026-07-09 22:41:46.189784700+05:30,24.9,49,16.9,1727.39,66.99,178,326,INITIAL_IDLE,0.0,,SESSION
2026-07-09 22:41:48.302595700+05:30,48.7,48,20.3,1637.0,67.09,178,326,INITIAL_IDLE,0.0,,SESSION
2026-07-09 22:41:50.371890100+05:30,24.5,49,19.7,1657.1,67.11,178,326,INITIAL_IDLE,0.0,,SESSION
2026-07-09 22:41:52.418214400+05:30,23.9,51,20.7,2028.69,67.11,178,326,INITIAL_IDLE,0.0,,SESSION
2026-07-09 22:41:54.454403300+05:30,24.9,52,19.2,2078.91,67.14,182,326,INITIAL_IDLE,0.0,,SESSION
2026-07-09 22:41:56.512377+05:30,50.9,45,27.6,1948.35,67.28,182,326,INITIAL_IDLE,0.0,,SESSION
2026-07-09 22:41:58.549435600+05:30,24.5,49,19.2,2088.95,67.29,180,326,INITIAL_IDLE,0.0,,SESSION
2026-07-09 22:42:00.620439400+05:30,24.5,51,20.6,1928.28,67.36,179,326,INITIAL_IDLE,0.0,,SESSION
2026-07-09 22:42:02.667344100+05:30,31.7,51,20.6,1506.44,67.32,179,326,INITIAL_IDLE,0.0,,SESSION
2026-07-09 22:42:04.728164200+05:30,20.5,52,18.9,2189.38,67.32,177,326,INITIAL_IDLE,0.0,,SESSION
2026-07-09 22:42:06.778893800+05:30,24.7,50,18.0,1767.57,67.33,177,325,INITIAL_IDLE,0.0,,SESSION
2026-07-09 22:42:08.840460600+05:30,21.4,51,19.9,2219.54,67.43,176,325,INITIAL_IDLE,0.0,,SESSION
2026-07-09 22:42:10.890787800+05:30,28.5,51,18.8,1315.61,67.46,174,325,INITIAL_IDLE,0.0,,SESSION
2026-07-09 22:42:12.962681300+05:30,23.5,51,20.0,1355.8,67.41,175,325,INITIAL_IDLE,0.0,,SESSION
2026-07-09 22:42:15.019380900+05:30,24.9,50,19.5,1385.92,67.39,175,325,INITIAL_IDLE,0.0,,SESSION
2026-07-09 22:42:17.070039200+05:30,22.8,52,19.2,1606.88,67.37,175,325,INITIAL_IDLE,0.0,,SESSION
2026-07-09 22:42:19.108194300+05:30,27.1,51,22.6,1496.4,67.39,175,325,INITIAL_IDLE,0.0,,SESSION
2026-07-09 22:42:21.170060200+05:30,28.9,48,19.0,1265.41,67.44,175,325,INITIAL_IDLE,0.0,,SESSION
2026-07-09 22:42:23.212513100+05:30,23.1,51,19.7,2540.92,67.4,174,325,INITIAL_IDLE,0.0,,SESSION
2026-07-09 22:42:25.296308300+05:30,26.1,51,18.8,1727.4,67.38,175,325,INITIAL_IDLE,0.0,,SESSION
2026-07-09 22:42:27.364383900+05:30,33.4,51,20.4,1416.06,67.65,185,326,INITIAL_IDLE,0.0,,SESSION
2026-07-09 22:42:29.445404100+05:30,37.5,51,19.6,2058.84,67.5,176,326,INITIAL_IDLE,0.0,,SESSION
2026-07-09 22:42:31.504513100+05:30,31.0,50,21.7,1988.53,67.93,176,326,INITIAL_IDLE,0.0,,SESSION
2026-07-09 22:42:33.615160400+05:30,42.5,46,25.5,1837.87,67.88,174,326,INITIAL_IDLE,0.0,,SESSION
2026-07-09 22:42:35.720511800+05:30,28.3,51,20.8,1536.58,67.85,174,326,INITIAL_IDLE,0.0,,SESSION
2026-07-09 22:42:37.846485300+05:30,37.4,51,19.9,1626.98,67.72,171,326,INITIAL_IDLE,0.0,,SESSION
2026-07-09 22:42:39.958175400+05:30,27.2,49,19.1,1938.3,67.76,171,326,INITIAL_IDLE,0.0,,SESSION
2026-07-09 22:42:42.055815800+05:30,28.4,50,19.2,1536.59,67.75,170,326,INITIAL_IDLE,0.0,,SESSION
2026-07-09 22:42:44.182293600+05:30,23.6,49,19.0,1717.36,67.78,165,326,INITIAL_IDLE,0.0,,SESSION
2026-07-09 22:42:46.292812800+05:30,37.4,51,19.3,1727.41,67.84,163,326,INITIAL_IDLE,0.0,,SESSION
2026-07-09 22:42:48.372475+05:30,33.8,51,19.2,1737.44,67.76,163,326,INITIAL_IDLE,0.0,,SESSION
2026-07-09 22:42:50.479713800+05:30,25.3,50,17.7,1807.75,67.82,162,326,INITIAL_IDLE,0.0,,SESSION
2026-07-09 22:42:52.599508400+05:30,28.4,52,19.8,1707.32,67.78,162,326,INITIAL_IDLE,0.0,,SESSION
2026-07-09 22:42:54.704079400+05:30,32.6,52,23.1,1586.79,67.86,162,326,INITIAL_IDLE,0.0,,SESSION
2026-07-09 22:42:56.795914+05:30,36.0,51,18.5,1576.75,67.47,162,326,INITIAL_IDLE,0.0,,SESSION
2026-07-09 22:42:58.880239400+05:30,30.3,46,22.3,2209.49,67.54,162,326,INITIAL_IDLE,0.0,,SESSION
2026-07-09 22:43:01.007348800+05:30,31.8,51,17.4,1516.49,67.51,161,326,INITIAL_IDLE,0.0,,SESSION
2026-07-09 22:43:03.099625900+05:30,33.1,52,18.2,1084.64,67.52,161,325,INITIAL_IDLE,0.0,,SESSION
2026-07-09 22:43:05.214507200+05:30,22.4,52,16.3,1335.72,67.6,160,325,INITIAL_IDLE,0.0,,SESSION
2026-07-09 22:43:07.331125600+05:30,24.5,51,17.4,1456.24,67.61,160,325,INITIAL_IDLE,0.0,,SESSION
2026-07-09 22:43:09.448286600+05:30,29.4,52,16.7,1988.53,67.59,160,325,INITIAL_IDLE,0.0,,SESSION
2026-07-09 22:43:11.561092200+05:30,25.8,52,17.0,1265.41,67.59,160,325,INITIAL_IDLE,0.0,,SESSION
2026-07-09 22:43:13.652362700+05:30,27.3,49,19.9,2390.26,67.62,160,325,INITIAL_IDLE,0.0,,SESSION
2026-07-09 22:43:15.760764600+05:30,36.4,50,25.2,1888.07,67.63,161,325,INITIAL_IDLE,0.0,,SESSION
2026-07-09 22:43:17.805438700+05:30,28.0,49,20.5,1596.83,67.56,159,325,RAMP,0.0,1.0,WORKLOAD_STEP
2026-07-09 22:43:19.845212900+05:30,29.1,51,18.5,1526.54,67.62,159,325,RAMP,0.0,1.0,WORKLOAD_STEP
2026-07-09 22:43:21.880320800+05:30,30.2,50,16.6,1888.08,67.56,162,325,RAMP,0.0,1.0,WORKLOAD_STEP
2026-07-09 22:43:23.960862300+05:30,24.2,48,18.7,2390.25,67.7,161,325,RAMP,0.0,1.0,WORKLOAD_STEP
2026-07-09 22:43:26.033783700+05:30,25.2,51,19.0,1857.97,67.77,163,325,RAMP,0.0,1.0,WORKLOAD_STEP
2026-07-09 22:43:28.077337300+05:30,31.2,51,18.6,1546.64,67.74,165,325,RAMP,0.0,1.0,WORKLOAD_STEP
2026-07-09 22:43:30.112620700+05:30,22.6,50,20.2,1225.25,67.67,162,325,RAMP,0.0,1.0,WORKLOAD_STEP
2026-07-09 22:43:32.170016900+05:30,24.7,51,18.3,1616.94,67.63,160,325,RAMP,0.0,1.0,WORKLOAD_STEP
2026-07-09 22:43:34.215246500+05:30,22.5,52,18.4,1747.48,67.63,160,325,RAMP,0.0,1.0,WORKLOAD_STEP
2026-07-09 22:43:36.272511800+05:30,23.3,52,19.6,1837.87,67.68,160,326,RAMP,0.0,1.0,WORKLOAD_STEP
2026-07-09 22:43:38.359887400+05:30,27.5,51,18.4,1496.41,67.76,158,326,RAMP,0.0,1.0,WORKLOAD_STEP
2026-07-09 22:43:40.408442200+05:30,20.1,51,19.8,1948.36,67.68,158,325,RAMP,0.0,1.0,WORKLOAD_STEP
2026-07-09 22:43:42.476631+05:30,32.3,55,21.9,1847.91,67.71,158,325,RAMP,0.0,1.0,WORKLOAD_STEP
2026-07-09 22:43:44.541084200+05:30,32.6,52,18.9,1114.76,67.83,157,325,RAMP,0.0,1.0,WORKLOAD_STEP
2026-07-09 22:43:46.649554900+05:30,31.1,51,18.8,1536.57,67.83,157,325,RAMP,0.0,1.0,WORKLOAD_STEP
2026-07-09 22:43:49.553654800+05:30,29.0,51,19.7,1395.97,67.27,159,323,RAMP,0.0,1.0,WORKLOAD_STEP
2026-07-09 22:43:51.665897100+05:30,35.3,51,18.3,1687.23,67.28,159,323,RAMP,0.0,1.0,WORKLOAD_STEP
2026-07-09 22:43:53.761291700+05:30,28.3,50,21.7,1817.78,67.31,158,323,RAMP,0.0,1.0,WORKLOAD_STEP
2026-07-09 22:43:55.846138+05:30,34.1,53,19.5,1847.92,67.32,158,323,RAMP,0.0,1.0,WORKLOAD_STEP
2026-07-09 22:43:57.976080400+05:30,41.2,51,19.4,1375.89,67.33,158,323,RAMP,0.0,1.0,WORKLOAD_STEP
2026-07-09 22:44:00.115111500+05:30,28.4,53,16.9,1526.53,67.38,157,323,RAMP,0.0,1.0,WORKLOAD_STEP
2026-07-09 22:44:02.221220800+05:30,28.6,52,20.1,1857.96,67.35,153,323,RAMP,0.0,1.0,WORKLOAD_STEP
2026-07-09 22:44:04.314957600+05:30,23.7,51,20.7,1325.67,67.42,153,323,RAMP,0.0,1.0,WORKLOAD_STEP
2026-07-09 22:44:06.428479600+05:30,29.3,52,19.2,1496.42,67.4,153,323,RAMP,0.0,1.0,WORKLOAD_STEP
2026-07-09 22:44:08.524149300+05:30,27.8,51,17.7,1878.05,67.36,153,323,RAMP,0.0,1.0,WORKLOAD_STEP
2026-07-09 22:44:10.626225400+05:30,27.6,52,17.8,1888.1,67.44,153,323,RAMP,0.0,1.0,WORKLOAD_STEP
2026-07-09 22:44:12.702315200+05:30,31.0,53,19.9,1827.83,67.36,153,323,RAMP,0.0,1.0,WORKLOAD_STEP
2026-07-09 22:44:14.829168600+05:30,28.3,52,17.3,1677.18,67.39,152,323,RAMP,0.0,1.0,WORKLOAD_STEP
2026-07-09 22:44:16.936435400+05:30,29.1,51,17.6,1556.67,67.39,152,323,RAMP,0.0,1.0,WORKLOAD_STEP
2026-07-09 22:44:19.036307100+05:30,25.0,53,16.9,1516.5,67.4,152,323,RAMP,0.0,1.0,WORKLOAD_STEP
2026-07-09 22:44:21.216448800+05:30,33.5,49,21.1,2109.05,67.69,158,323,RAMP,0.0,1.0,WORKLOAD_STEP
2026-07-09 22:44:23.296145200+05:30,40.5,48,22.8,1918.23,67.82,160,324,RAMP,0.0,1.0,WORKLOAD_STEP
2026-07-09 22:44:25.362680300+05:30,24.3,51,21.6,1546.63,67.57,160,324,RAMP,0.0,1.0,WORKLOAD_STEP
2026-07-09 22:44:27.493360500+05:30,32.0,51,21.6,1616.92,67.7,160,324,RAMP,0.0,1.0,WORKLOAD_STEP
2026-07-09 22:44:29.588314600+05:30,22.0,52,17.4,1777.62,67.58,160,323,RAMP,0.0,1.0,WORKLOAD_STEP
2026-07-09 22:44:31.703213400+05:30,33.0,53,19.5,1596.83,67.7,170,323,RAMP,0.0,1.0,WORKLOAD_STEP
2026-07-09 22:44:33.803227900+05:30,32.6,51,21.2,1948.36,67.46,171,323,RAMP,0.0,1.0,WORKLOAD_STEP
2026-07-09 22:44:35.902591500+05:30,31.0,53,17.2,1626.96,67.41,171,323,RAMP,0.0,2.0,WORKLOAD_STEP
2026-07-09 22:44:38.014025100+05:30,35.3,51,20.2,2209.48,67.55,162,324,RAMP,0.0,2.0,WORKLOAD_STEP
2026-07-09 22:44:40.131402+05:30,27.6,52,18.0,1807.75,67.53,159,324,RAMP,0.0,2.0,WORKLOAD_STEP
2026-07-09 22:44:42.236411+05:30,32.2,51,17.1,1978.48,67.47,159,324,RAMP,0.0,2.0,WORKLOAD_STEP
2026-07-09 22:44:44.439947400+05:30,40.9,51,19.7,2008.62,67.51,159,324,RAMP,0.0,2.0,WORKLOAD_STEP
2026-07-09 22:44:46.533480800+05:30,30.3,48,21.2,1888.07,67.53,159,324,RAMP,0.0,2.0,WORKLOAD_STEP
2026-07-09 22:44:48.646490+05:30,29.1,52,18.9,1205.14,67.54,159,324,RAMP,0.0,2.0,WORKLOAD_STEP
2026-07-09 22:44:50.752639+05:30,21.8,51,19.6,1496.41,67.52,159,324,RAMP,0.0,2.0,WORKLOAD_STEP
2026-07-09 22:44:52.864119300+05:30,25.8,48,19.9,2279.79,67.57,159,324,RAMP,0.0,2.0,WORKLOAD_STEP
2026-07-09 22:44:54.935822600+05:30,43.1,50,24.0,1486.37,68.46,160,324,RAMP,0.0,2.0,WORKLOAD_STEP
2026-07-09 22:44:57.057693100+05:30,33.1,49,19.9,2370.17,67.12,159,323,RAMP,0.0,2.0,WORKLOAD_STEP
2026-07-09 22:44:59.215674600+05:30,24.8,52,19.9,1466.26,67.09,159,323,RAMP,0.0,2.0,WORKLOAD_STEP
2026-07-09 22:45:01.321505600+05:30,19.7,52,16.9,1426.11,66.9,157,323,RAMP,0.0,2.0,WORKLOAD_STEP
2026-07-09 22:45:03.429388500+05:30,12.1,56,11.9,1245.32,66.06,156,323,RAMP,0.0,2.0,WORKLOAD_STEP
2026-07-09 22:45:05.549806+05:30,15.3,56,10.9,1647.06,65.56,156,319,RAMP,0.0,2.0,WORKLOAD_STEP
2026-07-09 22:45:07.651924700+05:30,14.2,55,9.2,984.21,64.66,155,319,RAMP,0.0,2.0,WORKLOAD_STEP
2026-07-09 22:45:09.786045700+05:30,9.6,56,9.5,964.14,63.96,155,319,RAMP,0.0,2.0,WORKLOAD_STEP
2026-07-09 22:45:11.903020200+05:30,10.7,58,11.1,1506.44,63.94,155,319,RAMP,0.0,2.0,WORKLOAD_STEP
2026-07-09 22:45:14.017526+05:30,11.0,58,11.3,1426.09,64.05,155,319,RAMP,0.0,2.0,WORKLOAD_STEP
2026-07-09 22:45:16.146374100+05:30,21.1,55,13.3,1074.59,63.91,155,319,RAMP,0.0,2.0,WORKLOAD_STEP
2026-07-09 22:45:18.527889400+05:30,6.6,56,13.2,1094.69,64.4,155,321,RAMP,0.0,2.0,WORKLOAD_STEP
2026-07-09 22:45:20.634953+05:30,41.3,56,20.7,1245.32,64.32,155,320,RAMP,0.0,2.0,WORKLOAD_STEP
2026-07-09 22:45:22.756572700+05:30,18.7,53,12.8,1546.63,64.36,156,320,RAMP,0.0,2.0,WORKLOAD_STEP
2026-07-09 22:45:24.898445400+05:30,24.3,55,13.6,1928.25,63.49,155,320,RAMP,0.0,2.0,WORKLOAD_STEP
2026-07-09 22:45:26.996529700+05:30,9.6,55,12.5,1114.78,63.27,154,319,RAMP,0.0,2.0,WORKLOAD_STEP
2026-07-09 22:45:29.116368300+05:30,23.1,56,12.1,1616.9,63.32,152,319,RAMP,0.0,2.0,WORKLOAD_STEP
2026-07-09 22:45:31.218284800+05:30,16.5,56,7.7,1074.6,62.26,151,317,RAMP,0.0,2.0,WORKLOAD_STEP
2026-07-09 22:45:33.323444300+05:30,5.5,56,8.3,1094.67,62.23,151,317,RAMP,0.0,2.0,WORKLOAD_STEP
2026-07-09 22:45:35.431047500+05:30,11.0,56,12.2,1084.64,62.31,153,317,RAMP,0.0,2.0,WORKLOAD_STEP
2026-07-09 22:45:37.544093500+05:30,15.0,56,12.9,1365.85,62.19,151,317,RAMP,0.0,2.0,WORKLOAD_STEP
2026-07-09 22:45:39.642400100+05:30,14.3,58,10.5,1185.08,62.18,151,317,RAMP,0.0,2.0,WORKLOAD_STEP
2026-07-09 22:45:41.759383400+05:30,10.5,56,15.6,1205.16,61.51,151,315,RAMP,20.0,3.0,WORKLOAD_STEP
2026-07-09 22:45:43.891314100+05:30,31.2,57,10.0,1175.03,61.5,151,315,RAMP,20.0,3.0,WORKLOAD_STEP
2026-07-09 22:45:46.031305600+05:30,29.5,57,10.3,1375.89,61.65,150,315,RAMP,20.0,3.0,WORKLOAD_STEP
2026-07-09 22:45:48.143712+05:30,37.4,56,15.1,1124.82,61.45,150,315,RAMP,20.0,3.0,WORKLOAD_STEP
2026-07-09 22:45:50.275124900+05:30,28.6,58,11.7,1094.67,60.79,150,316,RAMP,20.0,3.0,WORKLOAD_STEP
2026-07-09 22:45:52.395979100+05:30,31.2,56,11.9,1466.27,60.49,151,316,RAMP,20.0,3.0,WORKLOAD_STEP
2026-07-09 22:45:54.503008500+05:30,27.9,56,10.6,1385.94,60.24,151,315,RAMP,20.0,3.0,WORKLOAD_STEP
2026-07-09 22:45:56.624223500+05:30,24.1,56,9.1,1164.99,60.03,151,315,RAMP,20.0,3.0,WORKLOAD_STEP
2026-07-09 22:45:58.738653600+05:30,19.9,57,9.5,1124.82,60.1,151,315,RAMP,20.0,3.0,WORKLOAD_STEP
2026-07-09 22:46:00.867116900+05:30,21.7,57,8.7,1365.85,60.04,151,314,RAMP,20.0,3.0,WORKLOAD_STEP
2026-07-09 22:46:02.986727900+05:30,31.1,58,13.3,1325.68,60.06,152,314,RAMP,20.0,3.0,WORKLOAD_STEP
2026-07-09 22:46:05.094249900+05:30,30.6,55,14.0,1144.88,60.24,163,314,RAMP,20.0,3.0,WORKLOAD_STEP
2026-07-09 22:46:07.226351200+05:30,35.1,52,13.6,1365.85,60.37,165,314,RAMP,20.0,3.0,WORKLOAD_STEP
2026-07-09 22:46:09.332475200+05:30,33.1,56,12.6,1134.86,60.46,166,314,RAMP,20.0,3.0,WORKLOAD_STEP
2026-07-09 22:46:11.479352600+05:30,28.6,59,12.6,1225.23,60.55,166,314,RAMP,20.0,3.0,WORKLOAD_STEP
2026-07-09 22:46:13.611056900+05:30,30.4,56,13.3,1737.44,60.57,166,314,RAMP,20.0,3.0,WORKLOAD_STEP
2026-07-09 22:46:15.850934300+05:30,25.2,58,10.4,1375.89,60.5,165,314,RAMP,20.0,3.0,WORKLOAD_STEP
2026-07-09 22:46:18.042743+05:30,25.8,57,10.1,1496.4,60.26,165,314,RAMP,20.0,3.0,WORKLOAD_STEP
2026-07-09 22:46:20.160519900+05:30,30.8,58,11.1,1144.9,60.05,164,315,RAMP,20.0,3.0,WORKLOAD_STEP
2026-07-09 22:46:22.261546200+05:30,24.5,58,10.0,1506.44,60.02,163,315,RAMP,20.0,3.0,WORKLOAD_STEP
2026-07-09 22:46:24.373806300+05:30,22.3,58,10.2,1084.62,60.0,162,315,RAMP,20.0,3.0,WORKLOAD_STEP
2026-07-09 22:46:26.503953300+05:30,20.7,58,9.6,1114.77,60.01,161,315,RAMP,20.0,3.0,WORKLOAD_STEP
2026-07-09 22:46:28.646517600+05:30,26.4,57,10.5,1315.62,60.01,161,315,RAMP,20.0,3.0,WORKLOAD_STEP
2026-07-09 22:46:30.767166600+05:30,20.8,59,10.0,1134.84,60.03,156,315,RAMP,20.0,3.0,WORKLOAD_STEP
2026-07-09 22:46:32.891730300+05:30,20.8,59,10.5,1114.75,60.03,156,315,RAMP,20.0,3.0,WORKLOAD_STEP
2026-07-09 22:46:35.011550+05:30,25.1,59,10.0,1265.42,60.04,154,315,RAMP,20.0,3.0,WORKLOAD_STEP
2026-07-09 22:46:37.128409700+05:30,25.5,59,10.1,1144.9,60.03,153,315,RAMP,20.0,3.0,WORKLOAD_STEP
2026-07-09 22:46:39.229407900+05:30,31.9,58,12.4,1235.28,60.23,154,315,RAMP,20.0,3.0,WORKLOAD_STEP
2026-07-09 22:46:41.336920800+05:30,33.5,56,12.4,1395.98,60.25,157,315,RAMP,20.0,3.0,WORKLOAD_STEP
2026-07-09 22:46:43.479723100+05:30,27.5,58,10.5,1064.54,60.26,157,315,RAMP,20.0,3.0,WORKLOAD_STEP
2026-07-09 22:46:45.645925900+05:30,29.0,57,11.8,1486.35,60.23,159,315,RAMP,20.0,3.0,WORKLOAD_STEP
2026-07-09 22:46:47.813335+05:30,31.3,57,13.4,1054.5,60.28,158,315,RAMP,20.0,3.0,WORKLOAD_STEP
2026-07-09 22:46:49.933623400+05:30,29.4,57,12.3,1416.06,60.06,160,314,RAMP,20.0,3.0,WORKLOAD_STEP
2026-07-09 22:46:52.049124700+05:30,37.4,53,16.9,2189.38,60.07,162,313,RAMP,20.0,3.0,WORKLOAD_STEP
2026-07-09 22:46:54.166230800+05:30,29.0,48,13.8,1767.58,60.19,162,313,RAMP,20.0,3.0,WORKLOAD_STEP
2026-07-09 22:46:56.307330800+05:30,38.8,53,13.5,1576.77,61.41,162,313,RAMP,20.0,3.0,WORKLOAD_STEP
2026-07-09 22:46:58.415550900+05:30,30.9,56,12.3,1245.32,61.2,162,312,RAMP,20.0,3.0,WORKLOAD_STEP
2026-07-09 22:47:00.689310900+05:30,28.1,57,10.7,1084.63,60.94,162,312,RAMP,20.0,3.0,WORKLOAD_STEP
2026-07-09 22:47:02.825328700+05:30,22.4,57,10.5,1285.49,60.89,162,312,RAMP,20.0,3.0,WORKLOAD_STEP
2026-07-09 22:47:04.948254700+05:30,25.7,57,10.6,1114.75,60.01,162,312,RAMP,20.0,3.0,WORKLOAD_STEP
2026-07-09 22:47:07.061747500+05:30,29.1,57,10.2,1345.75,59.99,162,312,RAMP,20.0,3.0,WORKLOAD_STEP
2026-07-09 22:47:09.200822800+05:30,27.4,57,11.1,1496.41,60.01,162,312,RAMP,20.0,3.0,WORKLOAD_STEP
2026-07-09 22:47:11.326100300+05:30,27.7,51,12.3,1456.22,59.99,162,312,RAMP,20.0,3.0,WORKLOAD_STEP
2026-07-09 22:47:13.457790600+05:30,27.6,56,11.1,1295.53,60.04,162,312,RAMP,20.0,3.0,WORKLOAD_STEP
2026-07-09 22:47:15.786913400+05:30,23.2,56,10.3,1124.8,59.98,160,312,RAMP,20.0,3.0,WORKLOAD_STEP
2026-07-09 22:47:17.945868400+05:30,26.5,57,11.1,1506.45,60.01,162,312,RAMP,20.0,3.0,WORKLOAD_STEP
2026-07-09 22:47:20.066246+05:30,26.5,57,10.8,1185.07,60.0,163,312,RAMP,20.0,3.0,WORKLOAD_STEP
2026-07-09 22:47:22.250206600+05:30,27.1,56,11.0,1305.57,60.0,163,312,RAMP,20.0,3.0,WORKLOAD_STEP
2026-07-09 22:47:24.388305900+05:30,29.0,56,11.9,1275.45,60.49,164,311,RAMP,20.0,3.0,WORKLOAD_STEP
2026-07-09 22:47:26.491274500+05:30,30.3,59,12.1,1878.05,60.44,163,311,RAMP,20.0,3.0,WORKLOAD_STEP
2026-07-09 22:47:28.604209100+05:30,27.8,57,11.1,1305.58,60.51,162,311,RAMP,20.0,3.0,WORKLOAD_STEP
2026-07-09 22:47:30.738429600+05:30,27.6,58,11.2,1446.18,60.51,162,311,RAMP,20.0,3.0,WORKLOAD_STEP
2026-07-09 22:47:32.851728500+05:30,23.4,60,10.4,1154.94,60.52,162,311,RAMP,20.0,3.0,WORKLOAD_STEP
2026-07-09 22:47:34.958734+05:30,32.3,57,11.8,1175.02,60.5,161,311,RAMP,20.0,3.0,WORKLOAD_STEP
2026-07-09 22:47:37.052433800+05:30,26.3,57,10.5,1014.31,60.63,161,313,RAMP,20.0,3.0,WORKLOAD_STEP
2026-07-09 22:47:39.176103+05:30,31.3,56,13.3,1888.09,60.71,164,314,RAMP,20.0,3.0,WORKLOAD_STEP
2026-07-09 22:47:41.294512100+05:30,23.9,57,10.7,1325.66,60.69,163,314,RAMP,20.0,3.0,WORKLOAD_STEP
2026-07-09 22:47:43.412413400+05:30,29.2,59,11.3,1104.7,60.55,161,313,RAMP,20.0,3.0,WORKLOAD_STEP
2026-07-09 22:47:45.632270200+05:30,27.3,57,13.1,1727.4,61.25,161,313,RAMP,20.0,3.0,WORKLOAD_STEP
2026-07-09 22:47:47.733065+05:30,36.1,55,16.5,2309.92,61.2,161,313,RAMP,20.0,3.0,WORKLOAD_STEP
2026-07-09 22:47:49.857993100+05:30,24.6,59,11.8,1195.12,61.17,161,313,RAMP,20.0,3.0,WORKLOAD_STEP
2026-07-09 22:47:51.978465700+05:30,24.9,56,11.1,1144.89,61.1,160,313,RAMP,20.0,3.0,WORKLOAD_STEP
2026-07-09 22:47:54.081516400+05:30,33.0,55,14.2,1657.11,60.94,160,313,RAMP,20.0,3.0,WORKLOAD_STEP
2026-07-09 22:47:56.198017500+05:30,27.2,55,14.6,1476.33,60.9,161,313,RAMP,20.0,3.0,WORKLOAD_STEP
2026-07-09 22:47:58.343073700+05:30,38.1,55,14.0,1365.85,60.92,166,313,RAMP,20.0,3.0,WORKLOAD_STEP
2026-07-09 22:48:00.496139200+05:30,24.0,56,10.7,1707.31,60.94,166,313,RAMP,20.0,3.0,WORKLOAD_STEP
2026-07-09 22:48:02.663656200+05:30,30.2,57,12.7,1164.98,60.9,166,313,RAMP,20.0,3.0,WORKLOAD_STEP
2026-07-09 22:48:04.791535900+05:30,27.9,59,13.2,1556.65,60.83,167,313,RAMP,20.0,3.0,WORKLOAD_STEP
2026-07-09 22:48:06.906781800+05:30,26.8,55,12.1,1335.71,60.85,169,313,RAMP,20.0,3.0,WORKLOAD_STEP
2026-07-09 22:48:09.038486700+05:30,27.5,59,10.5,1084.64,60.82,170,313,RAMP,20.0,3.0,WORKLOAD_STEP
2026-07-09 22:48:11.408564+05:30,26.8,56,11.0,1054.5,59.85,169,313,RAMP,20.0,3.0,WORKLOAD_STEP
2026-07-09 22:48:13.571937500+05:30,20.1,57,9.9,1164.98,59.89,169,313,RAMP,20.0,3.0,WORKLOAD_STEP
2026-07-09 22:48:15.751625+05:30,28.6,55,12.5,1476.32,59.9,171,313,RAMP,20.0,3.0,WORKLOAD_STEP
2026-07-09 22:48:17.869239600+05:30,22.8,58,10.5,1456.24,59.92,168,313,RAMP,20.0,3.0,WORKLOAD_STEP
2026-07-09 22:48:19.994869400+05:30,38.4,55,13.2,1245.32,60.0,168,313,RAMP,20.0,3.0,WORKLOAD_STEP
2026-07-09 22:48:22.128104200+05:30,24.7,52,12.6,1074.61,60.18,169,313,RAMP,20.0,3.0,WORKLOAD_STEP
2026-07-09 22:48:24.257114100+05:30,25.2,57,14.7,1285.51,60.19,172,313,RAMP,20.0,3.0,WORKLOAD_STEP
2026-07-09 22:48:26.376257400+05:30,30.3,55,14.9,1677.18,60.24,172,313,RAMP,20.0,3.0,WORKLOAD_STEP
2026-07-09 22:48:28.486268900+05:30,31.2,58,13.7,1888.1,60.24,171,313,RAMP,20.0,3.0,WORKLOAD_STEP
2026-07-09 22:48:30.688533800+05:30,35.7,56,18.0,1486.36,60.34,170,313,RAMP,20.0,3.0,WORKLOAD_STEP
2026-07-09 22:48:32.817494+05:30,32.8,57,12.3,1647.06,60.36,171,313,RAMP,20.0,3.0,WORKLOAD_STEP
2026-07-09 22:48:34.922676800+05:30,18.9,56,11.0,1375.88,60.39,170,313,RAMP,20.0,3.0,WORKLOAD_STEP
2026-07-09 22:48:37.051708300+05:30,32.6,55,14.1,1395.97,60.29,167,313,RAMP,20.0,3.0,WORKLOAD_STEP
2026-07-09 22:48:39.170796700+05:30,18.5,56,10.9,1134.85,60.31,166,313,RAMP,20.0,3.0,WORKLOAD_STEP
2026-07-09 22:48:41.287257100+05:30,21.7,55,11.0,1426.09,60.3,166,313,RAMP,20.0,3.0,WORKLOAD_STEP
2026-07-09 22:48:43.398350500+05:30,26.4,53,8.8,1375.89,60.32,166,313,RAMP,20.0,3.0,WORKLOAD_STEP
2026-07-09 22:48:45.563547+05:30,38.6,57,16.4,1165.0,60.48,166,313,RAMP,20.0,3.0,WORKLOAD_STEP
2026-07-09 22:48:47.681271100+05:30,36.2,54,15.2,1054.51,60.53,166,313,RAMP,20.0,3.0,WORKLOAD_STEP
2026-07-09 22:48:49.814007800+05:30,36.1,56,15.6,1295.54,60.57,169,313,RAMP,20.0,3.0,WORKLOAD_STEP
2026-07-09 22:48:51.936430700+05:30,28.6,55,13.6,1154.94,60.47,170,313,RAMP,20.0,3.0,WORKLOAD_STEP
2026-07-09 22:48:54.075543+05:30,24.5,56,10.4,1385.94,60.51,167,313,RAMP,20.0,3.0,WORKLOAD_STEP
2026-07-09 22:48:56.183602500+05:30,35.7,58,14.8,1526.53,60.54,165,313,RAMP,20.0,3.0,WORKLOAD_STEP
2026-07-09 22:48:58.319655100+05:30,26.6,58,14.5,1074.59,60.61,165,313,RAMP,20.0,3.0,WORKLOAD_STEP
2026-07-09 22:49:00.469505700+05:30,31.7,52,13.4,1677.17,60.59,165,313,RAMP,20.0,3.0,WORKLOAD_STEP
2026-07-09 22:49:02.583757600+05:30,31.8,55,14.0,1576.75,60.69,165,313,RAMP,20.0,3.0,WORKLOAD_STEP
2026-07-09 22:49:04.741837600+05:30,27.0,51,13.3,1295.54,60.81,165,313,RAMP,20.0,3.0,WORKLOAD_STEP
2026-07-09 22:49:07.272704600+05:30,28.1,56,11.7,1355.79,60.9,165,313,RAMP,20.0,3.0,WORKLOAD_STEP
2026-07-09 22:49:09.376708300+05:30,26.1,56,15.1,1345.75,60.97,166,313,RAMP,20.0,3.0,WORKLOAD_STEP
2026-07-09 22:49:11.478570700+05:30,28.4,55,12.3,1416.06,60.83,167,313,RAMP,20.0,3.0,WORKLOAD_STEP
2026-07-09 22:49:13.592314500+05:30,34.9,54,16.0,1486.37,60.65,167,313,RAMP,20.0,3.0,WORKLOAD_STEP
2026-07-09 22:49:15.842325900+05:30,31.4,55,14.1,1747.49,60.58,166,313,RAMP,20.0,3.0,WORKLOAD_STEP
2026-07-09 22:49:17.959345400+05:30,31.1,56,11.0,1275.45,60.5,164,313,RAMP,20.0,3.0,WORKLOAD_STEP
2026-07-09 22:49:20.068177900+05:30,26.5,56,10.9,1365.86,60.49,164,313,RAMP,20.0,3.0,WORKLOAD_STEP
2026-07-09 22:49:22.231911200+05:30,31.4,57,13.2,1134.85,60.51,164,313,RAMP,20.0,3.0,WORKLOAD_STEP
2026-07-09 22:49:24.347986900+05:30,34.2,44,15.7,2199.44,60.8,165,313,RAMP,20.0,3.0,WORKLOAD_STEP
2026-07-09 22:49:26.460015800+05:30,31.3,53,12.6,1456.23,60.49,165,313,RAMP,20.0,3.0,WORKLOAD_STEP
2026-07-09 22:49:28.578436+05:30,31.5,56,12.5,1245.33,60.65,167,313,RAMP,20.0,3.0,WORKLOAD_STEP
2026-07-09 22:49:30.765307+05:30,24.7,57,10.5,1265.41,60.6,167,313,RAMP,20.0,3.0,WORKLOAD_STEP
2026-07-09 22:49:32.909067700+05:30,26.1,57,10.4,1225.23,60.55,167,313,RAMP,20.0,4.0,WORKLOAD_STEP
2026-07-09 22:49:35.044150200+05:30,29.1,56,13.1,1134.84,59.62,167,313,RAMP,20.0,4.0,WORKLOAD_STEP
2026-07-09 22:49:37.171153300+05:30,21.9,59,10.1,1084.65,59.65,167,315,RAMP,20.0,4.0,WORKLOAD_STEP
2026-07-09 22:49:39.311075300+05:30,18.0,56,9.6,1114.76,59.66,165,314,RAMP,20.0,4.0,WORKLOAD_STEP
2026-07-09 22:49:41.442750700+05:30,24.5,53,10.7,1375.89,60.29,165,314,RAMP,20.0,4.0,WORKLOAD_STEP
2026-07-09 22:49:43.568121600+05:30,36.6,50,18.5,2751.81,60.6,165,314,RAMP,20.0,4.0,WORKLOAD_STEP
2026-07-09 22:49:45.672439+05:30,40.3,55,21.2,1546.63,60.62,163,314,RAMP,20.0,4.0,WORKLOAD_STEP
2026-07-09 22:49:47.828065200+05:30,31.9,52,16.1,1426.11,60.65,163,314,RAMP,20.0,4.0,WORKLOAD_STEP
2026-07-09 22:49:49.974172100+05:30,21.0,57,10.5,1195.12,60.44,161,314,RAMP,20.0,4.0,WORKLOAD_STEP
2026-07-09 22:49:52.104001700+05:30,23.8,56,10.2,1325.67,60.32,158,314,RAMP,20.0,4.0,WORKLOAD_STEP
2026-07-09 22:49:54.219352200+05:30,39.4,50,19.0,1596.83,60.58,156,314,RAMP,20.0,4.0,WORKLOAD_STEP
2026-07-09 22:49:56.333131300+05:30,37.2,54,19.4,1868.01,60.65,153,314,RAMP,20.0,4.0,WORKLOAD_STEP
2026-07-09 22:49:58.451766400+05:30,37.8,52,16.2,1436.15,60.86,151,314,RAMP,20.0,4.0,WORKLOAD_STEP
2026-07-09 22:50:00.558736600+05:30,36.0,53,19.0,1416.05,60.83,151,314,RAMP,20.0,4.0,WORKLOAD_STEP
2026-07-09 22:50:02.698027200+05:30,24.1,57,12.5,1426.1,60.66,152,314,RAMP,20.0,4.0,WORKLOAD_STEP
2026-07-09 22:50:04.802085800+05:30,38.0,50,16.4,1586.79,60.74,152,314,RAMP,20.0,4.0,WORKLOAD_STEP
2026-07-09 22:50:06.901913200+05:30,40.0,53,15.9,1586.79,60.77,152,314,RAMP,20.0,4.0,WORKLOAD_STEP
2026-07-09 22:50:09.023709400+05:30,22.9,56,9.8,1235.28,60.67,152,314,RAMP,20.0,4.0,WORKLOAD_STEP
2026-07-09 22:50:11.141005800+05:30,26.6,56,10.9,1506.45,60.42,152,314,RAMP,40.0,5.0,WORKLOAD_STEP
2026-07-09 22:50:13.349941700+05:30,30.4,55,11.2,1476.31,60.29,152,314,RAMP,40.0,5.0,WORKLOAD_STEP
2026-07-09 22:50:15.658537900+05:30,33.0,49,14.7,2510.78,59.85,152,314,RAMP,40.0,5.0,WORKLOAD_STEP
2026-07-09 22:50:17.822869800+05:30,29.8,55,12.0,1908.18,60.28,155,314,RAMP,40.0,5.0,WORKLOAD_STEP
2026-07-09 22:50:19.998585200+05:30,39.8,56,19.3,1124.8,60.36,155,314,RAMP,40.0,5.0,WORKLOAD_STEP
2026-07-09 22:50:22.154986100+05:30,35.4,56,14.4,1426.1,60.33,155,314,RAMP,40.0,5.0,WORKLOAD_STEP
2026-07-09 22:50:24.366327900+05:30,34.5,51,10.8,1697.26,60.12,155,314,RAMP,40.0,5.0,WORKLOAD_STEP
2026-07-09 22:50:26.518075300+05:30,27.4,55,11.5,1536.57,60.05,157,314,RAMP,40.0,5.0,WORKLOAD_STEP
2026-07-09 22:50:28.776606600+05:30,28.7,56,10.9,1265.4,59.81,156,314,RAMP,40.0,5.0,WORKLOAD_STEP
2026-07-09 22:50:31.042286200+05:30,31.2,55,10.9,1124.8,59.84,156,314,RAMP,40.0,5.0,WORKLOAD_STEP
2026-07-09 22:50:33.318676200+05:30,30.4,56,10.6,1094.66,59.69,155,314,RAMP,40.0,5.0,WORKLOAD_STEP
2026-07-09 22:50:35.582931+05:30,29.5,56,10.3,1134.83,59.74,154,314,RAMP,40.0,5.0,WORKLOAD_STEP
2026-07-09 22:50:37.803380600+05:30,29.7,56,10.5,1074.57,59.6,153,314,RAMP,40.0,5.0,WORKLOAD_STEP
2026-07-09 22:50:39.999412200+05:30,29.2,56,10.2,1114.75,59.63,153,313,RAMP,40.0,5.0,WORKLOAD_STEP
2026-07-09 22:50:42.217563100+05:30,31.0,57,10.6,1104.7,59.57,153,313,RAMP,40.0,5.0,WORKLOAD_STEP
2026-07-09 22:50:44.378935100+05:30,32.5,59,14.0,1285.49,59.58,153,313,RAMP,40.0,5.0,WORKLOAD_STEP
2026-07-09 22:50:46.600847700+05:30,30.9,56,10.5,1084.62,59.56,153,312,RAMP,40.0,5.0,WORKLOAD_STEP
2026-07-09 22:50:48.752772300+05:30,30.1,57,10.6,1104.7,59.6,153,312,RAMP,40.0,5.0,WORKLOAD_STEP
2026-07-09 22:50:50.989503200+05:30,29.5,56,11.1,1737.45,59.61,153,312,RAMP,40.0,5.0,WORKLOAD_STEP
2026-07-09 22:50:53.142851+05:30,28.9,57,10.7,1305.57,59.62,151,312,RAMP,40.0,5.0,WORKLOAD_STEP
2026-07-09 22:50:55.335872+05:30,31.9,57,10.8,1195.09,59.65,151,312,RAMP,40.0,5.0,WORKLOAD_STEP
2026-07-09 22:50:57.506025800+05:30,31.5,57,10.3,1114.75,59.64,152,312,RAMP,40.0,5.0,WORKLOAD_STEP
2026-07-09 22:50:59.679477500+05:30,30.6,57,11.1,1516.48,59.68,152,312,RAMP,40.0,5.0,WORKLOAD_STEP
2026-07-09 22:51:01.865476900+05:30,28.5,57,10.3,1114.75,59.65,152,312,RAMP,40.0,5.0,WORKLOAD_STEP
2026-07-09 22:51:04.060951300+05:30,29.9,57,10.3,1486.35,59.69,152,312,RAMP,40.0,5.0,WORKLOAD_STEP
2026-07-09 22:51:06.230944500+05:30,31.2,57,10.6,1094.66,59.68,152,312,RAMP,40.0,5.0,WORKLOAD_STEP
2026-07-09 22:51:08.424404100+05:30,30.9,56,10.7,1466.27,59.65,152,312,RAMP,40.0,5.0,WORKLOAD_STEP
2026-07-09 22:51:10.615272400+05:30,30.3,56,9.7,1305.57,59.66,152,311,RAMP,40.0,5.0,WORKLOAD_STEP
2026-07-09 22:51:12.843489600+05:30,28.9,56,10.4,1144.88,59.66,152,311,RAMP,40.0,5.0,WORKLOAD_STEP
2026-07-09 22:51:15.017490700+05:30,31.4,59,11.1,1285.48,59.67,151,311,RAMP,40.0,5.0,WORKLOAD_STEP
2026-07-09 22:51:17.167104300+05:30,30.5,57,10.2,1717.35,59.66,152,311,RAMP,40.0,5.0,WORKLOAD_STEP
2026-07-09 22:51:19.315041200+05:30,32.1,57,10.2,1275.44,59.66,152,311,RAMP,40.0,5.0,WORKLOAD_STEP
2026-07-09 22:51:21.478227400+05:30,31.9,58,10.2,1134.83,59.68,152,311,RAMP,40.0,5.0,WORKLOAD_STEP
2026-07-09 22:51:23.708952200+05:30,30.5,56,10.8,1114.75,59.67,153,311,RAMP,40.0,5.0,WORKLOAD_STEP
2026-07-09 22:51:25.881865100+05:30,29.9,56,10.4,1044.44,59.68,154,311,RAMP,40.0,5.0,WORKLOAD_STEP
2026-07-09 22:51:28.031019800+05:30,30.4,57,10.2,1325.66,59.69,153,311,RAMP,40.0,5.0,WORKLOAD_STEP
2026-07-09 22:51:30.179783+05:30,32.0,57,10.9,1134.83,59.69,152,311,RAMP,40.0,5.0,WORKLOAD_STEP
2026-07-09 22:51:32.342027700+05:30,28.6,57,10.9,1104.7,59.69,152,311,RAMP,40.0,5.0,WORKLOAD_STEP
2026-07-09 22:51:34.500444100+05:30,36.6,53,17.6,1817.8,60.59,153,311,RAMP,40.0,5.0,WORKLOAD_STEP
2026-07-09 22:51:36.643746+05:30,40.1,53,21.4,1847.92,61.02,154,313,RAMP,40.0,5.0,WORKLOAD_STEP
2026-07-09 22:51:38.862762600+05:30,33.9,51,14.8,2440.49,62.13,161,315,RAMP,40.0,5.0,WORKLOAD_STEP
2026-07-09 22:51:41.047229800+05:30,40.1,55,17.8,1516.48,62.17,159,314,RAMP,40.0,5.0,WORKLOAD_STEP
2026-07-09 22:51:43.221718200+05:30,42.2,53,14.1,1355.79,62.32,163,314,RAMP,40.0,5.0,WORKLOAD_STEP
2026-07-09 22:51:45.384025600+05:30,31.1,59,14.0,1677.18,62.25,163,312,RAMP,40.0,5.0,WORKLOAD_STEP
2026-07-09 22:51:47.568417200+05:30,36.4,55,14.6,1365.83,62.21,165,312,RAMP,40.0,5.0,WORKLOAD_STEP
2026-07-09 22:51:49.735632700+05:30,40.2,52,18.8,1446.18,63.13,169,312,RAMP,40.0,5.0,WORKLOAD_STEP
2026-07-09 22:51:51.898270300+05:30,35.1,54,14.4,1898.14,63.2,169,312,RAMP,40.0,5.0,WORKLOAD_STEP
2026-07-09 22:51:54.063017800+05:30,39.1,51,17.1,1797.7,63.23,169,313,RAMP,40.0,5.0,WORKLOAD_STEP
2026-07-09 22:51:56.290679700+05:30,29.3,56,11.4,1215.18,62.96,167,313,RAMP,40.0,5.0,WORKLOAD_STEP
2026-07-09 22:51:58.493971600+05:30,35.5,55,13.7,1998.57,62.61,165,313,RAMP,40.0,5.0,WORKLOAD_STEP
2026-07-09 22:52:00.741372+05:30,36.1,55,13.4,1255.37,62.65,165,313,RAMP,40.0,5.0,WORKLOAD_STEP
2026-07-09 22:52:02.934857600+05:30,35.4,52,15.0,1536.58,62.75,165,313,RAMP,40.0,5.0,WORKLOAD_STEP
2026-07-09 22:52:05.092085+05:30,31.5,56,11.4,1616.94,62.74,164,313,RAMP,40.0,5.0,WORKLOAD_STEP
2026-07-09 22:52:07.281449900+05:30,36.2,55,13.8,1315.62,62.64,164,313,RAMP,40.0,5.0,WORKLOAD_STEP
2026-07-09 22:52:09.455468400+05:30,36.6,57,13.1,1707.32,62.67,163,313,RAMP,40.0,5.0,WORKLOAD_STEP
2026-07-09 22:52:11.720809+05:30,35.5,51,14.0,1817.8,62.37,162,313,RAMP,40.0,5.0,WORKLOAD_STEP
2026-07-09 22:52:13.867565300+05:30,31.7,56,13.6,1546.61,62.22,162,313,RAMP,40.0,5.0,WORKLOAD_STEP
2026-07-09 22:52:16.290829700+05:30,28.9,57,10.4,1164.98,62.1,161,313,RAMP,40.0,5.0,WORKLOAD_STEP
2026-07-09 22:52:18.462538300+05:30,31.7,59,10.2,1104.7,62.04,158,313,RAMP,40.0,5.0,WORKLOAD_STEP
2026-07-09 22:52:20.736901100+05:30,30.0,56,10.0,1275.44,61.84,156,313,RAMP,40.0,5.0,WORKLOAD_STEP
2026-07-09 22:52:22.934122800+05:30,28.2,58,10.1,1124.82,61.85,156,313,RAMP,40.0,5.0,WORKLOAD_STEP
2026-07-09 22:52:25.209248900+05:30,28.8,58,11.2,1817.81,61.87,156,312,RAMP,40.0,5.0,WORKLOAD_STEP
2026-07-09 22:52:27.431878100+05:30,31.1,56,10.8,1335.7,61.79,157,314,RAMP,40.0,5.0,WORKLOAD_STEP
2026-07-09 22:52:29.696802700+05:30,34.3,56,12.6,1747.47,61.79,157,315,RAMP,40.0,5.0,WORKLOAD_STEP
2026-07-09 22:52:31.865155600+05:30,39.3,58,17.2,1677.19,62.1,157,316,RAMP,40.0,5.0,WORKLOAD_STEP
2026-07-09 22:52:34.088502200+05:30,36.4,53,14.5,2169.33,62.08,157,316,RAMP,40.0,5.0,WORKLOAD_STEP
2026-07-09 22:52:36.221078500+05:30,41.6,52,17.3,1777.61,62.1,157,316,RAMP,40.0,5.0,WORKLOAD_STEP
2026-07-09 22:52:38.449353900+05:30,30.6,56,18.9,1476.31,62.14,156,316,RAMP,40.0,5.0,WORKLOAD_STEP
2026-07-09 22:52:40.621603800+05:30,32.9,56,12.1,1878.05,62.15,157,316,RAMP,40.0,5.0,WORKLOAD_STEP
2026-07-09 22:52:42.915310300+05:30,34.6,55,13.9,1958.4,62.23,157,316,RAMP,40.0,5.0,WORKLOAD_STEP
2026-07-09 22:52:45.122167800+05:30,38.0,55,16.1,1777.61,62.29,159,316,RAMP,40.0,5.0,WORKLOAD_STEP
2026-07-09 22:52:47.422415900+05:30,29.4,56,14.9,1074.57,62.32,159,316,RAMP,40.0,5.0,WORKLOAD_STEP
2026-07-09 22:52:49.675279600+05:30,31.2,55,12.8,1255.37,62.35,161,317,RAMP,40.0,5.0,WORKLOAD_STEP
2026-07-09 22:52:51.939860500+05:30,32.1,56,11.5,1134.84,62.34,161,317,RAMP,40.0,5.0,WORKLOAD_STEP
2026-07-09 22:52:54.122504700+05:30,34.7,56,13.3,1687.23,62.49,161,317,RAMP,40.0,5.0,WORKLOAD_STEP
2026-07-09 22:52:56.318080500+05:30,33.4,55,14.5,1667.14,62.44,164,317,RAMP,40.0,5.0,WORKLOAD_STEP
2026-07-09 22:52:58.476027+05:30,35.9,55,14.4,1345.75,62.33,164,317,RAMP,40.0,5.0,WORKLOAD_STEP
2026-07-09 22:53:00.747402400+05:30,29.5,57,10.2,1416.05,62.29,163,317,RAMP,40.0,5.0,WORKLOAD_STEP
2026-07-09 22:53:02.918890400+05:30,31.2,57,10.6,1255.37,62.18,162,317,RAMP,40.0,5.0,WORKLOAD_STEP
2026-07-09 22:53:05.146118500+05:30,29.9,56,10.2,1325.67,61.97,162,317,RAMP,40.0,5.0,WORKLOAD_STEP
2026-07-09 22:53:07.308075800+05:30,28.4,57,9.7,1305.59,61.96,161,317,RAMP,40.0,5.0,WORKLOAD_STEP
2026-07-09 22:53:09.542789700+05:30,29.9,57,10.5,1104.7,61.94,161,317,RAMP,40.0,5.0,WORKLOAD_STEP
2026-07-09 22:53:11.697943900+05:30,34.2,56,13.9,1677.2,61.8,165,317,RAMP,40.0,5.0,WORKLOAD_STEP
2026-07-09 22:53:13.898218900+05:30,27.4,59,9.7,1134.85,61.75,164,317,RAMP,40.0,5.0,WORKLOAD_STEP
2026-07-09 22:53:16.172201500+05:30,28.5,56,10.3,1616.92,61.78,163,317,RAMP,40.0,5.0,WORKLOAD_STEP
2026-07-09 22:53:18.472597800+05:30,29.0,56,10.1,1466.27,61.76,164,317,RAMP,40.0,5.0,WORKLOAD_STEP
2026-07-09 22:53:20.672663700+05:30,32.5,56,13.6,1566.71,61.94,163,317,RAMP,40.0,5.0,WORKLOAD_STEP
2026-07-09 22:53:22.836916400+05:30,27.9,57,11.4,1124.8,61.93,163,317,RAMP,40.0,5.0,WORKLOAD_STEP
2026-07-09 22:53:24.986374100+05:30,28.7,56,10.2,1245.31,61.97,164,317,RAMP,40.0,5.0,WORKLOAD_STEP
2026-07-09 22:53:27.185062100+05:30,28.6,57,10.3,1104.7,61.86,164,317,RAMP,40.0,6.0,WORKLOAD_STEP
2026-07-09 22:53:29.339693800+05:30,29.8,57,10.3,1275.44,61.86,163,317,RAMP,40.0,6.0,WORKLOAD_STEP
2026-07-09 22:53:31.617947300+05:30,33.4,55,14.9,1305.59,62.08,163,317,RAMP,40.0,6.0,WORKLOAD_STEP
2026-07-09 22:53:33.756742900+05:30,30.2,57,13.1,1265.4,62.1,163,316,RAMP,40.0,6.0,WORKLOAD_STEP
2026-07-09 22:53:35.912162700+05:30,30.4,56,11.0,1104.7,62.11,162,316,RAMP,40.0,6.0,WORKLOAD_STEP
2026-07-09 22:53:38.123462500+05:30,30.4,57,10.0,1265.41,62.04,162,316,RAMP,40.0,6.0,WORKLOAD_STEP
2026-07-09 22:53:40.287016+05:30,27.6,57,10.0,1104.7,61.94,158,316,RAMP,40.0,6.0,WORKLOAD_STEP
2026-07-09 22:53:42.442375900+05:30,31.1,56,15.3,1837.89,62.12,156,316,RAMP,40.0,6.0,WORKLOAD_STEP
2026-07-09 22:53:44.613745300+05:30,29.4,57,11.5,1154.93,62.11,156,316,RAMP,40.0,6.0,WORKLOAD_STEP
2026-07-09 22:53:46.846496+05:30,28.3,57,9.9,1144.9,62.1,156,316,RAMP,40.0,6.0,WORKLOAD_STEP
2026-07-09 22:53:49.001324800+05:30,28.7,58,10.5,1325.67,61.92,156,316,RAMP,40.0,6.0,WORKLOAD_STEP
2026-07-09 22:53:51.176450200+05:30,28.4,57,9.8,1114.77,61.81,156,316,RAMP,40.0,6.0,WORKLOAD_STEP
2026-07-09 22:53:53.318541800+05:30,29.7,57,10.1,1426.1,61.82,156,316,RAMP,40.0,6.0,WORKLOAD_STEP
2026-07-09 22:53:55.476453700+05:30,29.7,57,10.3,1124.8,61.81,156,316,RAMP,40.0,6.0,WORKLOAD_STEP
2026-07-09 22:53:57.639482100+05:30,27.5,58,10.2,1164.96,61.83,154,316,RAMP,40.0,6.0,WORKLOAD_STEP
2026-07-09 22:53:59.797143500+05:30,29.2,57,9.9,1516.5,61.84,153,316,RAMP,40.0,6.0,WORKLOAD_STEP
2026-07-09 22:54:02.035503500+05:30,28.2,58,10.2,1154.93,61.9,153,315,RAMP,40.0,6.0,WORKLOAD_STEP
2026-07-09 22:54:04.245726800+05:30,29.0,57,10.2,1285.48,61.86,152,315,RAMP,40.0,6.0,WORKLOAD_STEP
2026-07-09 22:54:06.412330600+05:30,29.0,57,10.1,1295.54,61.89,153,315,RAMP,40.0,6.0,WORKLOAD_STEP
2026-07-09 22:54:08.562831800+05:30,28.0,58,9.7,1134.85,61.87,153,315,RAMP,40.0,6.0,WORKLOAD_STEP
2026-07-09 22:54:10.704622+05:30,28.3,57,10.5,1104.7,61.87,152,315,RAMP,40.0,6.0,WORKLOAD_STEP
2026-07-09 22:54:12.884184300+05:30,31.5,57,13.3,1034.41,61.99,151,316,RAMP,40.0,6.0,WORKLOAD_STEP
2026-07-09 22:54:15.057364700+05:30,29.1,57,10.6,1114.76,62.0,154,317,RAMP,40.0,6.0,WORKLOAD_STEP
2026-07-09 22:54:17.274581900+05:30,29.2,57,10.1,1727.41,62.01,154,317,RAMP,40.0,6.0,WORKLOAD_STEP
2026-07-09 22:54:19.518749+05:30,32.3,56,14.0,1546.61,62.1,154,317,RAMP,40.0,6.0,WORKLOAD_STEP
2026-07-09 22:54:21.684600700+05:30,36.3,56,14.4,1898.14,62.18,154,317,RAMP,40.0,6.0,WORKLOAD_STEP
2026-07-09 22:54:23.839031600+05:30,31.8,56,11.7,1084.62,62.38,154,316,RAMP,40.0,6.0,WORKLOAD_STEP
2026-07-09 22:54:26.068157+05:30,33.7,53,14.5,1566.7,62.35,154,316,RAMP,40.0,6.0,WORKLOAD_STEP
2026-07-09 22:54:28.206330200+05:30,36.7,52,17.8,1295.54,62.38,153,316,RAMP,40.0,6.0,WORKLOAD_STEP
2026-07-09 22:54:30.432787+05:30,29.5,59,12.1,1295.53,62.26,153,316,RAMP,40.0,6.0,WORKLOAD_STEP
2026-07-09 22:54:32.581250600+05:30,27.6,57,9.8,1255.35,62.32,153,316,RAMP,40.0,6.0,WORKLOAD_STEP
2026-07-09 22:54:34.842955200+05:30,27.8,59,10.4,1285.49,61.95,153,316,RAMP,40.0,6.0,WORKLOAD_STEP
2026-07-09 22:54:37.001600800+05:30,35.0,55,15.9,1486.37,62.04,153,316,RAMP,40.0,6.0,WORKLOAD_STEP
2026-07-09 22:54:39.263904100+05:30,28.5,58,13.1,1134.83,62.03,153,316,RAMP,40.0,6.0,WORKLOAD_STEP
2026-07-09 22:54:41.456422300+05:30,29.1,58,10.5,1275.44,62.05,153,316,RAMP,40.0,6.0,WORKLOAD_STEP
2026-07-09 22:54:43.619380700+05:30,35.7,55,15.7,1416.06,62.11,153,315,RAMP,40.0,6.0,WORKLOAD_STEP
2026-07-09 22:54:45.741055300+05:30,28.5,56,12.9,1255.36,61.97,153,315,RAMP,40.0,6.0,WORKLOAD_STEP
2026-07-09 22:54:48.037763800+05:30,32.5,55,11.4,1104.7,61.95,153,315,RAMP,40.0,6.0,WORKLOAD_STEP
2026-07-09 22:54:50.222757200+05:30,28.5,59,11.4,1657.09,62.0,153,315,RAMP,40.0,6.0,WORKLOAD_STEP
2026-07-09 22:54:52.399211400+05:30,35.0,56,10.1,1275.44,61.98,153,315,RAMP,40.0,6.0,WORKLOAD_STEP
2026-07-09 22:54:54.539011+05:30,32.5,55,14.6,2109.06,62.08,153,315,RAMP,40.0,6.0,WORKLOAD_STEP
2026-07-09 22:54:56.659199200+05:30,30.1,54,12.9,1526.54,62.05,153,315,RAMP,40.0,6.0,WORKLOAD_STEP
2026-07-09 22:54:58.844967200+05:30,44.6,53,20.4,1647.06,62.41,156,315,RAMP,40.0,6.0,WORKLOAD_STEP
2026-07-09 22:55:01.017289200+05:30,38.0,53,17.5,1436.14,62.59,156,315,RAMP,40.0,6.0,WORKLOAD_STEP
2026-07-09 22:55:03.183610600+05:30,32.5,53,14.6,1486.36,62.56,156,315,RAMP,40.0,6.0,WORKLOAD_STEP
2026-07-09 22:55:05.349662+05:30,30.9,58,10.8,2038.74,62.52,156,315,RAMP,40.0,6.0,WORKLOAD_STEP
2026-07-09 22:55:07.481860100+05:30,34.3,55,19.2,1265.4,62.5,156,315,RAMP,40.0,6.0,WORKLOAD_STEP
2026-07-09 22:55:09.643679600+05:30,29.1,56,11.6,1285.5,62.42,155,315,RAMP,40.0,6.0,WORKLOAD_STEP
2026-07-09 22:55:11.833711800+05:30,28.6,56,10.0,1606.89,62.3,155,315,RAMP,40.0,6.0,WORKLOAD_STEP
2026-07-09 22:55:14.003823100+05:30,29.3,58,10.8,1124.8,62.16,154,315,RAMP,40.0,6.0,WORKLOAD_STEP
2026-07-09 22:55:16.189897900+05:30,29.7,57,9.9,1104.7,62.13,153,315,RAMP,40.0,6.0,WORKLOAD_STEP
2026-07-09 22:55:18.435055100+05:30,28.5,57,10.1,1084.62,62.22,154,315,RAMP,40.0,6.0,WORKLOAD_STEP
2026-07-09 22:55:20.611847100+05:30,27.8,57,9.9,1466.3,62.22,154,315,RAMP,40.0,6.0,WORKLOAD_STEP
2026-07-09 22:55:22.808861800+05:30,32.7,59,14.6,1124.8,62.41,154,315,RAMP,40.0,6.0,WORKLOAD_STEP
2026-07-09 22:55:24.980641600+05:30,28.2,57,12.5,1094.67,62.4,157,315,RAMP,40.0,6.0,WORKLOAD_STEP
2026-07-09 22:55:27.178023100+05:30,29.3,56,10.5,1124.8,62.41,154,315,RAMP,40.0,6.0,WORKLOAD_STEP
2026-07-09 22:55:29.353094300+05:30,28.7,56,9.9,1104.7,62.22,153,315,RAMP,40.0,6.0,WORKLOAD_STEP
2026-07-09 22:55:31.548515200+05:30,28.2,57,10.0,1134.83,62.19,153,315,RAMP,40.0,6.0,WORKLOAD_STEP
2026-07-09 22:55:33.750926600+05:30,27.7,56,9.6,1104.7,62.16,153,315,RAMP,40.0,6.0,WORKLOAD_STEP
2026-07-09 22:55:35.946516100+05:30,33.1,54,11.3,1124.8,62.11,153,315,RAMP,40.0,6.0,WORKLOAD_STEP
2026-07-09 22:55:38.157577700+05:30,28.5,56,10.2,1144.9,62.13,152,315,RAMP,40.0,6.0,WORKLOAD_STEP
2026-07-09 22:55:40.355861100+05:30,29.5,57,9.7,1044.44,62.14,152,315,RAMP,40.0,6.0,WORKLOAD_STEP
2026-07-09 22:55:42.512472+05:30,28.6,57,9.6,1185.05,62.14,152,315,RAMP,40.0,6.0,WORKLOAD_STEP
2026-07-09 22:55:44.686335+05:30,32.3,56,13.5,1285.49,62.3,152,315,RAMP,40.0,6.0,WORKLOAD_STEP
2026-07-09 22:55:46.913568+05:30,28.8,57,11.3,1305.59,62.3,152,315,RAMP,40.0,6.0,WORKLOAD_STEP
2026-07-09 22:55:49.071497900+05:30,31.5,56,14.8,1175.02,62.42,153,315,RAMP,40.0,6.0,WORKLOAD_STEP
2026-07-09 22:55:51.233978+05:30,31.0,57,12.9,1084.62,62.29,153,315,RAMP,60.0,7.0,WORKLOAD_STEP
2026-07-09 22:55:53.473298400+05:30,29.5,56,10.3,1104.7,62.28,153,315,RAMP,60.0,7.0,WORKLOAD_STEP
2026-07-09 22:55:55.688236+05:30,29.5,56,10.0,1144.9,62.09,153,315,RAMP,60.0,7.0,WORKLOAD_STEP
2026-07-09 22:55:57.917450+05:30,28.1,56,9.8,1104.7,62.07,153,315,RAMP,60.0,7.0,WORKLOAD_STEP
2026-07-09 22:56:00.159938400+05:30,27.6,57,10.1,1144.9,62.05,152,315,RAMP,60.0,7.0,WORKLOAD_STEP
2026-07-09 22:56:02.414877500+05:30,27.9,57,10.1,1114.75,62.03,152,315,RAMP,60.0,7.0,WORKLOAD_STEP
2026-07-09 22:56:04.686205+05:30,29.4,57,9.7,1134.85,62.03,152,315,RAMP,60.0,7.0,WORKLOAD_STEP
2026-07-09 22:56:06.931989100+05:30,29.0,56,9.9,1114.75,62.03,153,315,RAMP,60.0,7.0,WORKLOAD_STEP
2026-07-09 22:56:09.208952700+05:30,28.0,56,10.0,1315.61,62.02,153,315,RAMP,60.0,7.0,WORKLOAD_STEP
2026-07-09 22:56:11.486979400+05:30,29.1,57,10.0,1114.75,62.02,153,315,RAMP,60.0,7.0,WORKLOAD_STEP
2026-07-09 22:56:13.756111+05:30,28.3,57,9.8,1165.0,62.02,153,315,RAMP,60.0,7.0,WORKLOAD_STEP
2026-07-09 22:56:15.993872500+05:30,29.3,57,10.5,1275.44,62.26,153,315,RAMP,60.0,7.0,WORKLOAD_STEP
2026-07-09 22:56:18.259326700+05:30,33.1,57,14.1,1305.57,62.37,151,315,RAMP,60.0,7.0,WORKLOAD_STEP
2026-07-09 22:56:20.523584700+05:30,28.1,59,11.5,1104.7,62.37,151,315,RAMP,60.0,8.0,WORKLOAD_STEP
2026-07-09 22:56:22.726859+05:30,28.0,57,9.9,1104.7,62.41,151,315,RAMP,60.0,8.0,WORKLOAD_STEP
2026-07-09 22:56:25.022536+05:30,27.9,59,9.9,1104.7,62.04,151,315,RAMP,60.0,8.0,WORKLOAD_STEP
2026-07-09 22:56:27.283873900+05:30,33.6,56,13.5,1516.5,62.33,151,315,RAMP,60.0,8.0,WORKLOAD_STEP
2026-07-09 22:56:29.568095100+05:30,31.0,57,11.0,1124.8,62.3,151,315,RAMP,60.0,8.0,WORKLOAD_STEP
2026-07-09 22:56:31.863713300+05:30,29.7,59,10.5,1114.75,62.28,151,315,RAMP,60.0,8.0,WORKLOAD_STEP
2026-07-09 22:56:34.125115+05:30,28.5,56,10.1,1144.9,62.08,151,315,RAMP,60.0,8.0,WORKLOAD_STEP
2026-07-09 22:56:36.369482800+05:30,27.3,57,10.0,1104.7,62.06,151,315,RAMP,60.0,8.0,WORKLOAD_STEP
2026-07-09 22:56:38.650667200+05:30,28.9,57,9.6,1154.95,62.06,151,315,RAMP,60.0,8.0,WORKLOAD_STEP
2026-07-09 22:56:40.909579400+05:30,29.5,57,10.0,1144.9,62.05,151,315,RAMP,60.0,8.0,WORKLOAD_STEP
2026-07-09 22:56:43.189087+05:30,29.8,57,9.4,1556.67,62.06,151,315,RAMP,60.0,8.0,WORKLOAD_STEP
2026-07-09 22:56:45.388819500+05:30,32.5,57,9.8,1335.72,62.23,151,315,RAMP,60.0,8.0,WORKLOAD_STEP
2026-07-09 22:56:47.629779700+05:30,34.9,57,15.8,1104.71,62.27,151,315,RAMP,60.0,8.0,WORKLOAD_STEP
2026-07-09 22:56:49.935891200+05:30,30.1,59,10.4,1144.88,62.29,151,315,RAMP,60.0,8.0,WORKLOAD_STEP
2026-07-09 22:56:52.217060500+05:30,31.0,57,10.5,1094.66,62.15,151,315,RAMP,60.0,8.0,WORKLOAD_STEP
2026-07-09 22:56:54.449116100+05:30,28.0,57,9.7,1124.8,62.07,151,315,RAMP,80.0,9.0,WORKLOAD_STEP
2026-07-09 22:56:56.745588300+05:30,27.8,57,10.2,1094.66,62.01,151,315,RAMP,80.0,9.0,WORKLOAD_STEP
2026-07-09 22:56:59.062470900+05:30,27.5,59,9.8,1114.75,61.98,150,315,RAMP,80.0,9.0,WORKLOAD_STEP
2026-07-09 22:57:01.393413700+05:30,29.3,58,10.1,1144.88,61.99,150,315,RAMP,80.0,9.0,WORKLOAD_STEP
2026-07-09 22:57:03.677844500+05:30,29.9,58,9.8,1134.85,61.99,150,315,RAMP,80.0,9.0,WORKLOAD_STEP
2026-07-09 22:57:06.020958600+05:30,29.5,58,9.9,1104.7,61.99,150,315,RAMP,80.0,9.0,WORKLOAD_STEP
2026-07-09 22:57:08.321469100+05:30,34.0,58,12.2,1154.92,62.0,149,315,RAMP,80.0,9.0,WORKLOAD_STEP
2026-07-09 22:57:10.592288600+05:30,28.4,57,11.3,1084.62,62.08,149,315,RAMP,80.0,9.0,WORKLOAD_STEP
2026-07-09 22:57:12.937314700+05:30,30.3,58,10.1,1335.72,62.1,149,315,RAMP,80.0,9.0,WORKLOAD_STEP
2026-07-09 22:57:15.268926400+05:30,29.6,59,9.8,1114.75,62.09,148,315,RAMP,80.0,9.0,WORKLOAD_STEP
2026-07-09 22:57:17.649550200+05:30,28.7,58,9.8,1114.75,62.09,148,315,RAMP,80.0,9.0,WORKLOAD_STEP
2026-07-09 22:57:20.034283500+05:30,28.7,57,9.9,1134.83,62.08,147,315,RAMP,80.0,9.0,WORKLOAD_STEP
2026-07-09 22:57:22.355951500+05:30,27.5,61,9.9,1114.75,62.05,147,315,RAMP,80.0,9.0,WORKLOAD_STEP
2026-07-09 22:57:24.681548400+05:30,35.1,59,13.4,1144.88,62.37,148,315,RAMP,80.0,9.0,WORKLOAD_STEP
2026-07-09 22:57:27.003292800+05:30,36.4,59,16.7,1044.46,62.37,148,315,RAMP,80.0,9.0,WORKLOAD_STEP
2026-07-09 22:57:29.307554600+05:30,35.1,59,14.2,1335.71,62.49,148,315,RAMP,80.0,9.0,WORKLOAD_STEP
2026-07-09 22:57:31.610204700+05:30,41.1,55,18.6,1526.53,62.65,153,315,RAMP,80.0,9.0,WORKLOAD_STEP
2026-07-09 22:57:33.962575600+05:30,40.1,55,13.2,1265.41,62.94,153,315,RAMP,80.0,9.0,WORKLOAD_STEP
2026-07-09 22:57:36.276267400+05:30,35.2,56,13.6,1124.82,62.9,155,315,RAMP,80.0,9.0,WORKLOAD_STEP
2026-07-09 22:57:38.536035600+05:30,35.6,56,12.9,1275.45,62.82,155,315,RAMP,80.0,9.0,WORKLOAD_STEP
2026-07-09 22:57:40.840945200+05:30,37.8,56,13.6,1165.0,62.55,155,315,RAMP,80.0,9.0,WORKLOAD_STEP
2026-07-09 22:57:43.141051+05:30,27.6,57,9.8,1325.67,62.54,155,315,RAMP,80.0,9.0,WORKLOAD_STEP
2026-07-09 22:57:45.424703900+05:30,26.8,56,9.8,1104.7,62.4,155,315,RAMP,80.0,9.0,WORKLOAD_STEP
2026-07-09 22:57:47.820380800+05:30,29.6,59,10.6,1315.64,62.28,155,315,RAMP,80.0,9.0,WORKLOAD_STEP
2026-07-09 22:57:50.282858200+05:30,28.0,57,9.9,1185.08,62.27,155,315,RAMP,80.0,9.0,WORKLOAD_STEP
2026-07-09 22:57:52.531627600+05:30,39.6,54,16.9,1164.97,62.72,157,315,RAMP,80.0,9.0,WORKLOAD_STEP
2026-07-09 22:57:54.846892200+05:30,36.6,55,14.0,1305.58,62.71,157,315,RAMP,80.0,9.0,WORKLOAD_STEP
2026-07-09 22:57:57.143864600+05:30,35.0,55,13.3,1456.24,62.75,157,315,RAMP,80.0,9.0,WORKLOAD_STEP
2026-07-09 22:57:59.412549400+05:30,31.0,59,10.4,1546.62,62.68,157,315,RAMP,80.0,9.0,WORKLOAD_STEP
2026-07-09 22:58:07.751037700+05:30,28.9,57,10.5,1154.95,62.68,156,315,RAMP,80.0,9.0,WORKLOAD_STEP
2026-07-09 22:58:10.060871800+05:30,28.0,57,10.3,1154.95,62.72,158,315,RAMP,80.0,9.0,WORKLOAD_STEP
2026-07-09 22:58:12.694007100+05:30,28.0,58,9.8,1144.9,62.61,158,315,RAMP,80.0,9.0,WORKLOAD_STEP
2026-07-09 22:58:15.054167+05:30,30.5,57,10.3,1124.8,62.57,158,315,RAMP,80.0,9.0,WORKLOAD_STEP
2026-07-09 22:58:17.446253700+05:30,28.7,57,10.4,1134.85,62.6,157,315,RAMP,80.0,9.0,WORKLOAD_STEP
2026-07-09 22:58:19.716927400+05:30,29.7,57,12.4,1164.96,62.68,156,315,RAMP,80.0,9.0,WORKLOAD_STEP
2026-07-09 22:58:22.096989600+05:30,35.2,56,14.8,1134.85,62.52,155,316,RAMP,80.0,9.0,WORKLOAD_STEP
2026-07-09 22:58:24.461899700+05:30,30.3,57,13.0,1345.74,62.67,157,316,RAMP,80.0,9.0,WORKLOAD_STEP
2026-07-09 22:58:26.841831700+05:30,30.0,57,12.8,1094.66,62.6,159,317,RAMP,80.0,9.0,WORKLOAD_STEP
2026-07-09 22:58:29.223916500+05:30,32.2,57,12.3,1124.8,62.66,159,317,RAMP,80.0,9.0,WORKLOAD_STEP
2026-07-09 22:58:31.573600200+05:30,29.0,57,12.1,1104.7,62.61,158,317,RAMP,80.0,9.0,WORKLOAD_STEP
2026-07-09 22:58:33.905756400+05:30,29.5,59,12.6,1104.7,62.62,160,318,RAMP,80.0,9.0,WORKLOAD_STEP
2026-07-09 22:58:36.228833+05:30,28.8,59,12.3,1134.83,62.61,159,317,RAMP,80.0,9.0,WORKLOAD_STEP
2026-07-09 22:58:38.551641200+05:30,31.0,56,12.4,1104.7,62.66,159,317,RAMP,80.0,10.0,WORKLOAD_STEP
2026-07-09 22:58:40.810350400+05:30,30.7,59,12.2,1275.44,62.73,159,317,RAMP,80.0,10.0,WORKLOAD_STEP
2026-07-09 22:58:43.275954800+05:30,28.9,57,12.1,1315.61,62.68,159,317,RAMP,80.0,10.0,WORKLOAD_STEP
2026-07-09 22:58:45.606349800+05:30,28.4,57,11.7,1104.7,62.57,159,317,RAMP,80.0,10.0,WORKLOAD_STEP
2026-07-09 22:58:47.931656700+05:30,27.7,59,12.0,1114.75,62.46,159,316,RAMP,80.0,10.0,WORKLOAD_STEP
2026-07-09 22:58:50.235826500+05:30,29.0,57,11.6,1144.9,62.47,161,316,RAMP,80.0,10.0,WORKLOAD_STEP
2026-07-09 22:58:52.520672100+05:30,33.4,56,11.5,1104.7,62.49,160,316,RAMP,80.0,10.0,WORKLOAD_STEP
2026-07-09 22:58:54.854970900+05:30,27.8,58,12.2,1094.66,62.47,159,316,RAMP,80.0,10.0,WORKLOAD_STEP
2026-07-09 22:58:57.187652500+05:30,29.0,57,11.8,1104.72,62.47,159,316,RAMP,80.0,10.0,WORKLOAD_STEP
2026-07-09 22:58:59.517568+05:30,28.3,57,12.0,1134.83,62.43,160,316,RAMP,80.0,10.0,WORKLOAD_STEP
2026-07-09 22:59:01.879670300+05:30,29.5,57,12.0,1185.06,62.44,160,316,RAMP,80.0,10.0,WORKLOAD_STEP
2026-07-09 22:59:04.280205700+05:30,30.6,59,12.3,1124.79,62.44,159,316,RAMP,80.0,10.0,WORKLOAD_STEP
2026-07-09 22:59:06.753888600+05:30,29.8,57,11.9,1275.44,62.85,157,316,RAMP,80.0,10.0,WORKLOAD_STEP
2026-07-09 22:59:09.131884600+05:30,28.9,57,12.2,1114.75,62.81,157,316,RAMP,100.0,11.0,WORKLOAD_STEP
2026-07-09 22:59:11.523635900+05:30,29.8,60,11.8,1104.7,62.81,156,316,RAMP,100.0,11.0,WORKLOAD_STEP
2026-07-09 22:59:13.921689100+05:30,29.3,58,11.9,1124.8,62.85,156,316,RAMP,100.0,11.0,WORKLOAD_STEP
2026-07-09 22:59:16.299308400+05:30,31.8,60,11.7,1104.7,62.86,156,316,RAMP,100.0,11.0,WORKLOAD_STEP
2026-07-09 22:59:18.673467400+05:30,29.0,57,12.0,1295.53,62.8,157,316,RAMP,100.0,11.0,WORKLOAD_STEP
2026-07-09 22:59:21.028103500+05:30,27.4,58,11.9,1124.8,62.8,156,316,RAMP,100.0,11.0,WORKLOAD_STEP
2026-07-09 22:59:23.418053+05:30,28.9,58,11.8,1074.57,62.8,157,316,RAMP,100.0,11.0,WORKLOAD_STEP
2026-07-09 22:59:25.873819400+05:30,30.5,57,11.8,1134.83,62.78,157,316,RAMP,100.0,11.0,WORKLOAD_STEP
2026-07-09 22:59:28.381122500+05:30,29.7,57,12.2,1104.7,62.71,157,316,RAMP,100.0,11.0,WORKLOAD_STEP
2026-07-09 22:59:30.791908200+05:30,28.7,57,12.1,1285.48,62.76,155,317,RAMP,100.0,11.0,WORKLOAD_STEP
2026-07-09 22:59:33.178785400+05:30,27.8,57,12.0,1134.85,62.73,155,316,RAMP,100.0,11.0,WORKLOAD_STEP
2026-07-09 22:59:35.560874600+05:30,29.6,58,12.0,1104.7,62.7,155,317,RAMP,100.0,11.0,WORKLOAD_STEP
2026-07-09 22:59:37.948673400+05:30,31.4,58,12.1,1144.9,62.72,154,317,RAMP,100.0,11.0,WORKLOAD_STEP
2026-07-09 22:59:40.413181400+05:30,32.6,59,12.3,1104.7,62.75,154,317,RAMP,100.0,11.0,WORKLOAD_STEP
2026-07-09 22:59:42.969197200+05:30,27.7,57,12.0,1074.57,62.72,153,317,RAMP,100.0,11.0,WORKLOAD_STEP
2026-07-09 22:59:45.321634+05:30,30.1,58,11.8,1104.7,62.74,152,317,RAMP,100.0,11.0,WORKLOAD_STEP
2026-07-09 22:59:47.953689600+05:30,28.3,57,11.8,1124.8,62.73,151,316,RAMP,100.0,11.0,WORKLOAD_STEP
2026-07-09 22:59:50.306030300+05:30,29.5,58,11.8,1114.75,62.71,152,316,RAMP,100.0,11.0,WORKLOAD_STEP
2026-07-09 22:59:52.721308400+05:30,29.6,59,12.4,1134.85,62.62,152,316,RAMP,100.0,12.0,WORKLOAD_STEP
2026-07-09 22:59:55.107742200+05:30,27.8,59,12.5,1305.57,62.46,152,316,RAMP,100.0,12.0,WORKLOAD_STEP
2026-07-09 22:59:57.513898500+05:30,29.4,59,12.0,1104.7,62.43,152,316,RAMP,100.0,12.0,WORKLOAD_STEP
2026-07-09 22:59:59.893875300+05:30,28.3,58,11.7,1134.83,62.44,152,316,RAMP,100.0,12.0,WORKLOAD_STEP
2026-07-09 23:00:02.338750900+05:30,30.2,57,11.9,1124.8,62.44,152,316,RAMP,100.0,12.0,WORKLOAD_STEP
2026-07-09 23:00:04.713885600+05:30,29.8,60,12.2,1104.7,62.43,154,316,RAMP,100.0,12.0,WORKLOAD_STEP
2026-07-09 23:00:07.083877900+05:30,28.4,57,12.3,1144.9,62.39,154,316,RAMP,100.0,12.0,WORKLOAD_STEP
2026-07-09 23:00:09.447779900+05:30,28.9,56,11.8,1104.7,62.41,154,316,RAMP,100.0,12.0,WORKLOAD_STEP
2026-07-09 23:00:11.943609100+05:30,27.2,57,12.1,1164.98,62.43,154,316,RAMP,100.0,12.0,WORKLOAD_STEP
2026-07-09 23:00:14.340482400+05:30,31.8,56,11.7,1114.75,62.47,154,316,RAMP,100.0,12.0,WORKLOAD_STEP
2026-07-09 23:00:16.750775900+05:30,30.8,55,13.4,1315.62,62.38,154,317,RAMP,100.0,12.0,WORKLOAD_STEP
2026-07-09 23:00:19.149922500+05:30,28.5,57,12.0,1104.71,62.34,153,317,RAMP,100.0,12.0,WORKLOAD_STEP
2026-07-09 23:00:21.546302100+05:30,28.3,59,11.7,1134.83,62.34,152,317,RAMP,100.0,12.0,WORKLOAD_STEP
2026-07-09 23:00:23.906126100+05:30,27.2,58,11.9,1104.7,62.34,152,317,RAMP,100.0,12.0,WORKLOAD_STEP
2026-07-09 23:00:26.310186200+05:30,30.7,57,12.7,1134.83,62.28,151,318,RAMP,100.0,12.0,WORKLOAD_STEP
2026-07-09 23:00:28.756918700+05:30,29.3,59,12.0,1104.7,62.29,151,318,RAMP,100.0,12.0,WORKLOAD_STEP
2026-07-09 23:00:31.118995100+05:30,31.3,58,12.1,1114.75,62.32,151,318,RAMP,100.0,12.0,WORKLOAD_STEP
2026-07-09 23:00:33.704565600+05:30,28.4,58,12.1,1114.75,62.33,155,318,RAMP,100.0,12.0,WORKLOAD_STEP
2026-07-09 23:00:36.111417700+05:30,29.7,57,14.5,1365.83,62.88,156,318,RAMP,100.0,12.0,WORKLOAD_STEP
2026-07-09 23:00:38.649121800+05:30,30.9,57,12.2,1124.8,63.09,159,318,RAMP,100.0,12.0,WORKLOAD_STEP
2026-07-09 23:00:41.022122500+05:30,28.7,57,12.5,1104.7,63.11,159,318,RAMP,100.0,12.0,WORKLOAD_STEP
2026-07-09 23:00:43.503803500+05:30,27.5,58,11.3,1305.57,63.08,159,318,RAMP,100.0,12.0,WORKLOAD_STEP
2026-07-09 23:00:45.864555200+05:30,27.8,52,12.7,1104.7,63.06,159,318,RAMP,100.0,12.0,WORKLOAD_STEP
2026-07-09 23:00:48.257058100+05:30,29.5,58,11.7,1104.7,63.06,160,318,RAMP,100.0,12.0,WORKLOAD_STEP
2026-07-09 23:00:50.681565400+05:30,30.6,57,11.7,1104.7,63.15,160,318,RAMP,100.0,12.0,WORKLOAD_STEP
2026-07-09 23:00:53.096741+05:30,28.6,57,12.0,1154.95,63.16,159,318,RAMP,100.0,12.0,WORKLOAD_STEP
2026-07-09 23:00:55.493914300+05:30,27.2,59,11.8,1114.75,63.1,158,318,RAMP,100.0,12.0,WORKLOAD_STEP
2026-07-09 23:00:57.907708500+05:30,26.9,57,11.7,1104.7,63.1,160,318,RAMP,100.0,12.0,WORKLOAD_STEP
2026-07-09 23:01:00.281621400+05:30,28.7,57,11.9,1164.98,63.1,160,318,RAMP,100.0,12.0,WORKLOAD_STEP
2026-07-09 23:01:02.712986800+05:30,29.7,57,11.8,1144.9,63.04,160,318,RAMP,100.0,12.0,WORKLOAD_STEP
2026-07-09 23:01:05.135609400+05:30,28.2,57,11.8,1104.7,63.02,160,317,RAMP,100.0,12.0,WORKLOAD_STEP
2026-07-09 23:01:07.520038700+05:30,27.8,57,11.7,1104.7,63.05,159,317,RAMP,100.0,12.0,WORKLOAD_STEP
2026-07-09 23:01:09.941028900+05:30,28.5,59,11.5,1104.7,63.02,160,317,RAMP,100.0,12.0,WORKLOAD_STEP
2026-07-09 23:01:12.377026500+05:30,28.8,57,12.3,1104.7,63.02,162,317,RAMP,100.0,12.0,WORKLOAD_STEP
2026-07-09 23:01:14.815046200+05:30,30.0,58,12.6,1154.95,63.06,162,317,RAMP,100.0,12.0,WORKLOAD_STEP
2026-07-09 23:01:17.196801500+05:30,29.6,57,12.3,1305.57,63.05,159,317,RAMP,100.0,12.0,WORKLOAD_STEP
2026-07-09 23:01:19.575716+05:30,28.4,57,11.8,1104.7,63.04,157,317,RAMP,100.0,12.0,WORKLOAD_STEP
2026-07-09 23:01:21.967978700+05:30,30.5,57,12.1,1114.75,62.95,154,317,RAMP,100.0,12.0,WORKLOAD_STEP
2026-07-09 23:01:24.341072700+05:30,29.4,57,11.9,1104.7,62.93,155,317,RAMP,100.0,12.0,WORKLOAD_STEP
2026-07-09 23:01:26.788970200+05:30,30.4,57,12.1,1114.75,63.01,155,317,RAMP,100.0,12.0,WORKLOAD_STEP
2026-07-09 23:01:29.168152+05:30,28.3,60,12.6,1345.75,62.93,154,317,RAMP,100.0,12.0,WORKLOAD_STEP
2026-07-09 23:01:31.522178500+05:30,28.9,59,12.0,1104.7,62.97,154,317,RAMP,100.0,12.0,WORKLOAD_STEP
2026-07-09 23:01:33.896721700+05:30,27.3,60,11.8,1315.61,62.96,155,317,RAMP,100.0,12.0,WORKLOAD_STEP
2026-07-09 23:01:36.261736200+05:30,29.1,57,11.6,1134.85,62.95,155,317,RAMP,100.0,12.0,WORKLOAD_STEP
2026-07-09 23:01:38.656828500+05:30,31.3,59,11.8,1124.8,62.89,153,317,RAMP,100.0,12.0,WORKLOAD_STEP
2026-07-09 23:01:41.004636500+05:30,27.3,57,11.6,1124.8,62.93,152,317,RAMP,80.0,13.0,WORKLOAD_STEP
2026-07-09 23:01:43.613564+05:30,27.6,58,12.1,1285.48,62.97,152,317,RAMP,80.0,13.0,WORKLOAD_STEP
2026-07-09 23:01:45.899196800+05:30,28.2,58,12.2,1215.19,62.98,152,317,RAMP,80.0,13.0,WORKLOAD_STEP
2026-07-09 23:01:48.253732+05:30,28.5,57,11.8,1134.85,62.97,152,317,RAMP,80.0,13.0,WORKLOAD_STEP
2026-07-09 23:01:50.529614400+05:30,31.7,57,11.9,1094.66,62.95,152,317,RAMP,80.0,13.0,WORKLOAD_STEP
2026-07-09 23:01:52.973675300+05:30,28.7,57,11.9,1305.59,62.98,152,316,RAMP,80.0,13.0,WORKLOAD_STEP
2026-07-09 23:01:55.258450400+05:30,29.0,59,11.6,1245.31,62.86,152,316,RAMP,80.0,13.0,WORKLOAD_STEP
2026-07-09 23:01:57.648766300+05:30,28.2,60,11.9,1114.75,62.82,152,316,RAMP,80.0,13.0,WORKLOAD_STEP
2026-07-09 23:02:00.005594200+05:30,32.4,59,13.1,1104.7,62.83,152,317,RAMP,80.0,13.0,WORKLOAD_STEP
2026-07-09 23:02:02.371730800+05:30,33.1,57,11.9,1104.7,62.72,152,317,RAMP,80.0,13.0,WORKLOAD_STEP
2026-07-09 23:02:04.633324800+05:30,37.0,57,15.1,1355.79,62.8,152,320,RAMP,80.0,13.0,WORKLOAD_STEP
2026-07-09 23:02:06.958171100+05:30,28.2,56,12.8,1134.85,62.87,155,320,RAMP,80.0,13.0,WORKLOAD_STEP
2026-07-09 23:02:09.245667300+05:30,27.9,57,12.2,1104.7,62.85,154,320,RAMP,80.0,13.0,WORKLOAD_STEP
2026-07-09 23:02:11.544013800+05:30,28.2,57,11.7,1134.83,62.84,154,320,RAMP,80.0,13.0,WORKLOAD_STEP
2026-07-09 23:02:13.900334600+05:30,30.5,60,12.7,1124.8,62.94,154,320,RAMP,80.0,13.0,WORKLOAD_STEP
2026-07-09 23:02:16.218839+05:30,30.1,58,12.1,1094.67,62.9,154,320,RAMP,80.0,13.0,WORKLOAD_STEP
2026-07-09 23:02:18.637938500+05:30,29.0,57,12.0,1275.44,62.92,154,320,RAMP,80.0,13.0,WORKLOAD_STEP
2026-07-09 23:02:20.967718800+05:30,30.3,58,13.2,1164.96,62.93,154,320,RAMP,80.0,13.0,WORKLOAD_STEP
2026-07-09 23:02:23.259217400+05:30,27.3,57,11.6,1295.52,62.93,156,319,RAMP,80.0,13.0,WORKLOAD_STEP
2026-07-09 23:02:25.591022300+05:30,31.1,57,11.7,1134.83,62.93,154,319,RAMP,80.0,13.0,WORKLOAD_STEP
2026-07-09 23:02:27.900023600+05:30,31.2,59,13.3,1365.83,62.93,154,319,RAMP,80.0,13.0,WORKLOAD_STEP
2026-07-09 23:02:30.216926500+05:30,28.6,60,12.4,1305.57,62.95,154,319,RAMP,80.0,13.0,WORKLOAD_STEP
2026-07-09 23:02:32.545211800+05:30,28.3,57,11.5,1114.75,62.93,154,319,RAMP,80.0,13.0,WORKLOAD_STEP
2026-07-09 23:02:34.854663+05:30,28.3,57,11.7,1104.7,62.93,152,319,RAMP,80.0,13.0,WORKLOAD_STEP
2026-07-09 23:02:37.171599600+05:30,30.5,57,11.5,1104.7,62.89,153,318,RAMP,80.0,13.0,WORKLOAD_STEP
2026-07-09 23:02:39.516738600+05:30,27.4,57,11.4,1104.7,62.89,153,318,RAMP,80.0,13.0,WORKLOAD_STEP
2026-07-09 23:02:41.858038500+05:30,28.2,58,11.9,1104.7,62.84,153,318,RAMP,80.0,13.0,WORKLOAD_STEP
2026-07-09 23:02:44.148100100+05:30,28.4,59,12.0,1104.7,62.84,153,318,RAMP,80.0,13.0,WORKLOAD_STEP
2026-07-09 23:02:46.407481500+05:30,30.1,57,12.9,1114.75,62.8,153,318,RAMP,80.0,14.0,WORKLOAD_STEP
2026-07-09 23:02:48.746023+05:30,32.7,57,11.8,1104.7,62.82,153,317,RAMP,80.0,14.0,WORKLOAD_STEP
2026-07-09 23:02:51.057294800+05:30,30.5,57,11.9,1104.7,62.85,154,317,RAMP,80.0,14.0,WORKLOAD_STEP
2026-07-09 23:02:53.370604600+05:30,28.1,57,12.4,1134.83,62.85,154,317,RAMP,80.0,14.0,WORKLOAD_STEP
2026-07-09 23:02:55.667659600+05:30,27.8,57,11.2,1124.8,62.85,152,317,RAMP,80.0,14.0,WORKLOAD_STEP
2026-07-09 23:02:57.954288900+05:30,27.9,57,12.0,1104.7,62.85,152,317,RAMP,80.0,14.0,WORKLOAD_STEP
2026-07-09 23:03:00.281012700+05:30,28.9,56,11.6,1315.63,62.87,152,317,RAMP,80.0,14.0,WORKLOAD_STEP
2026-07-09 23:03:02.584682900+05:30,29.7,57,12.4,1104.7,62.83,152,318,RAMP,80.0,14.0,WORKLOAD_STEP
2026-07-09 23:03:04.891764600+05:30,28.5,58,12.2,1134.83,62.89,153,318,RAMP,80.0,14.0,WORKLOAD_STEP
2026-07-09 23:03:07.228076300+05:30,28.4,57,12.0,1134.83,62.83,153,316,RAMP,80.0,14.0,WORKLOAD_STEP
2026-07-09 23:03:09.558733400+05:30,27.7,60,11.8,1305.58,62.84,152,316,RAMP,80.0,14.0,WORKLOAD_STEP
2026-07-09 23:03:11.865820900+05:30,30.8,57,11.9,1104.7,62.71,152,316,RAMP,60.0,15.0,WORKLOAD_STEP
2026-07-09 23:03:14.210384200+05:30,31.3,57,12.4,1315.61,62.72,152,316,RAMP,60.0,15.0,WORKLOAD_STEP
2026-07-09 23:03:16.460332900+05:30,28.1,57,11.8,1185.06,62.71,152,316,RAMP,60.0,15.0,WORKLOAD_STEP
2026-07-09 23:03:18.775019900+05:30,28.0,58,12.2,1154.92,62.72,151,316,RAMP,60.0,15.0,WORKLOAD_STEP
2026-07-09 23:03:21.611647600+05:30,27.8,58,11.8,1104.7,62.75,150,316,RAMP,60.0,15.0,WORKLOAD_STEP
2026-07-09 23:03:23.886254500+05:30,29.9,57,12.4,1315.61,62.78,151,316,RAMP,60.0,15.0,WORKLOAD_STEP
2026-07-09 23:03:26.126638+05:30,30.9,59,12.4,1305.57,62.81,152,316,RAMP,60.0,15.0,WORKLOAD_STEP
2026-07-09 23:03:28.402206500+05:30,28.6,57,12.3,1104.7,62.83,151,316,RAMP,60.0,15.0,WORKLOAD_STEP
2026-07-09 23:03:30.647252300+05:30,28.2,59,12.0,1084.62,62.85,150,316,RAMP,60.0,15.0,WORKLOAD_STEP
2026-07-09 23:03:32.885967900+05:30,28.8,57,11.9,1114.75,62.83,149,316,RAMP,60.0,15.0,WORKLOAD_STEP
2026-07-09 23:03:35.179770800+05:30,30.9,58,12.5,1124.8,62.77,149,316,RAMP,60.0,15.0,WORKLOAD_STEP
2026-07-09 23:03:37.432040700+05:30,30.7,58,12.2,1104.7,62.8,151,316,RAMP,60.0,15.0,WORKLOAD_STEP
2026-07-09 23:03:39.695752500+05:30,28.7,57,12.2,1084.62,62.86,150,316,RAMP,60.0,15.0,WORKLOAD_STEP
2026-07-09 23:03:41.958134800+05:30,28.1,60,11.7,1124.8,62.87,150,316,RAMP,60.0,15.0,WORKLOAD_STEP
2026-07-09 23:03:44.204310900+05:30,27.4,58,11.4,1285.49,62.85,150,315,RAMP,60.0,15.0,WORKLOAD_STEP
2026-07-09 23:03:46.438861700+05:30,29.5,58,12.1,1094.66,62.84,152,315,RAMP,60.0,15.0,WORKLOAD_STEP
2026-07-09 23:03:48.679122300+05:30,29.9,58,11.8,1315.61,62.89,154,315,RAMP,60.0,15.0,WORKLOAD_STEP
2026-07-09 23:03:50.936656400+05:30,30.4,57,12.3,1074.57,62.84,154,316,RAMP,60.0,15.0,WORKLOAD_STEP
2026-07-09 23:03:53.197976900+05:30,29.7,57,12.2,1114.75,62.93,154,315,RAMP,60.0,15.0,WORKLOAD_STEP
2026-07-09 23:03:55.447019+05:30,28.2,59,11.8,1104.7,62.88,154,315,RAMP,60.0,15.0,WORKLOAD_STEP
2026-07-09 23:03:57.713969+05:30,28.9,57,11.7,1164.98,62.91,157,314,RAMP,60.0,15.0,WORKLOAD_STEP
2026-07-09 23:03:59.932963900+05:30,31.1,57,11.8,1134.85,62.91,157,314,RAMP,60.0,15.0,WORKLOAD_STEP
2026-07-09 23:04:02.216901500+05:30,33.1,58,12.4,1114.75,62.82,157,314,RAMP,60.0,15.0,WORKLOAD_STEP
2026-07-09 23:04:04.517737300+05:30,28.2,57,11.8,1104.7,62.82,157,314,RAMP,60.0,15.0,WORKLOAD_STEP
2026-07-09 23:04:06.743131400+05:30,28.4,59,12.2,1164.98,62.9,156,314,RAMP,60.0,15.0,WORKLOAD_STEP
2026-07-09 23:04:08.967251400+05:30,28.4,58,12.0,1104.7,62.87,156,314,RAMP,60.0,15.0,WORKLOAD_STEP
2026-07-09 23:04:11.206312400+05:30,30.5,57,11.7,1104.7,62.86,157,314,RAMP,60.0,15.0,WORKLOAD_STEP
2026-07-09 23:04:13.507531600+05:30,29.7,58,12.9,1084.62,62.66,157,314,RAMP,60.0,15.0,WORKLOAD_STEP
2026-07-09 23:04:15.773885600+05:30,27.1,58,11.8,1104.7,62.67,157,314,RAMP,60.0,15.0,WORKLOAD_STEP
2026-07-09 23:04:18.112047+05:30,31.3,58,12.3,1325.67,62.73,155,314,RAMP,60.0,15.0,WORKLOAD_STEP
2026-07-09 23:04:20.417748100+05:30,28.5,57,12.1,1305.57,62.72,155,314,RAMP,60.0,15.0,WORKLOAD_STEP
2026-07-09 23:04:22.744667800+05:30,29.9,60,11.7,1114.75,62.8,153,314,RAMP,60.0,15.0,WORKLOAD_STEP
2026-07-09 23:04:24.997972500+05:30,30.8,59,12.0,1054.5,62.9,152,314,RAMP,60.0,15.0,WORKLOAD_STEP
2026-07-09 23:04:27.257297800+05:30,27.5,57,12.0,1144.88,62.82,150,314,RAMP,60.0,15.0,WORKLOAD_STEP
2026-07-09 23:04:29.513178500+05:30,29.1,56,12.3,1275.44,62.93,150,314,RAMP,60.0,15.0,WORKLOAD_STEP
2026-07-09 23:04:31.793020300+05:30,28.1,58,11.8,1144.9,62.91,150,314,RAMP,60.0,15.0,WORKLOAD_STEP
2026-07-09 23:04:34.038648800+05:30,28.9,58,11.8,1104.7,62.87,151,314,RAMP,60.0,15.0,WORKLOAD_STEP
2026-07-09 23:04:36.259876200+05:30,29.8,58,11.7,1275.46,62.95,151,314,RAMP,60.0,15.0,WORKLOAD_STEP
2026-07-09 23:04:38.504730600+05:30,29.2,58,11.7,1114.75,62.94,151,314,RAMP,60.0,15.0,WORKLOAD_STEP
2026-07-09 23:04:40.768979+05:30,31.0,58,12.5,1305.57,63.03,151,314,RAMP,60.0,15.0,WORKLOAD_STEP
2026-07-09 23:04:43.023821900+05:30,27.9,57,11.8,1104.7,63.02,151,314,RAMP,60.0,15.0,WORKLOAD_STEP
2026-07-09 23:04:45.273809500+05:30,27.6,59,11.8,1305.58,62.97,151,314,RAMP,60.0,15.0,WORKLOAD_STEP
2026-07-09 23:04:47.533830600+05:30,30.0,58,12.0,1134.83,63.02,153,314,RAMP,60.0,15.0,WORKLOAD_STEP
2026-07-09 23:04:49.810995900+05:30,28.8,57,12.0,1124.8,63.06,154,314,RAMP,60.0,15.0,WORKLOAD_STEP
2026-07-09 23:04:52.041551200+05:30,27.7,58,11.5,1275.44,63.04,154,314,RAMP,60.0,15.0,WORKLOAD_STEP
2026-07-09 23:04:54.270642100+05:30,29.6,56,12.2,1255.36,62.86,152,314,RAMP,60.0,16.0,WORKLOAD_STEP
2026-07-09 23:04:56.520759600+05:30,27.1,58,11.7,1104.7,62.85,152,315,RAMP,60.0,16.0,WORKLOAD_STEP
2026-07-09 23:04:58.775450900+05:30,29.4,59,11.7,1094.67,62.8,152,315,RAMP,60.0,16.0,WORKLOAD_STEP
2026-07-09 23:05:01.043830500+05:30,33.2,59,12.7,1104.7,62.76,152,314,RAMP,60.0,16.0,WORKLOAD_STEP
2026-07-09 23:05:03.376202+05:30,28.8,57,11.6,1134.85,62.71,151,314,RAMP,60.0,16.0,WORKLOAD_STEP
2026-07-09 23:05:05.620776200+05:30,27.4,57,12.0,1134.83,62.72,151,314,RAMP,60.0,16.0,WORKLOAD_STEP
2026-07-09 23:05:07.963430200+05:30,30.5,58,11.9,1124.8,62.7,151,314,RAMP,60.0,16.0,WORKLOAD_STEP
2026-07-09 23:05:10.243567300+05:30,28.6,59,11.8,1335.71,62.7,150,314,RAMP,60.0,16.0,WORKLOAD_STEP
2026-07-09 23:05:12.506563700+05:30,33.5,59,11.7,1114.75,62.7,149,314,RAMP,60.0,16.0,WORKLOAD_STEP
2026-07-09 23:05:14.748886800+05:30,27.8,57,11.7,1114.75,62.73,149,314,RAMP,60.0,16.0,WORKLOAD_STEP
2026-07-09 23:05:16.983973500+05:30,28.0,59,12.2,1094.67,62.74,149,314,RAMP,60.0,16.0,WORKLOAD_STEP
2026-07-09 23:05:19.309611400+05:30,27.6,59,11.8,1104.7,62.74,149,314,RAMP,60.0,16.0,WORKLOAD_STEP
2026-07-09 23:05:21.541177200+05:30,29.6,58,12.0,1114.75,62.77,149,313,RAMP,60.0,16.0,WORKLOAD_STEP
2026-07-09 23:05:23.931110100+05:30,29.9,60,12.1,1074.57,62.71,150,313,RAMP,60.0,16.0,WORKLOAD_STEP
2026-07-09 23:05:26.208401400+05:30,34.6,58,13.6,1154.95,62.68,150,313,RAMP,60.0,16.0,WORKLOAD_STEP
2026-07-09 23:05:28.554532600+05:30,30.8,53,11.9,1094.66,62.62,149,313,RAMP,60.0,16.0,WORKLOAD_STEP
2026-07-09 23:05:30.805795300+05:30,29.1,59,11.8,1124.8,62.57,149,313,RAMP,60.0,16.0,WORKLOAD_STEP
2026-07-09 23:05:33.221700900+05:30,28.6,58,12.1,1104.7,62.54,149,313,RAMP,60.0,16.0,WORKLOAD_STEP
2026-07-09 23:05:35.447876700+05:30,29.9,57,11.8,1154.95,62.53,149,313,RAMP,60.0,16.0,WORKLOAD_STEP
2026-07-09 23:05:37.743004500+05:30,32.0,59,12.3,1104.7,62.57,149,313,RAMP,60.0,16.0,WORKLOAD_STEP
2026-07-09 23:05:40.016885400+05:30,27.7,57,11.8,1104.7,62.54,149,313,RAMP,60.0,16.0,WORKLOAD_STEP
2026-07-09 23:05:42.269482700+05:30,29.3,59,12.0,1104.7,62.59,149,313,RAMP,60.0,16.0,WORKLOAD_STEP
2026-07-09 23:05:44.559409300+05:30,27.7,57,12.1,1104.7,62.59,147,313,RAMP,60.0,16.0,WORKLOAD_STEP
2026-07-09 23:05:46.774723300+05:30,29.6,57,12.2,1114.75,62.6,147,313,RAMP,60.0,16.0,WORKLOAD_STEP
2026-07-09 23:05:49.057888800+05:30,31.9,57,12.4,1144.88,62.61,147,313,RAMP,60.0,16.0,WORKLOAD_STEP
2026-07-09 23:05:51.289900+05:30,27.7,59,11.9,1094.66,62.56,147,314,RAMP,60.0,16.0,WORKLOAD_STEP
2026-07-09 23:05:53.554634600+05:30,27.5,59,11.8,1084.62,62.57,147,314,RAMP,60.0,16.0,WORKLOAD_STEP
2026-07-09 23:05:55.807844100+05:30,27.8,57,11.7,1104.7,62.57,147,314,RAMP,60.0,16.0,WORKLOAD_STEP
2026-07-09 23:05:58.070667900+05:30,28.4,61,11.7,1094.67,62.56,147,314,RAMP,60.0,16.0,WORKLOAD_STEP
2026-07-09 23:06:00.309798200+05:30,29.8,60,11.3,1104.7,62.59,147,315,RAMP,60.0,16.0,WORKLOAD_STEP
2026-07-09 23:06:02.545874+05:30,27.0,57,13.3,1124.8,62.61,147,314,RAMP,60.0,16.0,WORKLOAD_STEP
2026-07-09 23:06:04.779659900+05:30,28.0,57,11.7,1134.83,62.61,148,314,RAMP,60.0,16.0,WORKLOAD_STEP
2026-07-09 23:06:07.062305700+05:30,28.1,57,12.1,1144.88,62.67,148,314,RAMP,60.0,16.0,WORKLOAD_STEP
2026-07-09 23:06:09.386309600+05:30,28.8,57,12.6,1305.57,62.57,147,314,RAMP,60.0,16.0,WORKLOAD_STEP
2026-07-09 23:06:11.633750200+05:30,30.3,58,11.9,1104.7,62.55,147,314,RAMP,60.0,16.0,WORKLOAD_STEP
2026-07-09 23:06:13.871856200+05:30,29.3,59,12.3,1506.44,62.65,147,314,RAMP,60.0,16.0,WORKLOAD_STEP
2026-07-09 23:06:16.109937600+05:30,27.5,57,11.7,1315.61,62.63,147,314,RAMP,60.0,16.0,WORKLOAD_STEP
2026-07-09 23:06:18.415623400+05:30,28.5,57,11.8,1104.7,62.59,148,314,RAMP,60.0,16.0,WORKLOAD_STEP
2026-07-09 23:06:20.659759100+05:30,29.6,57,11.6,1616.92,62.55,148,314,RAMP,40.0,17.0,WORKLOAD_STEP
2026-07-09 23:06:22.861838200+05:30,31.6,57,12.1,1074.57,62.47,148,314,RAMP,40.0,17.0,WORKLOAD_STEP
2026-07-09 23:06:25.063396500+05:30,30.2,60,12.0,1466.28,62.28,147,314,RAMP,40.0,17.0,WORKLOAD_STEP
2026-07-09 23:06:27.305751+05:30,28.4,57,11.8,1345.76,62.16,146,314,RAMP,40.0,17.0,WORKLOAD_STEP
2026-07-09 23:06:29.466291100+05:30,28.5,58,12.0,1074.57,62.13,146,314,RAMP,40.0,17.0,WORKLOAD_STEP
2026-07-09 23:06:31.650811500+05:30,27.3,60,12.1,1446.18,62.11,146,314,RAMP,40.0,17.0,WORKLOAD_STEP
2026-07-09 23:06:33.881631100+05:30,27.9,57,11.8,1305.57,62.09,145,314,RAMP,40.0,17.0,WORKLOAD_STEP
2026-07-09 23:06:36.070825900+05:30,31.1,59,11.9,1124.8,62.04,146,314,RAMP,40.0,17.0,WORKLOAD_STEP
2026-07-09 23:06:38.407142100+05:30,29.0,58,13.5,1556.65,62.06,146,314,RAMP,40.0,17.0,WORKLOAD_STEP
2026-07-09 23:06:40.559067+05:30,28.2,60,11.9,1315.61,62.11,148,314,RAMP,40.0,17.0,WORKLOAD_STEP
2026-07-09 23:06:42.775105200+05:30,28.7,60,12.2,1486.37,62.03,148,314,RAMP,40.0,17.0,WORKLOAD_STEP
2026-07-09 23:06:44.948807700+05:30,28.1,59,11.9,1245.31,61.99,148,314,RAMP,40.0,17.0,WORKLOAD_STEP
2026-07-09 23:06:47.130902800+05:30,31.5,60,12.1,1154.93,62.0,147,314,RAMP,40.0,17.0,WORKLOAD_STEP
2026-07-09 23:06:49.291922600+05:30,31.2,58,12.2,1335.71,61.99,148,314,RAMP,40.0,17.0,WORKLOAD_STEP
2026-07-09 23:06:51.465830300+05:30,27.9,57,11.5,1084.62,61.94,150,314,RAMP,40.0,17.0,WORKLOAD_STEP
2026-07-09 23:06:53.653236400+05:30,28.8,57,11.9,1275.44,61.88,148,314,RAMP,40.0,17.0,WORKLOAD_STEP
2026-07-09 23:06:55.808732500+05:30,28.0,57,11.9,1124.79,61.9,148,314,RAMP,40.0,17.0,WORKLOAD_STEP
2026-07-09 23:06:58.069392300+05:30,28.1,58,12.0,1476.31,61.86,148,314,RAMP,40.0,17.0,WORKLOAD_STEP
2026-07-09 23:07:00.275771500+05:30,31.4,59,11.4,1315.64,61.9,148,314,RAMP,40.0,17.0,WORKLOAD_STEP
2026-07-09 23:07:02.483802500+05:30,30.2,57,12.1,1114.75,61.85,150,314,RAMP,40.0,17.0,WORKLOAD_STEP
2026-07-09 23:07:04.677650100+05:30,29.5,57,12.3,1446.18,61.82,149,314,RAMP,40.0,17.0,WORKLOAD_STEP
2026-07-09 23:07:06.873407500+05:30,28.1,59,11.9,1134.85,61.76,149,315,RAMP,40.0,17.0,WORKLOAD_STEP
2026-07-09 23:07:09.026768800+05:30,28.6,57,11.6,1114.75,61.76,148,315,RAMP,40.0,17.0,WORKLOAD_STEP
2026-07-09 23:07:11.252940800+05:30,30.1,59,12.0,1084.62,61.77,146,315,RAMP,40.0,17.0,WORKLOAD_STEP
2026-07-09 23:07:13.403705700+05:30,31.0,58,12.7,1466.28,61.82,146,315,RAMP,40.0,18.0,WORKLOAD_STEP
2026-07-09 23:07:15.623794900+05:30,32.3,57,13.6,1436.14,61.73,146,315,RAMP,40.0,18.0,WORKLOAD_STEP
2026-07-09 23:07:17.826399500+05:30,28.4,59,12.4,1134.85,61.81,144,314,RAMP,40.0,18.0,WORKLOAD_STEP
2026-07-09 23:07:20.123729400+05:30,27.8,58,11.7,1335.71,61.77,143,314,RAMP,40.0,18.0,WORKLOAD_STEP
2026-07-09 23:07:22.308881+05:30,30.4,59,12.0,1134.83,61.58,144,314,RAMP,40.0,18.0,WORKLOAD_STEP
2026-07-09 23:07:24.547325200+05:30,29.6,57,11.9,1104.7,61.55,145,314,RAMP,40.0,18.0,WORKLOAD_STEP
2026-07-09 23:07:26.699938600+05:30,29.4,57,11.9,1134.85,61.64,146,314,RAMP,40.0,18.0,WORKLOAD_STEP
2026-07-09 23:07:28.917727900+05:30,28.5,58,12.1,1335.71,61.61,148,314,RAMP,40.0,18.0,WORKLOAD_STEP
2026-07-09 23:07:31.131812800+05:30,28.2,57,12.3,1195.09,61.58,147,314,RAMP,40.0,18.0,WORKLOAD_STEP
2026-07-09 23:07:33.339055500+05:30,32.0,59,12.6,1626.97,61.66,146,314,RAMP,40.0,18.0,WORKLOAD_STEP
2026-07-09 23:07:35.519755300+05:30,31.7,59,12.1,1104.72,61.6,147,314,RAMP,40.0,18.0,WORKLOAD_STEP
2026-07-09 23:07:37.698998900+05:30,28.5,57,11.9,1456.22,61.6,147,314,RAMP,40.0,18.0,WORKLOAD_STEP
2026-07-09 23:07:39.856666200+05:30,33.6,57,14.6,1687.23,61.55,148,317,RAMP,40.0,18.0,WORKLOAD_STEP
2026-07-09 23:07:42.088700+05:30,29.5,57,12.1,1134.85,61.56,148,317,RAMP,40.0,18.0,WORKLOAD_STEP
2026-07-09 23:07:44.323229900+05:30,28.7,57,12.0,1506.46,61.56,147,317,RAMP,40.0,18.0,WORKLOAD_STEP
2026-07-09 23:07:46.518983+05:30,29.5,60,11.7,1506.44,61.51,147,317,RAMP,40.0,18.0,WORKLOAD_STEP
2026-07-09 23:07:48.980797900+05:30,28.5,56,11.7,1245.31,61.4,148,318,RAMP,40.0,18.0,WORKLOAD_STEP
2026-07-09 23:07:51.171199100+05:30,30.6,59,11.6,1104.7,61.44,147,318,RAMP,40.0,18.0,WORKLOAD_STEP
2026-07-09 23:07:54.056089300+05:30,28.9,57,12.2,1114.75,60.87,146,317,RAMP,40.0,18.0,WORKLOAD_STEP
2026-07-09 23:07:56.225067100+05:30,28.7,57,12.4,1114.75,60.75,145,317,RAMP,40.0,18.0,WORKLOAD_STEP
2026-07-09 23:07:58.381563+05:30,29.9,57,12.1,1114.75,60.77,147,317,RAMP,40.0,18.0,WORKLOAD_STEP
2026-07-09 23:08:00.633203400+05:30,29.1,60,11.9,1486.35,60.77,147,317,RAMP,40.0,18.0,WORKLOAD_STEP
2026-07-09 23:08:02.829820200+05:30,29.0,58,12.3,1084.62,60.77,146,317,RAMP,40.0,18.0,WORKLOAD_STEP
2026-07-09 23:08:05.124792400+05:30,29.3,58,11.7,1124.8,60.9,145,317,RAMP,40.0,18.0,WORKLOAD_STEP
2026-07-09 23:08:07.332901400+05:30,28.1,59,12.4,1134.83,61.01,145,317,RAMP,40.0,18.0,WORKLOAD_STEP
2026-07-09 23:08:09.591632500+05:30,30.0,57,11.8,1074.57,60.98,144,318,RAMP,40.0,18.0,WORKLOAD_STEP
2026-07-09 23:08:11.758696+05:30,30.5,57,11.7,1476.33,61.05,144,318,RAMP,40.0,18.0,WORKLOAD_STEP
2026-07-09 23:08:13.961823400+05:30,28.9,58,12.0,1134.85,61.12,145,318,RAMP,40.0,18.0,WORKLOAD_STEP
2026-07-09 23:08:16.115683+05:30,28.0,56,11.8,1275.44,61.16,144,317,RAMP,40.0,18.0,WORKLOAD_STEP
2026-07-09 23:08:18.358745100+05:30,27.3,57,11.8,1084.62,61.19,143,317,RAMP,40.0,18.0,WORKLOAD_STEP
2026-07-09 23:08:20.556322+05:30,28.5,58,11.8,1124.8,61.17,144,316,RAMP,40.0,18.0,WORKLOAD_STEP
2026-07-09 23:08:22.740686300+05:30,30.3,57,11.6,1114.75,61.16,144,316,RAMP,40.0,18.0,WORKLOAD_STEP
2026-07-09 23:08:24.904688100+05:30,30.1,60,12.3,1245.31,61.19,144,316,RAMP,40.0,18.0,WORKLOAD_STEP
2026-07-09 23:08:27.097547+05:30,29.5,57,11.8,1144.88,61.17,146,316,RAMP,40.0,18.0,WORKLOAD_STEP
2026-07-09 23:08:29.343518300+05:30,29.0,57,12.8,1295.53,60.97,146,316,RAMP,40.0,18.0,WORKLOAD_STEP
2026-07-09 23:08:31.486015600+05:30,29.4,58,12.7,1084.62,60.95,146,316,RAMP,40.0,18.0,WORKLOAD_STEP
2026-07-09 23:08:33.721928600+05:30,29.7,57,12.1,1626.97,60.91,146,316,RAMP,40.0,18.0,WORKLOAD_STEP
2026-07-09 23:08:35.941702700+05:30,30.8,57,12.7,1215.19,60.9,144,316,RAMP,40.0,18.0,WORKLOAD_STEP
2026-07-09 23:08:38.138102+05:30,28.8,59,12.4,1094.67,60.9,149,316,RAMP,40.0,18.0,WORKLOAD_STEP
2026-07-09 23:08:40.307910100+05:30,28.0,57,12.2,1094.67,60.39,149,314,RAMP,40.0,18.0,WORKLOAD_STEP
2026-07-09 23:08:42.517927700+05:30,30.2,57,13.4,1305.57,60.46,147,314,RAMP,40.0,18.0,WORKLOAD_STEP
2026-07-09 23:08:44.681505100+05:30,28.6,57,12.4,1325.67,60.43,147,314,RAMP,40.0,18.0,WORKLOAD_STEP
2026-07-09 23:08:46.846431600+05:30,30.7,60,12.1,1516.5,60.47,146,314,RAMP,40.0,18.0,WORKLOAD_STEP
2026-07-09 23:08:49.082618400+05:30,30.5,60,12.2,1476.33,60.61,146,314,RAMP,40.0,18.0,WORKLOAD_STEP
2026-07-09 23:08:51.251780400+05:30,29.3,57,11.3,1134.83,61.13,148,314,RAMP,40.0,18.0,WORKLOAD_STEP
2026-07-09 23:08:53.539796600+05:30,27.7,57,13.7,1536.57,61.11,150,314,RAMP,40.0,18.0,WORKLOAD_STEP
2026-07-09 23:08:55.719701400+05:30,28.1,58,11.4,1144.88,61.11,150,314,RAMP,40.0,18.0,WORKLOAD_STEP
2026-07-09 23:08:57.893315900+05:30,31.4,58,11.7,1104.7,61.13,150,314,RAMP,40.0,18.0,WORKLOAD_STEP
2026-07-09 23:09:00.068059100+05:30,30.1,60,11.6,1074.57,60.96,150,314,RAMP,40.0,18.0,WORKLOAD_STEP
2026-07-09 23:09:02.273098500+05:30,32.5,56,13.6,1707.3,60.92,150,314,RAMP,40.0,18.0,WORKLOAD_STEP
2026-07-09 23:09:04.466130700+05:30,28.9,57,12.3,1295.53,61.15,151,314,RAMP,40.0,18.0,WORKLOAD_STEP
2026-07-09 23:09:07.000833200+05:30,28.6,58,11.9,1094.67,61.4,151,314,RAMP,40.0,18.0,WORKLOAD_STEP
2026-07-09 23:09:09.198945500+05:30,31.0,58,12.6,1084.62,61.33,151,314,RAMP,40.0,18.0,WORKLOAD_STEP
2026-07-09 23:09:11.367673100+05:30,30.8,61,12.3,1436.13,61.23,151,314,RAMP,40.0,18.0,WORKLOAD_STEP
2026-07-09 23:09:13.503543800+05:30,28.7,58,12.0,1215.19,60.76,152,315,RAMP,40.0,18.0,WORKLOAD_STEP
2026-07-09 23:09:15.665142100+05:30,27.8,58,12.3,1215.18,60.75,152,314,RAMP,40.0,18.0,WORKLOAD_STEP
2026-07-09 23:09:17.840629700+05:30,29.1,57,11.6,1325.67,60.77,150,314,RAMP,40.0,18.0,WORKLOAD_STEP
2026-07-09 23:09:20.027803100+05:30,29.3,59,11.6,1124.8,60.79,150,314,RAMP,40.0,18.0,WORKLOAD_STEP
2026-07-09 23:09:22.213147100+05:30,30.0,60,12.2,1546.62,60.66,150,314,RAMP,40.0,18.0,WORKLOAD_STEP
2026-07-09 23:09:24.375302100+05:30,30.2,57,11.8,1315.62,60.63,151,314,RAMP,40.0,18.0,WORKLOAD_STEP
2026-07-09 23:09:26.527386100+05:30,32.2,58,13.2,1466.28,60.66,151,314,RAMP,20.0,19.0,WORKLOAD_STEP
2026-07-09 23:09:28.646789400+05:30,28.7,57,12.3,1506.43,60.34,150,314,RAMP,20.0,19.0,WORKLOAD_STEP
2026-07-09 23:09:30.758983400+05:30,28.3,58,12.1,1114.75,59.97,150,314,RAMP,20.0,19.0,WORKLOAD_STEP
2026-07-09 23:09:32.851620700+05:30,33.4,57,12.3,1265.4,59.73,148,314,RAMP,20.0,19.0,WORKLOAD_STEP
2026-07-09 23:09:34.960163300+05:30,31.7,57,12.5,1265.4,59.48,148,314,RAMP,20.0,19.0,WORKLOAD_STEP
2026-07-09 23:09:37.059533300+05:30,29.9,57,12.8,1124.79,59.18,150,314,RAMP,20.0,19.0,WORKLOAD_STEP
2026-07-09 23:09:39.207015500+05:30,30.2,57,12.4,1124.79,58.99,150,314,RAMP,20.0,19.0,WORKLOAD_STEP
2026-07-09 23:09:41.329023900+05:30,23.7,57,11.8,1124.8,59.0,150,314,RAMP,20.0,19.0,WORKLOAD_STEP
2026-07-09 23:09:43.441486700+05:30,22.9,57,11.9,1064.53,58.96,149,314,RAMP,20.0,19.0,WORKLOAD_STEP
2026-07-09 23:09:45.549763600+05:30,24.5,57,11.8,1245.32,58.98,149,314,RAMP,20.0,19.0,WORKLOAD_STEP
2026-07-09 23:09:47.676957+05:30,25.9,59,11.7,1305.57,58.95,149,314,RAMP,20.0,19.0,WORKLOAD_STEP
2026-07-09 23:09:49.786875400+05:30,25.7,59,12.4,1466.29,58.98,153,314,RAMP,20.0,19.0,WORKLOAD_STEP
2026-07-09 23:09:51.917749100+05:30,23.7,58,11.9,1285.49,58.94,153,314,RAMP,20.0,19.0,WORKLOAD_STEP
2026-07-09 23:09:54.036636800+05:30,22.2,58,12.1,1245.31,59.01,153,314,RAMP,20.0,19.0,WORKLOAD_STEP
2026-07-09 23:09:56.180307900+05:30,26.9,59,11.7,1616.92,58.75,152,314,RAMP,20.0,19.0,WORKLOAD_STEP
2026-07-09 23:09:58.283737900+05:30,28.0,58,12.1,1104.71,58.24,152,314,RAMP,20.0,19.0,WORKLOAD_STEP
2026-07-09 23:10:00.432277400+05:30,23.6,57,11.7,1285.49,57.48,152,314,RAMP,20.0,19.0,WORKLOAD_STEP
2026-07-09 23:10:02.566920400+05:30,23.7,53,12.9,1144.88,56.5,152,314,RAMP,20.0,19.0,WORKLOAD_STEP
2026-07-09 23:10:04.676971500+05:30,20.4,57,11.7,1114.75,56.49,152,314,RAMP,20.0,19.0,WORKLOAD_STEP
2026-07-09 23:10:06.789435800+05:30,21.6,58,11.9,1345.76,56.53,152,314,RAMP,20.0,19.0,WORKLOAD_STEP
2026-07-09 23:10:08.911970100+05:30,23.2,57,11.4,1134.86,56.55,152,314,RAMP,20.0,19.0,WORKLOAD_STEP
2026-07-09 23:10:11.050815600+05:30,22.0,59,11.3,1556.66,56.54,152,314,RAMP,20.0,19.0,WORKLOAD_STEP
2026-07-09 23:10:13.153258100+05:30,25.1,60,11.5,1506.45,56.55,151,314,RAMP,20.0,19.0,WORKLOAD_STEP
2026-07-09 23:10:15.275947700+05:30,22.8,57,11.6,1355.81,56.67,151,314,RAMP,20.0,19.0,WORKLOAD_STEP
2026-07-09 23:10:17.385868+05:30,21.3,61,11.5,1536.6,56.65,150,314,RAMP,20.0,19.0,WORKLOAD_STEP
2026-07-09 23:10:19.495704700+05:30,17.5,59,11.1,1295.53,56.65,151,314,RAMP,20.0,19.0,WORKLOAD_STEP
2026-07-09 23:10:21.608885600+05:30,22.8,59,11.2,1104.74,56.57,151,314,RAMP,20.0,19.0,WORKLOAD_STEP
2026-07-09 23:10:23.707628400+05:30,19.4,61,11.3,1084.63,56.56,151,314,RAMP,20.0,19.0,WORKLOAD_STEP
2026-07-09 23:10:25.826108100+05:30,21.3,57,11.7,1094.68,56.63,151,314,RAMP,20.0,19.0,WORKLOAD_STEP
2026-07-09 23:10:27.953267500+05:30,21.2,57,11.0,1295.56,56.63,151,314,RAMP,20.0,19.0,WORKLOAD_STEP
2026-07-09 23:10:30.068761+05:30,19.0,59,11.4,1295.56,56.63,151,314,RAMP,20.0,19.0,WORKLOAD_STEP
2026-07-09 23:10:32.209661100+05:30,21.8,59,11.3,1144.89,56.55,151,314,RAMP,20.0,19.0,WORKLOAD_STEP
2026-07-09 23:10:34.357372600+05:30,23.1,59,11.7,1134.83,56.65,152,314,RAMP,20.0,19.0,WORKLOAD_STEP
2026-07-09 23:10:36.481322100+05:30,20.9,60,11.2,1175.01,56.61,152,314,RAMP,20.0,19.0,WORKLOAD_STEP
2026-07-09 23:10:38.587308500+05:30,21.5,59,11.3,1285.5,56.64,152,313,RAMP,20.0,19.0,WORKLOAD_STEP
2026-07-09 23:10:40.683620400+05:30,21.2,59,11.6,1124.8,56.61,152,312,RAMP,20.0,19.0,WORKLOAD_STEP
2026-07-09 23:10:42.819567100+05:30,20.7,59,11.1,1144.9,56.64,152,312,RAMP,20.0,19.0,WORKLOAD_STEP
2026-07-09 23:10:44.916705400+05:30,22.2,58,11.0,1154.93,56.66,152,312,RAMP,20.0,19.0,WORKLOAD_STEP
2026-07-09 23:10:47.039578800+05:30,22.6,59,11.0,1144.9,56.59,151,312,RAMP,20.0,19.0,WORKLOAD_STEP
2026-07-09 23:10:49.376599200+05:30,19.0,59,11.3,1315.64,56.63,153,312,RAMP,20.0,19.0,WORKLOAD_STEP
2026-07-09 23:10:51.487663300+05:30,20.1,59,11.1,1185.07,56.68,153,312,RAMP,20.0,19.0,WORKLOAD_STEP
2026-07-09 23:10:53.635764100+05:30,21.8,59,11.5,1285.51,56.69,153,312,RAMP,20.0,19.0,WORKLOAD_STEP
2026-07-09 23:10:55.753950900+05:30,20.9,57,11.7,1114.75,56.6,152,312,RAMP,20.0,19.0,WORKLOAD_STEP
2026-07-09 23:10:57.894886600+05:30,24.4,60,11.4,1436.15,56.57,152,312,RAMP,20.0,19.0,WORKLOAD_STEP
2026-07-09 23:11:00.016202700+05:30,21.1,60,11.8,1215.19,56.61,152,312,RAMP,20.0,19.0,WORKLOAD_STEP
2026-07-09 23:11:02.144678800+05:30,22.6,59,11.2,1215.2,56.59,152,312,RAMP,20.0,19.0,WORKLOAD_STEP
2026-07-09 23:11:04.283706700+05:30,19.8,58,11.5,1114.78,56.6,151,312,RAMP,20.0,19.0,WORKLOAD_STEP
2026-07-09 23:11:06.415094800+05:30,23.3,59,11.5,1456.25,56.6,151,312,RAMP,20.0,19.0,WORKLOAD_STEP
2026-07-09 23:11:08.561760300+05:30,22.0,59,10.9,1084.64,56.59,151,312,RAMP,20.0,19.0,WORKLOAD_STEP
2026-07-09 23:11:10.668155900+05:30,27.4,59,11.6,1164.98,56.63,151,312,RAMP,20.0,19.0,WORKLOAD_STEP
2026-07-09 23:11:12.783264800+05:30,21.2,59,11.2,1255.37,56.58,151,312,RAMP,20.0,19.0,WORKLOAD_STEP
2026-07-09 23:11:14.916659+05:30,23.0,59,11.6,1134.83,56.6,151,312,RAMP,20.0,19.0,WORKLOAD_STEP
2026-07-09 23:11:17.034329600+05:30,26.4,60,12.0,1265.42,56.63,150,312,RAMP,20.0,19.0,WORKLOAD_STEP
2026-07-09 23:11:19.170272200+05:30,26.5,59,12.5,1124.8,56.59,151,312,RAMP,20.0,19.0,WORKLOAD_STEP
2026-07-09 23:11:21.313717600+05:30,21.0,58,11.3,1385.93,56.56,151,312,RAMP,20.0,19.0,WORKLOAD_STEP
2026-07-09 23:11:23.507173500+05:30,22.7,59,11.3,1295.53,56.6,152,312,RAMP,20.0,19.0,WORKLOAD_STEP
2026-07-09 23:11:25.616683+05:30,18.5,62,11.1,1175.02,56.58,152,312,RAMP,20.0,19.0,WORKLOAD_STEP
2026-07-09 23:11:27.741847900+05:30,19.4,59,11.6,1084.62,56.6,152,312,RAMP,20.0,19.0,WORKLOAD_STEP
2026-07-09 23:11:29.918193300+05:30,20.3,59,11.1,1104.75,56.6,151,312,RAMP,20.0,19.0,WORKLOAD_STEP
2026-07-09 23:11:32.025470200+05:30,22.3,59,11.1,1114.75,56.63,150,312,RAMP,20.0,19.0,WORKLOAD_STEP
2026-07-09 23:11:34.181094200+05:30,22.2,59,11.4,1104.73,56.6,150,312,RAMP,20.0,20.0,WORKLOAD_STEP
2026-07-09 23:11:36.272779+05:30,20.8,59,11.0,1335.73,56.56,150,312,RAMP,20.0,20.0,WORKLOAD_STEP
2026-07-09 23:11:38.420905200+05:30,22.2,58,11.5,1134.85,56.56,151,312,RAMP,20.0,20.0,WORKLOAD_STEP
2026-07-09 23:11:40.546976700+05:30,20.5,62,12.8,1134.84,56.65,150,312,RAMP,20.0,20.0,WORKLOAD_STEP
2026-07-09 23:11:42.661700800+05:30,22.6,59,11.4,1084.63,56.63,150,312,RAMP,20.0,20.0,WORKLOAD_STEP
2026-07-09 23:11:44.804695500+05:30,24.4,60,11.5,1074.58,56.62,149,312,RAMP,20.0,20.0,WORKLOAD_STEP
2026-07-09 23:11:46.917194500+05:30,19.6,60,11.1,1144.89,56.61,149,312,RAMP,20.0,20.0,WORKLOAD_STEP
2026-07-09 23:11:49.038422500+05:30,20.2,59,11.8,1084.62,56.66,149,312,RAMP,20.0,20.0,WORKLOAD_STEP
2026-07-09 23:11:51.139920200+05:30,25.0,59,12.0,1345.76,56.75,149,312,RAMP,20.0,20.0,WORKLOAD_STEP
2026-07-09 23:11:53.256422+05:30,19.6,60,11.4,1185.07,56.74,149,312,RAMP,20.0,20.0,WORKLOAD_STEP
2026-07-09 23:11:55.366810500+05:30,24.4,60,11.4,1496.43,56.75,149,312,RAMP,20.0,20.0,WORKLOAD_STEP
2026-07-09 23:11:57.474923100+05:30,26.1,57,11.3,1185.07,56.77,149,312,RAMP,20.0,20.0,WORKLOAD_STEP
2026-07-09 23:11:59.582283900+05:30,25.5,58,11.9,1275.44,56.68,149,312,RAMP,20.0,20.0,WORKLOAD_STEP
2026-07-09 23:12:01.707514900+05:30,25.1,58,12.3,1275.44,56.53,149,312,RAMP,20.0,20.0,WORKLOAD_STEP
2026-07-09 23:12:03.812233300+05:30,22.8,58,11.8,1275.44,56.37,149,312,RAMP,20.0,20.0,WORKLOAD_STEP
2026-07-09 23:12:05.921121200+05:30,23.0,61,12.1,1305.57,55.97,149,312,RAMP,20.0,20.0,WORKLOAD_STEP
2026-07-09 23:12:08.042839500+05:30,27.9,60,11.9,1496.41,55.66,149,312,RAMP,20.0,20.0,WORKLOAD_STEP
2026-07-09 23:12:10.238683400+05:30,21.3,59,11.5,1134.84,55.32,149,312,RAMP,20.0,20.0,WORKLOAD_STEP
2026-07-09 23:12:12.366649600+05:30,21.9,60,11.5,1235.3,55.4,149,312,RAMP,20.0,20.0,WORKLOAD_STEP
2026-07-09 23:12:14.492410500+05:30,19.8,58,11.3,1094.66,55.32,149,312,RAMP,20.0,20.0,WORKLOAD_STEP
2026-07-09 23:12:16.660737400+05:30,25.6,57,12.4,1416.05,55.56,149,313,RAMP,20.0,20.0,WORKLOAD_STEP
2026-07-09 23:12:18.853924900+05:30,38.7,57,13.5,1687.22,55.68,148,314,RAMP,20.0,20.0,WORKLOAD_STEP
2026-07-09 23:12:20.946355900+05:30,22.4,58,11.5,1375.91,55.71,150,314,RAMP,20.0,20.0,WORKLOAD_STEP
2026-07-09 23:12:23.056273300+05:30,24.9,59,13.3,1084.62,55.81,151,314,RAMP,20.0,20.0,WORKLOAD_STEP
2026-07-09 23:12:25.174646900+05:30,20.2,59,11.4,1094.66,55.79,152,314,RAMP,20.0,20.0,WORKLOAD_STEP
2026-07-09 23:12:27.294716900+05:30,23.7,61,12.0,1225.24,55.72,149,314,RAMP,20.0,20.0,WORKLOAD_STEP
2026-07-09 23:12:29.443947700+05:30,22.6,58,11.6,1275.46,55.71,150,314,RAMP,20.0,20.0,WORKLOAD_STEP
2026-07-09 23:12:31.596499900+05:30,22.9,58,11.3,1104.72,55.69,150,314,RAMP,20.0,20.0,WORKLOAD_STEP
2026-07-09 23:12:33.705650700+05:30,24.2,59,11.6,1154.95,55.69,149,314,RAMP,20.0,20.0,WORKLOAD_STEP
2026-07-09 23:12:35.842096600+05:30,22.0,59,11.7,1094.66,55.7,149,314,RAMP,20.0,20.0,WORKLOAD_STEP
2026-07-09 23:12:37.944890300+05:30,22.1,58,11.2,1265.42,55.7,149,314,RAMP,20.0,20.0,WORKLOAD_STEP
2026-07-09 23:12:40.072201600+05:30,21.8,57,11.4,1165.0,55.78,149,314,RAMP,20.0,20.0,WORKLOAD_STEP
2026-07-09 23:12:42.200154800+05:30,21.6,57,11.2,1104.73,55.76,149,314,RAMP,20.0,20.0,WORKLOAD_STEP
2026-07-09 23:12:44.307590300+05:30,23.4,57,11.4,1154.93,55.8,149,314,RAMP,20.0,20.0,WORKLOAD_STEP
2026-07-09 23:12:46.416524900+05:30,20.3,58,11.0,1084.63,55.8,148,314,RAMP,20.0,20.0,WORKLOAD_STEP
2026-07-09 23:12:48.552215300+05:30,21.9,57,11.4,1134.84,55.86,150,314,RAMP,20.0,20.0,WORKLOAD_STEP
2026-07-09 23:12:50.668586100+05:30,21.3,57,12.1,1325.67,55.96,150,314,RAMP,20.0,20.0,WORKLOAD_STEP
2026-07-09 23:12:52.784561700+05:30,29.3,57,12.7,1355.78,56.03,149,317,RAMP,20.0,20.0,WORKLOAD_STEP
2026-07-09 23:12:54.885128600+05:30,20.8,59,11.2,1104.7,56.01,149,317,RAMP,20.0,20.0,WORKLOAD_STEP
2026-07-09 23:12:56.988956600+05:30,24.4,57,11.3,1335.71,56.04,149,317,RAMP,20.0,20.0,WORKLOAD_STEP
2026-07-09 23:12:59.131838+05:30,21.5,59,11.7,1355.8,56.15,149,317,RAMP,20.0,20.0,WORKLOAD_STEP
2026-07-09 23:13:01.253230700+05:30,11.0,56,12.5,1345.75,56.21,149,317,RAMP,0.0,21.0,WORKLOAD_STEP
2026-07-09 23:13:03.381147800+05:30,13.9,59,13.0,1164.96,55.97,149,317,RAMP,0.0,21.0,WORKLOAD_STEP
2026-07-09 23:13:05.485306600+05:30,17.9,59,12.5,1335.74,56.0,149,317,RAMP,0.0,21.0,WORKLOAD_STEP
2026-07-09 23:13:07.584786600+05:30,25.6,57,12.1,1164.99,56.08,149,317,RAMP,0.0,21.0,WORKLOAD_STEP
2026-07-09 23:13:09.680235900+05:30,14.7,57,11.3,1878.05,56.07,148,317,RAMP,0.0,21.0,WORKLOAD_STEP
2026-07-09 23:13:11.787060800+05:30,15.3,57,11.7,1295.53,56.08,148,317,RAMP,0.0,21.0,WORKLOAD_STEP
2026-07-09 23:13:13.882654800+05:30,12.7,59,11.4,1185.06,56.09,148,317,RAMP,0.0,21.0,WORKLOAD_STEP
2026-07-09 23:13:15.986489700+05:30,10.9,58,11.5,1757.52,56.14,148,317,RAMP,0.0,21.0,WORKLOAD_STEP
2026-07-09 23:13:18.096979900+05:30,16.9,57,11.5,1385.92,56.09,146,317,RAMP,0.0,21.0,WORKLOAD_STEP
2026-07-09 23:13:20.198959300+05:30,16.7,57,11.5,1245.31,56.16,148,317,RAMP,0.0,21.0,WORKLOAD_STEP
2026-07-09 23:13:22.280908400+05:30,21.7,55,14.4,1626.96,56.47,147,317,RAMP,0.0,21.0,WORKLOAD_STEP
2026-07-09 23:13:24.411791100+05:30,16.0,57,13.5,1084.64,56.49,148,317,RAMP,0.0,21.0,WORKLOAD_STEP
2026-07-09 23:13:26.504004100+05:30,8.2,57,10.5,1034.43,56.52,148,317,RAMP,0.0,21.0,WORKLOAD_STEP
2026-07-09 23:13:28.616509+05:30,7.8,57,11.6,1295.53,56.33,147,317,RAMP,0.0,21.0,WORKLOAD_STEP
2026-07-09 23:13:30.721908900+05:30,7.0,57,10.8,1144.86,56.36,147,317,RAMP,0.0,21.0,WORKLOAD_STEP
2026-07-09 23:13:32.817927300+05:30,14.8,57,11.2,1124.81,56.31,147,316,RAMP,0.0,21.0,WORKLOAD_STEP
2026-07-09 23:13:34.957286100+05:30,6.7,57,10.9,1114.77,56.36,148,316,RAMP,0.0,21.0,WORKLOAD_STEP
2026-07-09 23:13:37.055075300+05:30,9.0,57,11.5,1345.75,56.36,148,316,RAMP,0.0,21.0,WORKLOAD_STEP
2026-07-09 23:13:39.161227+05:30,7.9,56,10.9,954.09,56.35,148,316,RAMP,0.0,21.0,WORKLOAD_STEP
2026-07-09 23:13:41.258905500+05:30,6.3,58,10.2,1104.75,56.34,148,316,RAMP,0.0,21.0,WORKLOAD_STEP
2026-07-09 23:13:43.349316200+05:30,6.5,57,10.3,1154.95,56.35,148,316,RAMP,0.0,21.0,WORKLOAD_STEP
2026-07-09 23:13:45.443223600+05:30,9.0,59,10.1,1004.31,56.33,148,316,RAMP,0.0,21.0,WORKLOAD_STEP
2026-07-09 23:13:47.613689+05:30,6.4,57,10.3,1024.39,56.35,148,316,RAMP,0.0,21.0,WORKLOAD_STEP
2026-07-09 23:13:49.772253200+05:30,6.8,58,10.5,994.27,56.3,147,316,RAMP,0.0,21.0,WORKLOAD_STEP
2026-07-09 23:13:51.870769500+05:30,6.1,57,11.4,1024.4,56.31,147,316,RAMP,0.0,21.0,WORKLOAD_STEP
2026-07-09 23:13:53.989932100+05:30,5.1,59,10.3,1084.64,56.33,147,316,RAMP,0.0,21.0,WORKLOAD_STEP
2026-07-09 23:13:56.099505200+05:30,10.6,58,10.8,1054.53,56.21,147,316,RAMP,0.0,21.0,WORKLOAD_STEP
2026-07-09 23:13:58.195632200+05:30,6.8,58,10.2,1044.48,56.19,147,316,RAMP,0.0,21.0,WORKLOAD_STEP
2026-07-09 23:14:00.298861600+05:30,12.1,57,11.6,1014.35,56.21,147,316,RAMP,0.0,21.0,WORKLOAD_STEP
2026-07-09 23:14:02.395076200+05:30,3.7,61,10.4,1154.94,56.23,147,316,RAMP,0.0,21.0,WORKLOAD_STEP
2026-07-09 23:14:04.521319600+05:30,8.2,58,11.6,1687.22,56.35,146,316,RAMP,0.0,21.0,WORKLOAD_STEP
2026-07-09 23:14:06.628959400+05:30,5.5,58,10.2,1024.4,56.34,146,316,RAMP,0.0,21.0,WORKLOAD_STEP
2026-07-09 23:14:08.744885900+05:30,10.7,57,10.5,1325.67,56.29,146,316,RAMP,0.0,22.0,WORKLOAD_STEP
2026-07-09 23:14:10.850874+05:30,8.8,58,10.4,1215.22,56.27,146,316,RAMP,0.0,22.0,WORKLOAD_STEP
2026-07-09 23:14:12.949355200+05:30,6.9,57,10.3,1114.77,56.31,148,316,RAMP,0.0,22.0,WORKLOAD_STEP
2026-07-09 23:14:15.049284200+05:30,5.3,58,10.0,964.15,56.32,148,316,RAMP,0.0,22.0,WORKLOAD_STEP
2026-07-09 23:14:17.151717600+05:30,6.0,58,10.5,1576.74,56.15,148,316,RAMP,0.0,22.0,WORKLOAD_STEP
2026-07-09 23:14:19.253116800+05:30,11.4,57,10.7,1134.88,56.14,150,316,RAMP,0.0,22.0,WORKLOAD_STEP
2026-07-09 23:14:21.394588500+05:30,7.6,57,10.2,1034.44,56.14,148,315,RAMP,0.0,22.0,WORKLOAD_STEP
2026-07-09 23:14:23.487389+05:30,9.9,60,11.2,1094.7,56.11,148,314,RAMP,0.0,22.0,WORKLOAD_STEP
2026-07-09 23:14:25.582429300+05:30,5.6,58,10.1,974.18,56.12,148,314,RAMP,0.0,22.0,WORKLOAD_STEP
2026-07-09 23:14:27.689567500+05:30,6.1,57,10.4,944.06,56.19,148,314,RAMP,0.0,22.0,WORKLOAD_STEP
2026-07-09 23:14:29.782953700+05:30,4.7,57,10.2,1114.79,56.17,148,314,RAMP,0.0,22.0,WORKLOAD_STEP
2026-07-09 23:14:31.863269+05:30,7.1,57,10.5,1054.52,56.19,147,314,RAMP,0.0,22.0,WORKLOAD_STEP
2026-07-09 23:14:33.960055800+05:30,7.9,56,10.3,1034.43,56.19,146,314,RAMP,0.0,22.0,WORKLOAD_STEP
2026-07-09 23:14:36.099536300+05:30,10.2,57,10.4,1175.04,56.13,146,314,RAMP,0.0,22.0,WORKLOAD_STEP
2026-07-09 23:14:38.195512200+05:30,6.8,59,10.3,1134.87,56.13,148,314,RAMP,0.0,22.0,WORKLOAD_STEP
2026-07-09 23:14:40.303196+05:30,9.5,59,10.5,1014.35,56.14,148,314,RAMP,0.0,22.0,WORKLOAD_STEP
2026-07-09 23:14:42.411757200+05:30,8.0,56,10.3,1014.36,56.15,148,314,RAMP,0.0,22.0,WORKLOAD_STEP
2026-07-09 23:14:44.509197200+05:30,11.6,56,11.2,954.09,56.16,148,314,RAMP,0.0,22.0,WORKLOAD_STEP
2026-07-09 23:14:46.603017300+05:30,6.8,59,10.1,1014.35,56.15,148,314,RAMP,0.0,22.0,WORKLOAD_STEP
2026-07-09 23:14:48.707210800+05:30,5.6,57,11.0,1486.36,56.09,148,314,RAMP,0.0,22.0,WORKLOAD_STEP
2026-07-09 23:14:50.833800300+05:30,4.4,57,10.2,1205.16,56.1,148,314,RAMP,0.0,22.0,WORKLOAD_STEP
2026-07-09 23:14:52.927378400+05:30,8.7,60,11.6,1164.98,56.09,146,314,RAMP,0.0,22.0,WORKLOAD_STEP
2026-07-09 23:14:55.036173600+05:30,6.7,56,10.2,994.27,56.08,147,314,RAMP,0.0,22.0,WORKLOAD_STEP
2026-07-09 23:14:57.135007100+05:30,8.0,56,10.8,1134.83,56.18,147,314,RAMP,0.0,22.0,WORKLOAD_STEP
2026-07-09 23:14:59.238894400+05:30,6.8,57,10.5,1275.46,56.14,148,314,RAMP,0.0,22.0,WORKLOAD_STEP
2026-07-09 23:15:01.332798400+05:30,4.9,59,10.2,1044.47,56.11,148,314,RAMP,0.0,22.0,WORKLOAD_STEP
2026-07-09 23:15:03.430090300+05:30,5.7,57,10.3,1074.6,56.12,147,314,RAMP,0.0,22.0,WORKLOAD_STEP
2026-07-09 23:15:05.534843200+05:30,5.6,59,10.3,994.28,56.14,148,314,RAMP,0.0,22.0,WORKLOAD_STEP
2026-07-09 23:15:07.661121200+05:30,11.2,59,10.9,1014.34,56.06,148,314,RAMP,0.0,22.0,WORKLOAD_STEP
2026-07-09 23:15:09.772126900+05:30,8.1,57,10.2,1064.57,56.05,148,314,RAMP,0.0,22.0,WORKLOAD_STEP
2026-07-09 23:15:11.878454800+05:30,5.3,59,10.6,1406.01,56.02,148,314,RAMP,0.0,22.0,WORKLOAD_STEP
2026-07-09 23:15:13.974425500+05:30,6.2,57,10.4,1265.42,56.05,148,314,RAMP,0.0,22.0,WORKLOAD_STEP
2026-07-09 23:15:16.083000400+05:30,9.8,55,13.8,1295.54,56.38,148,314,RAMP,0.0,22.0,WORKLOAD_STEP
2026-07-09 23:15:18.184630300+05:30,15.6,55,13.0,1305.59,56.42,147,314,RAMP,0.0,22.0,WORKLOAD_STEP
2026-07-09 23:15:20.283774400+05:30,20.4,55,13.2,1134.86,56.39,147,314,RAMP,0.0,22.0,WORKLOAD_STEP
2026-07-09 23:15:22.426188400+05:30,19.6,56,13.4,1084.65,56.54,147,314,RAMP,0.0,22.0,WORKLOAD_STEP
2026-07-09 23:15:24.518265600+05:30,25.8,56,15.5,1104.74,56.54,147,314,RAMP,0.0,22.0,WORKLOAD_STEP
2026-07-09 23:15:26.615045600+05:30,7.5,56,10.7,1044.48,56.46,147,314,RAMP,0.0,22.0,WORKLOAD_STEP
2026-07-09 23:15:28.726893+05:30,7.6,57,10.8,1225.24,56.33,146,314,RAMP,0.0,22.0,WORKLOAD_STEP
2026-07-09 23:15:30.830862200+05:30,8.1,56,10.3,1024.39,56.3,146,314,RAMP,0.0,22.0,WORKLOAD_STEP
2026-07-09 23:15:32.926878300+05:30,11.7,56,10.1,1195.11,56.26,145,314,RAMP,0.0,22.0,WORKLOAD_STEP
2026-07-09 23:15:35.054939900+05:30,5.5,59,10.2,1034.43,56.23,144,314,RAMP,0.0,22.0,WORKLOAD_STEP
2026-07-09 23:15:37.192120+05:30,7.3,56,10.7,1164.97,56.24,146,314,RAMP,0.0,22.0,WORKLOAD_STEP
2026-07-09 23:15:39.303991400+05:30,6.9,57,10.2,984.23,56.28,146,314,RAMP,0.0,22.0,WORKLOAD_STEP
2026-07-09 23:15:41.418326100+05:30,6.5,57,10.2,1024.38,56.35,146,314,RAMP,0.0,22.0,WORKLOAD_STEP
2026-07-09 23:15:43.522784700+05:30,7.7,57,10.1,974.19,56.26,146,314,RAMP,0.0,22.0,WORKLOAD_STEP
2026-07-09 23:15:45.627366500+05:30,5.2,57,10.2,1114.8,56.31,146,314,RAMP,0.0,22.0,WORKLOAD_STEP
2026-07-09 23:15:47.743225400+05:30,6.8,57,9.9,1225.25,56.24,146,314,RAMP,0.0,22.0,WORKLOAD_STEP
2026-07-09 23:15:49.847570900+05:30,12.7,56,11.7,1074.6,56.28,149,314,RAMP,0.0,22.0,WORKLOAD_STEP
2026-07-09 23:15:51.942964+05:30,5.7,59,10.7,1205.17,56.3,149,314,RAMP,0.0,22.0,WORKLOAD_STEP
2026-07-09 23:15:54.097090700+05:30,10.4,57,10.7,1094.69,56.14,149,314,RAMP,0.0,22.0,WORKLOAD_STEP
2026-07-09 23:15:56.192983600+05:30,7.4,56,10.1,1185.08,55.92,149,314,RAMP,0.0,22.0,WORKLOAD_STEP
2026-07-09 23:15:58.300804500+05:30,4.8,57,10.3,1134.85,55.96,149,314,RAMP,0.0,22.0,WORKLOAD_STEP
2026-07-09 23:16:00.394529100+05:30,7.1,58,10.4,1074.62,55.95,149,314,RAMP,0.0,22.0,WORKLOAD_STEP
2026-07-09 23:16:02.504567300+05:30,5.3,58,10.4,984.23,55.99,149,314,RAMP,0.0,22.0,WORKLOAD_STEP
2026-07-09 23:16:04.612992500+05:30,12.0,57,10.8,994.28,55.97,149,314,RAMP,0.0,22.0,WORKLOAD_STEP
2026-07-09 23:16:06.723529100+05:30,9.8,56,11.1,1114.77,55.98,149,314,RAMP,0.0,22.0,WORKLOAD_STEP
2026-07-09 23:16:08.864998800+05:30,8.6,57,10.6,1124.79,55.97,151,314,RAMP,0.0,22.0,WORKLOAD_STEP
2026-07-09 23:16:10.958434200+05:30,5.3,57,10.3,1195.11,55.97,151,314,RAMP,0.0,22.0,WORKLOAD_STEP
2026-07-09 23:16:13.051101800+05:30,6.9,59,10.4,1044.47,55.99,151,314,RAMP,0.0,22.0,WORKLOAD_STEP
2026-07-09 23:16:15.160398500+05:30,5.8,57,10.1,1044.49,56.05,151,314,RAMP,0.0,22.0,WORKLOAD_STEP
2026-07-09 23:16:17.253211+05:30,7.4,56,10.3,1777.61,56.05,150,314,RAMP,0.0,22.0,WORKLOAD_STEP
2026-07-09 23:16:19.347592100+05:30,10.8,56,10.8,964.13,56.04,149,314,RAMP,0.0,22.0,WORKLOAD_STEP
2026-07-09 23:16:21.458530300+05:30,6.5,56,10.3,1104.72,56.06,149,314,RAMP,0.0,22.0,WORKLOAD_STEP
2026-07-09 23:16:23.585325500+05:30,10.6,57,10.6,984.22,56.07,148,314,RAMP,0.0,22.0,WORKLOAD_STEP
2026-07-09 23:16:25.696490+05:30,9.6,55,11.5,1175.03,56.06,149,314,RAMP,0.0,22.0,WORKLOAD_STEP
2026-07-09 23:16:27.790832600+05:30,6.6,56,10.6,1195.11,56.02,149,313,RAMP,0.0,22.0,WORKLOAD_STEP
2026-07-09 23:16:29.900061100+05:30,8.4,57,10.3,1124.83,56.01,148,313,RAMP,0.0,22.0,WORKLOAD_STEP
2026-07-09 23:16:32.003568500+05:30,6.8,59,10.7,1154.95,55.99,147,313,RAMP,0.0,22.0,WORKLOAD_STEP
2026-07-09 23:16:34.100691300+05:30,11.4,57,11.8,1094.69,56.05,147,313,RAMP,0.0,23.0,WORKLOAD_STEP
2026-07-09 23:16:36.228693500+05:30,7.2,57,10.0,1014.35,56.01,147,313,RAMP,0.0,23.0,WORKLOAD_STEP
2026-07-09 23:16:38.333932100+05:30,6.8,56,10.5,1124.83,56.08,146,313,RAMP,0.0,23.0,WORKLOAD_STEP
2026-07-09 23:16:40.476139500+05:30,8.6,56,10.1,974.18,56.04,146,313,RAMP,0.0,23.0,WORKLOAD_STEP
2026-07-09 23:16:42.580301100+05:30,7.9,56,10.3,994.27,56.1,146,313,RAMP,0.0,23.0,WORKLOAD_STEP
2026-07-09 23:16:44.674695600+05:30,7.7,56,11.1,1104.74,56.1,146,313,RAMP,0.0,23.0,WORKLOAD_STEP
2026-07-09 23:16:46.770252900+05:30,6.0,57,10.1,1034.43,56.08,146,313,RAMP,0.0,23.0,WORKLOAD_STEP
2026-07-09 23:16:48.879946800+05:30,9.9,57,11.0,1255.37,56.11,146,313,RAMP,0.0,23.0,WORKLOAD_STEP
2026-07-09 23:16:50.973384600+05:30,8.2,56,10.2,1175.02,56.04,146,313,RAMP,0.0,23.0,WORKLOAD_STEP
2026-07-09 23:16:53.075256+05:30,11.2,56,11.0,984.23,56.02,146,313,RAMP,0.0,23.0,WORKLOAD_STEP
2026-07-09 23:16:55.222153500+05:30,6.7,57,10.2,1124.82,56.01,146,313,RAMP,0.0,23.0,WORKLOAD_STEP
2026-07-09 23:16:57.294126300+05:30,7.4,56,10.9,1024.38,56.02,146,313,RAMP,0.0,23.0,WORKLOAD_STEP
2026-07-09 23:16:59.399184400+05:30,6.6,59,10.4,994.27,56.04,148,313,RAMP,0.0,23.0,WORKLOAD_STEP
2026-07-09 23:17:01.503657900+05:30,5.8,57,10.7,1777.61,56.05,148,313,RAMP,0.0,24.0,WORKLOAD_STEP
2026-07-09 23:17:03.690073400+05:30,11.6,56,11.2,1175.04,55.88,147,313,RAMP,0.0,24.0,WORKLOAD_STEP
2026-07-09 23:17:05.831822600+05:30,15.4,56,11.6,1245.33,55.3,147,313,RAMP,0.0,24.0,WORKLOAD_STEP
2026-07-09 23:17:07.941849700+05:30,10.1,56,12.0,1144.9,54.79,149,313,RAMP,0.0,24.0,WORKLOAD_STEP
2026-07-09 23:17:10.065794100+05:30,6.3,55,10.7,1606.87,54.81,149,313,RAMP,0.0,24.0,WORKLOAD_STEP
2026-07-09 23:17:12.159720700+05:30,5.1,56,10.2,954.1,54.75,149,313,RAMP,0.0,24.0,WORKLOAD_STEP
2026-07-09 23:17:14.278165100+05:30,4.5,56,10.3,1074.62,54.79,148,313,RAMP,0.0,24.0,WORKLOAD_STEP
2026-07-09 23:17:16.366426900+05:30,5.6,56,10.1,1014.34,54.77,148,313,RAMP,0.0,24.0,WORKLOAD_STEP
2026-07-09 23:17:18.472863300+05:30,6.5,56,10.2,1054.53,54.81,146,313,RAMP,0.0,24.0,WORKLOAD_STEP
2026-07-09 23:17:20.614980900+05:30,8.6,58,10.5,974.18,54.78,147,312,RAMP,0.0,24.0,WORKLOAD_STEP
2026-07-09 23:17:22.706526700+05:30,6.3,56,10.5,1014.33,54.81,147,312,RAMP,0.0,24.0,WORKLOAD_STEP
2026-07-09 23:17:24.801443+05:30,9.0,59,11.6,1144.9,54.84,146,312,RAMP,0.0,24.0,WORKLOAD_STEP
2026-07-09 23:17:26.942948500+05:30,9.0,57,11.9,1757.52,54.91,146,312,RAMP,0.0,24.0,WORKLOAD_STEP
2026-07-09 23:17:29.052144200+05:30,6.9,56,11.1,1084.64,54.91,145,312,RAMP,0.0,24.0,WORKLOAD_STEP
2026-07-09 23:17:31.151494900+05:30,8.4,56,10.4,1044.47,54.93,145,312,RAMP,0.0,24.0,WORKLOAD_STEP
2026-07-09 23:17:33.257850+05:30,8.2,56,10.4,1154.94,54.98,145,312,RAMP,0.0,24.0,WORKLOAD_STEP
2026-07-09 23:17:35.361721300+05:30,6.8,56,10.8,1516.5,55.04,145,312,RAMP,0.0,24.0,WORKLOAD_STEP
2026-07-09 23:17:37.459991300+05:30,8.5,57,10.5,984.23,55.02,145,312,RAMP,0.0,24.0,WORKLOAD_STEP
2026-07-09 23:17:39.568778100+05:30,5.3,56,10.4,964.14,55.06,146,312,RAMP,0.0,24.0,WORKLOAD_STEP
2026-07-09 23:17:41.708079900+05:30,9.4,57,10.9,1807.74,54.87,144,312,RAMP,0.0,24.0,WORKLOAD_STEP
2026-07-09 23:17:43.817270200+05:30,10.1,57,11.0,1195.14,54.74,144,312,RAMP,0.0,24.0,WORKLOAD_STEP
2026-07-09 23:17:45.929962100+05:30,7.9,56,10.3,1165.0,54.72,144,312,RAMP,0.0,24.0,WORKLOAD_STEP
2026-07-09 23:17:48.022891700+05:30,5.5,58,10.3,1205.17,54.7,143,311,RAMP,0.0,24.0,WORKLOAD_STEP
2026-07-09 23:17:50.118512200+05:30,6.9,56,11.0,1697.26,54.73,144,311,RAMP,0.0,24.0,WORKLOAD_STEP
2026-07-09 23:17:52.211001400+05:30,6.0,56,10.3,1255.39,54.7,144,311,RAMP,0.0,24.0,WORKLOAD_STEP
2026-07-09 23:17:54.316750800+05:30,6.4,56,10.4,1586.8,54.71,144,311,RAMP,0.0,24.0,WORKLOAD_STEP
2026-07-09 23:17:56.426395800+05:30,11.1,57,10.1,1074.61,54.7,146,311,RAMP,0.0,24.0,WORKLOAD_STEP
2026-07-09 23:17:58.534108900+05:30,5.2,57,10.1,1004.31,54.68,146,311,RAMP,0.0,24.0,WORKLOAD_STEP
2026-07-09 23:18:00.646017700+05:30,7.1,58,10.3,1014.36,54.7,146,311,RAMP,0.0,24.0,WORKLOAD_STEP
2026-07-09 23:18:02.754700200+05:30,4.4,56,10.1,934.02,54.68,146,311,RAMP,0.0,24.0,WORKLOAD_STEP
2026-07-09 23:18:04.864750600+05:30,12.8,56,11.1,1004.32,54.67,147,311,RAMP,0.0,24.0,WORKLOAD_STEP
2026-07-09 23:18:06.973081100+05:30,7.6,57,10.3,1215.19,54.7,147,311,RAMP,0.0,24.0,WORKLOAD_STEP
2026-07-09 23:18:09.084224600+05:30,8.4,58,10.0,1134.86,54.67,146,311,RAMP,0.0,24.0,WORKLOAD_STEP
2026-07-09 23:18:11.193386300+05:30,7.7,57,10.2,1024.4,54.66,146,311,RAMP,0.0,24.0,WORKLOAD_STEP
2026-07-09 23:18:13.319249800+05:30,7.9,57,10.3,954.1,54.7,146,311,RAMP,0.0,24.0,WORKLOAD_STEP
2026-07-09 23:18:15.415236200+05:30,8.2,56,10.7,1225.24,54.74,145,311,RAMP,0.0,24.0,WORKLOAD_STEP
2026-07-09 23:18:17.512990700+05:30,8.9,56,10.9,1014.36,54.68,144,311,RAMP,0.0,24.0,WORKLOAD_STEP
2026-07-09 23:18:19.611186900+05:30,11.1,56,10.5,964.14,54.75,144,311,RAMP,0.0,24.0,WORKLOAD_STEP
2026-07-09 23:18:21.723696500+05:30,11.6,56,10.8,1606.87,54.74,144,311,RAMP,0.0,24.0,WORKLOAD_STEP
2026-07-09 23:18:23.831940300+05:30,9.9,59,10.5,1014.35,54.75,144,311,RAMP,0.0,24.0,WORKLOAD_STEP
2026-07-09 23:18:25.921552700+05:30,9.6,55,10.4,1144.9,54.74,146,311,RAMP,0.0,24.0,WORKLOAD_STEP
2026-07-09 23:18:28.045135700+05:30,15.3,58,11.4,1355.79,54.76,146,311,RAMP,0.0,24.0,WORKLOAD_STEP
2026-07-09 23:18:30.144799+05:30,10.7,56,10.9,1164.98,54.79,146,311,RAMP,0.0,24.0,WORKLOAD_STEP
2026-07-09 23:18:32.239340900+05:30,12.3,56,10.7,974.17,54.81,143,311,RAMP,0.0,24.0,WORKLOAD_STEP
2026-07-09 23:18:34.555337800+05:30,18.4,56,11.4,1054.5,54.75,142,311,RAMP,0.0,24.0,WORKLOAD_STEP
2026-07-09 23:18:37.210626900+05:30,5.7,59,10.4,964.14,54.76,142,311,RAMP,0.0,24.0,WORKLOAD_STEP
2026-07-09 23:18:39.328512500+05:30,6.1,56,10.4,1104.73,54.82,142,311,RAMP,0.0,24.0,WORKLOAD_STEP
2026-07-09 23:18:41.426764+05:30,6.9,56,10.0,944.05,54.74,141,311,RAMP,0.0,24.0,WORKLOAD_STEP
2026-07-09 23:18:43.515827100+05:30,7.6,56,10.2,1014.36,54.76,141,311,RAMP,0.0,24.0,WORKLOAD_STEP
2026-07-09 23:18:45.646788100+05:30,7.4,56,10.0,1175.03,54.75,141,311,RAMP,0.0,24.0,WORKLOAD_STEP
2026-07-09 23:18:47.752960800+05:30,7.2,57,10.1,954.11,54.75,141,311,RAMP,0.0,24.0,WORKLOAD_STEP
2026-07-09 23:18:49.848006900+05:30,13.2,59,10.9,1275.45,54.77,147,311,RAMP,0.0,24.0,WORKLOAD_STEP
2026-07-09 23:18:51.956182200+05:30,7.2,59,10.1,1004.31,54.82,147,311,RAMP,0.0,24.0,WORKLOAD_STEP
2026-07-09 23:18:54.048654900+05:30,8.8,56,10.0,1134.86,54.8,147,311,RAMP,0.0,24.0,WORKLOAD_STEP
2026-07-09 23:18:56.152153400+05:30,6.7,56,10.5,1004.32,54.79,147,311,RAMP,0.0,24.0,WORKLOAD_STEP
2026-07-09 23:18:58.242136500+05:30,10.3,57,10.6,2199.43,54.82,147,311,RAMP,0.0,24.0,WORKLOAD_STEP
2026-07-09 23:19:00.363214600+05:30,10.8,58,11.1,1516.5,54.86,148,311,RAMP,0.0,24.0,WORKLOAD_STEP
2026-07-09 23:19:02.457254200+05:30,7.9,56,10.5,1004.3,54.78,148,311,RAMP,0.0,24.0,WORKLOAD_STEP
2026-07-09 23:19:04.563801900+05:30,9.8,56,10.8,1195.12,55.09,148,311,RAMP,0.0,24.0,WORKLOAD_STEP
2026-07-09 23:19:06.880260200+05:30,14.4,56,11.4,1375.88,55.11,147,311,RAMP,0.0,24.0,WORKLOAD_STEP
2026-07-09 23:19:08.985451300+05:30,10.1,57,11.3,1064.57,55.09,146,311,RAMP,0.0,24.0,WORKLOAD_STEP
2026-07-09 23:19:11.082158+05:30,9.0,56,10.5,1124.82,55.07,146,311,RAMP,0.0,24.0,WORKLOAD_STEP
2026-07-09 23:19:13.183512700+05:30,5.7,57,10.2,964.14,55.11,146,311,RAMP,0.0,24.0,WORKLOAD_STEP
2026-07-09 23:19:15.282495900+05:30,8.7,56,10.5,1325.68,55.1,146,311,RAMP,0.0,24.0,WORKLOAD_STEP
2026-07-09 23:19:17.399711700+05:30,7.7,57,10.1,1134.86,55.1,143,311,RAMP,0.0,24.0,WORKLOAD_STEP
2026-07-09 23:19:19.510278500+05:30,10.2,56,10.2,1245.32,55.08,141,311,RAMP,0.0,24.0,WORKLOAD_STEP
2026-07-09 23:19:21.600456800+05:30,9.5,56,12.8,2058.83,55.22,140,314,RAMP,0.0,24.0,WORKLOAD_STEP
2026-07-09 23:19:23.718216300+05:30,10.6,56,11.0,984.22,55.19,141,314,RAMP,0.0,24.0,WORKLOAD_STEP
2026-07-09 23:19:25.823082500+05:30,9.8,56,10.7,1014.34,55.19,141,314,RAMP,0.0,24.0,WORKLOAD_STEP
2026-07-09 23:19:27.925467300+05:30,8.9,56,10.4,964.14,55.17,141,314,RAMP,0.0,24.0,WORKLOAD_STEP
2026-07-09 23:19:30.033035100+05:30,9.7,57,11.8,1175.02,55.24,140,314,RAMP,0.0,24.0,WORKLOAD_STEP
2026-07-09 23:19:32.161917600+05:30,11.6,57,10.5,1054.53,55.19,140,314,RAMP,0.0,24.0,WORKLOAD_STEP
2026-07-09 23:19:34.253684+05:30,8.4,56,10.6,1164.97,55.18,142,314,RAMP,0.0,24.0,WORKLOAD_STEP
2026-07-09 23:19:36.362230200+05:30,7.3,56,10.0,984.23,55.2,142,314,RAMP,0.0,24.0,WORKLOAD_STEP
2026-07-09 23:19:38.467363200+05:30,9.8,57,10.6,984.23,55.16,142,314,RAMP,0.0,24.0,WORKLOAD_STEP
2026-07-09 23:19:40.562489400+05:30,7.9,58,10.3,964.13,55.22,142,314,RAMP,0.0,24.0,WORKLOAD_STEP
2026-07-09 23:19:42.627688+05:30,18.5,57,11.7,1315.63,54.74,142,314,RAMP,0.0,24.0,WORKLOAD_STEP
2026-07-09 23:19:44.724915+05:30,7.8,57,10.7,1345.76,54.67,142,314,RAMP,0.0,24.0,WORKLOAD_STEP
2026-07-09 23:19:46.840164700+05:30,7.3,57,10.7,1797.71,54.67,142,314,RAMP,0.0,24.0,WORKLOAD_STEP
2026-07-09 23:19:48.936699300+05:30,7.5,57,10.4,1074.61,54.75,145,314,RAMP,0.0,24.0,WORKLOAD_STEP
2026-07-09 23:19:51.040599+05:30,12.4,56,10.4,1054.52,54.82,144,314,RAMP,0.0,24.0,WORKLOAD_STEP
2026-07-09 23:19:53.129936800+05:30,23.1,56,11.8,1275.44,54.81,144,314,RAMP,0.0,24.0,WORKLOAD_STEP
2026-07-09 23:19:55.241480+05:30,16.6,55,12.2,1847.9,54.78,143,317,RAMP,0.0,24.0,WORKLOAD_STEP
2026-07-09 23:19:57.393660300+05:30,21.7,55,14.0,1355.82,54.93,143,318,RAMP,0.0,24.0,WORKLOAD_STEP
2026-07-09 23:19:59.505362800+05:30,20.5,56,12.6,1406.02,54.94,143,318,RAMP,0.0,24.0,WORKLOAD_STEP
2026-07-09 23:20:01.606271100+05:30,16.3,56,11.9,1315.64,54.8,145,318,RAMP,0.0,24.0,WORKLOAD_STEP
2026-07-09 23:20:03.725638700+05:30,19.6,55,11.9,1225.24,54.83,144,318,RAMP,0.0,24.0,WORKLOAD_STEP
2026-07-09 23:20:05.831648300+05:30,20.6,56,11.9,1727.39,54.8,144,317,RAMP,0.0,24.0,WORKLOAD_STEP
2026-07-09 23:20:07.944057+05:30,15.1,55,11.8,1978.46,54.8,144,317,RAMP,0.0,24.0,WORKLOAD_STEP
2026-07-09 23:20:10.046020100+05:30,13.6,56,11.6,1225.23,54.81,144,317,RAMP,0.0,24.0,WORKLOAD_STEP
2026-07-09 23:20:12.143744700+05:30,11.4,56,11.2,1124.8,54.83,144,317,RAMP,0.0,24.0,WORKLOAD_STEP
2026-07-09 23:20:14.251995100+05:30,13.7,56,11.7,1215.2,54.85,144,317,RAMP,0.0,24.0,WORKLOAD_STEP
2026-07-09 23:20:16.363263500+05:30,13.3,59,11.5,2792.0,54.85,145,317,RAMP,0.0,24.0,WORKLOAD_STEP
2026-07-09 23:20:18.487665+05:30,22.7,56,11.3,1395.97,54.85,147,317,RAMP,20.0,25.0,WORKLOAD_STEP
2026-07-09 23:20:20.627394800+05:30,27.3,56,12.0,1426.11,54.89,146,317,RAMP,20.0,25.0,WORKLOAD_STEP
2026-07-09 23:20:22.787904800+05:30,25.0,59,11.8,1134.85,54.85,146,315,RAMP,20.0,25.0,WORKLOAD_STEP
2026-07-09 23:20:24.946876400+05:30,24.8,56,12.2,1074.58,54.76,146,315,RAMP,20.0,25.0,WORKLOAD_STEP
2026-07-09 23:20:27.085251100+05:30,26.9,56,11.7,1245.31,54.76,146,315,RAMP,20.0,25.0,WORKLOAD_STEP
2026-07-09 23:20:29.209440700+05:30,26.5,56,12.0,1406.02,54.79,146,315,RAMP,20.0,25.0,WORKLOAD_STEP
2026-07-09 23:20:31.322317400+05:30,28.8,55,11.8,1144.88,54.78,146,316,RAMP,20.0,25.0,WORKLOAD_STEP
2026-07-09 23:20:33.493596+05:30,27.4,58,12.1,1265.4,54.78,146,315,RAMP,20.0,25.0,WORKLOAD_STEP
2026-07-09 23:20:35.613026200+05:30,29.4,55,12.2,1094.66,54.81,146,315,RAMP,20.0,25.0,WORKLOAD_STEP
2026-07-09 23:20:37.752039100+05:30,27.0,56,11.9,1104.7,54.8,146,315,RAMP,20.0,25.0,WORKLOAD_STEP
2026-07-09 23:20:39.911010+05:30,27.7,55,11.9,1375.89,54.83,146,315,RAMP,20.0,25.0,WORKLOAD_STEP
2026-07-09 23:20:42.081777200+05:30,25.0,56,12.0,1094.66,54.82,146,315,RAMP,20.0,25.0,WORKLOAD_STEP
2026-07-09 23:20:44.213054+05:30,29.6,56,11.5,1185.06,54.84,146,315,RAMP,20.0,25.0,WORKLOAD_STEP
2026-07-09 23:20:46.386201700+05:30,24.9,56,12.2,1496.4,54.75,145,313,RAMP,20.0,25.0,WORKLOAD_STEP
2026-07-09 23:20:48.526089900+05:30,24.0,56,11.9,1365.84,54.78,144,313,RAMP,20.0,25.0,WORKLOAD_STEP
2026-07-09 23:20:50.677784500+05:30,26.1,56,11.9,1124.8,54.74,144,313,RAMP,20.0,26.0,WORKLOAD_STEP
2026-07-09 23:20:52.814009500+05:30,31.1,56,12.2,1757.53,54.85,144,313,RAMP,20.0,26.0,WORKLOAD_STEP
2026-07-09 23:20:54.994574400+05:30,28.5,58,11.8,1255.36,54.79,144,313,RAMP,20.0,26.0,WORKLOAD_STEP
2026-07-09 23:20:57.131629800+05:30,25.3,56,11.6,1104.7,54.79,144,311,RAMP,20.0,26.0,WORKLOAD_STEP
2026-07-09 23:20:59.331788100+05:30,24.8,55,11.7,1124.8,54.8,144,311,RAMP,20.0,26.0,WORKLOAD_STEP
2026-07-09 23:21:01.491942500+05:30,26.1,56,11.5,1164.98,54.84,144,311,RAMP,20.0,26.0,WORKLOAD_STEP
2026-07-09 23:21:03.646738200+05:30,24.8,56,11.6,1375.9,54.82,145,311,RAMP,20.0,26.0,WORKLOAD_STEP
2026-07-09 23:21:05.800590+05:30,28.1,56,11.8,1385.93,54.81,145,311,RAMP,20.0,26.0,WORKLOAD_STEP
2026-07-09 23:21:07.991411500+05:30,27.2,56,11.8,1114.75,54.78,144,311,RAMP,20.0,26.0,WORKLOAD_STEP
2026-07-09 23:21:10.168043300+05:30,24.6,56,11.6,1074.57,54.76,144,311,RAMP,20.0,26.0,WORKLOAD_STEP
2026-07-09 23:21:12.304085400+05:30,23.3,56,11.4,1285.49,54.77,145,311,RAMP,20.0,26.0,WORKLOAD_STEP
2026-07-09 23:21:14.437878100+05:30,23.8,56,11.9,1375.9,54.79,144,311,RAMP,20.0,26.0,WORKLOAD_STEP
2026-07-09 23:21:16.560073300+05:30,27.2,57,11.8,1124.8,54.77,144,311,RAMP,20.0,26.0,WORKLOAD_STEP
2026-07-09 23:21:18.676826400+05:30,26.0,56,11.7,1285.49,54.77,145,311,RAMP,20.0,26.0,WORKLOAD_STEP
2026-07-09 23:21:20.803597200+05:30,26.8,55,12.2,1104.71,54.77,145,311,RAMP,20.0,26.0,WORKLOAD_STEP
2026-07-09 23:21:22.927170300+05:30,24.0,57,11.6,1164.98,54.79,145,311,RAMP,20.0,26.0,WORKLOAD_STEP
2026-07-09 23:21:25.081108800+05:30,21.7,56,11.6,1255.36,54.76,146,311,RAMP,20.0,26.0,WORKLOAD_STEP
2026-07-09 23:21:27.214796900+05:30,26.9,55,11.6,1486.35,54.78,146,311,RAMP,20.0,26.0,WORKLOAD_STEP
2026-07-09 23:21:29.348950400+05:30,27.0,56,11.6,1175.02,54.84,145,311,RAMP,20.0,26.0,WORKLOAD_STEP
2026-07-09 23:21:31.490819900+05:30,28.1,56,11.6,1215.19,54.78,145,311,RAMP,20.0,26.0,WORKLOAD_STEP
2026-07-09 23:21:33.635891200+05:30,25.5,58,11.8,1134.83,54.77,144,311,RAMP,20.0,26.0,WORKLOAD_STEP
2026-07-09 23:21:35.765761500+05:30,26.6,56,11.9,1164.98,54.77,145,311,RAMP,20.0,26.0,WORKLOAD_STEP
2026-07-09 23:21:37.921814900+05:30,24.3,56,11.7,1335.72,54.82,146,311,RAMP,20.0,26.0,WORKLOAD_STEP
2026-07-09 23:21:40.056151500+05:30,28.9,55,12.0,1315.64,54.83,147,311,RAMP,20.0,26.0,WORKLOAD_STEP
2026-07-09 23:21:42.230985600+05:30,28.5,56,12.0,1285.49,54.91,147,311,RAMP,20.0,26.0,WORKLOAD_STEP
2026-07-09 23:21:44.393340300+05:30,25.9,56,12.0,1124.81,54.87,147,311,RAMP,20.0,26.0,WORKLOAD_STEP
2026-07-09 23:21:46.514803800+05:30,25.0,56,11.8,1114.75,54.88,147,311,RAMP,20.0,26.0,WORKLOAD_STEP
2026-07-09 23:21:48.670614100+05:30,23.2,55,11.8,1144.89,54.87,148,311,RAMP,20.0,26.0,WORKLOAD_STEP
2026-07-09 23:21:50.802200700+05:30,25.3,55,11.7,1164.96,54.85,148,311,RAMP,20.0,26.0,WORKLOAD_STEP
2026-07-09 23:21:52.997924800+05:30,28.1,55,11.8,1104.7,54.87,148,311,RAMP,20.0,26.0,WORKLOAD_STEP
2026-07-09 23:21:55.106844700+05:30,27.4,55,11.7,1355.79,54.91,148,311,RAMP,20.0,26.0,WORKLOAD_STEP
2026-07-09 23:21:57.265729+05:30,25.6,56,12.5,1637.02,54.85,148,311,RAMP,20.0,26.0,WORKLOAD_STEP
2026-07-09 23:21:59.397987700+05:30,26.0,56,11.5,1345.76,54.86,148,311,RAMP,20.0,26.0,WORKLOAD_STEP
2026-07-09 23:22:01.566322100+05:30,25.8,56,11.9,1144.9,54.88,148,311,RAMP,20.0,26.0,WORKLOAD_STEP
2026-07-09 23:22:03.699139500+05:30,25.0,56,11.5,1205.15,54.87,148,311,RAMP,20.0,26.0,WORKLOAD_STEP
2026-07-09 23:22:05.823812900+05:30,31.5,56,12.5,1114.75,54.85,148,311,RAMP,20.0,26.0,WORKLOAD_STEP
2026-07-09 23:22:07.959009300+05:30,27.7,56,11.8,1847.93,54.86,148,311,RAMP,20.0,26.0,WORKLOAD_STEP
2026-07-09 23:22:10.118613800+05:30,28.4,56,11.9,1064.53,54.83,148,311,RAMP,40.0,27.0,WORKLOAD_STEP
2026-07-09 23:22:12.314172900+05:30,27.0,56,12.2,1275.44,54.85,148,311,RAMP,40.0,27.0,WORKLOAD_STEP
2026-07-09 23:22:14.549264+05:30,28.8,55,11.8,1536.57,54.87,148,311,RAMP,40.0,27.0,WORKLOAD_STEP
2026-07-09 23:22:16.777848100+05:30,30.8,56,11.9,1104.7,54.86,150,311,RAMP,40.0,27.0,WORKLOAD_STEP
2026-07-09 23:22:18.997687600+05:30,29.0,56,12.7,1104.7,54.74,147,311,RAMP,40.0,27.0,WORKLOAD_STEP
2026-07-09 23:22:21.186958800+05:30,31.2,55,12.8,1074.57,54.68,147,311,RAMP,40.0,27.0,WORKLOAD_STEP
2026-07-09 23:22:23.411479300+05:30,28.0,55,12.6,1104.7,54.7,147,312,RAMP,40.0,27.0,WORKLOAD_STEP
2026-07-09 23:22:25.653212200+05:30,30.7,55,13.2,1104.7,54.82,147,312,RAMP,40.0,27.0,WORKLOAD_STEP
2026-07-09 23:22:27.880069900+05:30,29.9,58,12.5,1154.93,54.84,147,312,RAMP,40.0,27.0,WORKLOAD_STEP
2026-07-09 23:22:30.066917700+05:30,31.0,55,12.5,1305.57,54.82,147,312,RAMP,40.0,27.0,WORKLOAD_STEP
2026-07-09 23:22:32.254647+05:30,29.1,57,12.1,1164.96,54.84,147,312,RAMP,40.0,27.0,WORKLOAD_STEP
2026-07-09 23:22:34.435813400+05:30,27.5,56,11.9,1134.83,54.87,148,312,RAMP,40.0,27.0,WORKLOAD_STEP
2026-07-09 23:22:36.649130800+05:30,27.1,56,11.7,1154.93,54.88,147,312,RAMP,40.0,27.0,WORKLOAD_STEP
2026-07-09 23:22:38.853923300+05:30,28.9,55,12.0,1134.85,54.83,147,312,RAMP,40.0,27.0,WORKLOAD_STEP
2026-07-09 23:22:41.036818100+05:30,31.0,56,12.1,1275.44,54.9,147,312,RAMP,40.0,27.0,WORKLOAD_STEP
2026-07-09 23:22:43.248222700+05:30,27.9,55,11.9,1104.7,54.87,147,312,RAMP,40.0,27.0,WORKLOAD_STEP
2026-07-09 23:22:45.416119500+05:30,29.4,58,12.7,1044.44,54.87,147,312,RAMP,40.0,27.0,WORKLOAD_STEP
2026-07-09 23:22:47.617322100+05:30,27.4,56,11.8,1275.44,54.83,146,312,RAMP,40.0,27.0,WORKLOAD_STEP
2026-07-09 23:22:49.805610400+05:30,30.6,55,11.9,1164.97,54.93,147,312,RAMP,40.0,27.0,WORKLOAD_STEP
2026-07-09 23:22:52.133736600+05:30,30.5,56,11.8,1124.8,54.86,147,313,RAMP,40.0,27.0,WORKLOAD_STEP
2026-07-09 23:22:54.321079+05:30,31.5,56,12.0,1074.57,54.82,147,313,RAMP,40.0,27.0,WORKLOAD_STEP
2026-07-09 23:22:56.574594100+05:30,29.0,56,11.6,1295.53,54.79,147,313,RAMP,40.0,27.0,WORKLOAD_STEP
2026-07-09 23:22:58.811425700+05:30,27.8,57,12.0,1094.67,54.86,147,313,RAMP,40.0,27.0,WORKLOAD_STEP
2026-07-09 23:23:01.041092400+05:30,28.1,58,12.1,1104.7,54.85,147,313,RAMP,40.0,27.0,WORKLOAD_STEP
2026-07-09 23:23:03.215832700+05:30,30.2,55,12.7,1084.62,54.86,147,313,RAMP,40.0,27.0,WORKLOAD_STEP
2026-07-09 23:23:05.414928700+05:30,29.8,55,11.9,1104.7,54.88,147,313,RAMP,40.0,27.0,WORKLOAD_STEP
2026-07-09 23:23:07.600886100+05:30,28.2,56,12.0,1305.57,54.89,146,313,RAMP,40.0,27.0,WORKLOAD_STEP
2026-07-09 23:23:09.814827100+05:30,28.9,58,12.4,1054.49,54.79,148,313,RAMP,40.0,27.0,WORKLOAD_STEP
2026-07-09 23:23:12.045831400+05:30,26.6,56,11.5,1094.66,54.78,148,313,RAMP,40.0,27.0,WORKLOAD_STEP
2026-07-09 23:23:14.301567700+05:30,31.2,56,12.2,1315.61,54.91,148,313,RAMP,40.0,27.0,WORKLOAD_STEP
2026-07-09 23:23:16.466573900+05:30,30.7,56,11.8,1315.61,54.92,147,313,RAMP,40.0,27.0,WORKLOAD_STEP
2026-07-09 23:23:18.650860300+05:30,27.7,58,11.4,1104.7,54.8,147,313,RAMP,40.0,27.0,WORKLOAD_STEP
2026-07-09 23:23:20.871011400+05:30,27.3,55,11.9,1094.66,54.82,147,313,RAMP,40.0,27.0,WORKLOAD_STEP
2026-07-09 23:23:23.826886+05:30,28.6,56,12.1,1104.7,54.86,151,313,RAMP,40.0,27.0,WORKLOAD_STEP
2026-07-09 23:23:26.048017200+05:30,28.2,58,12.3,1315.61,54.92,149,313,RAMP,40.0,27.0,WORKLOAD_STEP
2026-07-09 23:23:28.262294100+05:30,31.0,56,12.1,1104.7,54.88,151,313,RAMP,40.0,27.0,WORKLOAD_STEP
2026-07-09 23:23:30.505434400+05:30,28.6,55,12.0,1315.61,54.85,150,313,RAMP,40.0,27.0,WORKLOAD_STEP
2026-07-09 23:23:32.762394100+05:30,28.2,56,12.1,1516.48,54.85,149,313,RAMP,40.0,27.0,WORKLOAD_STEP
2026-07-09 23:23:34.977683+05:30,30.4,56,12.3,1104.7,54.84,149,313,RAMP,40.0,27.0,WORKLOAD_STEP
2026-07-09 23:23:37.238832900+05:30,30.2,55,11.7,1315.62,54.81,149,313,RAMP,40.0,27.0,WORKLOAD_STEP
2026-07-09 23:23:39.419039300+05:30,29.5,58,12.0,1094.66,54.9,148,313,RAMP,40.0,27.0,WORKLOAD_STEP
2026-07-09 23:23:41.618825500+05:30,29.9,55,11.6,1084.62,54.91,147,313,RAMP,40.0,27.0,WORKLOAD_STEP
2026-07-09 23:23:43.821042400+05:30,30.3,56,12.6,1134.83,54.85,144,316,RAMP,40.0,27.0,WORKLOAD_STEP
2026-07-09 23:23:46.016805700+05:30,29.2,55,12.1,1104.7,54.89,144,316,RAMP,40.0,27.0,WORKLOAD_STEP
2026-07-09 23:23:48.251781200+05:30,28.3,58,11.8,1315.61,54.96,142,316,RAMP,40.0,27.0,WORKLOAD_STEP
2026-07-09 23:23:50.447882600+05:30,32.8,56,13.3,1074.57,55.01,142,316,RAMP,40.0,27.0,WORKLOAD_STEP
2026-07-09 23:23:52.745771700+05:30,29.9,55,11.9,1345.74,55.03,142,316,RAMP,40.0,27.0,WORKLOAD_STEP
2026-07-09 23:23:54.964779400+05:30,28.3,56,12.3,1104.7,55.01,142,316,RAMP,40.0,28.0,WORKLOAD_STEP
2026-07-09 23:23:57.133538100+05:30,28.5,56,12.3,1486.35,54.92,142,316,RAMP,40.0,28.0,WORKLOAD_STEP
2026-07-09 23:23:59.318662800+05:30,28.1,56,11.9,1456.22,55.08,142,316,RAMP,40.0,28.0,WORKLOAD_STEP
2026-07-09 23:24:01.513213300+05:30,29.4,56,12.1,1215.18,55.06,142,316,RAMP,40.0,28.0,WORKLOAD_STEP
2026-07-09 23:24:03.762329500+05:30,31.1,55,12.1,1275.44,55.09,143,316,RAMP,40.0,28.0,WORKLOAD_STEP
2026-07-09 23:24:05.943384800+05:30,29.0,58,12.1,1345.74,54.96,143,316,RAMP,40.0,28.0,WORKLOAD_STEP
2026-07-09 23:24:08.155056400+05:30,27.3,55,11.4,1064.53,54.91,143,316,RAMP,40.0,28.0,WORKLOAD_STEP
2026-07-09 23:24:10.505850400+05:30,28.7,56,11.6,1255.36,54.95,143,316,RAMP,40.0,28.0,WORKLOAD_STEP
2026-07-09 23:24:12.719749+05:30,28.5,56,11.8,1074.57,54.95,143,316,RAMP,40.0,28.0,WORKLOAD_STEP
2026-07-09 23:24:14.893319100+05:30,32.4,57,12.4,1104.7,54.95,143,316,RAMP,40.0,28.0,WORKLOAD_STEP
2026-07-09 23:24:17.079710900+05:30,30.2,56,11.7,1697.26,54.96,143,316,RAMP,60.0,29.0,WORKLOAD_STEP
2026-07-09 23:24:19.375830200+05:30,28.4,55,11.9,1104.7,54.98,142,317,RAMP,60.0,29.0,WORKLOAD_STEP
2026-07-09 23:24:21.716622900+05:30,27.6,55,12.0,1114.75,54.99,144,317,RAMP,60.0,29.0,WORKLOAD_STEP
2026-07-09 23:24:24.052991+05:30,30.1,55,12.7,1094.66,54.96,144,317,RAMP,60.0,29.0,WORKLOAD_STEP
2026-07-09 23:24:26.336311200+05:30,31.2,56,12.1,1104.7,54.98,144,317,RAMP,60.0,29.0,WORKLOAD_STEP
2026-07-09 23:24:28.584734700+05:30,30.3,56,12.0,1124.8,54.97,144,317,RAMP,60.0,29.0,WORKLOAD_STEP
2026-07-09 23:24:30.894950400+05:30,30.6,56,12.6,1114.75,54.94,144,317,RAMP,60.0,29.0,WORKLOAD_STEP
2026-07-09 23:24:33.161889100+05:30,27.4,56,11.7,1124.8,54.92,143,317,RAMP,60.0,29.0,WORKLOAD_STEP
2026-07-09 23:24:35.453121400+05:30,27.5,55,11.9,1084.62,54.96,142,317,RAMP,60.0,29.0,WORKLOAD_STEP
2026-07-09 23:24:37.816692300+05:30,29.5,56,11.8,1104.7,54.98,143,317,RAMP,60.0,29.0,WORKLOAD_STEP
2026-07-09 23:24:40.093627800+05:30,30.5,58,11.6,1315.61,54.95,142,317,RAMP,60.0,29.0,WORKLOAD_STEP
2026-07-09 23:24:42.373757800+05:30,27.5,56,11.9,1104.7,55.03,142,320,RAMP,60.0,29.0,WORKLOAD_STEP
2026-07-09 23:24:44.653646400+05:30,28.1,56,11.6,1134.85,55.01,142,320,RAMP,60.0,29.0,WORKLOAD_STEP
2026-07-09 23:24:46.968069300+05:30,27.5,56,11.6,1104.7,55.01,142,320,RAMP,60.0,29.0,WORKLOAD_STEP
2026-07-09 23:24:49.241483500+05:30,31.8,56,12.2,1335.71,55.04,145,320,RAMP,60.0,29.0,WORKLOAD_STEP
2026-07-09 23:24:51.498582600+05:30,30.8,56,12.0,1104.7,55.03,146,320,RAMP,60.0,29.0,WORKLOAD_STEP
2026-07-09 23:24:53.786012500+05:30,28.6,58,12.1,1104.7,55.04,146,320,RAMP,60.0,30.0,WORKLOAD_STEP
2026-07-09 23:24:56.045839400+05:30,27.4,56,11.5,1104.7,55.02,146,320,RAMP,60.0,30.0,WORKLOAD_STEP
2026-07-09 23:24:58.319605900+05:30,28.9,56,12.1,1104.7,54.95,146,320,RAMP,60.0,30.0,WORKLOAD_STEP
2026-07-09 23:25:00.596057200+05:30,28.9,56,11.4,1134.85,54.95,146,318,RAMP,60.0,30.0,WORKLOAD_STEP
2026-07-09 23:25:02.906789800+05:30,30.1,55,11.3,1074.57,54.89,146,317,RAMP,60.0,30.0,WORKLOAD_STEP
2026-07-09 23:25:05.160947300+05:30,29.3,55,11.8,1325.66,54.91,146,317,RAMP,60.0,30.0,WORKLOAD_STEP
2026-07-09 23:25:07.392138800+05:30,27.4,56,12.3,1144.88,54.91,150,317,RAMP,60.0,30.0,WORKLOAD_STEP
2026-07-09 23:25:09.700517900+05:30,28.2,56,11.7,1134.85,54.87,150,315,RAMP,60.0,30.0,WORKLOAD_STEP
2026-07-09 23:25:11.997367200+05:30,27.3,55,11.7,1104.7,54.89,150,315,RAMP,60.0,30.0,WORKLOAD_STEP
2026-07-09 23:25:14.272933300+05:30,29.5,56,12.0,1104.7,54.94,150,315,RAMP,60.0,30.0,WORKLOAD_STEP
2026-07-09 23:25:16.519030600+05:30,29.5,55,11.8,1124.8,54.95,150,315,RAMP,60.0,30.0,WORKLOAD_STEP
2026-07-09 23:25:18.837767200+05:30,27.7,55,11.7,1134.83,54.96,148,315,RAMP,60.0,30.0,WORKLOAD_STEP
2026-07-09 23:25:21.077118100+05:30,27.1,56,11.7,1335.71,54.91,148,315,RAMP,60.0,30.0,WORKLOAD_STEP
2026-07-09 23:25:23.397898800+05:30,28.0,56,12.0,1074.58,54.96,147,315,RAMP,60.0,30.0,WORKLOAD_STEP
2026-07-09 23:25:25.785093600+05:30,29.9,56,11.8,1104.7,54.94,148,315,RAMP,60.0,30.0,WORKLOAD_STEP
2026-07-09 23:25:28.062925600+05:30,30.6,57,11.8,1084.62,54.97,148,314,RAMP,60.0,30.0,WORKLOAD_STEP
2026-07-09 23:25:30.330781500+05:30,27.1,56,11.5,1104.7,54.95,147,314,RAMP,60.0,30.0,WORKLOAD_STEP
2026-07-09 23:25:32.608966700+05:30,28.5,56,11.8,1144.9,55.01,146,314,RAMP,60.0,30.0,WORKLOAD_STEP
2026-07-09 23:25:34.913750300+05:30,27.2,56,11.8,1154.93,54.97,147,314,RAMP,60.0,30.0,WORKLOAD_STEP
2026-07-09 23:25:37.205831700+05:30,30.6,55,12.1,1104.7,54.97,146,314,RAMP,60.0,30.0,WORKLOAD_STEP
2026-07-09 23:25:39.480718900+05:30,30.3,55,11.6,1104.7,54.98,145,314,RAMP,60.0,30.0,WORKLOAD_STEP
2026-07-09 23:25:41.795016+05:30,27.7,56,11.8,1104.7,54.97,145,314,RAMP,60.0,30.0,WORKLOAD_STEP
2026-07-09 23:25:44.095373600+05:30,31.8,57,12.5,1134.83,55.0,145,314,RAMP,60.0,30.0,WORKLOAD_STEP
2026-07-09 23:25:46.367317200+05:30,26.7,56,11.6,1104.7,54.97,146,314,RAMP,60.0,30.0,WORKLOAD_STEP
2026-07-09 23:25:48.654732800+05:30,30.4,58,11.6,1104.7,54.96,147,314,RAMP,60.0,30.0,WORKLOAD_STEP
2026-07-09 23:25:50.917736900+05:30,29.9,58,11.7,1104.7,54.96,147,314,RAMP,60.0,30.0,WORKLOAD_STEP
2026-07-09 23:25:53.239851+05:30,28.9,56,12.5,1134.83,54.88,147,314,RAMP,60.0,30.0,WORKLOAD_STEP
2026-07-09 23:25:55.608670400+05:30,28.4,56,11.7,1104.7,54.87,147,314,RAMP,60.0,30.0,WORKLOAD_STEP
2026-07-09 23:25:57.903491800+05:30,28.4,55,11.1,1114.75,54.91,147,314,RAMP,60.0,30.0,WORKLOAD_STEP
2026-07-09 23:26:00.181700500+05:30,28.0,58,12.3,1305.57,54.96,147,314,RAMP,60.0,30.0,WORKLOAD_STEP
2026-07-09 23:26:02.561623700+05:30,30.5,55,11.6,1104.7,54.96,149,314,RAMP,60.0,30.0,WORKLOAD_STEP
2026-07-09 23:26:04.846296300+05:30,28.3,56,11.8,1305.57,55.05,148,314,RAMP,60.0,30.0,WORKLOAD_STEP
2026-07-09 23:26:07.222523100+05:30,32.9,54,12.4,1305.57,54.98,148,314,RAMP,60.0,30.0,WORKLOAD_STEP
2026-07-09 23:26:09.493636100+05:30,28.0,56,12.0,1345.74,54.91,148,314,RAMP,60.0,30.0,WORKLOAD_STEP
2026-07-09 23:26:11.832863700+05:30,31.0,56,12.5,1616.93,54.95,150,314,RAMP,60.0,30.0,WORKLOAD_STEP
2026-07-09 23:26:14.109178400+05:30,30.8,56,11.9,1325.66,54.94,150,314,RAMP,60.0,30.0,WORKLOAD_STEP
2026-07-09 23:26:16.473141500+05:30,31.3,55,12.4,1275.44,54.93,149,314,RAMP,80.0,31.0,WORKLOAD_STEP
2026-07-09 23:26:18.889022700+05:30,28.2,58,11.7,1114.75,54.9,151,314,RAMP,80.0,31.0,WORKLOAD_STEP
2026-07-09 23:26:21.278938900+05:30,28.7,56,12.1,1104.7,54.96,151,314,RAMP,80.0,31.0,WORKLOAD_STEP
2026-07-09 23:26:23.722092300+05:30,27.8,56,11.7,1104.7,54.94,151,314,RAMP,80.0,31.0,WORKLOAD_STEP
2026-07-09 23:26:26.054960100+05:30,30.8,55,12.3,1124.8,54.93,151,314,RAMP,80.0,31.0,WORKLOAD_STEP
2026-07-09 23:26:28.389646300+05:30,28.7,56,11.8,1104.7,54.92,150,314,RAMP,80.0,31.0,WORKLOAD_STEP
2026-07-09 23:26:30.819775200+05:30,29.2,55,12.2,1134.83,54.92,150,314,RAMP,80.0,31.0,WORKLOAD_STEP
2026-07-09 23:26:33.121183900+05:30,27.4,56,12.3,1074.57,54.93,150,314,RAMP,80.0,31.0,WORKLOAD_STEP
2026-07-09 23:26:35.516347+05:30,27.3,55,12.0,1094.66,54.94,150,314,RAMP,80.0,31.0,WORKLOAD_STEP
2026-07-09 23:26:37.884687800+05:30,29.3,55,11.6,1104.7,54.93,149,314,RAMP,80.0,31.0,WORKLOAD_STEP
2026-07-09 23:26:40.277683200+05:30,28.8,55,12.1,1104.7,55.0,148,314,RAMP,80.0,31.0,WORKLOAD_STEP
2026-07-09 23:26:42.625759500+05:30,27.1,58,11.8,1104.7,54.99,148,314,RAMP,80.0,31.0,WORKLOAD_STEP
2026-07-09 23:26:44.964887800+05:30,27.9,55,11.8,1104.7,55.02,147,314,RAMP,80.0,31.0,WORKLOAD_STEP
2026-07-09 23:26:47.299529900+05:30,28.2,55,11.6,1114.75,55.04,147,314,RAMP,80.0,31.0,WORKLOAD_STEP
2026-07-09 23:26:49.627050800+05:30,30.3,55,11.4,1104.7,54.97,149,314,RAMP,80.0,31.0,WORKLOAD_STEP
2026-07-09 23:26:51.979739600+05:30,30.4,58,11.7,1275.44,54.96,149,314,RAMP,80.0,31.0,WORKLOAD_STEP
2026-07-09 23:26:54.330045700+05:30,27.7,55,12.2,1094.66,54.98,149,314,RAMP,80.0,31.0,WORKLOAD_STEP
2026-07-09 23:26:56.646588200+05:30,28.4,55,12.0,1315.61,54.96,149,314,RAMP,80.0,32.0,WORKLOAD_STEP
2026-07-09 23:26:58.997109600+05:30,27.1,58,11.8,1104.7,54.95,148,314,RAMP,80.0,32.0,WORKLOAD_STEP
2026-07-09 23:27:01.325043900+05:30,29.0,55,11.9,1345.74,55.0,148,314,RAMP,80.0,32.0,WORKLOAD_STEP
2026-07-09 23:27:03.663020400+05:30,29.7,56,11.9,1114.75,55.0,148,314,RAMP,80.0,32.0,WORKLOAD_STEP
2026-07-09 23:27:05.956032900+05:30,27.7,55,11.8,1104.7,54.98,148,314,RAMP,80.0,32.0,WORKLOAD_STEP
2026-07-09 23:27:08.322936800+05:30,28.3,55,12.0,1315.61,55.02,148,314,RAMP,80.0,32.0,WORKLOAD_STEP
2026-07-09 23:27:10.829802600+05:30,27.2,55,11.8,1124.8,55.0,148,314,RAMP,80.0,32.0,WORKLOAD_STEP
2026-07-09 23:27:13.199575200+05:30,29.1,56,12.7,1295.53,55.17,148,314,RAMP,80.0,32.0,WORKLOAD_STEP
2026-07-09 23:27:15.526562600+05:30,30.2,55,11.6,1124.8,55.17,148,314,RAMP,80.0,32.0,WORKLOAD_STEP
2026-07-09 23:27:17.885008900+05:30,27.4,56,11.7,1124.8,55.19,147,314,RAMP,80.0,32.0,WORKLOAD_STEP
2026-07-09 23:27:20.197670900+05:30,28.7,56,11.7,1104.7,55.18,149,314,RAMP,80.0,32.0,WORKLOAD_STEP
2026-07-09 23:27:22.562191400+05:30,26.9,55,11.6,1114.75,55.15,148,314,RAMP,80.0,32.0,WORKLOAD_STEP
2026-07-09 23:27:24.887243200+05:30,30.4,55,12.5,1094.66,55.2,149,314,RAMP,80.0,32.0,WORKLOAD_STEP
2026-07-09 23:27:27.267197900+05:30,31.1,58,11.6,1345.76,55.18,149,314,RAMP,80.0,32.0,WORKLOAD_STEP
2026-07-09 23:27:29.615024800+05:30,31.7,56,12.7,1285.48,55.18,148,314,RAMP,80.0,32.0,WORKLOAD_STEP
2026-07-09 23:27:31.968624200+05:30,27.2,56,12.0,1144.9,55.16,147,314,RAMP,80.0,32.0,WORKLOAD_STEP
2026-07-09 23:27:34.329084+05:30,27.4,55,12.2,1114.75,55.29,140,315,RAMP,80.0,32.0,WORKLOAD_STEP
2026-07-09 23:27:36.686392800+05:30,32.8,56,12.8,1737.44,55.26,141,315,RAMP,80.0,32.0,WORKLOAD_STEP
2026-07-09 23:27:39.129608900+05:30,29.9,55,12.0,1114.75,55.25,140,315,RAMP,80.0,32.0,WORKLOAD_STEP
2026-07-09 23:27:41.454010800+05:30,29.3,55,11.6,1104.7,55.37,140,315,RAMP,80.0,32.0,WORKLOAD_STEP
2026-07-09 23:27:43.913434400+05:30,30.1,55,13.1,1104.7,55.09,140,315,RAMP,80.0,32.0,WORKLOAD_STEP
2026-07-09 23:27:46.216399800+05:30,28.5,56,11.9,1114.75,55.09,139,315,RAMP,80.0,32.0,WORKLOAD_STEP
2026-07-09 23:27:48.622974+05:30,30.1,58,12.3,1114.75,55.16,141,315,RAMP,80.0,32.0,WORKLOAD_STEP
2026-07-09 23:27:50.955279800+05:30,29.6,56,11.7,1144.88,55.22,141,315,RAMP,80.0,32.0,WORKLOAD_STEP
2026-07-09 23:27:53.391253300+05:30,28.0,55,11.8,1074.57,55.2,141,315,RAMP,80.0,32.0,WORKLOAD_STEP
2026-07-09 23:27:55.792908400+05:30,28.3,55,12.3,1114.75,55.18,140,314,RAMP,80.0,32.0,WORKLOAD_STEP
2026-07-09 23:27:58.121617500+05:30,27.3,56,11.9,1104.7,55.17,140,314,RAMP,80.0,32.0,WORKLOAD_STEP
2026-07-09 23:28:00.475015100+05:30,30.1,56,12.7,1054.49,55.16,140,314,RAMP,80.0,32.0,WORKLOAD_STEP
2026-07-09 23:28:02.844381800+05:30,30.7,56,11.9,1104.7,55.14,140,314,RAMP,80.0,32.0,WORKLOAD_STEP
2026-07-09 23:28:05.127012400+05:30,30.8,56,12.3,1305.57,55.17,140,314,RAMP,80.0,32.0,WORKLOAD_STEP
2026-07-09 23:28:07.478593800+05:30,28.4,56,12.2,1114.75,55.14,140,314,RAMP,80.0,32.0,WORKLOAD_STEP
2026-07-09 23:28:09.789586600+05:30,31.3,56,12.9,1104.7,55.13,140,314,RAMP,80.0,32.0,WORKLOAD_STEP
2026-07-09 23:28:12.153573300+05:30,30.0,57,12.1,1114.75,55.1,140,314,RAMP,100.0,33.0,WORKLOAD_STEP
2026-07-09 23:28:14.576928300+05:30,30.3,56,11.8,1114.75,55.16,143,314,RAMP,100.0,33.0,WORKLOAD_STEP
2026-07-09 23:28:17.004908500+05:30,29.2,55,12.4,1134.83,55.25,143,314,RAMP,100.0,33.0,WORKLOAD_STEP
2026-07-09 23:28:19.503157500+05:30,29.2,58,12.6,1104.7,55.16,141,314,RAMP,100.0,33.0,WORKLOAD_STEP
2026-07-09 23:28:21.929190300+05:30,28.1,55,12.2,1074.58,55.22,141,314,RAMP,100.0,33.0,WORKLOAD_STEP
2026-07-09 23:28:24.410975+05:30,32.9,55,12.9,1104.7,55.22,141,314,RAMP,100.0,33.0,WORKLOAD_STEP
2026-07-09 23:28:26.891318600+05:30,31.8,56,12.2,1084.62,55.2,141,314,RAMP,100.0,33.0,WORKLOAD_STEP
2026-07-09 23:28:29.423562700+05:30,31.6,55,12.4,1094.66,55.22,141,314,RAMP,100.0,33.0,WORKLOAD_STEP
2026-07-09 23:28:31.919382700+05:30,30.1,55,12.3,1104.7,55.22,141,314,RAMP,100.0,33.0,WORKLOAD_STEP
2026-07-09 23:28:34.434894200+05:30,28.5,55,12.4,1094.66,55.17,142,314,RAMP,100.0,33.0,WORKLOAD_STEP
2026-07-09 23:28:37.560609300+05:30,32.8,56,12.5,1104.7,55.19,142,314,RAMP,100.0,33.0,WORKLOAD_STEP
2026-07-09 23:28:39.967767300+05:30,31.1,57,12.6,1094.66,55.17,142,315,RAMP,100.0,33.0,WORKLOAD_STEP
2026-07-09 23:28:42.353803500+05:30,28.4,55,12.1,1275.45,55.2,142,315,RAMP,100.0,33.0,WORKLOAD_STEP
2026-07-09 23:28:45.531280+05:30,27.5,56,12.5,1104.7,55.18,143,315,RAMP,100.0,33.0,WORKLOAD_STEP
2026-07-09 23:28:48.029622900+05:30,32.4,58,12.1,1325.66,55.19,144,315,RAMP,100.0,33.0,WORKLOAD_STEP
2026-07-09 23:28:50.794610500+05:30,32.0,56,12.9,1255.36,55.15,145,314,RAMP,100.0,33.0,WORKLOAD_STEP
2026-07-09 23:28:53.303373500+05:30,31.6,58,12.7,1084.63,54.99,145,314,RAMP,100.0,33.0,WORKLOAD_STEP
2026-07-09 23:28:55.735873100+05:30,27.6,58,12.2,1104.7,54.98,144,314,RAMP,100.0,34.0,WORKLOAD_STEP
2026-07-09 23:28:58.229909400+05:30,28.6,55,13.3,1124.79,54.98,144,314,RAMP,100.0,34.0,WORKLOAD_STEP
2026-07-09 23:29:00.593663600+05:30,31.6,55,12.3,1104.7,54.95,144,314,RAMP,100.0,34.0,WORKLOAD_STEP
2026-07-09 23:29:03.013630200+05:30,31.9,55,12.3,1104.7,55.03,142,314,RAMP,100.0,34.0,WORKLOAD_STEP
2026-07-09 23:29:05.421355300+05:30,29.5,55,12.8,1124.79,55.19,142,314,RAMP,100.0,34.0,WORKLOAD_STEP
2026-07-09 23:29:08.103197500+05:30,28.4,56,12.6,1074.57,55.16,142,314,RAMP,100.0,34.0,WORKLOAD_STEP
2026-07-09 23:29:10.469990+05:30,28.7,55,12.3,1124.79,55.21,144,314,RAMP,100.0,34.0,WORKLOAD_STEP
2026-07-09 23:29:12.859857700+05:30,32.6,57,12.6,1315.62,55.2,144,314,RAMP,100.0,34.0,WORKLOAD_STEP
2026-07-09 23:29:15.418680200+05:30,29.5,55,12.2,1104.7,55.15,144,314,RAMP,100.0,34.0,WORKLOAD_STEP
2026-07-09 23:29:17.827474800+05:30,30.0,55,12.6,1104.7,55.18,143,314,RAMP,100.0,34.0,WORKLOAD_STEP
2026-07-09 23:29:20.266921700+05:30,27.1,53,12.3,1094.66,55.18,146,314,RAMP,100.0,34.0,WORKLOAD_STEP
2026-07-09 23:29:22.683077600+05:30,29.0,55,12.5,1074.58,55.2,146,314,RAMP,100.0,34.0,WORKLOAD_STEP
2026-07-09 23:29:25.105772200+05:30,32.5,55,12.4,1295.53,55.31,148,314,RAMP,100.0,34.0,WORKLOAD_STEP
2026-07-09 23:29:27.543634500+05:30,30.1,55,12.6,1305.57,55.33,148,314,RAMP,100.0,34.0,WORKLOAD_STEP
2026-07-09 23:29:29.918668900+05:30,29.8,55,12.4,1275.44,55.4,146,314,RAMP,100.0,34.0,WORKLOAD_STEP
2026-07-09 23:29:32.397886400+05:30,27.7,54,12.1,1084.62,55.32,146,314,RAMP,100.0,34.0,WORKLOAD_STEP
2026-07-09 23:29:34.808360400+05:30,34.6,56,13.2,1094.66,55.34,146,314,RAMP,100.0,34.0,WORKLOAD_STEP
2026-07-09 23:29:37.234761300+05:30,32.4,55,12.6,1295.53,55.37,144,314,RAMP,100.0,34.0,WORKLOAD_STEP
2026-07-09 23:29:39.783242200+05:30,28.8,55,12.4,1074.58,55.42,144,314,RAMP,100.0,34.0,WORKLOAD_STEP
2026-07-09 23:29:42.173164100+05:30,29.6,54,12.8,1265.41,55.45,144,313,RAMP,100.0,34.0,WORKLOAD_STEP
2026-07-09 23:29:44.747813800+05:30,27.2,55,12.6,1315.62,55.41,143,314,RAMP,100.0,34.0,WORKLOAD_STEP
2026-07-09 23:29:47.145848600+05:30,31.5,56,12.5,1084.62,55.45,142,313,RAMP,100.0,34.0,WORKLOAD_STEP
2026-07-09 23:29:49.631283900+05:30,32.5,55,13.0,1094.66,55.5,142,313,RAMP,100.0,34.0,WORKLOAD_STEP
2026-07-09 23:29:52.069396+05:30,29.3,57,12.5,1104.7,55.46,142,313,RAMP,100.0,34.0,WORKLOAD_STEP
2026-07-09 23:29:54.549591500+05:30,29.2,53,12.6,1104.7,55.46,142,313,RAMP,100.0,34.0,WORKLOAD_STEP
2026-07-09 23:29:56.964577100+05:30,28.3,55,12.5,1064.54,55.42,142,313,RAMP,100.0,34.0,WORKLOAD_STEP
2026-07-09 23:29:59.573672+05:30,31.1,56,12.6,1124.79,55.46,142,313,RAMP,100.0,34.0,WORKLOAD_STEP
2026-07-09 23:30:02.002154100+05:30,31.9,57,12.2,1124.79,55.47,142,313,RAMP,100.0,34.0,WORKLOAD_STEP
2026-07-09 23:30:04.409117400+05:30,31.7,55,12.1,1245.32,55.41,144,313,RAMP,100.0,34.0,WORKLOAD_STEP
2026-07-09 23:30:06.816838900+05:30,29.0,56,12.3,1285.49,55.4,144,313,RAMP,100.0,34.0,WORKLOAD_STEP
2026-07-09 23:30:09.375755800+05:30,28.3,55,12.2,1094.66,55.5,146,313,RAMP,100.0,34.0,WORKLOAD_STEP
2026-07-09 23:30:11.753465600+05:30,31.8,55,13.0,1436.14,55.38,146,313,RAMP,100.0,34.0,WORKLOAD_STEP
2026-07-09 23:30:14.178636500+05:30,30.9,56,13.5,1094.66,55.5,146,313,RAMP,100.0,34.0,WORKLOAD_STEP
2026-07-09 23:30:16.598845100+05:30,30.9,56,12.3,1104.7,55.47,146,313,RAMP,100.0,34.0,WORKLOAD_STEP
2026-07-09 23:30:19.012929100+05:30,28.9,55,12.8,1305.57,55.46,147,313,RAMP,100.0,34.0,WORKLOAD_STEP
2026-07-09 23:30:21.367906100+05:30,29.4,54,12.6,1094.66,55.47,147,313,RAMP,100.0,34.0,WORKLOAD_STEP
2026-07-09 23:30:23.888642200+05:30,31.1,55,12.0,1315.61,55.49,147,313,RAMP,100.0,34.0,WORKLOAD_STEP
2026-07-09 23:30:26.344684500+05:30,32.6,55,12.1,1094.66,55.52,147,313,RAMP,100.0,34.0,WORKLOAD_STEP
2026-07-09 23:30:28.821206500+05:30,30.8,55,12.5,1094.66,55.51,147,313,RAMP,100.0,34.0,WORKLOAD_STEP
2026-07-09 23:30:31.368711800+05:30,29.7,54,12.5,1104.7,55.47,147,313,RAMP,100.0,34.0,WORKLOAD_STEP
2026-07-09 23:30:33.827929600+05:30,27.4,55,12.7,1094.66,55.5,146,313,RAMP,100.0,34.0,WORKLOAD_STEP
2026-07-09 23:30:36.246202800+05:30,31.4,54,12.5,1074.58,55.51,146,313,RAMP,100.0,34.0,WORKLOAD_STEP
2026-07-09 23:30:38.675781500+05:30,31.2,55,12.6,1255.36,55.53,145,313,RAMP,100.0,34.0,WORKLOAD_STEP
2026-07-09 23:30:41.124512500+05:30,29.7,57,12.3,1104.71,55.51,145,313,RAMP,100.0,34.0,WORKLOAD_STEP
2026-07-09 23:30:43.543812800+05:30,28.8,55,12.3,1104.7,55.5,145,313,RAMP,100.0,34.0,WORKLOAD_STEP
2026-07-09 23:30:45.995727200+05:30,30.3,54,13.6,1104.7,55.48,145,313,RAMP,100.0,34.0,WORKLOAD_STEP
2026-07-09 23:30:48.410400200+05:30,32.6,54,12.1,1265.4,55.46,146,313,RAMP,100.0,34.0,WORKLOAD_STEP
2026-07-09 23:30:50.806657300+05:30,34.3,54,12.6,1114.75,55.52,147,314,RAMP,100.0,34.0,WORKLOAD_STEP
2026-07-09 23:30:53.210444600+05:30,29.3,55,12.5,1094.66,55.51,147,314,RAMP,100.0,34.0,WORKLOAD_STEP
2026-07-09 23:30:55.655578300+05:30,28.4,55,12.5,1084.62,55.51,147,315,RAMP,100.0,34.0,WORKLOAD_STEP
2026-07-09 23:30:58.061161200+05:30,29.9,56,12.8,1084.62,55.57,148,316,RAMP,100.0,34.0,WORKLOAD_STEP
2026-07-09 23:31:00.443955100+05:30,34.3,54,12.2,1094.66,55.55,148,315,RAMP,100.0,34.0,WORKLOAD_STEP
2026-07-09 23:31:02.861296800+05:30,32.6,56,13.2,1084.62,55.51,147,315,RAMP,100.0,34.0,WORKLOAD_STEP
2026-07-09 23:31:05.347224200+05:30,30.1,54,12.4,1104.7,55.52,147,315,RAMP,100.0,34.0,WORKLOAD_STEP
2026-07-09 23:31:07.734968+05:30,27.6,55,12.4,1074.58,55.51,147,315,RAMP,100.0,34.0,WORKLOAD_STEP
2026-07-09 23:31:10.211465700+05:30,30.8,55,12.1,1265.4,55.51,146,315,RAMP,100.0,34.0,WORKLOAD_STEP
2026-07-09 23:31:12.626884200+05:30,32.3,55,12.5,1094.66,55.54,150,315,RAMP,100.0,34.0,WORKLOAD_STEP
2026-07-09 23:31:15.022619+05:30,32.7,56,12.4,1315.61,55.58,150,315,RAMP,100.0,34.0,WORKLOAD_STEP
2026-07-09 23:31:17.423542300+05:30,28.4,55,11.8,1074.57,55.56,150,315,RAMP,100.0,34.0,WORKLOAD_STEP
2026-07-09 23:31:19.903773400+05:30,28.2,55,12.3,1114.75,55.58,149,315,RAMP,100.0,34.0,WORKLOAD_STEP
2026-07-09 23:31:22.305032900+05:30,31.0,55,12.2,1235.27,55.58,148,315,RAMP,100.0,34.0,WORKLOAD_STEP
2026-07-09 23:31:24.804815800+05:30,34.0,55,13.2,1084.62,55.52,149,315,RAMP,100.0,34.0,WORKLOAD_STEP
2026-07-09 23:31:27.255105400+05:30,30.3,54,12.2,1295.53,55.63,148,315,RAMP,100.0,34.0,WORKLOAD_STEP
2026-07-09 23:31:29.788149600+05:30,29.0,55,12.6,1104.7,55.57,146,315,RAMP,100.0,34.0,WORKLOAD_STEP
2026-07-09 23:31:32.190967700+05:30,28.7,56,12.3,1335.7,55.61,146,315,RAMP,100.0,34.0,WORKLOAD_STEP
2026-07-09 23:31:34.620265200+05:30,31.2,56,12.2,1094.66,55.65,146,315,RAMP,100.0,34.0,WORKLOAD_STEP
2026-07-09 23:31:37.063511300+05:30,32.0,55,12.4,1094.66,55.65,144,315,RAMP,100.0,34.0,WORKLOAD_STEP
2026-07-09 23:31:39.479398600+05:30,30.1,54,12.4,1104.7,55.66,142,315,RAMP,100.0,34.0,WORKLOAD_STEP
2026-07-09 23:31:41.900833100+05:30,29.3,55,12.2,1305.57,55.7,141,315,RAMP,100.0,34.0,WORKLOAD_STEP
2026-07-09 23:31:44.350169+05:30,28.2,55,12.0,1094.66,55.66,141,315,RAMP,100.0,34.0,WORKLOAD_STEP
2026-07-09 23:31:46.746020600+05:30,33.5,55,13.4,1104.7,55.56,141,315,RAMP,100.0,34.0,WORKLOAD_STEP
2026-07-09 23:31:49.141432700+05:30,33.0,54,12.5,1275.44,55.54,142,315,RAMP,100.0,34.0,WORKLOAD_STEP
2026-07-09 23:31:51.502955200+05:30,29.6,54,12.4,1094.66,55.57,142,315,RAMP,100.0,34.0,WORKLOAD_STEP
2026-07-09 23:31:53.994754300+05:30,27.8,58,12.3,1104.7,55.59,144,316,RAMP,80.0,35.0,WORKLOAD_STEP
2026-07-09 23:31:56.329107300+05:30,33.2,52,12.6,1375.88,55.82,143,317,RAMP,80.0,35.0,WORKLOAD_STEP
2026-07-09 23:31:58.690233500+05:30,38.2,53,17.0,1687.23,56.23,151,317,RAMP,80.0,35.0,WORKLOAD_STEP
2026-07-09 23:32:01.098510900+05:30,32.0,54,12.1,1104.71,56.22,155,317,RAMP,80.0,35.0,WORKLOAD_STEP
2026-07-09 23:32:03.570953500+05:30,31.3,57,10.7,1054.5,56.25,157,317,RAMP,80.0,35.0,WORKLOAD_STEP
2026-07-09 23:32:06.081564600+05:30,30.2,53,10.3,1104.7,56.27,159,316,RAMP,80.0,35.0,WORKLOAD_STEP
2026-07-09 23:32:08.492743400+05:30,30.6,56,12.5,1144.88,56.29,164,316,RAMP,80.0,35.0,WORKLOAD_STEP
2026-07-09 23:32:10.825289300+05:30,99.0,35,47.2,3043.08,54.65,165,314,RAMP,80.0,35.0,WORKLOAD_STEP
2026-07-09 23:32:12.864996+05:30,96.5,34,42.9,2711.64,53.84,165,314,RAMP,80.0,35.0,WORKLOAD_STEP
2026-07-09 23:32:14.911227700+05:30,99.6,34,47.1,3053.12,53.81,164,317,RAMP,80.0,35.0,WORKLOAD_STEP
2026-07-09 23:32:16.947559700+05:30,99.8,32,49.8,3053.12,54.2,164,317,RAMP,80.0,35.0,WORKLOAD_STEP
2026-07-09 23:32:18.991074+05:30,78.4,49,32.2,1124.8,53.19,164,317,RAMP,80.0,35.0,WORKLOAD_STEP
2026-07-09 23:32:21.276661600+05:30,30.4,52,12.4,1124.8,53.25,164,317,RAMP,80.0,35.0,WORKLOAD_STEP
2026-07-09 23:32:23.680285500+05:30,30.5,52,12.4,1124.79,53.15,164,317,RAMP,80.0,35.0,WORKLOAD_STEP
2026-07-09 23:32:26.039301900+05:30,31.7,52,10.3,1365.83,53.09,164,317,RAMP,80.0,35.0,WORKLOAD_STEP
2026-07-09 23:32:28.687263+05:30,30.5,52,11.6,1446.18,53.12,162,317,RAMP,80.0,35.0,WORKLOAD_STEP
2026-07-09 23:32:31.373513+05:30,30.8,53,10.7,1295.53,53.17,161,317,RAMP,80.0,35.0,WORKLOAD_STEP
2026-07-09 23:32:33.805166200+05:30,31.4,52,11.9,1295.53,53.2,161,317,RAMP,80.0,35.0,WORKLOAD_STEP
2026-07-09 23:32:36.271771300+05:30,31.1,56,10.7,1134.84,53.2,162,317,RAMP,80.0,35.0,WORKLOAD_STEP
2026-07-09 23:32:39.236672300+05:30,30.0,54,10.4,1345.76,53.19,160,317,RAMP,80.0,35.0,WORKLOAD_STEP
2026-07-09 23:32:41.514904+05:30,29.6,55,10.6,1134.85,53.21,160,317,RAMP,80.0,35.0,WORKLOAD_STEP
2026-07-09 23:32:43.874055900+05:30,29.8,56,10.0,1144.89,53.37,160,317,RAMP,80.0,35.0,WORKLOAD_STEP
2026-07-09 23:32:46.167843800+05:30,31.1,53,10.3,1094.67,53.32,158,317,RAMP,80.0,35.0,WORKLOAD_STEP
2026-07-09 23:32:48.491885500+05:30,30.6,53,9.4,1164.96,53.28,158,317,RAMP,80.0,35.0,WORKLOAD_STEP
2026-07-09 23:32:50.799802200+05:30,30.2,55,9.4,1094.67,53.33,158,317,RAMP,80.0,35.0,WORKLOAD_STEP
2026-07-09 23:32:53.924183600+05:30,29.2,58,9.8,1345.76,53.43,157,317,RAMP,80.0,35.0,WORKLOAD_STEP
2026-07-09 23:32:56.507316400+05:30,30.3,56,10.0,1104.7,53.4,157,317,RAMP,80.0,35.0,WORKLOAD_STEP
2026-07-09 23:32:58.850343500+05:30,31.6,56,11.1,1144.88,53.4,157,317,RAMP,80.0,35.0,WORKLOAD_STEP
2026-07-09 23:33:01.159742500+05:30,31.3,55,12.2,1134.83,53.44,156,318,RAMP,80.0,35.0,WORKLOAD_STEP
2026-07-09 23:33:03.452429100+05:30,30.6,55,9.9,1175.01,53.43,156,318,RAMP,80.0,35.0,WORKLOAD_STEP
2026-07-09 23:33:05.760319+05:30,29.1,58,11.1,1104.7,53.5,154,318,RAMP,80.0,35.0,WORKLOAD_STEP
2026-07-09 23:33:08.069091+05:30,29.9,52,11.6,1385.94,53.53,154,318,RAMP,80.0,35.0,WORKLOAD_STEP
2026-07-09 23:33:10.362413800+05:30,31.8,53,10.5,1124.8,53.47,153,317,RAMP,80.0,35.0,WORKLOAD_STEP
2026-07-09 23:33:12.765313300+05:30,32.0,55,14.7,1506.44,53.67,153,316,RAMP,80.0,35.0,WORKLOAD_STEP
2026-07-09 23:33:15.056331800+05:30,30.7,55,10.3,1165.0,53.8,153,317,RAMP,80.0,35.0,WORKLOAD_STEP
2026-07-09 23:33:17.363940500+05:30,28.8,56,10.0,1305.57,53.75,153,317,RAMP,80.0,35.0,WORKLOAD_STEP
2026-07-09 23:33:19.846450900+05:30,28.9,53,10.2,1124.8,53.74,157,316,RAMP,80.0,35.0,WORKLOAD_STEP
2026-07-09 23:33:22.073314400+05:30,30.5,58,10.3,1165.0,53.69,157,316,RAMP,80.0,35.0,WORKLOAD_STEP
2026-07-09 23:33:24.380443800+05:30,30.0,58,10.3,1154.95,53.57,158,315,RAMP,80.0,35.0,WORKLOAD_STEP
2026-07-09 23:33:26.639251+05:30,30.4,56,10.2,1094.67,53.62,158,315,RAMP,80.0,35.0,WORKLOAD_STEP
2026-07-09 23:33:28.925480400+05:30,30.8,55,10.1,1345.77,53.66,157,315,RAMP,80.0,35.0,WORKLOAD_STEP
2026-07-09 23:33:31.410691+05:30,30.4,56,10.6,1225.24,53.59,157,315,RAMP,80.0,35.0,WORKLOAD_STEP
2026-07-09 23:33:33.763778400+05:30,32.6,54,10.9,1195.09,53.59,156,315,RAMP,80.0,35.0,WORKLOAD_STEP
2026-07-09 23:33:36.265544800+05:30,30.8,55,11.1,1124.79,53.63,157,315,RAMP,80.0,35.0,WORKLOAD_STEP
2026-07-09 23:33:38.660913+05:30,30.3,56,9.7,1124.79,53.63,155,315,RAMP,80.0,35.0,WORKLOAD_STEP
2026-07-09 23:33:41.068236+05:30,30.0,53,10.8,1074.57,53.59,154,315,RAMP,80.0,35.0,WORKLOAD_STEP
2026-07-09 23:33:43.538154200+05:30,30.0,53,9.9,1255.36,53.65,154,315,RAMP,80.0,35.0,WORKLOAD_STEP
2026-07-09 23:33:45.888317500+05:30,30.4,56,9.8,1305.57,53.6,154,315,RAMP,80.0,35.0,WORKLOAD_STEP
2026-07-09 23:33:48.142644600+05:30,31.0,55,10.2,1215.19,53.59,159,315,RAMP,80.0,35.0,WORKLOAD_STEP
2026-07-09 23:33:50.404634400+05:30,30.0,56,10.1,1134.86,53.6,159,315,RAMP,80.0,35.0,WORKLOAD_STEP
2026-07-09 23:33:52.727409600+05:30,29.8,52,10.2,1064.54,53.63,159,316,RAMP,80.0,35.0,WORKLOAD_STEP
2026-07-09 23:33:55.031657900+05:30,29.8,55,9.7,1175.04,53.66,154,316,RAMP,80.0,35.0,WORKLOAD_STEP
2026-07-09 23:33:57.403406200+05:30,29.5,55,9.9,1144.9,53.74,153,316,RAMP,80.0,35.0,WORKLOAD_STEP
2026-07-09 23:33:59.728175900+05:30,29.6,56,9.9,1385.92,53.73,153,316,RAMP,80.0,35.0,WORKLOAD_STEP
2026-07-09 23:34:02.067172500+05:30,30.1,54,10.9,1576.74,53.17,142,314,RAMP,80.0,35.0,WORKLOAD_STEP
2026-07-09 23:34:04.387422100+05:30,29.8,53,11.1,1134.84,53.21,142,314,RAMP,80.0,35.0,WORKLOAD_STEP
2026-07-09 23:34:06.722098200+05:30,29.3,57,9.9,1084.63,53.21,144,314,RAMP,80.0,35.0,WORKLOAD_STEP
2026-07-09 23:34:09.045571600+05:30,31.6,57,10.3,1215.18,53.21,147,314,RAMP,80.0,35.0,WORKLOAD_STEP
2026-07-09 23:34:11.323427+05:30,30.4,56,10.2,1345.76,53.25,147,313,RAMP,80.0,35.0,WORKLOAD_STEP
2026-07-09 23:34:13.595216500+05:30,30.2,56,10.4,1104.72,53.27,146,313,RAMP,80.0,35.0,WORKLOAD_STEP
2026-07-09 23:34:15.983497500+05:30,31.2,53,11.7,1124.8,53.33,146,313,RAMP,80.0,35.0,WORKLOAD_STEP
2026-07-09 23:34:18.568088500+05:30,28.6,56,10.1,1124.8,53.31,145,314,RAMP,80.0,35.0,WORKLOAD_STEP
2026-07-09 23:34:20.923511700+05:30,32.5,56,10.4,1084.62,53.34,145,314,RAMP,80.0,35.0,WORKLOAD_STEP
2026-07-09 23:34:23.520063+05:30,30.4,56,10.3,1114.75,53.33,145,314,RAMP,80.0,35.0,WORKLOAD_STEP
2026-07-09 23:34:25.767373600+05:30,30.5,56,10.3,1144.89,53.35,145,314,RAMP,80.0,35.0,WORKLOAD_STEP
2026-07-09 23:34:28.070431300+05:30,31.2,57,10.3,1134.85,53.4,144,314,RAMP,80.0,35.0,WORKLOAD_STEP
2026-07-09 23:34:30.410619300+05:30,28.5,57,9.8,1104.71,53.43,144,314,RAMP,80.0,35.0,WORKLOAD_STEP
2026-07-09 23:34:32.767898300+05:30,30.5,56,9.8,1154.95,53.38,144,314,RAMP,80.0,35.0,WORKLOAD_STEP
2026-07-09 23:34:35.060711800+05:30,31.6,56,10.1,1345.76,53.37,144,314,RAMP,80.0,35.0,WORKLOAD_STEP
2026-07-09 23:34:37.372073300+05:30,30.6,57,10.4,1124.8,53.42,144,314,RAMP,80.0,35.0,WORKLOAD_STEP
2026-07-09 23:34:39.652371+05:30,29.8,57,9.8,1154.95,53.33,144,314,RAMP,80.0,35.0,WORKLOAD_STEP
2026-07-09 23:34:41.980083600+05:30,29.8,57,10.1,1546.62,53.43,144,314,RAMP,80.0,35.0,WORKLOAD_STEP
2026-07-09 23:34:44.274449700+05:30,32.0,57,10.3,1114.75,53.36,144,314,RAMP,80.0,35.0,WORKLOAD_STEP
2026-07-09 23:34:46.603119500+05:30,29.7,59,10.1,1104.7,53.34,144,314,RAMP,80.0,35.0,WORKLOAD_STEP
2026-07-09 23:34:48.993288300+05:30,30.1,56,9.9,1114.77,53.35,144,313,RAMP,80.0,35.0,WORKLOAD_STEP
2026-07-09 23:34:51.337372800+05:30,29.9,57,10.1,1094.67,53.35,144,312,RAMP,80.0,35.0,WORKLOAD_STEP
2026-07-09 23:34:53.615191600+05:30,30.3,57,10.5,1466.27,53.29,144,312,RAMP,80.0,35.0,WORKLOAD_STEP
2026-07-09 23:34:56.085474100+05:30,30.2,57,10.1,1345.77,53.3,142,312,RAMP,80.0,35.0,WORKLOAD_STEP
2026-07-09 23:34:58.412158800+05:30,30.7,56,10.4,1104.7,53.29,142,312,RAMP,80.0,35.0,WORKLOAD_STEP
2026-07-09 23:35:00.770188400+05:30,31.5,56,10.4,1165.0,53.27,142,312,RAMP,80.0,35.0,WORKLOAD_STEP
2026-07-09 23:35:03.094579300+05:30,30.8,57,9.9,1305.57,53.3,142,312,RAMP,80.0,35.0,WORKLOAD_STEP
2026-07-09 23:35:05.412077600+05:30,28.9,55,9.7,1124.8,53.43,142,312,RAMP,80.0,35.0,WORKLOAD_STEP
2026-07-09 23:35:07.745444100+05:30,30.8,57,10.8,1436.13,53.43,142,312,RAMP,80.0,35.0,WORKLOAD_STEP
2026-07-09 23:35:10.182832500+05:30,31.4,57,10.1,1054.49,53.43,141,312,RAMP,80.0,35.0,WORKLOAD_STEP
2026-07-09 23:35:12.522439400+05:30,30.4,57,9.9,1114.75,53.26,141,312,RAMP,80.0,35.0,WORKLOAD_STEP
2026-07-09 23:35:14.909684500+05:30,30.6,57,10.1,1124.8,53.29,141,312,RAMP,80.0,35.0,WORKLOAD_STEP
2026-07-09 23:35:17.285065700+05:30,29.5,56,10.2,1114.76,53.26,139,313,RAMP,80.0,35.0,WORKLOAD_STEP
2026-07-09 23:35:19.703256200+05:30,29.7,59,9.8,1205.14,53.24,139,312,RAMP,80.0,35.0,WORKLOAD_STEP
2026-07-09 23:35:21.980011500+05:30,31.6,57,10.1,1104.7,53.28,139,312,RAMP,80.0,35.0,WORKLOAD_STEP
2026-07-09 23:35:24.356201300+05:30,30.7,59,10.2,1164.97,53.25,140,312,RAMP,80.0,35.0,WORKLOAD_STEP
2026-07-09 23:35:26.665969500+05:30,30.0,57,9.8,1134.85,53.25,140,312,RAMP,80.0,35.0,WORKLOAD_STEP
2026-07-09 23:35:29.016920+05:30,28.5,56,10.2,1345.77,53.28,139,312,RAMP,80.0,35.0,WORKLOAD_STEP
2026-07-09 23:35:31.486280800+05:30,29.7,56,9.7,1124.81,53.3,139,312,RAMP,80.0,35.0,WORKLOAD_STEP
2026-07-09 23:35:33.759526200+05:30,31.2,57,10.0,1074.58,53.3,138,312,RAMP,80.0,36.0,WORKLOAD_STEP
2026-07-09 23:35:36.087866100+05:30,31.1,60,10.0,1104.7,53.33,138,312,RAMP,80.0,36.0,WORKLOAD_STEP
2026-07-09 23:35:38.384646600+05:30,29.8,56,10.1,1134.85,53.32,138,312,RAMP,80.0,36.0,WORKLOAD_STEP
2026-07-09 23:35:40.694659400+05:30,29.1,57,10.1,1144.88,53.33,138,312,RAMP,80.0,36.0,WORKLOAD_STEP
2026-07-09 23:35:43.052799500+05:30,28.9,55,10.1,1144.9,53.33,137,312,RAMP,80.0,36.0,WORKLOAD_STEP
2026-07-09 23:35:45.318833100+05:30,31.7,57,10.4,1516.48,53.33,137,312,RAMP,80.0,36.0,WORKLOAD_STEP
2026-07-09 23:35:47.598287700+05:30,30.5,59,9.9,1164.98,53.29,137,312,RAMP,80.0,36.0,WORKLOAD_STEP
2026-07-09 23:35:49.889787+05:30,30.9,57,10.3,1375.87,53.34,137,312,RAMP,80.0,36.0,WORKLOAD_STEP
2026-07-09 23:35:52.167628100+05:30,29.6,59,10.0,1104.72,53.34,137,312,RAMP,80.0,36.0,WORKLOAD_STEP
2026-07-09 23:35:54.432479600+05:30,29.0,56,9.9,1124.79,53.35,137,312,RAMP,80.0,36.0,WORKLOAD_STEP
2026-07-09 23:35:56.726789400+05:30,31.0,57,9.8,1144.9,53.32,137,312,RAMP,80.0,36.0,WORKLOAD_STEP
2026-07-09 23:35:59.054974800+05:30,30.8,56,10.1,1134.86,53.33,137,312,RAMP,80.0,36.0,WORKLOAD_STEP
2026-07-09 23:36:01.330181200+05:30,30.7,57,10.0,1637.02,53.36,141,312,RAMP,80.0,36.0,WORKLOAD_STEP
2026-07-09 23:36:03.656675500+05:30,29.6,59,10.0,1315.61,53.33,141,312,RAMP,80.0,36.0,WORKLOAD_STEP
2026-07-09 23:36:06.033918600+05:30,28.7,57,9.9,1144.9,53.35,140,312,RAMP,80.0,36.0,WORKLOAD_STEP
2026-07-09 23:36:08.344740800+05:30,30.9,57,10.2,1114.76,53.36,136,312,RAMP,80.0,36.0,WORKLOAD_STEP
2026-07-09 23:36:10.608085900+05:30,31.1,56,10.4,1054.5,53.35,135,312,RAMP,80.0,36.0,WORKLOAD_STEP
2026-07-09 23:36:12.904229500+05:30,30.2,56,9.9,1335.72,53.32,135,312,RAMP,80.0,36.0,WORKLOAD_STEP
2026-07-09 23:36:15.215173900+05:30,29.6,56,9.9,1114.77,53.35,135,312,RAMP,80.0,36.0,WORKLOAD_STEP
2026-07-09 23:36:17.491632400+05:30,28.5,57,10.1,1114.77,53.35,135,312,RAMP,80.0,36.0,WORKLOAD_STEP
2026-07-09 23:36:19.775227900+05:30,30.0,56,10.1,1144.9,53.32,135,312,RAMP,80.0,36.0,WORKLOAD_STEP
2026-07-09 23:36:22.112241300+05:30,30.5,56,10.0,1124.8,53.36,135,313,RAMP,80.0,36.0,WORKLOAD_STEP
2026-07-09 23:36:24.641519+05:30,30.6,57,9.5,1124.81,53.34,135,313,RAMP,80.0,36.0,WORKLOAD_STEP
2026-07-09 23:36:27.090903200+05:30,30.3,59,9.9,1104.7,53.36,134,312,RAMP,80.0,36.0,WORKLOAD_STEP
2026-07-09 23:36:29.487201400+05:30,29.3,57,9.3,1094.67,53.36,134,312,RAMP,80.0,36.0,WORKLOAD_STEP
2026-07-09 23:36:31.765225700+05:30,30.2,57,9.4,1185.07,53.36,134,312,RAMP,80.0,36.0,WORKLOAD_STEP
2026-07-09 23:36:34.066976800+05:30,31.2,55,11.8,1496.4,53.56,134,315,RAMP,80.0,36.0,WORKLOAD_STEP
2026-07-09 23:36:36.424456900+05:30,29.0,59,10.9,1094.67,53.43,134,315,RAMP,80.0,36.0,WORKLOAD_STEP
2026-07-09 23:36:38.713018+05:30,30.7,55,9.9,1355.81,53.44,134,315,RAMP,80.0,36.0,WORKLOAD_STEP
2026-07-09 23:36:41.052816800+05:30,29.6,56,9.8,1185.06,53.44,135,315,RAMP,80.0,36.0,WORKLOAD_STEP
2026-07-09 23:36:43.330079600+05:30,29.6,53,9.7,1144.9,53.47,134,315,RAMP,80.0,36.0,WORKLOAD_STEP
2026-07-09 23:36:45.623975300+05:30,31.9,57,9.7,1134.84,53.47,134,315,RAMP,80.0,36.0,WORKLOAD_STEP
2026-07-09 23:36:47.920126200+05:30,30.8,56,9.9,1164.98,53.47,134,315,RAMP,80.0,36.0,WORKLOAD_STEP
2026-07-09 23:36:50.310840+05:30,30.6,57,9.8,1295.54,53.47,134,315,RAMP,80.0,36.0,WORKLOAD_STEP
2026-07-09 23:36:52.575320400+05:30,29.5,57,9.8,1165.0,53.45,134,315,RAMP,80.0,36.0,WORKLOAD_STEP
2026-07-09 23:36:54.995961900+05:30,29.2,57,9.8,1134.84,53.46,134,315,RAMP,80.0,36.0,WORKLOAD_STEP
2026-07-09 23:36:57.261132100+05:30,31.1,56,10.2,1114.76,53.47,136,315,RAMP,80.0,36.0,WORKLOAD_STEP
2026-07-09 23:36:59.690144600+05:30,30.7,57,9.8,1134.85,53.46,136,315,RAMP,80.0,36.0,WORKLOAD_STEP
2026-07-09 23:37:02.030278800+05:30,31.3,57,9.8,1265.4,53.46,136,314,RAMP,80.0,36.0,WORKLOAD_STEP
2026-07-09 23:37:04.384469800+05:30,29.8,56,9.6,1094.66,53.44,136,314,RAMP,80.0,36.0,WORKLOAD_STEP
2026-07-09 23:37:06.713206700+05:30,29.0,57,10.6,1315.62,53.43,136,314,RAMP,80.0,36.0,WORKLOAD_STEP
2026-07-09 23:37:09.005494700+05:30,31.3,58,10.5,1154.94,53.44,135,314,RAMP,80.0,36.0,WORKLOAD_STEP
2026-07-09 23:37:11.319210800+05:30,30.0,57,11.5,1154.95,53.44,134,314,RAMP,80.0,36.0,WORKLOAD_STEP
2026-07-09 23:37:13.646635500+05:30,30.3,56,10.4,1114.75,53.42,138,314,RAMP,80.0,36.0,WORKLOAD_STEP
2026-07-09 23:37:15.944297300+05:30,28.6,55,9.7,1355.81,53.43,138,312,RAMP,80.0,36.0,WORKLOAD_STEP
2026-07-09 23:37:18.212133600+05:30,30.2,57,10.0,1154.94,53.41,138,312,RAMP,80.0,36.0,WORKLOAD_STEP
2026-07-09 23:37:20.492744900+05:30,30.8,58,9.6,1124.79,53.42,138,312,RAMP,80.0,36.0,WORKLOAD_STEP
2026-07-09 23:37:22.802558300+05:30,31.2,56,11.1,1124.8,53.43,138,313,RAMP,80.0,36.0,WORKLOAD_STEP
2026-07-09 23:37:25.098657600+05:30,30.8,57,9.9,1094.66,53.49,139,313,RAMP,80.0,36.0,WORKLOAD_STEP
2026-07-09 23:37:27.416322600+05:30,29.1,55,10.2,1124.8,53.56,139,316,RAMP,80.0,36.0,WORKLOAD_STEP
2026-07-09 23:37:29.814656900+05:30,29.3,57,10.0,1205.17,53.6,139,315,RAMP,80.0,36.0,WORKLOAD_STEP
2026-07-09 23:37:32.231984900+05:30,34.0,56,11.3,1054.5,53.62,139,315,RAMP,60.0,37.0,WORKLOAD_STEP
2026-07-09 23:37:34.423495600+05:30,34.9,57,11.5,1195.1,53.65,139,315,RAMP,60.0,37.0,WORKLOAD_STEP
2026-07-09 23:37:36.629348+05:30,89.7,36,44.4,3053.12,53.7,141,315,RAMP,60.0,37.0,WORKLOAD_STEP
2026-07-09 23:37:38.665455100+05:30,71.3,40,37.8,2882.38,52.96,142,315,RAMP,60.0,37.0,WORKLOAD_STEP
2026-07-09 23:37:40.699245900+05:30,65.1,42,33.7,2530.86,52.96,142,315,RAMP,60.0,37.0,WORKLOAD_STEP
2026-07-09 23:37:42.729063300+05:30,75.5,39,35.3,2882.38,53.16,140,317,RAMP,60.0,37.0,WORKLOAD_STEP
2026-07-09 23:37:44.760383800+05:30,66.4,39,36.4,2530.86,53.13,140,317,RAMP,60.0,37.0,WORKLOAD_STEP
2026-07-09 23:37:46.791017900+05:30,64.3,36,34.6,2530.86,53.13,140,317,RAMP,60.0,37.0,WORKLOAD_STEP
2026-07-09 23:37:48.825718700+05:30,64.7,36,34.5,2882.38,53.1,140,316,RAMP,60.0,37.0,WORKLOAD_STEP
2026-07-09 23:37:50.853987700+05:30,62.5,35,35.9,2530.86,53.1,140,316,RAMP,60.0,37.0,WORKLOAD_STEP
2026-07-09 23:37:52.883219600+05:30,64.0,38,39.8,2701.6,53.1,140,316,RAMP,60.0,37.0,WORKLOAD_STEP
2026-07-09 23:37:54.914705200+05:30,65.4,38,34.4,2882.38,53.1,140,316,RAMP,60.0,37.0,WORKLOAD_STEP
2026-07-09 23:37:56.950755300+05:30,66.3,38,38.1,2882.38,53.16,141,317,RAMP,60.0,37.0,WORKLOAD_STEP
2026-07-09 23:37:58.985716900+05:30,63.4,42,37.7,2882.38,53.19,141,317,RAMP,60.0,37.0,WORKLOAD_STEP
2026-07-09 23:38:01.014950200+05:30,65.4,49,19.9,2671.48,53.2,141,317,RAMP,60.0,38.0,WORKLOAD_STEP
2026-07-09 23:38:03.044082500+05:30,62.0,34,34.2,2460.55,53.19,141,317,RAMP,60.0,38.0,WORKLOAD_STEP
2026-07-09 23:38:05.068629700+05:30,68.5,34,34.8,2681.51,52.6,141,317,RAMP,60.0,38.0,WORKLOAD_STEP
2026-07-09 23:38:07.096371300+05:30,65.8,34,34.0,2681.51,52.57,141,316,RAMP,60.0,38.0,WORKLOAD_STEP
2026-07-09 23:38:09.127290200+05:30,63.2,34,32.8,2681.51,52.57,140,316,RAMP,60.0,38.0,WORKLOAD_STEP
2026-07-09 23:38:11.165746100+05:30,63.5,44,35.4,2711.64,52.57,140,316,RAMP,60.0,38.0,WORKLOAD_STEP
2026-07-09 23:38:13.198784+05:30,62.4,40,29.1,2701.6,52.61,140,316,RAMP,60.0,38.0,WORKLOAD_STEP
2026-07-09 23:38:15.228085800+05:30,62.9,35,36.1,2711.64,52.57,139,316,RAMP,60.0,38.0,WORKLOAD_STEP
2026-07-09 23:38:17.255279+05:30,64.0,32,35.9,2550.95,52.56,139,316,RAMP,60.0,38.0,WORKLOAD_STEP
2026-07-09 23:38:19.284014200+05:30,65.9,32,35.8,2661.42,52.56,139,316,RAMP,60.0,38.0,WORKLOAD_STEP
2026-07-09 23:38:21.317002600+05:30,64.1,34,37.3,2711.64,52.56,139,316,RAMP,60.0,38.0,WORKLOAD_STEP
2026-07-09 23:38:23.348879400+05:30,68.6,34,36.4,2882.38,52.7,140,317,RAMP,60.0,38.0,WORKLOAD_STEP
2026-07-09 23:38:25.389623900+05:30,63.8,35,38.6,2872.34,52.72,141,317,RAMP,60.0,38.0,WORKLOAD_STEP
2026-07-09 23:38:27.417634900+05:30,67.1,40,38.3,2701.6,52.71,140,317,RAMP,40.0,39.0,WORKLOAD_STEP
2026-07-09 23:38:29.457312900+05:30,47.2,48,14.3,1737.44,52.71,140,317,RAMP,40.0,39.0,WORKLOAD_STEP
2026-07-09 23:38:31.527302300+05:30,49.2,39,17.5,1566.72,52.71,140,317,RAMP,40.0,39.0,WORKLOAD_STEP
2026-07-09 23:38:33.558783500+05:30,48.7,49,15.1,1375.88,52.69,140,317,RAMP,40.0,39.0,WORKLOAD_STEP
2026-07-09 23:38:35.596326500+05:30,50.8,46,17.4,1837.88,52.79,142,315,RAMP,40.0,39.0,WORKLOAD_STEP
2026-07-09 23:38:37.648414400+05:30,44.9,48,21.5,1697.27,52.64,143,314,RAMP,40.0,39.0,WORKLOAD_STEP
2026-07-09 23:38:39.688100900+05:30,48.5,46,24.5,2099.0,52.66,143,313,RAMP,40.0,39.0,WORKLOAD_STEP
2026-07-09 23:38:41.724564600+05:30,45.4,48,21.0,1868.0,52.61,143,313,RAMP,40.0,39.0,WORKLOAD_STEP
2026-07-09 23:38:43.759230800+05:30,51.9,46,18.8,1295.54,52.63,143,313,RAMP,40.0,39.0,WORKLOAD_STEP
2026-07-09 23:38:45.816728500+05:30,44.9,48,18.8,1928.27,52.61,143,313,RAMP,40.0,39.0,WORKLOAD_STEP
2026-07-09 23:38:47.851782900+05:30,46.9,49,19.9,1928.26,52.62,143,313,RAMP,40.0,39.0,WORKLOAD_STEP
2026-07-09 23:38:49.882716200+05:30,47.6,46,22.7,1857.96,52.61,143,313,RAMP,40.0,39.0,WORKLOAD_STEP
2026-07-09 23:38:51.913033100+05:30,43.6,42,26.3,2691.56,52.62,143,313,RAMP,40.0,39.0,WORKLOAD_STEP
2026-07-09 23:38:53.945016800+05:30,47.3,45,24.5,2711.64,52.58,143,313,RAMP,40.0,39.0,WORKLOAD_STEP
2026-07-09 23:38:55.990870300+05:30,45.4,42,30.1,2510.78,52.55,141,313,RAMP,40.0,39.0,WORKLOAD_STEP
2026-07-09 23:38:58.019992500+05:30,44.7,44,27.0,2038.73,52.55,141,313,RAMP,40.0,39.0,WORKLOAD_STEP
2026-07-09 23:39:00.048127+05:30,44.4,44,29.0,2058.83,52.57,141,313,RAMP,40.0,39.0,WORKLOAD_STEP
2026-07-09 23:39:02.091727400+05:30,48.6,40,25.3,1687.23,52.56,141,313,RAMP,40.0,39.0,WORKLOAD_STEP
2026-07-09 23:39:04.130362700+05:30,45.9,49,18.0,1637.01,52.56,141,313,RAMP,40.0,39.0,WORKLOAD_STEP
2026-07-09 23:39:06.173459200+05:30,60.1,49,23.9,2219.51,52.74,141,313,RAMP,40.0,39.0,WORKLOAD_STEP
2026-07-09 23:39:08.202529200+05:30,49.9,50,18.9,1727.4,52.73,142,313,RAMP,40.0,39.0,WORKLOAD_STEP
2026-07-09 23:39:10.238061100+05:30,48.3,48,24.3,2129.14,52.65,142,312,RAMP,40.0,39.0,WORKLOAD_STEP
2026-07-09 23:39:12.279242200+05:30,44.8,38,26.1,2058.82,52.64,142,312,RAMP,40.0,39.0,WORKLOAD_STEP
2026-07-09 23:39:14.309206300+05:30,43.6,40,27.8,1857.96,52.65,142,312,RAMP,40.0,39.0,WORKLOAD_STEP
2026-07-09 23:39:16.344150600+05:30,43.7,39,28.7,2701.59,52.64,142,312,RAMP,40.0,39.0,WORKLOAD_STEP
2026-07-09 23:39:18.372009+05:30,47.5,42,30.5,2520.81,52.64,142,312,RAMP,40.0,39.0,WORKLOAD_STEP
2026-07-09 23:39:20.402067400+05:30,45.0,38,31.2,2360.12,52.63,142,312,RAMP,40.0,39.0,WORKLOAD_STEP
2026-07-09 23:39:22.434678700+05:30,45.6,42,30.6,2008.6,52.63,142,312,RAMP,40.0,39.0,WORKLOAD_STEP
2026-07-09 23:39:24.463696800+05:30,44.2,46,27.3,2370.17,52.62,143,312,RAMP,40.0,39.0,WORKLOAD_STEP
2026-07-09 23:39:26.502789100+05:30,46.8,42,26.0,2169.3,52.57,143,311,RAMP,40.0,39.0,WORKLOAD_STEP
2026-07-09 23:39:28.534204700+05:30,44.5,39,28.6,2330.0,52.53,142,311,RAMP,40.0,39.0,WORKLOAD_STEP
2026-07-09 23:39:30.560931+05:30,45.4,38,32.0,2179.34,52.52,141,311,RAMP,40.0,39.0,WORKLOAD_STEP
2026-07-09 23:39:32.592127100+05:30,43.5,38,32.2,1817.78,52.52,141,311,RAMP,40.0,39.0,WORKLOAD_STEP
2026-07-09 23:39:34.622653+05:30,43.4,38,31.0,2360.12,52.52,141,311,RAMP,40.0,39.0,WORKLOAD_STEP
2026-07-09 23:39:36.653880200+05:30,43.8,38,29.0,2530.86,52.53,149,311,RAMP,40.0,39.0,WORKLOAD_STEP
2026-07-09 23:39:38.685882200+05:30,41.5,39,31.4,2329.99,52.54,149,311,RAMP,40.0,39.0,WORKLOAD_STEP
2026-07-09 23:39:40.721321400+05:30,45.1,39,30.7,2882.38,52.27,149,311,RAMP,40.0,39.0,WORKLOAD_STEP
2026-07-09 23:39:42.749826400+05:30,44.4,46,27.4,2380.21,51.99,147,311,RAMP,40.0,39.0,WORKLOAD_STEP
2026-07-09 23:39:44.782976300+05:30,46.6,40,27.8,2440.47,51.99,145,311,RAMP,40.0,39.0,WORKLOAD_STEP
2026-07-09 23:39:46.812773+05:30,44.5,39,30.1,2711.64,52.0,145,311,RAMP,40.0,39.0,WORKLOAD_STEP
2026-07-09 23:39:48.842813300+05:30,44.8,38,29.4,2350.08,51.99,145,311,RAMP,40.0,39.0,WORKLOAD_STEP
2026-07-09 23:39:50.871153+05:30,43.3,38,31.0,2530.86,52.0,145,311,RAMP,40.0,39.0,WORKLOAD_STEP
2026-07-09 23:39:52.903872900+05:30,48.9,35,32.2,2350.08,52.01,145,311,RAMP,40.0,39.0,WORKLOAD_STEP
2026-07-09 23:39:54.933313500+05:30,45.5,39,30.4,2179.34,52.0,145,311,RAMP,40.0,39.0,WORKLOAD_STEP
2026-07-09 23:39:56.967298500+05:30,48.1,39,30.4,2350.08,52.01,144,311,RAMP,40.0,39.0,WORKLOAD_STEP
2026-07-09 23:39:58.996715900+05:30,43.5,35,32.6,2681.52,52.0,144,311,RAMP,40.0,39.0,WORKLOAD_STEP
2026-07-09 23:40:01.027455200+05:30,43.0,38,31.5,2691.56,52.01,144,311,RAMP,40.0,39.0,WORKLOAD_STEP
2026-07-09 23:40:03.058427800+05:30,44.1,36,29.1,2189.38,52.0,143,311,RAMP,40.0,39.0,WORKLOAD_STEP
2026-07-09 23:40:05.086547+05:30,47.6,38,31.3,2882.38,52.01,143,311,RAMP,40.0,39.0,WORKLOAD_STEP
2026-07-09 23:40:07.119337900+05:30,45.4,40,30.4,2530.86,52.02,142,311,RAMP,40.0,39.0,WORKLOAD_STEP
2026-07-09 23:40:09.157877200+05:30,45.9,42,31.1,2470.59,52.01,142,311,RAMP,40.0,39.0,WORKLOAD_STEP
2026-07-09 23:40:11.195809300+05:30,43.9,39,31.2,2510.78,52.02,143,311,RAMP,40.0,39.0,WORKLOAD_STEP
2026-07-09 23:40:13.224957+05:30,45.5,40,30.4,2510.78,52.02,143,311,RAMP,40.0,39.0,WORKLOAD_STEP
2026-07-09 23:40:15.257993600+05:30,44.6,39,28.0,2530.86,52.02,143,311,RAMP,40.0,39.0,WORKLOAD_STEP
2026-07-09 23:40:17.287041700+05:30,47.0,40,29.9,2530.86,52.02,143,311,RAMP,40.0,40.0,WORKLOAD_STEP
2026-07-09 23:40:19.339699400+05:30,50.5,51,15.5,2129.14,52.02,143,311,RAMP,40.0,40.0,WORKLOAD_STEP
2026-07-09 23:40:21.374022800+05:30,48.1,51,15.4,1225.24,52.02,143,311,RAMP,40.0,40.0,WORKLOAD_STEP
2026-07-09 23:40:23.429659700+05:30,47.3,45,20.7,1787.65,52.03,143,311,RAMP,40.0,40.0,WORKLOAD_STEP
2026-07-09 23:40:25.495575600+05:30,46.6,48,16.4,1546.62,52.02,143,311,RAMP,40.0,40.0,WORKLOAD_STEP
2026-07-09 23:40:27.541571700+05:30,47.4,52,16.8,1767.58,52.03,143,311,RAMP,40.0,40.0,WORKLOAD_STEP
2026-07-09 23:40:29.592580100+05:30,50.5,40,18.5,2360.12,52.12,143,317,RAMP,40.0,40.0,WORKLOAD_STEP
2026-07-09 23:40:31.624311900+05:30,54.2,42,35.1,2872.34,52.41,143,317,RAMP,40.0,40.0,WORKLOAD_STEP
2026-07-09 23:40:33.651808300+05:30,50.1,40,33.2,2520.82,52.52,143,317,RAMP,40.0,40.0,WORKLOAD_STEP
2026-07-09 23:40:35.681060700+05:30,55.7,40,36.1,2882.38,52.54,143,320,RAMP,40.0,40.0,WORKLOAD_STEP
2026-07-09 23:40:37.713572500+05:30,43.6,39,31.2,3053.12,52.5,143,320,RAMP,40.0,40.0,WORKLOAD_STEP
2026-07-09 23:40:39.746214800+05:30,48.8,40,30.2,2882.38,52.5,143,320,RAMP,40.0,40.0,WORKLOAD_STEP
2026-07-09 23:40:41.783356900+05:30,46.7,40,31.1,2350.08,52.5,143,320,RAMP,40.0,40.0,WORKLOAD_STEP
2026-07-09 23:40:43.812183200+05:30,44.1,42,30.3,2510.78,52.5,143,320,RAMP,40.0,40.0,WORKLOAD_STEP
2026-07-09 23:40:45.843404900+05:30,45.2,48,24.7,1998.56,52.47,143,319,RAMP,40.0,40.0,WORKLOAD_STEP
2026-07-09 23:40:47.871654900+05:30,42.8,42,25.4,1476.32,52.47,142,319,RAMP,40.0,40.0,WORKLOAD_STEP
2026-07-09 23:40:49.908650+05:30,44.0,38,26.8,2360.12,52.47,142,319,RAMP,40.0,40.0,WORKLOAD_STEP
2026-07-09 23:40:51.943381300+05:30,44.2,36,29.1,2169.3,52.47,141,319,RAMP,40.0,40.0,WORKLOAD_STEP
2026-07-09 23:40:53.972356800+05:30,48.1,39,30.0,2882.38,52.47,141,319,RAMP,40.0,40.0,WORKLOAD_STEP
2026-07-09 23:40:56.007705900+05:30,45.6,42,31.7,2169.3,52.55,141,319,RAMP,40.0,40.0,WORKLOAD_STEP
2026-07-09 23:40:58.037317600+05:30,48.4,44,29.7,2309.9,52.54,141,319,RAMP,40.0,40.0,WORKLOAD_STEP
2026-07-09 23:41:00.068115600+05:30,43.9,44,30.8,2360.12,52.55,141,319,RAMP,40.0,40.0,WORKLOAD_STEP
2026-07-09 23:41:02.099822100+05:30,45.3,36,28.6,2470.6,52.54,141,319,RAMP,40.0,40.0,WORKLOAD_STEP
2026-07-09 23:41:04.134437100+05:30,45.0,38,28.6,2621.25,52.54,141,319,RAMP,40.0,40.0,WORKLOAD_STEP
2026-07-09 23:41:06.168551500+05:30,47.1,40,26.4,2309.9,52.53,141,319,RAMP,40.0,40.0,WORKLOAD_STEP
2026-07-09 23:41:08.198718100+05:30,47.5,48,30.0,2159.25,52.54,142,319,RAMP,40.0,40.0,WORKLOAD_STEP
2026-07-09 23:41:10.248169+05:30,46.9,42,28.5,2761.86,52.54,142,319,RAMP,40.0,40.0,WORKLOAD_STEP
2026-07-09 23:41:12.279860800+05:30,43.5,44,30.3,3053.12,52.54,142,319,RAMP,40.0,40.0,WORKLOAD_STEP
2026-07-09 23:41:14.310450400+05:30,44.0,45,28.7,2872.34,52.53,142,319,RAMP,40.0,40.0,WORKLOAD_STEP
2026-07-09 23:41:16.340270100+05:30,44.2,42,29.9,2530.86,52.53,142,318,RAMP,40.0,40.0,WORKLOAD_STEP
2026-07-09 23:41:18.371490700+05:30,46.6,39,31.3,2530.86,52.54,141,318,RAMP,40.0,40.0,WORKLOAD_STEP
2026-07-09 23:41:20.406693700+05:30,47.3,39,31.8,2520.82,52.54,141,318,RAMP,40.0,40.0,WORKLOAD_STEP
2026-07-09 23:41:22.439292500+05:30,43.2,39,31.9,2360.12,52.54,141,318,RAMP,40.0,40.0,WORKLOAD_STEP
2026-07-09 23:41:24.472885800+05:30,42.9,42,27.9,2882.38,52.53,142,318,RAMP,40.0,40.0,WORKLOAD_STEP
2026-07-09 23:41:26.510368300+05:30,43.1,42,30.9,2279.77,52.54,142,318,RAMP,40.0,40.0,WORKLOAD_STEP
2026-07-09 23:41:28.548224100+05:30,45.8,48,28.3,2701.6,52.53,141,318,RAMP,40.0,40.0,WORKLOAD_STEP
2026-07-09 23:41:30.584500+05:30,45.4,46,30.9,2189.38,52.4,141,316,RAMP,40.0,40.0,WORKLOAD_STEP
2026-07-09 23:41:32.617222600+05:30,44.7,40,32.5,2350.08,52.39,141,316,RAMP,40.0,40.0,WORKLOAD_STEP
2026-07-09 23:41:34.645179300+05:30,43.4,39,34.4,2530.86,52.39,141,316,RAMP,40.0,40.0,WORKLOAD_STEP
2026-07-09 23:41:36.673350500+05:30,43.5,39,32.5,2530.86,52.34,141,314,RAMP,40.0,40.0,WORKLOAD_STEP
2026-07-09 23:41:38.708492500+05:30,45.2,39,32.2,2520.82,52.43,141,316,RAMP,40.0,40.0,WORKLOAD_STEP
2026-07-09 23:41:40.750313600+05:30,47.3,38,33.1,2350.08,52.41,141,316,RAMP,40.0,40.0,WORKLOAD_STEP
2026-07-09 23:41:42.782264400+05:30,45.6,42,31.3,2299.86,52.4,140,316,RAMP,40.0,40.0,WORKLOAD_STEP
2026-07-09 23:41:44.811170500+05:30,47.4,45,30.1,2400.3,52.4,140,316,RAMP,40.0,40.0,WORKLOAD_STEP
2026-07-09 23:41:46.839110100+05:30,42.6,42,28.4,2550.95,52.4,139,316,RAMP,40.0,40.0,WORKLOAD_STEP
2026-07-09 23:41:48.874538400+05:30,45.0,45,30.0,2520.82,52.4,139,316,RAMP,40.0,40.0,WORKLOAD_STEP
2026-07-09 23:41:50.909876700+05:30,41.8,36,29.8,2350.08,52.41,140,316,RAMP,40.0,40.0,WORKLOAD_STEP
2026-07-09 23:41:52.939426500+05:30,49.0,38,31.7,2691.56,52.41,140,316,RAMP,40.0,40.0,WORKLOAD_STEP
2026-07-09 23:41:54.977191600+05:30,46.6,35,30.3,2530.86,52.41,140,316,RAMP,40.0,40.0,WORKLOAD_STEP
2026-07-09 23:41:57.005129600+05:30,48.2,35,31.3,2872.34,52.42,140,316,RAMP,40.0,40.0,WORKLOAD_STEP
2026-07-09 23:41:59.032424700+05:30,42.3,40,30.7,2530.86,52.41,140,316,RAMP,40.0,40.0,WORKLOAD_STEP
2026-07-09 23:42:01.071557600+05:30,43.9,42,30.9,2701.6,52.41,141,315,RAMP,40.0,40.0,WORKLOAD_STEP
2026-07-09 23:42:03.100922800+05:30,42.3,44,30.0,2400.29,52.41,141,315,RAMP,40.0,40.0,WORKLOAD_STEP
2026-07-09 23:42:05.131695900+05:30,45.9,48,26.6,2209.47,52.42,140,315,RAMP,40.0,40.0,WORKLOAD_STEP
2026-07-09 23:42:07.158951600+05:30,45.6,44,31.6,2179.34,52.41,140,315,RAMP,20.0,41.0,WORKLOAD_STEP
2026-07-09 23:42:09.221586200+05:30,29.3,51,10.9,1335.73,52.46,140,315,RAMP,20.0,41.0,WORKLOAD_STEP
2026-07-09 23:42:11.271842300+05:30,32.3,56,10.9,1335.74,52.41,139,315,RAMP,20.0,41.0,WORKLOAD_STEP
2026-07-09 23:42:13.331800100+05:30,26.4,53,10.4,1114.76,52.41,139,315,RAMP,20.0,41.0,WORKLOAD_STEP
2026-07-09 23:42:15.366382700+05:30,30.9,53,12.0,1124.8,52.41,139,315,RAMP,20.0,41.0,WORKLOAD_STEP
2026-07-09 23:42:17.405534+05:30,26.2,53,11.4,1295.55,52.41,139,315,RAMP,20.0,41.0,WORKLOAD_STEP
2026-07-09 23:42:19.470525900+05:30,32.1,54,12.4,1175.02,52.41,139,315,RAMP,20.0,41.0,WORKLOAD_STEP
2026-07-09 23:42:21.505836500+05:30,28.8,55,12.3,1325.67,52.4,139,315,RAMP,20.0,41.0,WORKLOAD_STEP
2026-07-09 23:42:23.564666800+05:30,28.3,55,12.9,1195.11,52.41,139,315,RAMP,20.0,41.0,WORKLOAD_STEP
2026-07-09 23:42:25.636002800+05:30,27.9,55,13.1,1385.93,52.48,140,315,RAMP,20.0,41.0,WORKLOAD_STEP
2026-07-09 23:42:27.675353400+05:30,32.5,52,13.6,1305.59,52.42,139,316,RAMP,20.0,41.0,WORKLOAD_STEP
2026-07-09 23:42:29.740996500+05:30,27.8,54,12.9,1285.49,52.4,139,316,RAMP,20.0,41.0,WORKLOAD_STEP
2026-07-09 23:42:31.772380900+05:30,37.1,50,14.1,1164.97,52.48,140,316,RAMP,20.0,41.0,WORKLOAD_STEP
2026-07-09 23:42:33.814997600+05:30,28.7,53,13.4,1546.62,52.45,140,316,RAMP,20.0,41.0,WORKLOAD_STEP
2026-07-09 23:42:35.879887300+05:30,32.1,54,12.4,1305.59,52.45,135,316,RAMP,20.0,41.0,WORKLOAD_STEP
2026-07-09 23:42:37.909388400+05:30,27.4,54,14.5,1185.06,52.32,135,314,RAMP,20.0,41.0,WORKLOAD_STEP
2026-07-09 23:42:39.969549100+05:30,30.5,53,12.8,1225.24,52.36,135,314,RAMP,20.0,41.0,WORKLOAD_STEP
2026-07-09 23:42:42.019263700+05:30,30.2,51,14.3,1687.22,52.32,135,314,RAMP,20.0,41.0,WORKLOAD_STEP
2026-07-09 23:42:44.051212900+05:30,31.6,51,14.9,1345.75,52.31,135,313,RAMP,20.0,41.0,WORKLOAD_STEP
2026-07-09 23:42:46.086639+05:30,28.7,49,14.9,1476.31,52.31,135,313,RAMP,20.0,41.0,WORKLOAD_STEP
2026-07-09 23:42:48.126151900+05:30,25.3,53,15.1,1154.94,52.31,135,313,RAMP,20.0,41.0,WORKLOAD_STEP
2026-07-09 23:42:50.173691400+05:30,29.1,49,15.6,1375.9,52.3,135,313,RAMP,20.0,41.0,WORKLOAD_STEP
2026-07-09 23:42:52.200707500+05:30,30.2,52,15.1,1556.66,52.3,135,312,RAMP,20.0,41.0,WORKLOAD_STEP
2026-07-09 23:42:54.258668+05:30,30.9,49,18.2,1626.97,52.29,135,312,RAMP,20.0,41.0,WORKLOAD_STEP
2026-07-09 23:42:56.301888+05:30,26.4,51,17.9,1456.22,52.3,134,312,RAMP,20.0,41.0,WORKLOAD_STEP
2026-07-09 23:42:58.326764300+05:30,27.2,46,18.5,1325.66,52.28,134,311,RAMP,20.0,41.0,WORKLOAD_STEP
2026-07-09 23:43:00.353225800+05:30,26.7,45,20.1,1898.13,52.28,134,311,RAMP,20.0,41.0,WORKLOAD_STEP
2026-07-09 23:43:02.402134400+05:30,24.3,46,22.2,2159.26,52.29,133,311,RAMP,20.0,41.0,WORKLOAD_STEP
2026-07-09 23:43:04.437200900+05:30,26.3,49,17.6,2329.99,52.28,133,311,RAMP,20.0,41.0,WORKLOAD_STEP
2026-07-09 23:43:06.467687700+05:30,29.5,50,19.2,1737.44,52.33,133,311,RAMP,20.0,41.0,WORKLOAD_STEP
2026-07-09 23:43:08.498000500+05:30,28.4,49,18.4,1747.48,52.28,133,311,RAMP,20.0,41.0,WORKLOAD_STEP
2026-07-09 23:43:10.544893400+05:30,26.4,48,21.1,1727.4,52.28,133,311,RAMP,20.0,41.0,WORKLOAD_STEP
2026-07-09 23:43:12.600200500+05:30,22.9,51,21.6,1898.12,52.28,133,311,RAMP,20.0,41.0,WORKLOAD_STEP
2026-07-09 23:43:14.629538+05:30,23.8,52,22.1,1928.25,52.27,133,311,RAMP,20.0,41.0,WORKLOAD_STEP
2026-07-09 23:43:16.660869200+05:30,25.9,52,23.3,2139.16,52.28,133,311,RAMP,20.0,41.0,WORKLOAD_STEP
2026-07-09 23:43:18.689643200+05:30,24.0,45,23.0,2139.16,52.28,132,311,RAMP,20.0,41.0,WORKLOAD_STEP
2026-07-09 23:43:20.714913800+05:30,25.3,45,22.1,2802.03,52.28,132,311,RAMP,20.0,41.0,WORKLOAD_STEP
2026-07-09 23:43:22.746814100+05:30,23.0,44,21.1,1827.82,52.28,132,311,RAMP,20.0,41.0,WORKLOAD_STEP
2026-07-09 23:43:24.779098500+05:30,27.0,42,21.8,1747.47,52.27,133,311,RAMP,20.0,41.0,WORKLOAD_STEP
2026-07-09 23:43:26.817034700+05:30,26.4,46,23.9,1807.74,52.28,133,311,RAMP,20.0,41.0,WORKLOAD_STEP
2026-07-09 23:43:28.846701900+05:30,29.5,48,21.5,2028.68,52.28,132,311,RAMP,20.0,41.0,WORKLOAD_STEP
2026-07-09 23:43:30.877465+05:30,24.6,48,22.3,1777.6,52.28,132,311,RAMP,20.0,41.0,WORKLOAD_STEP
2026-07-09 23:43:32.909917300+05:30,25.3,49,23.3,1817.78,52.23,132,309,RAMP,20.0,41.0,WORKLOAD_STEP
2026-07-09 23:43:34.942851400+05:30,24.0,50,21.9,2249.64,52.22,132,309,RAMP,20.0,41.0,WORKLOAD_STEP
2026-07-09 23:43:36.976117200+05:30,25.4,46,23.4,2159.25,52.22,132,309,RAMP,20.0,41.0,WORKLOAD_STEP
2026-07-09 23:43:39.006719300+05:30,22.6,52,22.9,2129.08,52.21,132,309,RAMP,20.0,41.0,WORKLOAD_STEP
2026-07-09 23:43:41.041698300+05:30,27.3,42,22.3,1576.74,52.21,132,309,RAMP,20.0,41.0,WORKLOAD_STEP
2026-07-09 23:43:43.075140200+05:30,25.6,45,22.8,2601.17,52.22,132,309,RAMP,20.0,41.0,WORKLOAD_STEP
2026-07-09 23:43:45.102096300+05:30,23.0,44,23.0,2078.9,52.22,132,309,RAMP,20.0,41.0,WORKLOAD_STEP
2026-07-09 23:43:47.132200900+05:30,27.3,48,22.4,1988.52,52.22,132,309,RAMP,20.0,41.0,WORKLOAD_STEP
2026-07-09 23:43:49.156305200+05:30,23.5,44,22.0,1908.17,52.22,132,309,RAMP,20.0,41.0,WORKLOAD_STEP
2026-07-09 23:43:51.181557100+05:30,29.2,42,22.3,1928.25,52.22,132,309,RAMP,20.0,41.0,WORKLOAD_STEP
2026-07-09 23:43:53.213237600+05:30,26.5,42,21.4,1797.69,52.23,132,309,RAMP,20.0,41.0,WORKLOAD_STEP
2026-07-09 23:43:55.239909800+05:30,25.2,42,23.1,2068.86,52.22,132,309,RAMP,20.0,41.0,WORKLOAD_STEP
2026-07-09 23:43:57.279652500+05:30,25.0,48,22.2,2430.42,52.2,132,309,RAMP,20.0,41.0,WORKLOAD_STEP
2026-07-09 23:43:59.308502600+05:30,29.4,48,22.9,2098.99,52.22,132,309,RAMP,20.0,41.0,WORKLOAD_STEP
2026-07-09 23:44:01.338941800+05:30,23.3,42,23.3,1817.78,52.2,132,309,RAMP,20.0,41.0,WORKLOAD_STEP
2026-07-09 23:44:03.364581900+05:30,24.3,48,23.5,2299.86,52.21,132,309,RAMP,20.0,41.0,WORKLOAD_STEP
2026-07-09 23:44:05.397077300+05:30,26.7,40,22.7,1747.47,52.19,132,309,RAMP,20.0,41.0,WORKLOAD_STEP
2026-07-09 23:44:07.424147900+05:30,25.7,42,23.4,1938.3,52.23,132,309,RAMP,20.0,41.0,WORKLOAD_STEP
2026-07-09 23:44:09.449735500+05:30,28.2,44,21.1,1857.96,52.22,132,309,RAMP,20.0,41.0,WORKLOAD_STEP
2026-07-09 23:44:11.485008+05:30,23.5,42,22.7,1857.96,52.22,132,309,RAMP,20.0,41.0,WORKLOAD_STEP
2026-07-09 23:44:13.513202100+05:30,23.9,42,21.7,1918.22,52.22,132,309,RAMP,20.0,41.0,WORKLOAD_STEP
2026-07-09 23:44:15.556667900+05:30,26.9,40,22.3,2199.44,52.22,132,309,RAMP,20.0,41.0,WORKLOAD_STEP
2026-07-09 23:44:17.585603400+05:30,27.5,42,21.3,1707.31,52.2,132,309,RAMP,20.0,41.0,WORKLOAD_STEP
2026-07-09 23:44:19.620082900+05:30,22.3,42,23.9,2028.7,52.19,132,309,RAMP,20.0,41.0,WORKLOAD_STEP
2026-07-09 23:44:21.656448700+05:30,25.8,42,20.4,2018.66,52.23,132,309,RAMP,20.0,41.0,WORKLOAD_STEP
2026-07-09 23:44:23.685846400+05:30,26.4,45,22.2,1988.52,52.22,132,309,RAMP,20.0,41.0,WORKLOAD_STEP
2026-07-09 23:44:25.722362700+05:30,26.5,44,21.0,1677.17,52.23,132,309,RAMP,20.0,41.0,WORKLOAD_STEP
2026-07-09 23:44:27.761013300+05:30,25.1,40,21.1,1747.48,52.22,132,309,RAMP,20.0,41.0,WORKLOAD_STEP
2026-07-09 23:44:29.785242900+05:30,26.7,42,21.1,1757.54,52.27,132,309,RAMP,20.0,41.0,WORKLOAD_STEP
2026-07-09 23:44:31.824937400+05:30,23.7,42,22.3,1878.04,52.22,132,309,RAMP,20.0,41.0,WORKLOAD_STEP
2026-07-09 23:44:33.853825800+05:30,23.5,42,20.8,1697.28,52.22,132,309,RAMP,20.0,41.0,WORKLOAD_STEP
2026-07-09 23:44:35.884044100+05:30,22.8,42,21.1,2209.47,52.2,132,309,RAMP,20.0,41.0,WORKLOAD_STEP
2026-07-09 23:44:37.909793400+05:30,22.2,42,21.6,2209.47,52.2,132,309,RAMP,20.0,41.0,WORKLOAD_STEP
2026-07-09 23:44:39.938796800+05:30,27.5,48,21.4,2189.38,52.21,132,309,RAMP,20.0,41.0,WORKLOAD_STEP
2026-07-09 23:44:41.992232300+05:30,25.0,42,22.8,2259.68,52.2,132,309,RAMP,20.0,41.0,WORKLOAD_STEP
2026-07-09 23:44:44.020356500+05:30,26.2,40,22.5,1817.78,52.2,132,309,RAMP,20.0,41.0,WORKLOAD_STEP
2026-07-09 23:44:46.051788700+05:30,22.6,45,23.1,1968.44,52.19,132,309,RAMP,20.0,41.0,WORKLOAD_STEP
2026-07-09 23:44:48.076772900+05:30,26.6,42,20.4,1948.34,52.2,132,309,RAMP,20.0,41.0,WORKLOAD_STEP
2026-07-09 23:44:50.105537+05:30,24.8,50,19.4,1636.99,52.2,132,309,RAMP,20.0,41.0,WORKLOAD_STEP
2026-07-09 23:44:52.130651300+05:30,26.4,46,20.1,1205.14,52.21,132,309,RAMP,20.0,41.0,WORKLOAD_STEP
2026-07-09 23:44:54.161614700+05:30,24.8,44,19.7,2500.74,52.2,132,309,RAMP,20.0,41.0,WORKLOAD_STEP
2026-07-09 23:44:56.200293900+05:30,24.2,40,22.9,1998.56,52.19,132,309,RAMP,20.0,41.0,WORKLOAD_STEP
2026-07-09 23:44:58.241580300+05:30,22.5,42,22.5,1988.52,52.18,132,309,RAMP,20.0,41.0,WORKLOAD_STEP
2026-07-09 23:45:00.271033900+05:30,23.1,46,22.2,1637.0,52.21,132,309,RAMP,20.0,41.0,WORKLOAD_STEP
2026-07-09 23:45:02.305427900+05:30,24.7,45,20.7,1847.91,52.19,132,309,RAMP,20.0,41.0,WORKLOAD_STEP
2026-07-09 23:45:04.340533100+05:30,26.2,42,22.5,2289.83,52.2,132,309,RAMP,20.0,41.0,WORKLOAD_STEP
2026-07-09 23:45:06.365142600+05:30,26.7,42,21.0,1978.48,52.19,132,309,RAMP,20.0,41.0,WORKLOAD_STEP
2026-07-09 23:45:08.393600600+05:30,24.3,44,22.7,1918.22,52.2,132,309,RAMP,20.0,42.0,WORKLOAD_STEP
2026-07-09 23:45:10.430439800+05:30,29.8,51,12.3,1084.63,52.21,132,309,RAMP,20.0,42.0,WORKLOAD_STEP
2026-07-09 23:45:12.495288800+05:30,25.2,48,11.1,1134.85,52.2,132,309,RAMP,20.0,42.0,WORKLOAD_STEP
2026-07-09 23:45:14.549306400+05:30,29.0,49,11.0,1144.89,52.2,132,309,RAMP,20.0,42.0,WORKLOAD_STEP
2026-07-09 23:45:16.584199400+05:30,27.5,51,10.8,1164.98,52.21,133,309,RAMP,20.0,42.0,WORKLOAD_STEP
2026-07-09 23:45:18.619011600+05:30,30.3,51,12.7,1426.1,52.21,133,309,RAMP,20.0,42.0,WORKLOAD_STEP
2026-07-09 23:45:20.673640300+05:30,29.9,51,12.2,1426.12,52.21,133,309,RAMP,20.0,42.0,WORKLOAD_STEP
2026-07-09 23:45:22.704706300+05:30,28.9,51,13.2,1456.23,52.21,133,309,RAMP,20.0,42.0,WORKLOAD_STEP
2026-07-09 23:45:24.738207600+05:30,28.7,52,11.6,1315.62,52.05,134,309,RAMP,20.0,42.0,WORKLOAD_STEP
2026-07-09 23:45:26.792111200+05:30,29.2,51,11.8,1436.15,52.09,134,309,RAMP,20.0,42.0,WORKLOAD_STEP
2026-07-09 23:45:28.838758300+05:30,30.0,51,11.9,1305.59,52.05,133,309,RAMP,20.0,42.0,WORKLOAD_STEP
2026-07-09 23:45:30.874249100+05:30,26.5,51,12.2,1355.82,52.05,133,309,RAMP,20.0,42.0,WORKLOAD_STEP
2026-07-09 23:45:32.939423700+05:30,30.5,52,12.6,1084.62,52.05,133,309,RAMP,20.0,42.0,WORKLOAD_STEP
2026-07-09 23:45:34.986050500+05:30,27.7,51,12.2,1516.49,52.05,133,309,RAMP,20.0,42.0,WORKLOAD_STEP
2026-07-09 23:45:37.023796300+05:30,33.1,52,14.9,1134.86,52.06,134,309,RAMP,20.0,42.0,WORKLOAD_STEP
2026-07-09 23:45:39.087815400+05:30,29.7,52,12.4,1325.67,52.06,134,309,RAMP,20.0,42.0,WORKLOAD_STEP
2026-07-09 23:45:41.124100+05:30,30.5,48,12.7,1164.97,52.06,134,309,RAMP,20.0,42.0,WORKLOAD_STEP
2026-07-09 23:45:43.176371500+05:30,25.8,50,12.7,1245.32,52.06,134,309,RAMP,20.0,42.0,WORKLOAD_STEP
2026-07-09 23:45:45.235298500+05:30,28.7,51,14.9,1456.23,52.07,133,309,RAMP,20.0,42.0,WORKLOAD_STEP
2026-07-09 23:45:47.266312200+05:30,25.1,51,13.9,1566.71,52.06,133,309,RAMP,20.0,42.0,WORKLOAD_STEP
2026-07-09 23:45:49.291179300+05:30,24.4,52,14.2,1385.93,52.07,133,309,RAMP,20.0,42.0,WORKLOAD_STEP
2026-07-09 23:45:51.321548900+05:30,30.8,53,14.3,1375.88,52.06,133,308,RAMP,20.0,42.0,WORKLOAD_STEP
2026-07-09 23:45:53.387492+05:30,26.8,54,16.2,1185.05,52.07,133,308,RAMP,20.0,42.0,WORKLOAD_STEP
2026-07-09 23:45:55.417881200+05:30,28.1,45,13.0,1255.37,52.06,133,308,RAMP,20.0,42.0,WORKLOAD_STEP
2026-07-09 23:45:57.450702100+05:30,26.7,48,13.4,1144.9,52.07,133,308,RAMP,20.0,42.0,WORKLOAD_STEP
2026-07-09 23:45:59.532900700+05:30,28.3,46,14.3,1536.58,52.07,133,308,RAMP,20.0,42.0,WORKLOAD_STEP
2026-07-09 23:46:01.562560900+05:30,26.3,50,13.4,1406.01,52.07,133,308,RAMP,20.0,42.0,WORKLOAD_STEP
2026-07-09 23:46:03.591822+05:30,27.0,52,13.5,1395.96,52.07,133,308,RAMP,20.0,42.0,WORKLOAD_STEP
2026-07-09 23:46:05.653389600+05:30,27.1,48,14.4,1928.26,52.07,133,308,RAMP,20.0,42.0,WORKLOAD_STEP
2026-07-09 23:46:07.688687100+05:30,26.2,51,13.9,1747.5,52.07,133,308,RAMP,20.0,42.0,WORKLOAD_STEP
2026-07-09 23:46:09.719768200+05:30,24.2,52,16.1,1355.8,52.07,133,308,RAMP,20.0,42.0,WORKLOAD_STEP
2026-07-09 23:46:11.764580100+05:30,28.2,46,17.4,1647.04,52.06,133,308,RAMP,20.0,42.0,WORKLOAD_STEP
2026-07-09 23:46:13.817701300+05:30,24.2,49,18.3,1406.02,52.07,133,308,RAMP,20.0,42.0,WORKLOAD_STEP
2026-07-09 23:46:15.846759200+05:30,30.4,44,20.3,1466.26,52.07,133,308,RAMP,20.0,42.0,WORKLOAD_STEP
2026-07-09 23:46:17.873054400+05:30,24.5,44,20.3,1496.39,52.07,133,308,RAMP,0.0,43.0,WORKLOAD_STEP
2026-07-09 23:46:19.918124100+05:30,13.6,53,9.2,1436.14,52.07,133,308,RAMP,0.0,43.0,WORKLOAD_STEP
2026-07-09 23:46:21.965154400+05:30,6.6,55,8.7,1164.99,52.07,132,308,RAMP,0.0,43.0,WORKLOAD_STEP
2026-07-09 23:46:24.006482500+05:30,5.5,55,8.6,1144.88,52.11,132,308,RAMP,0.0,43.0,WORKLOAD_STEP
2026-07-09 23:46:26.062327+05:30,5.7,56,8.6,1195.11,52.04,132,308,RAMP,0.0,43.0,WORKLOAD_STEP
2026-07-09 23:46:28.111369600+05:30,8.5,55,8.8,1175.02,52.02,132,307,RAMP,0.0,43.0,WORKLOAD_STEP
2026-07-09 23:46:30.158944400+05:30,8.4,55,8.4,1164.99,52.04,132,307,RAMP,0.0,43.0,WORKLOAD_STEP
2026-07-09 23:46:32.206523500+05:30,8.5,57,8.4,1285.49,52.06,132,307,RAMP,0.0,43.0,WORKLOAD_STEP
2026-07-09 23:46:34.244680500+05:30,8.6,55,8.9,1205.16,52.07,132,307,RAMP,0.0,43.0,WORKLOAD_STEP
2026-07-09 23:46:36.285989900+05:30,4.8,56,8.5,1265.4,52.06,132,307,RAMP,0.0,43.0,WORKLOAD_STEP
2026-07-09 23:46:38.328535900+05:30,8.0,55,9.1,1245.32,52.07,132,309,RAMP,0.0,44.0,WORKLOAD_STEP
2026-07-09 23:46:40.399546800+05:30,22.0,54,12.8,1325.67,52.29,134,313,RAMP,0.0,44.0,WORKLOAD_STEP
2026-07-09 23:46:42.428275+05:30,12.5,57,9.8,2309.9,52.19,132,311,RAMP,0.0,44.0,WORKLOAD_STEP
2026-07-09 23:46:44.479521900+05:30,11.7,54,8.8,1275.45,52.18,132,311,RAMP,0.0,44.0,WORKLOAD_STEP
2026-07-09 23:46:46.524225500+05:30,7.1,58,8.9,1275.45,52.18,132,311,RAMP,0.0,44.0,WORKLOAD_STEP
2026-07-09 23:46:48.567689400+05:30,6.1,54,9.1,1225.24,52.17,132,311,RAMP,0.0,44.0,WORKLOAD_STEP
2026-07-09 23:46:50.601600900+05:30,5.5,56,8.8,1647.05,52.17,132,311,RAMP,0.0,44.0,WORKLOAD_STEP
2026-07-09 23:46:52.637802400+05:30,10.0,55,9.0,1335.72,52.17,132,311,RAMP,0.0,44.0,WORKLOAD_STEP
2026-07-09 23:46:54.693723600+05:30,7.1,55,9.8,1195.12,52.17,132,311,RAMP,0.0,44.0,WORKLOAD_STEP
2026-07-09 23:46:56.765286600+05:30,7.9,56,8.6,1275.45,52.18,132,311,RAMP,0.0,44.0,WORKLOAD_STEP
2026-07-09 23:46:58.811134200+05:30,6.0,56,8.9,1385.93,52.17,132,311,RAMP,0.0,44.0,WORKLOAD_STEP
2026-07-09 23:47:00.885856100+05:30,13.7,53,15.3,1847.9,52.36,132,319,RAMP,0.0,44.0,WORKLOAD_STEP
2026-07-09 23:47:02.919805200+05:30,11.6,51,14.1,1888.08,52.4,132,320,RAMP,0.0,44.0,WORKLOAD_STEP
2026-07-09 23:47:04.945925500+05:30,16.2,49,15.3,1707.29,52.42,132,320,RAMP,0.0,44.0,WORKLOAD_STEP
2026-07-09 23:47:06.974822900+05:30,11.9,53,14.3,1697.26,52.44,132,320,RAMP,0.0,44.0,WORKLOAD_STEP
2026-07-09 23:47:09.004723900+05:30,12.3,52,16.3,1596.83,52.6,132,320,RAMP,0.0,44.0,WORKLOAD_STEP
2026-07-09 23:47:11.032771400+05:30,11.2,52,16.5,1777.6,52.79,132,320,RAMP,0.0,44.0,WORKLOAD_STEP
2026-07-09 23:47:13.060526700+05:30,10.3,52,15.4,1888.08,52.87,132,320,RAMP,0.0,44.0,WORKLOAD_STEP
2026-07-09 23:47:15.095942+05:30,13.4,52,16.1,1767.57,52.92,132,320,RAMP,0.0,44.0,WORKLOAD_STEP
2026-07-09 23:47:17.126566400+05:30,11.7,48,14.4,2229.56,52.98,132,320,RAMP,0.0,44.0,WORKLOAD_STEP
2026-07-09 23:47:19.159815800+05:30,10.2,51,15.4,1797.69,52.93,132,320,RAMP,0.0,44.0,WORKLOAD_STEP
2026-07-09 23:47:21.186789400+05:30,10.5,52,15.4,1637.0,52.92,132,320,RAMP,0.0,44.0,WORKLOAD_STEP
2026-07-09 23:47:23.221706900+05:30,10.2,52,14.4,2229.55,52.92,132,320,RAMP,0.0,44.0,WORKLOAD_STEP
2026-07-09 23:47:25.250259300+05:30,9.7,48,14.2,1747.48,52.91,133,320,RAMP,0.0,44.0,WORKLOAD_STEP
2026-07-09 23:47:27.277134700+05:30,14.5,55,14.6,1757.52,52.88,133,320,RAMP,0.0,45.0,WORKLOAD_STEP
2026-07-09 23:47:29.316065800+05:30,12.0,51,15.3,1928.26,52.89,132,320,RAMP,0.0,45.0,WORKLOAD_STEP
2026-07-09 23:47:31.346298500+05:30,14.0,51,15.8,1737.44,52.96,132,320,RAMP,0.0,45.0,WORKLOAD_STEP
2026-07-09 23:47:33.374497800+05:30,19.4,55,16.1,1837.88,52.98,132,322,RAMP,0.0,45.0,WORKLOAD_STEP
2026-07-09 23:47:35.408421800+05:30,11.5,55,15.1,1757.52,53.11,134,322,RAMP,0.0,45.0,WORKLOAD_STEP
2026-07-09 23:47:37.434409900+05:30,14.6,53,15.3,1606.88,53.04,133,322,RAMP,0.0,45.0,WORKLOAD_STEP
2026-07-09 23:47:39.464029700+05:30,14.7,51,14.1,1426.09,53.05,133,322,RAMP,0.0,45.0,WORKLOAD_STEP
2026-07-09 23:47:41.490489400+05:30,14.0,52,14.6,1637.0,53.03,133,322,RAMP,0.0,45.0,WORKLOAD_STEP
2026-07-09 23:47:43.519508700+05:30,11.7,52,14.3,1817.78,53.07,132,322,RAMP,0.0,45.0,WORKLOAD_STEP
2026-07-09 23:47:45.560106100+05:30,11.0,55,15.8,1777.6,53.07,131,322,RAMP,0.0,45.0,WORKLOAD_STEP
2026-07-09 23:47:47.584520900+05:30,9.6,50,15.3,1878.03,53.09,131,322,RAMP,0.0,45.0,WORKLOAD_STEP
2026-07-09 23:47:49.610011800+05:30,11.1,46,16.3,1787.65,53.1,131,322,RAMP,0.0,45.0,WORKLOAD_STEP
2026-07-09 23:47:51.650615600+05:30,10.9,52,15.3,1757.52,53.14,131,322,RAMP,0.0,45.0,WORKLOAD_STEP
2026-07-09 23:47:53.685506700+05:30,10.9,49,15.7,1928.26,53.12,131,321,RAMP,0.0,45.0,WORKLOAD_STEP
2026-07-09 23:47:55.730037+05:30,9.4,48,15.2,1998.56,53.14,131,321,RAMP,0.0,45.0,WORKLOAD_STEP
2026-07-09 23:47:57.768203600+05:30,10.9,52,15.4,2169.3,53.18,131,321,RAMP,0.0,45.0,WORKLOAD_STEP
2026-07-09 23:47:59.805212700+05:30,10.9,51,16.8,1978.48,52.98,132,315,RAMP,0.0,45.0,WORKLOAD_STEP
2026-07-09 23:48:01.831902200+05:30,23.6,55,17.2,1717.35,52.42,132,315,RAMP,0.0,45.0,WORKLOAD_STEP
2026-07-09 23:48:03.858364200+05:30,12.1,51,15.7,1817.78,52.42,132,315,RAMP,0.0,45.0,WORKLOAD_STEP
2026-07-09 23:48:05.886080100+05:30,12.9,52,16.2,1626.95,52.35,132,315,RAMP,0.0,45.0,WORKLOAD_STEP
2026-07-09 23:48:07.916219800+05:30,10.6,52,16.1,1687.21,52.36,132,315,RAMP,0.0,45.0,WORKLOAD_STEP
2026-07-09 23:48:09.943104900+05:30,9.2,51,14.0,1847.93,52.38,132,315,RAMP,0.0,45.0,WORKLOAD_STEP
2026-07-09 23:48:11.970046600+05:30,9.2,51,14.9,2169.3,52.36,132,315,RAMP,0.0,45.0,WORKLOAD_STEP
2026-07-09 23:48:14.009954900+05:30,11.4,52,15.5,1466.26,52.39,132,315,RAMP,0.0,45.0,WORKLOAD_STEP
2026-07-09 23:48:16.043854200+05:30,10.7,45,14.5,1767.57,52.42,132,315,RAMP,0.0,45.0,WORKLOAD_STEP
2026-07-09 23:48:18.075008100+05:30,9.5,51,14.3,1898.12,52.39,132,315,RAMP,0.0,45.0,WORKLOAD_STEP
2026-07-09 23:48:20.103497500+05:30,10.7,53,10.5,1164.99,52.34,132,313,RAMP,0.0,45.0,WORKLOAD_STEP
2026-07-09 23:48:22.143520700+05:30,6.2,56,8.9,1395.97,52.33,132,313,RAMP,0.0,45.0,WORKLOAD_STEP
2026-07-09 23:48:24.197990900+05:30,8.5,56,9.4,1556.66,52.33,134,313,RAMP,0.0,45.0,WORKLOAD_STEP
2026-07-09 23:48:26.241998700+05:30,6.3,58,8.7,1245.32,52.33,134,313,RAMP,0.0,45.0,WORKLOAD_STEP
2026-07-09 23:48:28.280705100+05:30,13.7,55,9.8,1255.38,52.34,133,313,RAMP,0.0,45.0,WORKLOAD_STEP
2026-07-09 23:48:30.337608400+05:30,6.9,56,8.4,1426.1,52.34,133,313,RAMP,0.0,45.0,WORKLOAD_STEP
2026-07-09 23:48:32.386191+05:30,7.7,55,9.0,2028.69,52.34,133,313,RAMP,0.0,45.0,WORKLOAD_STEP
2026-07-09 23:48:34.434732200+05:30,6.9,55,8.8,1305.59,52.34,133,313,RAMP,0.0,45.0,WORKLOAD_STEP
2026-07-09 23:48:36.471919700+05:30,7.7,58,8.4,1275.45,52.34,133,313,RAMP,0.0,45.0,WORKLOAD_STEP
2026-07-09 23:48:38.525099800+05:30,9.3,56,9.8,1185.08,52.33,133,313,RAMP,0.0,45.0,WORKLOAD_STEP
2026-07-09 23:48:40.552975300+05:30,14.2,56,10.9,1606.88,52.37,133,313,RAMP,0.0,45.0,WORKLOAD_STEP
2026-07-09 23:48:42.587090300+05:30,8.0,55,9.0,1144.89,52.37,133,313,RAMP,0.0,45.0,WORKLOAD_STEP
2026-07-09 23:48:44.645435800+05:30,6.5,58,8.8,2058.84,52.37,133,313,RAMP,0.0,45.0,WORKLOAD_STEP
2026-07-09 23:48:46.701895300+05:30,5.9,56,9.0,1375.89,52.37,133,313,RAMP,0.0,45.0,WORKLOAD_STEP
2026-07-09 23:48:48.765544300+05:30,5.8,58,8.7,1205.16,52.37,133,313,RAMP,0.0,45.0,WORKLOAD_STEP
2026-07-09 23:48:50.817146200+05:30,9.1,58,9.1,1295.55,52.37,133,313,RAMP,0.0,46.0,WORKLOAD_STEP
2026-07-09 23:48:52.870882600+05:30,10.7,56,8.3,1164.98,52.37,133,313,RAMP,0.0,46.0,WORKLOAD_STEP
2026-07-09 23:48:54.922615400+05:30,9.7,58,9.0,1265.41,52.37,133,313,RAMP,0.0,46.0,WORKLOAD_STEP
2026-07-09 23:48:56.980332600+05:30,6.9,56,8.7,1245.32,52.37,133,313,RAMP,0.0,46.0,WORKLOAD_STEP
2026-07-09 23:48:59.033337900+05:30,9.4,56,9.3,1185.07,52.37,132,313,RAMP,0.0,46.0,WORKLOAD_STEP
2026-07-09 23:49:01.083755400+05:30,8.1,57,8.5,1395.96,52.37,132,313,RAMP,0.0,46.0,WORKLOAD_STEP
2026-07-09 23:49:03.122642+05:30,7.5,56,8.9,1847.9,52.37,132,313,RAMP,0.0,46.0,WORKLOAD_STEP
2026-07-09 23:49:05.165485+05:30,15.7,56,9.6,1114.75,52.85,132,313,RAMP,0.0,46.0,WORKLOAD_STEP
2026-07-09 23:49:07.199852800+05:30,7.5,57,8.7,1164.99,52.69,132,313,RAMP,0.0,46.0,WORKLOAD_STEP
2026-07-09 23:49:09.245708500+05:30,7.7,57,8.8,1215.2,52.67,132,313,RAMP,0.0,46.0,WORKLOAD_STEP
2026-07-09 23:49:11.296100100+05:30,6.2,57,8.8,1255.36,52.67,132,313,RAMP,0.0,46.0,WORKLOAD_STEP
2026-07-09 23:49:13.347856+05:30,6.5,57,8.6,1185.07,52.65,132,313,RAMP,0.0,46.0,WORKLOAD_STEP
2026-07-09 23:49:15.399977700+05:30,9.5,56,9.1,1637.01,52.66,132,313,RAMP,0.0,46.0,WORKLOAD_STEP
2026-07-09 23:49:17.444623600+05:30,10.8,58,9.3,1205.16,52.7,132,313,RAMP,20.0,47.0,WORKLOAD_STEP
2026-07-09 23:49:19.476770+05:30,28.7,57,10.3,1225.24,52.7,132,313,RAMP,20.0,47.0,WORKLOAD_STEP
2026-07-09 23:49:21.544506+05:30,31.3,54,11.8,1345.76,52.7,132,313,RAMP,20.0,47.0,WORKLOAD_STEP
2026-07-09 23:49:23.575749300+05:30,25.8,55,11.0,1094.69,52.71,133,313,RAMP,20.0,47.0,WORKLOAD_STEP
2026-07-09 23:49:25.607149+05:30,28.7,56,10.7,1385.93,52.71,133,313,RAMP,20.0,47.0,WORKLOAD_STEP
2026-07-09 23:49:27.678147200+05:30,27.4,56,11.5,1938.31,52.7,133,313,RAMP,20.0,47.0,WORKLOAD_STEP
2026-07-09 23:49:29.719301400+05:30,28.8,56,11.7,1285.5,52.71,132,313,RAMP,20.0,47.0,WORKLOAD_STEP
2026-07-09 23:49:31.767857700+05:30,24.6,57,11.2,1275.46,52.7,132,313,RAMP,20.0,47.0,WORKLOAD_STEP
2026-07-09 23:49:33.818302400+05:30,30.8,57,11.1,1295.55,52.71,132,313,RAMP,20.0,47.0,WORKLOAD_STEP
2026-07-09 23:49:35.850937500+05:30,29.7,57,11.1,1345.75,52.7,132,313,RAMP,20.0,47.0,WORKLOAD_STEP
2026-07-09 23:49:37.890046100+05:30,29.1,58,12.2,1164.98,52.71,132,313,RAMP,20.0,47.0,WORKLOAD_STEP
2026-07-09 23:49:39.957310100+05:30,26.3,56,10.9,1235.29,52.68,132,312,RAMP,20.0,47.0,WORKLOAD_STEP
2026-07-09 23:49:41.993150300+05:30,30.2,56,10.6,1154.94,52.68,132,312,RAMP,20.0,47.0,WORKLOAD_STEP
2026-07-09 23:49:44.033343500+05:30,27.0,55,12.3,1144.89,52.68,132,312,RAMP,20.0,47.0,WORKLOAD_STEP
2026-07-09 23:49:46.111096300+05:30,27.0,57,11.4,1134.86,52.67,132,311,RAMP,20.0,47.0,WORKLOAD_STEP
2026-07-09 23:49:48.151284900+05:30,28.8,55,10.6,1164.99,52.67,132,311,RAMP,20.0,47.0,WORKLOAD_STEP
2026-07-09 23:49:50.218218300+05:30,28.9,52,11.7,1566.72,52.67,132,311,RAMP,20.0,47.0,WORKLOAD_STEP
2026-07-09 23:49:52.250364600+05:30,31.8,56,11.4,1375.89,52.67,132,311,RAMP,20.0,47.0,WORKLOAD_STEP
2026-07-09 23:49:54.303362900+05:30,27.7,56,11.0,1325.67,52.67,132,311,RAMP,20.0,47.0,WORKLOAD_STEP
2026-07-09 23:49:56.360873800+05:30,28.8,56,13.0,1185.06,52.66,132,311,RAMP,20.0,47.0,WORKLOAD_STEP
2026-07-09 23:49:58.398567500+05:30,25.4,55,12.3,1315.62,52.67,132,311,RAMP,20.0,47.0,WORKLOAD_STEP
2026-07-09 23:50:00.481878400+05:30,28.7,56,10.5,1365.84,52.68,132,311,RAMP,20.0,48.0,WORKLOAD_STEP
2026-07-09 23:50:02.547549200+05:30,29.6,56,10.5,1154.94,52.68,134,311,RAMP,20.0,48.0,WORKLOAD_STEP
2026-07-09 23:50:04.582738200+05:30,29.0,55,10.6,1134.85,52.73,134,311,RAMP,20.0,48.0,WORKLOAD_STEP
2026-07-09 23:50:06.625692300+05:30,31.1,55,11.3,1526.53,52.75,135,311,RAMP,20.0,48.0,WORKLOAD_STEP
2026-07-09 23:50:08.698851400+05:30,29.9,55,11.6,1325.67,52.74,135,311,RAMP,20.0,48.0,WORKLOAD_STEP
2026-07-09 23:50:10.764038300+05:30,25.3,55,12.7,1124.8,52.74,135,311,RAMP,20.0,48.0,WORKLOAD_STEP
2026-07-09 23:50:12.824233700+05:30,32.1,55,12.3,1164.98,52.74,135,311,RAMP,20.0,48.0,WORKLOAD_STEP
2026-07-09 23:50:14.879163200+05:30,32.7,55,10.8,1165.0,52.74,135,311,RAMP,20.0,48.0,WORKLOAD_STEP
2026-07-09 23:50:16.953520400+05:30,30.3,52,11.8,1406.01,52.74,135,311,RAMP,20.0,48.0,WORKLOAD_STEP
2026-07-09 23:50:19.006066100+05:30,28.5,54,12.0,1436.15,52.74,135,311,RAMP,20.0,48.0,WORKLOAD_STEP
2026-07-09 23:50:21.059082+05:30,25.6,54,11.0,1305.59,52.74,135,311,RAMP,20.0,48.0,WORKLOAD_STEP
2026-07-09 23:50:23.091395600+05:30,27.8,55,11.7,1205.16,52.74,135,311,RAMP,20.0,48.0,WORKLOAD_STEP
2026-07-09 23:50:25.140802100+05:30,28.8,55,12.5,1074.6,52.74,135,311,RAMP,20.0,48.0,WORKLOAD_STEP
2026-07-09 23:50:27.197190900+05:30,30.5,55,12.1,1205.15,52.75,135,311,RAMP,20.0,48.0,WORKLOAD_STEP
2026-07-09 23:50:29.227665700+05:30,30.9,54,11.0,1235.28,52.74,134,311,RAMP,20.0,48.0,WORKLOAD_STEP
2026-07-09 23:50:31.292642300+05:30,27.9,55,12.6,1225.24,52.75,134,311,RAMP,20.0,48.0,WORKLOAD_STEP
2026-07-09 23:50:33.341158900+05:30,26.1,55,11.2,1175.02,52.73,134,310,RAMP,20.0,48.0,WORKLOAD_STEP
2026-07-09 23:50:35.373126600+05:30,25.3,55,11.3,1235.28,52.74,134,310,RAMP,20.0,48.0,WORKLOAD_STEP
2026-07-09 23:50:37.430781900+05:30,29.4,55,12.0,1265.42,52.73,134,310,RAMP,20.0,48.0,WORKLOAD_STEP
2026-07-09 23:50:39.462034100+05:30,28.8,54,12.0,1215.2,52.73,134,310,RAMP,20.0,48.0,WORKLOAD_STEP
2026-07-09 23:50:41.495302+05:30,30.8,53,12.7,1315.62,52.72,135,310,RAMP,20.0,48.0,WORKLOAD_STEP
2026-07-09 23:50:43.532408800+05:30,27.1,56,12.9,1134.85,52.73,135,310,RAMP,20.0,48.0,WORKLOAD_STEP
2026-07-09 23:50:45.597102100+05:30,29.7,55,12.3,1164.99,52.72,135,310,RAMP,20.0,48.0,WORKLOAD_STEP
2026-07-09 23:50:47.637230400+05:30,24.3,55,13.2,1305.58,52.73,135,310,RAMP,20.0,48.0,WORKLOAD_STEP
2026-07-09 23:50:49.687054500+05:30,29.9,53,14.9,1054.5,52.72,135,310,RAMP,20.0,48.0,WORKLOAD_STEP
2026-07-09 23:50:51.751501700+05:30,26.2,52,15.8,1245.31,52.73,135,310,RAMP,20.0,48.0,WORKLOAD_STEP
2026-07-09 23:50:53.783616300+05:30,27.8,53,15.9,1355.82,52.72,135,310,RAMP,20.0,48.0,WORKLOAD_STEP
2026-07-09 23:50:55.845501300+05:30,24.4,53,17.0,1335.72,52.72,135,310,RAMP,20.0,48.0,WORKLOAD_STEP
2026-07-09 23:50:57.887655700+05:30,27.5,56,15.5,1164.97,52.72,134,310,RAMP,20.0,48.0,WORKLOAD_STEP
2026-07-09 23:50:59.915719+05:30,26.7,45,19.1,1426.09,52.72,134,310,RAMP,20.0,48.0,WORKLOAD_STEP
2026-07-09 23:51:01.953781100+05:30,27.5,44,18.2,1325.67,52.77,134,310,RAMP,20.0,48.0,WORKLOAD_STEP
2026-07-09 23:51:04.005252800+05:30,26.3,48,17.5,1697.26,52.73,134,310,RAMP,20.0,48.0,WORKLOAD_STEP
2026-07-09 23:51:06.033192500+05:30,26.3,51,17.6,1375.89,52.73,134,310,RAMP,20.0,48.0,WORKLOAD_STEP
2026-07-09 23:51:08.061432900+05:30,23.2,51,19.3,1516.48,52.73,134,310,RAMP,20.0,48.0,WORKLOAD_STEP
2026-07-09 23:51:10.098937+05:30,24.2,51,18.7,1888.1,52.73,133,310,RAMP,20.0,48.0,WORKLOAD_STEP
2026-07-09 23:51:12.129426900+05:30,26.8,50,21.9,1817.78,52.72,133,310,RAMP,20.0,48.0,WORKLOAD_STEP
2026-07-09 23:51:14.159496500+05:30,25.2,50,21.4,1948.34,52.73,133,310,RAMP,20.0,48.0,WORKLOAD_STEP
2026-07-09 23:51:16.184907700+05:30,28.5,42,21.1,2018.64,52.73,133,310,RAMP,20.0,48.0,WORKLOAD_STEP
2026-07-09 23:51:18.222870400+05:30,22.6,44,23.0,2068.86,52.73,133,310,RAMP,20.0,48.0,WORKLOAD_STEP
2026-07-09 23:51:20.255360300+05:30,24.5,45,22.9,2159.26,52.73,132,310,RAMP,20.0,48.0,WORKLOAD_STEP
2026-07-09 23:51:22.286517600+05:30,22.8,42,21.2,2330.0,52.72,132,310,RAMP,20.0,48.0,WORKLOAD_STEP
2026-07-09 23:51:24.317268400+05:30,26.7,42,22.0,1807.73,52.74,133,310,RAMP,20.0,48.0,WORKLOAD_STEP
2026-07-09 23:51:26.346443600+05:30,26.2,48,21.4,2189.38,52.73,133,310,RAMP,20.0,48.0,WORKLOAD_STEP
2026-07-09 23:51:28.377142800+05:30,23.1,48,21.7,1847.91,52.74,133,310,RAMP,20.0,48.0,WORKLOAD_STEP
2026-07-09 23:51:30.406905800+05:30,23.7,48,21.7,1647.05,52.73,132,310,RAMP,20.0,48.0,WORKLOAD_STEP
2026-07-09 23:51:32.452556600+05:30,23.5,49,21.6,1787.65,52.77,132,310,RAMP,20.0,48.0,WORKLOAD_STEP
2026-07-09 23:51:34.481189700+05:30,24.5,48,21.3,1637.0,52.73,132,310,RAMP,20.0,48.0,WORKLOAD_STEP
2026-07-09 23:51:36.506654400+05:30,28.4,40,22.2,1817.78,52.73,133,310,RAMP,20.0,48.0,WORKLOAD_STEP
2026-07-09 23:51:38.531571600+05:30,30.6,45,21.9,1777.61,52.72,133,310,RAMP,20.0,48.0,WORKLOAD_STEP
2026-07-09 23:51:40.556310800+05:30,24.7,45,21.5,1888.08,52.73,133,310,RAMP,20.0,48.0,WORKLOAD_STEP
2026-07-09 23:51:42.597835200+05:30,26.2,46,21.6,1596.83,52.72,133,310,RAMP,20.0,48.0,WORKLOAD_STEP
2026-07-09 23:51:44.638812700+05:30,23.2,42,21.8,2028.69,52.74,133,310,RAMP,20.0,48.0,WORKLOAD_STEP
2026-07-09 23:51:46.666083800+05:30,28.3,44,20.2,1416.05,52.73,133,310,RAMP,20.0,48.0,WORKLOAD_STEP
2026-07-09 23:51:48.707411800+05:30,25.8,45,21.0,1637.01,52.73,133,310,RAMP,20.0,48.0,WORKLOAD_STEP
2026-07-09 23:51:50.742220800+05:30,27.0,42,22.0,2048.79,52.73,133,310,RAMP,20.0,48.0,WORKLOAD_STEP
2026-07-09 23:51:52.775130300+05:30,24.1,42,21.4,2229.57,52.73,133,310,RAMP,20.0,48.0,WORKLOAD_STEP
2026-07-09 23:51:54.801514800+05:30,26.2,44,23.4,1978.48,52.74,133,310,RAMP,20.0,48.0,WORKLOAD_STEP
2026-07-09 23:51:56.832833700+05:30,24.0,52,22.2,2028.7,52.74,132,310,RAMP,20.0,48.0,WORKLOAD_STEP
2026-07-09 23:51:58.864253600+05:30,23.2,45,22.8,2360.12,52.78,132,310,RAMP,20.0,48.0,WORKLOAD_STEP
2026-07-09 23:52:00.905547600+05:30,25.9,42,23.3,1968.43,52.73,132,310,RAMP,20.0,48.0,WORKLOAD_STEP
2026-07-09 23:52:02.943026700+05:30,24.5,44,20.3,2109.04,52.74,132,310,RAMP,20.0,48.0,WORKLOAD_STEP
2026-07-09 23:52:04.972723100+05:30,23.4,42,21.1,1868.0,52.74,132,310,RAMP,20.0,48.0,WORKLOAD_STEP
2026-07-09 23:52:07.002685300+05:30,23.5,42,22.6,1667.13,52.73,132,310,RAMP,20.0,48.0,WORKLOAD_STEP
2026-07-09 23:52:09.031842600+05:30,25.6,40,23.9,1827.82,52.74,132,310,RAMP,20.0,48.0,WORKLOAD_STEP
2026-07-09 23:52:11.062352200+05:30,25.8,44,20.9,1546.61,52.74,132,310,RAMP,20.0,48.0,WORKLOAD_STEP
2026-07-09 23:52:13.087279400+05:30,28.2,42,21.8,1817.78,52.74,132,310,RAMP,20.0,48.0,WORKLOAD_STEP
2026-07-09 23:52:15.122318900+05:30,23.8,44,22.2,1888.09,52.74,132,310,RAMP,20.0,48.0,WORKLOAD_STEP
2026-07-09 23:52:17.148639300+05:30,26.6,46,21.9,1526.52,52.74,132,310,RAMP,20.0,48.0,WORKLOAD_STEP
2026-07-09 23:52:19.195790100+05:30,22.5,45,20.3,1817.79,52.74,132,310,RAMP,20.0,48.0,WORKLOAD_STEP
2026-07-09 23:52:21.226872500+05:30,23.9,40,21.1,1878.04,52.73,132,310,RAMP,20.0,48.0,WORKLOAD_STEP
2026-07-09 23:52:23.258734200+05:30,26.4,45,22.0,1516.48,52.72,132,310,RAMP,20.0,48.0,WORKLOAD_STEP
2026-07-09 23:52:25.292979400+05:30,25.6,40,22.7,2340.03,52.74,132,310,RAMP,20.0,48.0,WORKLOAD_STEP
2026-07-09 23:52:27.324063200+05:30,24.5,42,22.9,1697.26,52.73,131,310,RAMP,20.0,48.0,WORKLOAD_STEP
2026-07-09 23:52:29.356956+05:30,23.6,40,23.0,1878.04,52.73,132,310,RAMP,20.0,48.0,WORKLOAD_STEP
2026-07-09 23:52:31.392552900+05:30,26.4,46,22.5,1757.52,52.72,132,310,RAMP,20.0,48.0,WORKLOAD_STEP
2026-07-09 23:52:33.432756600+05:30,22.7,42,21.4,2098.99,52.74,132,310,RAMP,20.0,48.0,WORKLOAD_STEP
2026-07-09 23:52:35.458593+05:30,29.3,40,21.5,1647.05,52.75,132,310,RAMP,20.0,48.0,WORKLOAD_STEP
2026-07-09 23:52:37.488481300+05:30,26.3,45,20.9,1978.49,52.74,132,310,RAMP,20.0,48.0,WORKLOAD_STEP
2026-07-09 23:52:39.514321100+05:30,40.5,46,18.4,1767.56,53.06,132,311,RAMP,20.0,48.0,WORKLOAD_STEP
2026-07-09 23:52:41.555656600+05:30,33.6,45,21.9,1365.84,53.06,132,311,RAMP,20.0,48.0,WORKLOAD_STEP
2026-07-09 23:52:43.587921+05:30,32.0,42,19.2,1556.66,52.92,132,311,RAMP,20.0,48.0,WORKLOAD_STEP
2026-07-09 23:52:45.618819800+05:30,31.8,42,21.1,1888.08,51.75,132,311,RAMP,20.0,48.0,WORKLOAD_STEP
2026-07-09 23:52:47.649709900+05:30,25.9,44,21.9,2078.91,51.76,132,311,RAMP,20.0,48.0,WORKLOAD_STEP
2026-07-09 23:52:49.689583400+05:30,24.3,40,23.4,1918.22,51.73,132,311,RAMP,20.0,48.0,WORKLOAD_STEP
2026-07-09 23:52:51.722796200+05:30,26.1,46,23.1,1918.22,51.76,132,311,RAMP,20.0,48.0,WORKLOAD_STEP
2026-07-09 23:52:53.766109100+05:30,49.3,48,22.1,2169.31,51.66,132,311,RAMP,40.0,49.0,WORKLOAD_STEP
2026-07-09 23:52:55.804859700+05:30,44.8,49,17.8,1556.66,51.68,132,311,RAMP,40.0,49.0,WORKLOAD_STEP
2026-07-09 23:52:57.862079400+05:30,44.0,49,18.7,1777.62,51.69,134,311,RAMP,40.0,49.0,WORKLOAD_STEP
2026-07-09 23:52:59.890219300+05:30,45.3,50,22.9,1847.92,51.7,134,311,RAMP,40.0,49.0,WORKLOAD_STEP
2026-07-09 23:53:01.919578+05:30,45.9,50,23.5,2319.96,51.73,134,311,RAMP,40.0,49.0,WORKLOAD_STEP
2026-07-09 23:53:03.965167500+05:30,45.2,45,28.2,1918.22,51.73,134,311,RAMP,40.0,49.0,WORKLOAD_STEP
2026-07-09 23:53:06.001778+05:30,46.4,38,28.5,2149.21,51.73,134,311,RAMP,40.0,49.0,WORKLOAD_STEP
2026-07-09 23:53:08.034249200+05:30,41.9,42,30.5,2269.73,51.73,134,311,RAMP,40.0,49.0,WORKLOAD_STEP
2026-07-09 23:53:10.063438400+05:30,44.5,34,27.4,2641.35,51.71,133,311,RAMP,40.0,49.0,WORKLOAD_STEP
2026-07-09 23:53:12.093597700+05:30,47.0,35,24.7,2068.87,51.72,133,311,RAMP,40.0,49.0,WORKLOAD_STEP
2026-07-09 23:53:14.121597300+05:30,46.6,35,23.5,1737.44,51.72,134,311,RAMP,40.0,49.0,WORKLOAD_STEP
2026-07-09 23:53:16.172008800+05:30,45.5,42,24.6,2370.17,51.72,134,311,RAMP,40.0,49.0,WORKLOAD_STEP
2026-07-09 23:53:18.205604+05:30,45.0,44,24.8,1898.13,51.72,134,311,RAMP,40.0,49.0,WORKLOAD_STEP
2026-07-09 23:53:20.241951+05:30,43.3,42,25.3,2209.47,51.72,134,311,RAMP,40.0,49.0,WORKLOAD_STEP
2026-07-09 23:53:22.295696100+05:30,43.8,45,30.3,2691.56,51.71,134,310,RAMP,40.0,49.0,WORKLOAD_STEP
2026-07-09 23:53:24.324839200+05:30,45.2,38,32.0,2500.73,51.72,135,310,RAMP,40.0,49.0,WORKLOAD_STEP
2026-07-09 23:53:26.354400400+05:30,46.1,38,30.3,2360.12,51.73,135,310,RAMP,40.0,49.0,WORKLOAD_STEP
2026-07-09 23:53:28.381033600+05:30,45.6,35,29.3,2360.12,51.72,135,310,RAMP,40.0,49.0,WORKLOAD_STEP
2026-07-09 23:53:30.412390+05:30,44.0,35,30.1,2832.16,51.77,134,310,RAMP,40.0,49.0,WORKLOAD_STEP
2026-07-09 23:53:32.444040500+05:30,44.4,39,26.6,2430.44,51.72,134,310,RAMP,40.0,49.0,WORKLOAD_STEP
2026-07-09 23:53:34.497891500+05:30,43.2,42,24.8,2460.56,51.72,134,310,RAMP,40.0,49.0,WORKLOAD_STEP
2026-07-09 23:53:36.525745300+05:30,48.3,46,23.5,1727.4,51.72,134,310,RAMP,40.0,49.0,WORKLOAD_STEP
2026-07-09 23:53:38.553698200+05:30,46.0,40,24.8,2219.53,51.72,134,310,RAMP,40.0,49.0,WORKLOAD_STEP
2026-07-09 23:53:40.584450400+05:30,46.6,38,26.7,2581.08,51.72,134,309,RAMP,40.0,49.0,WORKLOAD_STEP
2026-07-09 23:53:42.614755800+05:30,44.1,40,29.8,2701.6,51.72,133,309,RAMP,40.0,49.0,WORKLOAD_STEP
2026-07-09 23:53:44.649189300+05:30,44.2,35,28.3,2179.34,51.72,132,309,RAMP,40.0,49.0,WORKLOAD_STEP
2026-07-09 23:53:46.681689700+05:30,45.7,32,31.6,2520.82,51.72,132,309,RAMP,40.0,49.0,WORKLOAD_STEP
2026-07-09 23:53:48.709230100+05:30,47.5,34,31.8,2691.56,51.72,132,309,RAMP,40.0,49.0,WORKLOAD_STEP
2026-07-09 23:53:50.744071800+05:30,42.2,38,32.3,2681.51,51.72,132,309,RAMP,40.0,49.0,WORKLOAD_STEP
2026-07-09 23:53:52.772841+05:30,45.6,38,26.9,2038.74,51.73,132,309,RAMP,40.0,49.0,WORKLOAD_STEP
2026-07-09 23:53:54.821867900+05:30,44.5,32,26.3,2279.77,51.73,132,309,RAMP,40.0,49.0,WORKLOAD_STEP
2026-07-09 23:53:56.850354900+05:30,45.0,35,28.5,2008.6,51.73,132,309,RAMP,40.0,49.0,WORKLOAD_STEP
2026-07-09 23:53:58.881265300+05:30,46.1,40,29.5,2109.04,51.72,132,309,RAMP,40.0,49.0,WORKLOAD_STEP
2026-07-09 23:54:00.907681200+05:30,48.4,34,30.0,2460.56,51.74,132,309,RAMP,40.0,49.0,WORKLOAD_STEP
2026-07-09 23:54:02.938016800+05:30,47.3,32,29.9,2350.08,51.75,134,309,RAMP,40.0,49.0,WORKLOAD_STEP
2026-07-09 23:54:04.981953200+05:30,45.7,34,29.3,2179.34,51.75,134,309,RAMP,40.0,49.0,WORKLOAD_STEP
2026-07-09 23:54:07.013310200+05:30,45.9,38,31.0,2711.64,51.75,134,309,RAMP,40.0,49.0,WORKLOAD_STEP
2026-07-09 23:54:09.040552700+05:30,42.5,39,31.6,2530.86,51.75,134,309,RAMP,40.0,49.0,WORKLOAD_STEP
2026-07-09 23:54:11.070629100+05:30,44.5,34,32.9,2350.08,51.75,134,309,RAMP,40.0,49.0,WORKLOAD_STEP
2026-07-09 23:54:13.099394300+05:30,44.8,32,28.8,2520.82,51.75,134,309,RAMP,40.0,49.0,WORKLOAD_STEP
2026-07-09 23:54:15.147461900+05:30,44.7,32,28.9,2530.86,51.75,134,309,RAMP,40.0,49.0,WORKLOAD_STEP
2026-07-09 23:54:17.182490900+05:30,42.8,32,31.1,2319.95,51.75,134,309,RAMP,40.0,49.0,WORKLOAD_STEP
2026-07-09 23:54:19.214591400+05:30,42.1,34,28.0,2701.6,51.76,134,309,RAMP,40.0,49.0,WORKLOAD_STEP
2026-07-09 23:54:21.246814400+05:30,42.8,35,29.0,2852.25,51.76,130,309,RAMP,40.0,49.0,WORKLOAD_STEP
2026-07-09 23:54:23.275672+05:30,48.1,38,27.5,2862.3,51.78,130,309,RAMP,40.0,49.0,WORKLOAD_STEP
2026-07-09 23:54:25.313709+05:30,46.6,35,30.5,2510.78,51.77,130,309,RAMP,40.0,49.0,WORKLOAD_STEP
2026-07-09 23:54:27.344436100+05:30,46.2,38,31.6,2701.6,51.78,130,309,RAMP,40.0,49.0,WORKLOAD_STEP
2026-07-09 23:54:29.373516800+05:30,47.3,34,33.3,2179.34,51.82,129,310,RAMP,40.0,49.0,WORKLOAD_STEP
2026-07-09 23:54:31.405157700+05:30,44.2,32,32.0,2169.3,51.83,129,310,RAMP,40.0,49.0,WORKLOAD_STEP
2026-07-09 23:54:33.433141+05:30,42.6,34,30.5,2350.08,51.83,128,310,RAMP,40.0,49.0,WORKLOAD_STEP
2026-07-09 23:54:35.471491700+05:30,47.8,34,30.9,2520.82,51.84,128,310,RAMP,40.0,49.0,WORKLOAD_STEP
2026-07-09 23:54:37.509129300+05:30,46.3,32,29.7,2882.38,51.84,128,310,RAMP,40.0,49.0,WORKLOAD_STEP
2026-07-09 23:54:39.538431300+05:30,46.1,36,32.5,2169.3,51.85,128,310,RAMP,40.0,49.0,WORKLOAD_STEP
2026-07-09 23:54:41.565791900+05:30,43.7,39,29.8,2691.55,51.84,128,310,RAMP,40.0,49.0,WORKLOAD_STEP
2026-07-09 23:54:43.596166100+05:30,41.7,35,31.7,2360.12,51.85,128,310,RAMP,40.0,49.0,WORKLOAD_STEP
2026-07-09 23:54:45.629488300+05:30,44.2,36,32.0,2360.12,51.85,128,310,RAMP,40.0,49.0,WORKLOAD_STEP
2026-07-09 23:54:47.660173500+05:30,46.1,36,31.5,2530.86,51.89,128,310,RAMP,40.0,49.0,WORKLOAD_STEP
2026-07-09 23:54:49.691954300+05:30,44.8,29,32.6,2169.3,51.89,128,310,RAMP,40.0,49.0,WORKLOAD_STEP
2026-07-09 23:54:51.729269800+05:30,43.6,32,32.7,2701.6,51.89,128,310,RAMP,40.0,49.0,WORKLOAD_STEP
2026-07-09 23:54:53.762526200+05:30,43.6,32,31.3,2360.12,51.89,128,310,RAMP,40.0,49.0,WORKLOAD_STEP
2026-07-09 23:54:55.798917800+05:30,41.2,36,30.0,2500.73,51.94,128,310,RAMP,40.0,49.0,WORKLOAD_STEP
2026-07-09 23:54:57.830437200+05:30,46.1,39,29.2,2691.56,51.89,128,310,RAMP,40.0,49.0,WORKLOAD_STEP
2026-07-09 23:54:59.859198700+05:30,44.9,34,29.5,2711.64,51.89,128,310,RAMP,40.0,49.0,WORKLOAD_STEP
2026-07-09 23:55:01.888480200+05:30,43.8,32,29.7,3053.12,51.9,128,310,RAMP,40.0,49.0,WORKLOAD_STEP
2026-07-09 23:55:03.914827200+05:30,43.9,30,31.4,2701.6,51.9,128,310,RAMP,40.0,49.0,WORKLOAD_STEP
2026-07-09 23:55:05.949234300+05:30,42.9,30,32.5,2671.47,51.9,128,310,RAMP,40.0,49.0,WORKLOAD_STEP
2026-07-09 23:55:07.984348500+05:30,42.3,32,30.0,2480.65,51.92,128,310,RAMP,40.0,49.0,WORKLOAD_STEP
2026-07-09 23:55:10.013583900+05:30,46.9,34,30.3,2490.69,51.93,128,310,RAMP,40.0,49.0,WORKLOAD_STEP
2026-07-09 23:55:12.045136800+05:30,46.5,36,28.1,3043.08,51.93,128,310,RAMP,40.0,49.0,WORKLOAD_STEP
2026-07-09 23:55:14.077445200+05:30,46.7,40,27.5,2711.64,51.92,128,310,RAMP,40.0,49.0,WORKLOAD_STEP
2026-07-09 23:55:16.109427200+05:30,43.7,38,30.9,2882.38,51.93,128,310,RAMP,40.0,49.0,WORKLOAD_STEP
2026-07-09 23:55:18.136950+05:30,43.4,35,30.7,2350.08,51.93,128,310,RAMP,40.0,49.0,WORKLOAD_STEP
2026-07-09 23:55:20.168544100+05:30,43.2,34,30.1,2370.16,51.93,128,310,RAMP,40.0,49.0,WORKLOAD_STEP
2026-07-09 23:55:22.206604400+05:30,47.5,34,32.3,2360.12,51.94,128,310,RAMP,40.0,49.0,WORKLOAD_STEP
2026-07-09 23:55:24.237250900+05:30,46.0,35,32.7,2691.56,51.94,129,310,RAMP,40.0,49.0,WORKLOAD_STEP
2026-07-09 23:55:26.267409600+05:30,46.2,32,31.7,2329.99,51.93,129,310,RAMP,40.0,49.0,WORKLOAD_STEP
2026-07-09 23:55:28.297944100+05:30,43.3,36,31.1,2500.73,51.88,129,309,RAMP,40.0,49.0,WORKLOAD_STEP
2026-07-09 23:55:30.333782800+05:30,43.9,38,31.3,2530.86,51.91,128,309,RAMP,40.0,49.0,WORKLOAD_STEP
2026-07-09 23:55:32.363110800+05:30,42.8,38,30.8,2189.38,51.91,128,309,RAMP,40.0,49.0,WORKLOAD_STEP
2026-07-09 23:55:34.392058+05:30,45.3,35,30.0,2701.6,51.92,128,309,RAMP,40.0,49.0,WORKLOAD_STEP
2026-07-09 23:55:36.429329100+05:30,45.6,35,32.2,2500.74,51.91,128,309,RAMP,40.0,49.0,WORKLOAD_STEP
2026-07-09 23:55:38.457400900+05:30,44.8,35,30.3,2530.86,51.92,128,309,RAMP,40.0,49.0,WORKLOAD_STEP
2026-07-09 23:55:40.489002600+05:30,43.3,38,31.8,2350.08,51.91,128,309,RAMP,40.0,49.0,WORKLOAD_STEP
2026-07-09 23:55:42.517872700+05:30,43.2,35,32.0,2169.3,51.93,128,309,RAMP,40.0,49.0,WORKLOAD_STEP
2026-07-09 23:55:44.545500800+05:30,43.9,35,32.6,2360.12,51.92,128,309,RAMP,40.0,49.0,WORKLOAD_STEP
2026-07-09 23:55:46.573329100+05:30,46.0,38,27.2,1847.92,51.92,128,309,RAMP,40.0,50.0,WORKLOAD_STEP
2026-07-09 23:55:48.636173800+05:30,48.0,46,15.0,1325.68,51.92,128,309,RAMP,40.0,50.0,WORKLOAD_STEP
2026-07-09 23:55:50.672005500+05:30,46.2,48,15.8,1827.84,51.92,128,309,RAMP,40.0,50.0,WORKLOAD_STEP
2026-07-09 23:55:52.707624900+05:30,48.7,42,19.7,1566.7,51.92,128,309,RAMP,40.0,50.0,WORKLOAD_STEP
2026-07-09 23:55:54.745809300+05:30,43.5,34,20.7,2540.9,51.92,128,309,RAMP,40.0,50.0,WORKLOAD_STEP
2026-07-09 23:55:56.779751+05:30,44.7,48,21.7,2340.04,51.92,128,309,RAMP,40.0,50.0,WORKLOAD_STEP
2026-07-09 23:55:58.822297500+05:30,48.4,48,23.3,1727.41,51.9,128,309,RAMP,40.0,50.0,WORKLOAD_STEP
2026-07-09 23:56:00.851474400+05:30,49.0,45,21.4,2129.12,51.91,128,309,RAMP,40.0,50.0,WORKLOAD_STEP
2026-07-09 23:56:02.881011700+05:30,45.6,48,19.6,1757.53,51.76,128,309,RAMP,40.0,50.0,WORKLOAD_STEP
2026-07-09 23:56:04.914328700+05:30,47.1,40,23.0,2450.51,51.77,128,309,RAMP,40.0,50.0,WORKLOAD_STEP
2026-07-09 23:56:06.950799700+05:30,61.5,46,33.0,2852.26,51.76,128,309,RAMP,60.0,51.0,WORKLOAD_STEP
2026-07-09 23:56:08.979210700+05:30,65.4,44,34.2,2872.34,51.77,128,309,RAMP,60.0,51.0,WORKLOAD_STEP
2026-07-09 23:56:11.010622900+05:30,64.2,45,34.7,3053.12,51.76,129,309,RAMP,60.0,51.0,WORKLOAD_STEP
2026-07-09 23:56:13.056017800+05:30,64.7,40,32.8,2691.56,51.76,129,309,RAMP,60.0,51.0,WORKLOAD_STEP
2026-07-09 23:56:15.085331700+05:30,62.0,35,33.7,2711.64,51.76,129,309,RAMP,60.0,51.0,WORKLOAD_STEP
2026-07-09 23:56:17.117971700+05:30,62.8,32,34.1,2530.86,51.76,129,309,RAMP,60.0,51.0,WORKLOAD_STEP
2026-07-09 23:56:19.144424500+05:30,63.4,35,36.8,2701.6,51.76,131,309,RAMP,60.0,51.0,WORKLOAD_STEP
2026-07-09 23:56:21.170856800+05:30,65.1,35,33.9,2711.64,51.78,131,309,RAMP,60.0,51.0,WORKLOAD_STEP
2026-07-09 23:56:23.206775500+05:30,65.9,35,35.1,2701.6,51.76,131,309,RAMP,60.0,51.0,WORKLOAD_STEP
2026-07-09 23:56:25.237152800+05:30,63.5,36,35.5,2872.34,51.75,131,309,RAMP,60.0,51.0,WORKLOAD_STEP
2026-07-09 23:56:27.266156+05:30,63.2,32,37.9,2691.52,51.75,130,309,RAMP,60.0,51.0,WORKLOAD_STEP
2026-07-09 23:56:29.299686400+05:30,62.3,34,37.5,2892.43,51.75,130,309,RAMP,60.0,51.0,WORKLOAD_STEP
2026-07-09 23:56:31.329077500+05:30,62.2,32,34.8,2882.38,51.75,130,309,RAMP,60.0,51.0,WORKLOAD_STEP
2026-07-09 23:56:33.355320200+05:30,66.3,32,35.4,2530.86,51.75,130,309,RAMP,60.0,51.0,WORKLOAD_STEP
2026-07-09 23:56:35.384923+05:30,65.7,35,33.9,2872.34,51.75,130,309,RAMP,60.0,51.0,WORKLOAD_STEP
2026-07-09 23:56:37.420535+05:30,64.2,35,34.9,3053.12,51.75,130,309,RAMP,60.0,51.0,WORKLOAD_STEP
2026-07-09 23:56:39.455583700+05:30,65.5,34,36.1,3053.12,51.84,129,312,RAMP,60.0,51.0,WORKLOAD_STEP
2026-07-09 23:56:41.489991400+05:30,79.4,35,41.5,3053.12,52.05,129,314,RAMP,60.0,51.0,WORKLOAD_STEP
2026-07-09 23:56:43.519700500+05:30,70.4,40,38.5,2882.38,52.06,128,314,RAMP,60.0,51.0,WORKLOAD_STEP
2026-07-09 23:56:45.548431500+05:30,70.7,34,40.2,3053.12,52.16,128,314,RAMP,60.0,51.0,WORKLOAD_STEP
2026-07-09 23:56:47.577793800+05:30,75.0,32,36.9,2882.38,52.18,128,314,RAMP,60.0,51.0,WORKLOAD_STEP
2026-07-09 23:56:49.612927400+05:30,71.4,38,44.5,2872.34,52.19,128,314,RAMP,60.0,51.0,WORKLOAD_STEP
2026-07-09 23:56:51.644932600+05:30,66.1,32,42.2,2711.64,52.18,128,314,RAMP,60.0,51.0,WORKLOAD_STEP
2026-07-09 23:56:53.684577900+05:30,67.8,30,36.8,2882.38,52.05,131,315,RAMP,60.0,51.0,WORKLOAD_STEP
2026-07-09 23:56:55.713047500+05:30,62.9,32,38.3,2882.38,52.04,131,315,RAMP,60.0,51.0,WORKLOAD_STEP
2026-07-09 23:56:57.743716700+05:30,65.1,34,37.0,3053.12,52.04,131,315,RAMP,60.0,51.0,WORKLOAD_STEP
2026-07-09 23:56:59.775018700+05:30,65.9,32,34.0,3053.12,52.05,131,315,RAMP,60.0,51.0,WORKLOAD_STEP
2026-07-09 23:57:01.808649700+05:30,62.7,34,37.1,3043.08,52.04,131,315,RAMP,60.0,51.0,WORKLOAD_STEP
2026-07-09 23:57:03.841180700+05:30,64.4,32,35.7,2872.34,52.04,131,315,RAMP,60.0,51.0,WORKLOAD_STEP
2026-07-09 23:57:05.868145800+05:30,63.4,32,35.0,2882.38,52.03,131,315,RAMP,60.0,51.0,WORKLOAD_STEP
2026-07-09 23:57:07.903100900+05:30,65.4,32,37.9,2882.38,52.03,131,315,RAMP,60.0,51.0,WORKLOAD_STEP
2026-07-09 23:57:09.931820100+05:30,65.1,32,39.6,3053.12,52.02,131,315,RAMP,60.0,51.0,WORKLOAD_STEP
2026-07-09 23:57:11.967065800+05:30,65.3,32,33.7,3053.12,52.02,131,315,RAMP,60.0,51.0,WORKLOAD_STEP
2026-07-09 23:57:14.000920500+05:30,63.6,34,36.3,2882.38,52.01,131,315,RAMP,60.0,51.0,WORKLOAD_STEP
2026-07-09 23:57:16.027811900+05:30,62.6,39,37.1,2530.86,52.06,131,315,RAMP,60.0,51.0,WORKLOAD_STEP
2026-07-09 23:57:18.059017600+05:30,62.3,34,36.1,2872.34,52.01,131,315,RAMP,60.0,51.0,WORKLOAD_STEP
2026-07-09 23:57:20.092101700+05:30,63.1,32,35.6,2872.34,52.01,131,315,RAMP,60.0,51.0,WORKLOAD_STEP
2026-07-09 23:57:22.121514700+05:30,65.6,32,38.0,2711.64,52.0,131,315,RAMP,60.0,51.0,WORKLOAD_STEP
2026-07-09 23:57:24.159276600+05:30,63.6,32,37.0,2862.29,52.0,132,315,RAMP,60.0,51.0,WORKLOAD_STEP
2026-07-09 23:57:26.187475300+05:30,63.9,34,36.4,3053.12,52.0,132,315,RAMP,60.0,51.0,WORKLOAD_STEP
2026-07-09 23:57:28.220146600+05:30,62.8,34,36.9,2872.34,52.0,132,314,RAMP,60.0,51.0,WORKLOAD_STEP
2026-07-09 23:57:30.250306900+05:30,62.8,32,36.7,2872.34,51.99,131,314,RAMP,60.0,51.0,WORKLOAD_STEP
2026-07-09 23:57:32.282546+05:30,64.0,35,36.2,2882.38,51.99,131,314,RAMP,60.0,51.0,WORKLOAD_STEP
2026-07-09 23:57:34.316445400+05:30,66.0,34,35.0,3053.12,51.99,131,314,RAMP,60.0,51.0,WORKLOAD_STEP
2026-07-09 23:57:36.347303900+05:30,64.0,32,35.4,2711.64,52.0,132,314,RAMP,60.0,51.0,WORKLOAD_STEP
2026-07-09 23:57:38.381005700+05:30,64.4,34,37.2,2520.81,52.0,132,314,RAMP,60.0,51.0,WORKLOAD_STEP
2026-07-09 23:57:40.415152+05:30,62.3,32,37.4,3053.12,51.99,132,314,RAMP,60.0,51.0,WORKLOAD_STEP
2026-07-09 23:57:42.454388400+05:30,64.4,32,36.2,2872.34,51.95,132,312,RAMP,60.0,51.0,WORKLOAD_STEP
2026-07-09 23:57:44.485193600+05:30,63.3,32,36.2,2882.38,51.95,132,312,RAMP,60.0,51.0,WORKLOAD_STEP
2026-07-09 23:57:46.513840200+05:30,66.7,32,34.9,2701.6,51.94,132,312,RAMP,60.0,51.0,WORKLOAD_STEP
2026-07-09 23:57:48.542599900+05:30,65.6,32,35.8,3053.12,51.94,132,312,RAMP,60.0,51.0,WORKLOAD_STEP
2026-07-09 23:57:50.571447+05:30,66.4,35,35.7,2330.0,51.95,132,312,RAMP,60.0,52.0,WORKLOAD_STEP
2026-07-09 23:57:52.599535600+05:30,62.0,32,34.6,2420.39,51.95,132,312,RAMP,60.0,52.0,WORKLOAD_STEP
2026-07-09 23:57:54.629150900+05:30,61.2,35,34.3,2872.34,51.95,132,312,RAMP,60.0,52.0,WORKLOAD_STEP
2026-07-09 23:57:56.662099100+05:30,61.8,40,35.8,2872.34,51.94,132,312,RAMP,60.0,52.0,WORKLOAD_STEP
2026-07-09 23:57:58.710700600+05:30,64.9,42,33.8,2872.34,51.95,132,312,RAMP,60.0,52.0,WORKLOAD_STEP
2026-07-09 23:58:00.741691100+05:30,65.2,34,35.3,2882.38,51.95,132,312,RAMP,60.0,52.0,WORKLOAD_STEP
2026-07-09 23:58:02.770335100+05:30,61.8,32,34.8,3022.99,51.95,132,312,RAMP,60.0,52.0,WORKLOAD_STEP
2026-07-09 23:58:04.797207900+05:30,62.3,32,36.5,3012.95,51.94,132,312,RAMP,60.0,52.0,WORKLOAD_STEP
2026-07-09 23:58:06.822411900+05:30,64.8,36,33.9,2691.56,51.94,132,312,RAMP,60.0,52.0,WORKLOAD_STEP
2026-07-09 23:58:08.866935800+05:30,66.3,38,32.4,2862.3,51.92,132,312,RAMP,60.0,52.0,WORKLOAD_STEP
2026-07-09 23:58:10.902204900+05:30,64.8,35,33.5,2862.3,51.92,132,312,RAMP,60.0,52.0,WORKLOAD_STEP
2026-07-09 23:58:12.936299+05:30,63.2,42,35.0,3053.12,51.92,132,312,RAMP,60.0,52.0,WORKLOAD_STEP
2026-07-09 23:58:14.963791400+05:30,62.9,34,35.7,2701.6,51.96,132,312,RAMP,60.0,52.0,WORKLOAD_STEP
2026-07-09 23:58:16.993307800+05:30,63.3,34,39.3,2872.34,51.92,132,312,RAMP,60.0,52.0,WORKLOAD_STEP
2026-07-09 23:58:19.024569900+05:30,62.3,32,35.9,2530.86,51.92,132,312,RAMP,60.0,52.0,WORKLOAD_STEP
2026-07-09 23:58:21.070575700+05:30,65.6,34,37.0,2520.82,51.92,132,312,RAMP,60.0,52.0,WORKLOAD_STEP
2026-07-09 23:58:23.112327300+05:30,64.5,36,33.7,2882.38,51.9,132,311,RAMP,60.0,52.0,WORKLOAD_STEP
2026-07-09 23:58:25.139296300+05:30,63.6,35,39.8,2872.34,51.9,132,311,RAMP,60.0,52.0,WORKLOAD_STEP
2026-07-09 23:58:27.168667400+05:30,68.6,35,37.8,2701.6,51.89,132,311,RAMP,60.0,52.0,WORKLOAD_STEP
2026-07-09 23:58:29.202075+05:30,61.3,34,35.5,2882.38,51.9,132,311,RAMP,60.0,52.0,WORKLOAD_STEP
2026-07-09 23:58:31.257528700+05:30,80.9,32,37.1,3053.12,51.9,132,311,RAMP,80.0,53.0,WORKLOAD_STEP
2026-07-09 23:58:33.289925700+05:30,82.0,32,36.5,3043.08,51.9,132,311,RAMP,80.0,53.0,WORKLOAD_STEP
2026-07-09 23:58:35.315017200+05:30,81.8,32,39.3,2701.6,51.9,132,311,RAMP,80.0,53.0,WORKLOAD_STEP
2026-07-09 23:58:37.340436800+05:30,82.8,34,40.0,3053.12,51.9,132,311,RAMP,80.0,53.0,WORKLOAD_STEP
2026-07-09 23:58:39.378289600+05:30,81.7,32,40.9,2872.34,51.9,132,311,RAMP,80.0,53.0,WORKLOAD_STEP
2026-07-09 23:58:41.405230400+05:30,83.6,32,41.6,3053.12,51.9,132,311,RAMP,80.0,53.0,WORKLOAD_STEP
2026-07-09 23:58:43.438214800+05:30,82.5,32,42.4,3053.12,51.9,131,311,RAMP,80.0,53.0,WORKLOAD_STEP
2026-07-09 23:58:45.473884500+05:30,86.0,30,36.8,2882.38,51.89,131,311,RAMP,80.0,53.0,WORKLOAD_STEP
2026-07-09 23:58:47.500601700+05:30,81.5,30,38.1,3053.12,51.9,131,311,RAMP,80.0,53.0,WORKLOAD_STEP
2026-07-09 23:58:49.533519800+05:30,82.0,30,38.1,2882.38,51.89,131,311,RAMP,80.0,53.0,WORKLOAD_STEP
2026-07-09 23:58:51.561328600+05:30,81.9,32,40.3,3053.12,51.9,131,311,RAMP,80.0,53.0,WORKLOAD_STEP
2026-07-09 23:58:53.597433100+05:30,83.8,34,43.5,3053.12,51.9,130,311,RAMP,80.0,53.0,WORKLOAD_STEP
2026-07-09 23:58:55.628880300+05:30,82.7,30,40.9,2872.34,51.9,130,311,RAMP,80.0,53.0,WORKLOAD_STEP
2026-07-09 23:58:57.663441800+05:30,84.0,32,38.7,3053.12,51.9,130,311,RAMP,80.0,53.0,WORKLOAD_STEP
2026-07-09 23:58:59.689388500+05:30,83.8,30,40.7,2872.34,51.9,130,311,RAMP,80.0,53.0,WORKLOAD_STEP
2026-07-09 23:59:01.718820100+05:30,81.4,32,42.1,3053.12,51.91,130,311,RAMP,80.0,53.0,WORKLOAD_STEP
2026-07-09 23:59:03.747889300+05:30,81.3,32,42.3,2872.34,51.9,130,311,RAMP,80.0,53.0,WORKLOAD_STEP
2026-07-09 23:59:05.776452600+05:30,88.6,30,43.4,3053.12,51.91,130,311,RAMP,80.0,53.0,WORKLOAD_STEP
2026-07-09 23:59:07.807646300+05:30,83.9,32,40.6,3053.12,51.86,130,311,RAMP,80.0,53.0,WORKLOAD_STEP
2026-07-09 23:59:09.850165800+05:30,86.2,30,38.0,3053.12,51.86,132,311,RAMP,80.0,53.0,WORKLOAD_STEP
2026-07-09 23:59:11.880220+05:30,82.2,30,40.4,3053.12,51.85,132,311,RAMP,80.0,53.0,WORKLOAD_STEP
2026-07-09 23:59:13.908278600+05:30,83.7,32,42.2,3053.12,51.85,132,311,RAMP,80.0,53.0,WORKLOAD_STEP
2026-07-09 23:59:15.939059200+05:30,82.4,32,43.6,3053.12,51.84,132,311,RAMP,80.0,53.0,WORKLOAD_STEP
2026-07-09 23:59:17.967102100+05:30,82.4,30,40.9,3053.12,51.89,132,311,RAMP,80.0,53.0,WORKLOAD_STEP
2026-07-09 23:59:19.997843800+05:30,85.2,30,43.5,3053.12,51.84,132,311,RAMP,80.0,53.0,WORKLOAD_STEP
2026-07-09 23:59:22.025006300+05:30,83.3,30,39.0,3053.12,51.84,132,311,RAMP,80.0,53.0,WORKLOAD_STEP
2026-07-09 23:59:24.065875800+05:30,83.3,30,39.4,3053.12,51.84,133,311,RAMP,80.0,53.0,WORKLOAD_STEP
2026-07-09 23:59:26.094400400+05:30,81.9,29,42.9,3053.12,51.84,133,311,RAMP,80.0,53.0,WORKLOAD_STEP
2026-07-09 23:59:28.124468700+05:30,81.8,30,43.8,3053.12,51.84,133,311,RAMP,80.0,53.0,WORKLOAD_STEP
2026-07-09 23:59:30.152298200+05:30,82.5,30,37.7,3053.12,51.84,131,311,RAMP,80.0,53.0,WORKLOAD_STEP
2026-07-09 23:59:32.184190+05:30,84.3,30,39.5,3053.12,51.84,131,311,RAMP,80.0,53.0,WORKLOAD_STEP
2026-07-09 23:59:34.218183+05:30,83.3,32,37.9,3053.12,51.84,131,311,RAMP,80.0,53.0,WORKLOAD_STEP
2026-07-09 23:59:36.246362800+05:30,83.9,32,41.4,3053.12,51.84,131,311,RAMP,80.0,53.0,WORKLOAD_STEP
2026-07-09 23:59:38.278161200+05:30,82.6,32,41.0,2882.38,51.84,131,311,RAMP,80.0,53.0,WORKLOAD_STEP
2026-07-09 23:59:40.312342200+05:30,83.9,30,38.1,3053.12,51.84,130,311,RAMP,80.0,53.0,WORKLOAD_STEP
2026-07-09 23:59:42.340821+05:30,82.3,32,40.4,2882.38,51.84,129,311,RAMP,80.0,53.0,WORKLOAD_STEP
2026-07-09 23:59:44.369956400+05:30,86.3,34,38.5,3053.12,51.84,129,311,RAMP,80.0,53.0,WORKLOAD_STEP
2026-07-09 23:59:46.399534600+05:30,83.4,30,42.1,3053.12,51.84,129,311,RAMP,80.0,53.0,WORKLOAD_STEP
2026-07-09 23:59:48.427204800+05:30,83.9,34,38.0,3053.12,51.84,129,311,RAMP,80.0,53.0,WORKLOAD_STEP
2026-07-09 23:59:50.459033200+05:30,82.3,32,40.0,2701.6,51.84,129,311,RAMP,80.0,53.0,WORKLOAD_STEP
2026-07-09 23:59:52.488418900+05:30,83.6,30,43.7,3053.12,51.82,129,310,RAMP,80.0,53.0,WORKLOAD_STEP
2026-07-09 23:59:54.525763300+05:30,84.6,32,42.6,3053.12,51.39,129,310,RAMP,80.0,53.0,WORKLOAD_STEP
2026-07-09 23:59:56.554127500+05:30,85.7,32,40.1,3053.12,51.39,129,310,RAMP,80.0,53.0,WORKLOAD_STEP
2026-07-09 23:59:58.585977800+05:30,86.3,30,38.2,3053.12,51.32,129,310,RAMP,80.0,53.0,WORKLOAD_STEP
2026-07-10 00:00:00.614617600+05:30,84.7,32,41.8,3053.12,51.35,129,310,RAMP,80.0,53.0,WORKLOAD_STEP
2026-07-10 00:00:02.642282600+05:30,83.0,32,39.2,3053.12,51.4,129,310,RAMP,80.0,53.0,WORKLOAD_STEP
2026-07-10 00:00:04.670550900+05:30,82.9,32,41.9,2882.38,51.45,129,310,RAMP,80.0,53.0,WORKLOAD_STEP
2026-07-10 00:00:06.701853300+05:30,81.6,32,44.8,3053.12,51.46,129,310,RAMP,80.0,53.0,WORKLOAD_STEP
2026-07-10 00:00:08.732732200+05:30,85.5,30,37.3,2882.38,51.46,129,310,RAMP,80.0,53.0,WORKLOAD_STEP
2026-07-10 00:00:10.770085900+05:30,83.1,32,41.7,3053.12,51.46,129,310,RAMP,80.0,53.0,WORKLOAD_STEP
2026-07-10 00:00:12.801798700+05:30,83.9,32,43.1,3053.12,51.47,129,310,RAMP,80.0,53.0,WORKLOAD_STEP
2026-07-10 00:00:14.831772100+05:30,83.1,32,41.9,3053.12,51.47,129,310,RAMP,80.0,53.0,WORKLOAD_STEP
2026-07-10 00:00:16.863084200+05:30,82.2,32,39.2,3053.12,51.48,129,310,RAMP,80.0,53.0,WORKLOAD_STEP
2026-07-10 00:00:18.896745600+05:30,84.4,32,40.7,3053.12,51.48,129,310,RAMP,80.0,53.0,WORKLOAD_STEP
2026-07-10 00:00:20.926273300+05:30,85.1,32,38.5,3053.12,51.48,129,310,RAMP,80.0,53.0,WORKLOAD_STEP
2026-07-10 00:00:22.953019700+05:30,83.4,32,40.8,3053.12,51.48,129,310,RAMP,80.0,53.0,WORKLOAD_STEP
2026-07-10 00:00:24.991389900+05:30,83.3,32,44.5,3053.12,51.49,129,310,RAMP,80.0,53.0,WORKLOAD_STEP
2026-07-10 00:00:27.025561600+05:30,81.9,32,40.4,3053.12,51.48,129,310,RAMP,80.0,53.0,WORKLOAD_STEP
2026-07-10 00:00:29.059446900+05:30,81.7,32,42.2,3053.12,51.49,129,310,RAMP,80.0,53.0,WORKLOAD_STEP
2026-07-10 00:00:31.090212900+05:30,83.5,30,38.6,3053.12,51.49,129,310,RAMP,80.0,53.0,WORKLOAD_STEP
2026-07-10 00:00:33.122272700+05:30,83.4,32,40.6,3053.12,51.53,129,310,RAMP,80.0,53.0,WORKLOAD_STEP
2026-07-10 00:00:35.152992700+05:30,82.6,30,39.8,3053.12,51.49,129,310,RAMP,80.0,53.0,WORKLOAD_STEP
2026-07-10 00:00:37.185120100+05:30,82.7,30,41.9,3053.12,51.49,130,310,RAMP,80.0,53.0,WORKLOAD_STEP
2026-07-10 00:00:39.218698600+05:30,81.5,32,43.5,3053.12,51.49,130,310,RAMP,80.0,53.0,WORKLOAD_STEP
2026-07-10 00:00:41.259465800+05:30,81.7,32,43.0,3053.12,51.5,130,310,RAMP,80.0,53.0,WORKLOAD_STEP
2026-07-10 00:00:43.289628700+05:30,84.7,32,41.5,3053.12,51.51,130,310,RAMP,80.0,53.0,WORKLOAD_STEP
2026-07-10 00:00:45.320237400+05:30,86.4,32,44.6,3053.12,51.5,130,310,RAMP,80.0,53.0,WORKLOAD_STEP
2026-07-10 00:00:47.348671+05:30,85.3,30,45.1,3053.12,51.49,130,310,RAMP,80.0,53.0,WORKLOAD_STEP
2026-07-10 00:00:49.375955400+05:30,82.0,32,40.0,2882.38,51.5,130,310,RAMP,80.0,53.0,WORKLOAD_STEP
2026-07-10 00:00:51.404694200+05:30,82.0,30,40.3,3053.12,51.49,130,310,RAMP,80.0,53.0,WORKLOAD_STEP
2026-07-10 00:00:53.438251900+05:30,80.7,30,39.1,3053.12,51.49,130,310,RAMP,80.0,53.0,WORKLOAD_STEP
2026-07-10 00:00:55.473429600+05:30,85.7,34,42.2,3053.12,51.5,130,310,RAMP,80.0,53.0,WORKLOAD_STEP
2026-07-10 00:00:57.501522800+05:30,84.7,32,39.7,3053.12,51.5,130,310,RAMP,80.0,53.0,WORKLOAD_STEP
2026-07-10 00:00:59.529714400+05:30,84.8,32,41.8,2872.34,51.5,130,310,RAMP,80.0,53.0,WORKLOAD_STEP
2026-07-10 00:01:01.557641700+05:30,88.9,32,39.2,2882.38,51.62,130,311,RAMP,80.0,53.0,WORKLOAD_STEP
2026-07-10 00:01:03.585846600+05:30,88.7,32,41.5,2882.38,51.7,131,312,RAMP,80.0,53.0,WORKLOAD_STEP
2026-07-10 00:01:05.614752+05:30,81.2,32,39.0,3053.12,51.71,131,312,RAMP,80.0,53.0,WORKLOAD_STEP
2026-07-10 00:01:07.643525100+05:30,84.5,32,42.4,2872.34,51.71,131,312,RAMP,80.0,53.0,WORKLOAD_STEP
2026-07-10 00:01:09.672768200+05:30,85.2,34,42.8,3053.12,51.71,131,312,RAMP,80.0,53.0,WORKLOAD_STEP
2026-07-10 00:01:11.705916600+05:30,84.0,32,40.9,3053.12,51.72,131,312,RAMP,80.0,53.0,WORKLOAD_STEP
2026-07-10 00:01:13.734501+05:30,82.4,32,40.5,3053.12,51.7,131,312,RAMP,80.0,53.0,WORKLOAD_STEP
2026-07-10 00:01:15.766631600+05:30,82.3,32,41.2,3053.12,51.71,131,312,RAMP,80.0,53.0,WORKLOAD_STEP
2026-07-10 00:01:17.797305400+05:30,82.3,32,42.6,3053.12,51.71,131,312,RAMP,80.0,53.0,WORKLOAD_STEP
2026-07-10 00:01:19.837053100+05:30,84.1,32,40.6,2882.38,51.71,131,312,RAMP,80.0,53.0,WORKLOAD_STEP
2026-07-10 00:01:21.866684800+05:30,83.6,34,39.1,3053.12,51.71,131,312,RAMP,80.0,53.0,WORKLOAD_STEP
2026-07-10 00:01:23.895936500+05:30,83.0,32,40.7,2701.6,51.72,132,312,RAMP,80.0,53.0,WORKLOAD_STEP
2026-07-10 00:01:25.933220200+05:30,82.6,32,39.2,3053.12,51.71,132,312,RAMP,80.0,53.0,WORKLOAD_STEP
2026-07-10 00:01:27.961440600+05:30,83.8,30,42.4,3053.12,51.73,132,312,RAMP,80.0,53.0,WORKLOAD_STEP
2026-07-10 00:01:29.996230400+05:30,83.8,34,42.4,2882.38,51.73,130,312,RAMP,80.0,53.0,WORKLOAD_STEP
2026-07-10 00:01:32.023782+05:30,83.8,32,40.5,3053.12,51.73,130,312,RAMP,80.0,53.0,WORKLOAD_STEP
2026-07-10 00:01:34.057512700+05:30,84.2,32,43.2,2882.38,51.73,130,312,RAMP,80.0,53.0,WORKLOAD_STEP
2026-07-10 00:01:36.085589400+05:30,83.3,30,39.8,3053.12,51.73,130,312,RAMP,80.0,53.0,WORKLOAD_STEP
2026-07-10 00:01:38.114967400+05:30,82.4,32,39.3,3053.12,51.73,130,312,RAMP,80.0,53.0,WORKLOAD_STEP
2026-07-10 00:01:40.150763100+05:30,84.5,34,41.1,3053.12,51.74,130,312,RAMP,80.0,53.0,WORKLOAD_STEP
2026-07-10 00:01:42.186097900+05:30,83.3,34,39.4,3053.12,51.73,130,312,RAMP,80.0,53.0,WORKLOAD_STEP
2026-07-10 00:01:44.232262800+05:30,85.0,32,38.2,3053.12,51.74,130,312,RAMP,80.0,53.0,WORKLOAD_STEP
2026-07-10 00:01:46.264636+05:30,83.8,34,41.6,3053.12,51.73,130,312,RAMP,80.0,53.0,WORKLOAD_STEP
2026-07-10 00:01:48.293695800+05:30,83.3,32,42.1,3053.12,51.73,131,312,RAMP,80.0,53.0,WORKLOAD_STEP
2026-07-10 00:01:50.325642+05:30,81.9,30,40.9,3053.12,51.73,131,312,RAMP,80.0,53.0,WORKLOAD_STEP
2026-07-10 00:01:52.353809900+05:30,82.6,32,37.4,3053.12,51.73,131,312,RAMP,80.0,53.0,WORKLOAD_STEP
2026-07-10 00:01:54.387327+05:30,84.7,32,43.4,3053.12,51.73,131,311,RAMP,80.0,53.0,WORKLOAD_STEP
2026-07-10 00:01:56.437905400+05:30,83.9,32,41.9,3053.12,51.73,131,311,RAMP,80.0,53.0,WORKLOAD_STEP
2026-07-10 00:01:58.464932200+05:30,83.8,32,43.4,3053.12,51.73,131,311,RAMP,80.0,53.0,WORKLOAD_STEP
2026-07-10 00:02:00.500228400+05:30,82.2,30,38.4,3053.12,51.74,131,311,RAMP,80.0,53.0,WORKLOAD_STEP
2026-07-10 00:02:02.532044+05:30,82.0,32,38.9,3053.12,51.72,131,311,RAMP,80.0,54.0,WORKLOAD_STEP
2026-07-10 00:02:04.581746+05:30,82.5,30,41.1,2872.34,51.73,131,312,RAMP,80.0,54.0,WORKLOAD_STEP
2026-07-10 00:02:06.611456200+05:30,89.2,32,44.1,3053.12,51.8,131,314,RAMP,80.0,54.0,WORKLOAD_STEP
2026-07-10 00:02:08.639340+05:30,85.0,32,38.5,3053.12,51.8,131,314,RAMP,80.0,54.0,WORKLOAD_STEP
2026-07-10 00:02:10.677160100+05:30,84.2,32,41.8,3053.12,51.8,131,314,RAMP,80.0,54.0,WORKLOAD_STEP
2026-07-10 00:02:12.714025900+05:30,82.2,32,39.8,3053.12,51.8,131,314,RAMP,80.0,54.0,WORKLOAD_STEP
2026-07-10 00:02:14.741869200+05:30,85.1,34,39.2,3053.12,51.8,131,314,RAMP,80.0,54.0,WORKLOAD_STEP
2026-07-10 00:02:16.773042600+05:30,82.4,32,39.0,2882.38,51.8,131,314,RAMP,80.0,54.0,WORKLOAD_STEP
2026-07-10 00:02:18.802503600+05:30,84.3,32,40.7,2701.6,51.8,130,314,RAMP,80.0,54.0,WORKLOAD_STEP
2026-07-10 00:02:20.835726700+05:30,84.9,32,38.7,3053.12,51.8,130,314,RAMP,80.0,54.0,WORKLOAD_STEP
2026-07-10 00:02:22.862990500+05:30,85.0,32,43.7,2882.38,51.79,130,313,RAMP,80.0,54.0,WORKLOAD_STEP
2026-07-10 00:02:24.894778700+05:30,82.4,32,39.0,2711.64,51.8,130,313,RAMP,80.0,54.0,WORKLOAD_STEP
2026-07-10 00:02:26.932341200+05:30,82.9,34,41.6,3053.12,51.8,130,313,RAMP,80.0,54.0,WORKLOAD_STEP
2026-07-10 00:02:28.962805600+05:30,82.4,34,43.9,2932.6,51.8,130,313,RAMP,80.0,54.0,WORKLOAD_STEP
2026-07-10 00:02:30.991077200+05:30,85.8,32,40.8,3053.12,51.8,130,313,RAMP,80.0,54.0,WORKLOAD_STEP
2026-07-10 00:02:33.017812800+05:30,84.0,32,42.8,3053.12,51.79,130,312,RAMP,80.0,54.0,WORKLOAD_STEP
2026-07-10 00:02:35.048692600+05:30,83.6,32,39.5,3053.12,51.8,130,312,RAMP,80.0,54.0,WORKLOAD_STEP
2026-07-10 00:02:37.080735800+05:30,82.3,32,39.4,3053.12,51.79,130,312,RAMP,80.0,54.0,WORKLOAD_STEP
2026-07-10 00:02:39.109452100+05:30,83.0,32,41.9,3053.12,51.79,130,312,RAMP,80.0,54.0,WORKLOAD_STEP
2026-07-10 00:02:41.139285+05:30,81.2,32,40.2,2882.38,51.79,130,312,RAMP,80.0,54.0,WORKLOAD_STEP
2026-07-10 00:02:43.174028300+05:30,85.6,32,39.0,2872.34,51.79,130,312,RAMP,80.0,54.0,WORKLOAD_STEP
2026-07-10 00:02:45.206489700+05:30,84.1,32,40.8,3053.12,51.78,130,312,RAMP,80.0,54.0,WORKLOAD_STEP
2026-07-10 00:02:47.234259700+05:30,82.6,32,40.5,2922.56,51.79,130,311,RAMP,80.0,54.0,WORKLOAD_STEP
2026-07-10 00:02:49.261973+05:30,82.8,32,41.9,2701.6,51.78,130,311,RAMP,80.0,54.0,WORKLOAD_STEP
2026-07-10 00:02:51.289636+05:30,82.5,34,40.0,3053.12,51.79,130,311,RAMP,80.0,54.0,WORKLOAD_STEP
2026-07-10 00:02:53.318617100+05:30,82.8,34,40.6,3053.12,51.78,130,311,RAMP,80.0,54.0,WORKLOAD_STEP
2026-07-10 00:02:55.346670300+05:30,83.6,32,41.9,3053.12,51.79,130,311,RAMP,80.0,54.0,WORKLOAD_STEP
2026-07-10 00:02:57.381426700+05:30,83.6,32,40.4,3053.12,51.78,131,311,RAMP,80.0,54.0,WORKLOAD_STEP
2026-07-10 00:02:59.413024400+05:30,83.3,34,40.2,3053.12,51.78,131,311,RAMP,80.0,54.0,WORKLOAD_STEP
2026-07-10 00:03:01.440522200+05:30,81.4,32,41.3,2882.38,51.78,131,311,RAMP,80.0,54.0,WORKLOAD_STEP
2026-07-10 00:03:03.471884200+05:30,82.1,32,38.1,3053.12,51.78,131,311,RAMP,80.0,54.0,WORKLOAD_STEP
2026-07-10 00:03:05.499282400+05:30,82.3,34,34.6,3053.12,51.76,131,310,RAMP,80.0,54.0,WORKLOAD_STEP
2026-07-10 00:03:07.537248+05:30,85.3,32,39.3,3053.12,51.77,130,309,RAMP,80.0,54.0,WORKLOAD_STEP
2026-07-10 00:03:09.567148100+05:30,84.3,34,39.3,2882.38,51.77,130,309,RAMP,80.0,54.0,WORKLOAD_STEP
2026-07-10 00:03:11.597001200+05:30,82.3,32,40.6,3053.12,51.77,130,309,RAMP,80.0,54.0,WORKLOAD_STEP
2026-07-10 00:03:13.631751600+05:30,83.2,34,42.2,3053.12,51.76,130,309,RAMP,80.0,54.0,WORKLOAD_STEP
2026-07-10 00:03:15.660604200+05:30,81.9,32,40.8,3053.12,51.76,130,309,RAMP,80.0,54.0,WORKLOAD_STEP
2026-07-10 00:03:17.688904600+05:30,84.2,32,42.0,3053.12,51.76,130,309,RAMP,80.0,54.0,WORKLOAD_STEP
2026-07-10 00:03:19.720652+05:30,84.7,32,37.5,2701.6,51.76,130,309,RAMP,80.0,54.0,WORKLOAD_STEP
2026-07-10 00:03:21.748705300+05:30,83.9,32,42.4,2701.6,51.76,130,309,RAMP,80.0,54.0,WORKLOAD_STEP
2026-07-10 00:03:23.777340600+05:30,82.3,34,39.7,3053.12,51.76,131,309,RAMP,80.0,54.0,WORKLOAD_STEP
2026-07-10 00:03:25.805871+05:30,83.4,32,38.9,3022.99,51.76,131,309,RAMP,80.0,54.0,WORKLOAD_STEP
2026-07-10 00:03:27.841074600+05:30,85.1,32,41.7,3053.12,51.76,131,309,RAMP,80.0,54.0,WORKLOAD_STEP
2026-07-10 00:03:29.866984600+05:30,84.0,32,41.9,3053.12,51.76,130,309,RAMP,80.0,54.0,WORKLOAD_STEP
2026-07-10 00:03:31.895257500+05:30,85.2,32,41.1,3053.12,51.76,130,309,RAMP,80.0,54.0,WORKLOAD_STEP
2026-07-10 00:03:33.928654800+05:30,86.0,30,40.7,3053.12,51.78,130,309,RAMP,100.0,55.0,WORKLOAD_STEP
2026-07-10 00:03:35.981268600+05:30,100.0,30,44.7,3053.12,51.79,131,309,RAMP,100.0,55.0,WORKLOAD_STEP
2026-07-10 00:03:38.020617200+05:30,100.0,32,42.5,3053.12,51.81,131,309,RAMP,100.0,55.0,WORKLOAD_STEP
2026-07-10 00:03:40.063555900+05:30,100.0,30,44.4,3053.12,51.97,131,309,RAMP,100.0,55.0,WORKLOAD_STEP
2026-07-10 00:03:42.141003200+05:30,100.0,32,42.4,3053.12,51.94,131,309,RAMP,100.0,55.0,WORKLOAD_STEP
2026-07-10 00:03:44.205576300+05:30,100.0,30,44.9,3053.12,51.93,131,309,RAMP,100.0,55.0,WORKLOAD_STEP
2026-07-10 00:03:46.272597200+05:30,100.0,32,44.3,3053.12,51.94,131,309,RAMP,100.0,55.0,WORKLOAD_STEP
2026-07-10 00:03:48.319075900+05:30,100.0,30,41.4,3053.12,51.93,131,309,RAMP,100.0,55.0,WORKLOAD_STEP
2026-07-10 00:03:50.400079600+05:30,100.0,32,42.7,3053.12,51.94,131,309,RAMP,100.0,55.0,WORKLOAD_STEP
2026-07-10 00:03:52.466031700+05:30,100.0,30,42.0,3053.12,51.93,131,309,RAMP,100.0,55.0,WORKLOAD_STEP
2026-07-10 00:03:54.574390100+05:30,100.0,32,44.4,3053.12,51.94,131,309,RAMP,100.0,55.0,WORKLOAD_STEP
2026-07-10 00:03:56.655659200+05:30,100.0,30,43.3,3053.12,51.93,131,309,RAMP,100.0,55.0,WORKLOAD_STEP
2026-07-10 00:03:58.742815200+05:30,100.0,32,41.7,3053.12,51.93,131,309,RAMP,100.0,55.0,WORKLOAD_STEP
2026-07-10 00:04:00.802779+05:30,100.0,30,44.4,3053.12,51.94,131,309,RAMP,100.0,55.0,WORKLOAD_STEP
2026-07-10 00:04:02.865100100+05:30,100.0,32,44.2,3053.12,51.94,131,309,RAMP,100.0,55.0,WORKLOAD_STEP
2026-07-10 00:04:05.009091700+05:30,100.0,32,42.4,3053.12,51.93,131,309,RAMP,100.0,55.0,WORKLOAD_STEP
2026-07-10 00:04:07.099791+05:30,100.0,30,44.5,3053.12,52.0,131,309,RAMP,100.0,55.0,WORKLOAD_STEP
2026-07-10 00:04:09.143027400+05:30,100.0,32,42.0,3053.12,51.93,131,309,RAMP,100.0,55.0,WORKLOAD_STEP
2026-07-10 00:04:11.186348400+05:30,100.0,30,43.3,3053.12,51.93,130,309,RAMP,100.0,55.0,WORKLOAD_STEP
2026-07-10 00:04:13.252072+05:30,100.0,30,41.5,3053.12,51.93,130,309,RAMP,100.0,55.0,WORKLOAD_STEP
2026-07-10 00:04:15.306364100+05:30,100.0,30,42.2,3053.12,51.93,130,309,RAMP,100.0,55.0,WORKLOAD_STEP
2026-07-10 00:04:17.375312200+05:30,100.0,30,43.4,3053.12,51.93,130,310,RAMP,100.0,55.0,WORKLOAD_STEP
2026-07-10 00:04:19.409386500+05:30,100.0,30,43.8,3053.12,51.93,130,310,RAMP,100.0,55.0,WORKLOAD_STEP
2026-07-10 00:04:21.456063800+05:30,100.0,30,43.1,3053.12,51.93,130,310,RAMP,100.0,55.0,WORKLOAD_STEP
2026-07-10 00:04:23.565570100+05:30,100.0,30,45.1,3053.12,51.94,130,310,RAMP,100.0,55.0,WORKLOAD_STEP
2026-07-10 00:04:25.631842+05:30,100.0,30,42.1,3053.08,51.95,130,311,RAMP,100.0,55.0,WORKLOAD_STEP
2026-07-10 00:04:27.728653800+05:30,100.0,30,45.9,3053.12,51.96,130,311,RAMP,100.0,55.0,WORKLOAD_STEP
2026-07-10 00:04:29.804109700+05:30,100.0,30,43.2,3043.03,51.93,130,311,RAMP,100.0,55.0,WORKLOAD_STEP
2026-07-10 00:04:31.858705300+05:30,100.0,30,43.4,3053.12,51.87,130,311,RAMP,100.0,55.0,WORKLOAD_STEP
2026-07-10 00:04:33.922779200+05:30,100.0,30,40.9,3053.12,51.83,131,311,RAMP,100.0,55.0,WORKLOAD_STEP
2026-07-10 00:04:35.981652100+05:30,100.0,30,44.2,3053.12,51.83,131,311,RAMP,100.0,55.0,WORKLOAD_STEP
2026-07-10 00:04:38.040018300+05:30,100.0,30,43.4,3053.12,51.82,131,311,RAMP,100.0,55.0,WORKLOAD_STEP
2026-07-10 00:04:40.096215600+05:30,100.0,32,41.8,3053.12,51.77,131,311,RAMP,100.0,55.0,WORKLOAD_STEP
2026-07-10 00:04:42.154513300+05:30,100.0,32,43.8,3053.12,51.78,131,311,RAMP,100.0,55.0,WORKLOAD_STEP
2026-07-10 00:04:44.213505800+05:30,100.0,30,43.8,3053.12,51.84,131,311,RAMP,100.0,55.0,WORKLOAD_STEP
2026-07-10 00:04:46.274989800+05:30,100.0,32,44.7,3053.12,51.91,131,312,RAMP,100.0,55.0,WORKLOAD_STEP
2026-07-10 00:04:48.341365400+05:30,100.0,30,47.6,3053.12,51.89,131,312,RAMP,100.0,55.0,WORKLOAD_STEP
2026-07-10 00:04:50.390085100+05:30,100.0,32,45.1,3053.12,51.88,131,312,RAMP,100.0,55.0,WORKLOAD_STEP
2026-07-10 00:04:52.429570500+05:30,100.0,30,42.8,3053.02,51.87,131,312,RAMP,100.0,55.0,WORKLOAD_STEP
2026-07-10 00:04:54.504581200+05:30,100.0,30,40.9,3053.12,51.88,131,312,RAMP,100.0,55.0,WORKLOAD_STEP
2026-07-10 00:04:56.556412600+05:30,100.0,32,40.7,3053.12,51.95,131,312,RAMP,100.0,55.0,WORKLOAD_STEP
2026-07-10 00:04:58.611006500+05:30,100.0,30,39.0,3053.12,52.67,131,312,RAMP,100.0,55.0,WORKLOAD_STEP
2026-07-10 00:05:00.667660100+05:30,100.0,30,43.4,3053.12,53.23,131,312,RAMP,100.0,55.0,WORKLOAD_STEP
2026-07-10 00:05:02.741557+05:30,100.0,29,42.3,3053.12,53.66,130,312,RAMP,100.0,55.0,WORKLOAD_STEP
2026-07-10 00:05:04.799939200+05:30,100.0,29,42.6,3053.12,54.05,130,312,RAMP,100.0,55.0,WORKLOAD_STEP
2026-07-10 00:05:06.871153100+05:30,100.0,32,44.9,3053.12,54.52,130,312,RAMP,100.0,55.0,WORKLOAD_STEP
2026-07-10 00:05:08.930904800+05:30,100.0,30,40.7,3053.12,54.84,130,312,RAMP,100.0,55.0,WORKLOAD_STEP
2026-07-10 00:05:10.984746700+05:30,100.0,30,44.8,3053.12,55.36,130,312,RAMP,100.0,55.0,WORKLOAD_STEP
2026-07-10 00:05:13.079408300+05:30,100.0,29,41.2,3053.12,55.0,130,312,RAMP,100.0,55.0,WORKLOAD_STEP
2026-07-10 00:05:15.126631600+05:30,100.0,30,43.5,3053.12,55.54,130,312,RAMP,100.0,55.0,WORKLOAD_STEP
2026-07-10 00:05:17.230108800+05:30,100.0,30,45.0,3053.12,55.53,130,312,RAMP,100.0,55.0,WORKLOAD_STEP
2026-07-10 00:05:19.274704300+05:30,100.0,29,43.7,3053.12,54.9,130,312,RAMP,100.0,55.0,WORKLOAD_STEP
2026-07-10 00:05:21.315883200+05:30,100.0,30,45.6,3053.12,54.17,130,312,RAMP,100.0,55.0,WORKLOAD_STEP
2026-07-10 00:05:23.418838400+05:30,100.0,30,44.2,3053.12,53.02,130,316,RAMP,100.0,55.0,WORKLOAD_STEP
2026-07-10 00:05:25.497674700+05:30,100.0,29,42.3,3053.12,51.9,131,316,RAMP,100.0,55.0,WORKLOAD_STEP
2026-07-10 00:05:27.571569800+05:30,100.0,32,43.5,3053.12,51.93,129,314,RAMP,100.0,55.0,WORKLOAD_STEP
2026-07-10 00:05:29.643904900+05:30,100.0,29,44.3,3053.12,51.93,128,312,RAMP,100.0,55.0,WORKLOAD_STEP
2026-07-10 00:05:31.723552800+05:30,100.0,30,43.7,3053.12,51.93,128,311,RAMP,100.0,55.0,WORKLOAD_STEP
2026-07-10 00:05:33.795029800+05:30,100.0,29,43.9,3053.12,51.93,128,311,RAMP,100.0,55.0,WORKLOAD_STEP
2026-07-10 00:05:35.862272400+05:30,100.0,29,43.2,3053.12,51.94,128,311,RAMP,100.0,55.0,WORKLOAD_STEP
2026-07-10 00:05:37.969066200+05:30,100.0,29,43.9,3053.12,51.94,128,311,RAMP,100.0,55.0,WORKLOAD_STEP
2026-07-10 00:05:40.020582800+05:30,100.0,29,41.8,3053.12,51.94,128,311,RAMP,100.0,55.0,WORKLOAD_STEP
2026-07-10 00:05:42.110752700+05:30,100.0,29,43.2,3053.12,51.94,128,311,RAMP,100.0,55.0,WORKLOAD_STEP
2026-07-10 00:05:44.187525500+05:30,100.0,30,43.7,3053.12,51.94,127,311,RAMP,100.0,55.0,WORKLOAD_STEP
2026-07-10 00:05:46.257636+05:30,100.0,30,43.5,3053.12,51.94,127,311,RAMP,100.0,55.0,WORKLOAD_STEP
2026-07-10 00:05:48.308267300+05:30,100.0,29,48.6,3053.12,51.93,127,311,RAMP,100.0,55.0,WORKLOAD_STEP
2026-07-10 00:05:50.371770600+05:30,100.0,30,41.3,3053.12,51.93,127,311,RAMP,100.0,55.0,WORKLOAD_STEP
2026-07-10 00:05:52.417408200+05:30,100.0,30,43.1,3053.12,51.93,127,311,RAMP,100.0,55.0,WORKLOAD_STEP
2026-07-10 00:05:54.477943400+05:30,100.0,30,44.5,3053.12,51.91,127,310,RAMP,100.0,56.0,WORKLOAD_STEP
2026-07-10 00:05:56.543996900+05:30,100.0,30,41.5,3053.12,51.91,129,310,RAMP,100.0,56.0,WORKLOAD_STEP
2026-07-10 00:05:58.589900500+05:30,100.0,30,43.2,3053.12,51.91,129,310,RAMP,100.0,56.0,WORKLOAD_STEP
2026-07-10 00:06:00.644668200+05:30,100.0,30,45.4,3053.12,51.91,129,310,RAMP,100.0,56.0,WORKLOAD_STEP
2026-07-10 00:06:02.686949+05:30,100.0,30,45.4,3053.12,51.91,129,310,RAMP,100.0,56.0,WORKLOAD_STEP
2026-07-10 00:06:04.736092400+05:30,100.0,29,43.8,3053.12,51.91,129,310,RAMP,100.0,56.0,WORKLOAD_STEP
2026-07-10 00:06:06.792318900+05:30,100.0,30,41.7,3053.12,51.91,129,310,RAMP,100.0,56.0,WORKLOAD_STEP
2026-07-10 00:06:08.864368800+05:30,100.0,29,45.8,3053.12,51.91,129,310,RAMP,100.0,56.0,WORKLOAD_STEP
2026-07-10 00:06:10.930026400+05:30,100.0,30,43.7,3053.12,51.91,129,310,RAMP,100.0,56.0,WORKLOAD_STEP
2026-07-10 00:06:12.973731600+05:30,100.0,29,45.4,3053.12,51.91,128,310,RAMP,100.0,56.0,WORKLOAD_STEP
2026-07-10 00:06:15.033170600+05:30,100.0,30,42.2,3053.12,51.92,128,310,RAMP,100.0,56.0,WORKLOAD_STEP
2026-07-10 00:06:17.095635200+05:30,100.0,28,40.4,3053.12,51.91,128,310,RAMP,100.0,56.0,WORKLOAD_STEP
2026-07-10 00:06:19.163232600+05:30,100.0,30,41.9,3053.12,51.91,128,310,RAMP,100.0,56.0,WORKLOAD_STEP
2026-07-10 00:06:21.240465600+05:30,100.0,28,44.8,3053.12,51.91,128,310,RAMP,100.0,56.0,WORKLOAD_STEP
2026-07-10 00:06:23.323065600+05:30,100.0,29,44.1,3053.12,51.95,128,310,RAMP,100.0,56.0,WORKLOAD_STEP
2026-07-10 00:06:25.410702700+05:30,100.0,30,42.0,3053.12,51.91,128,310,RAMP,100.0,56.0,WORKLOAD_STEP
2026-07-10 00:06:27.487626300+05:30,100.0,29,44.1,3053.12,51.93,128,310,RAMP,100.0,56.0,WORKLOAD_STEP
2026-07-10 00:06:29.592724200+05:30,100.0,29,43.1,3053.12,51.91,128,310,RAMP,100.0,56.0,WORKLOAD_STEP
2026-07-10 00:06:31.680135300+05:30,100.0,30,40.7,3053.12,51.91,128,310,RAMP,100.0,56.0,WORKLOAD_STEP
2026-07-10 00:06:33.748742900+05:30,100.0,29,44.1,3053.12,51.91,128,310,RAMP,100.0,56.0,WORKLOAD_STEP
2026-07-10 00:06:35.837356500+05:30,100.0,29,45.1,3053.12,51.91,128,310,RAMP,100.0,56.0,WORKLOAD_STEP
2026-07-10 00:06:37.922463600+05:30,90.6,34,42.1,3053.12,51.97,128,310,RAMP,80.0,57.0,WORKLOAD_STEP
2026-07-10 00:06:39.974400200+05:30,82.0,32,40.0,3053.12,51.99,128,310,RAMP,80.0,57.0,WORKLOAD_STEP
2026-07-10 00:06:42.010205200+05:30,82.7,29,39.9,2862.3,51.97,128,310,RAMP,80.0,57.0,WORKLOAD_STEP
2026-07-10 00:06:44.039894+05:30,83.4,32,39.4,3053.12,51.94,128,309,RAMP,80.0,57.0,WORKLOAD_STEP
2026-07-10 00:06:46.065993800+05:30,81.9,32,37.3,3053.12,51.94,128,309,RAMP,80.0,57.0,WORKLOAD_STEP
2026-07-10 00:06:48.094163400+05:30,81.8,32,41.3,3053.12,51.94,128,309,RAMP,80.0,57.0,WORKLOAD_STEP
2026-07-10 00:06:50.129542500+05:30,80.7,32,41.2,2882.38,51.94,128,309,RAMP,80.0,57.0,WORKLOAD_STEP
2026-07-10 00:06:52.162459+05:30,83.3,30,40.3,3053.12,51.93,128,308,RAMP,80.0,57.0,WORKLOAD_STEP
2026-07-10 00:06:54.193809300+05:30,84.0,30,40.2,3053.12,51.93,128,308,RAMP,80.0,57.0,WORKLOAD_STEP
2026-07-10 00:06:56.226908900+05:30,84.1,32,39.6,3053.12,51.93,128,308,RAMP,80.0,57.0,WORKLOAD_STEP
2026-07-10 00:06:58.253243800+05:30,82.3,32,41.6,2882.38,51.93,128,308,RAMP,80.0,57.0,WORKLOAD_STEP
2026-07-10 00:07:00.281054+05:30,80.4,30,38.7,2882.38,51.93,128,308,RAMP,80.0,57.0,WORKLOAD_STEP
2026-07-10 00:07:02.330501300+05:30,83.3,42,39.3,2691.56,51.92,128,308,RAMP,80.0,58.0,WORKLOAD_STEP
2026-07-10 00:07:04.390588900+05:30,80.4,32,35.8,3022.99,51.92,128,308,RAMP,80.0,58.0,WORKLOAD_STEP
2026-07-10 00:07:06.422667500+05:30,82.5,32,36.5,2872.34,51.85,128,307,RAMP,80.0,58.0,WORKLOAD_STEP
2026-07-10 00:07:08.448623600+05:30,83.9,30,39.7,2641.34,51.84,128,307,RAMP,80.0,58.0,WORKLOAD_STEP
2026-07-10 00:07:10.474254900+05:30,83.1,30,40.0,2530.86,51.84,128,307,RAMP,80.0,58.0,WORKLOAD_STEP
2026-07-10 00:07:12.500886600+05:30,81.6,32,39.9,2701.6,51.84,129,307,RAMP,80.0,58.0,WORKLOAD_STEP
2026-07-10 00:07:14.535485300+05:30,82.6,32,39.6,3053.12,51.84,129,307,RAMP,80.0,58.0,WORKLOAD_STEP
2026-07-10 00:07:16.563200800+05:30,82.7,30,39.4,3053.12,51.84,129,307,RAMP,80.0,58.0,WORKLOAD_STEP
2026-07-10 00:07:18.599670700+05:30,83.9,32,36.8,3043.08,51.84,129,307,RAMP,80.0,58.0,WORKLOAD_STEP
2026-07-10 00:07:20.638641400+05:30,83.8,34,38.2,2902.47,51.84,129,307,RAMP,80.0,58.0,WORKLOAD_STEP
2026-07-10 00:07:22.671762300+05:30,83.2,32,38.4,2701.6,51.84,129,307,RAMP,80.0,58.0,WORKLOAD_STEP
2026-07-10 00:07:24.698620+05:30,79.8,44,34.4,1958.4,51.84,130,307,RAMP,60.0,59.0,WORKLOAD_STEP
2026-07-10 00:07:26.736168400+05:30,64.5,34,29.3,2360.12,51.84,130,307,RAMP,60.0,59.0,WORKLOAD_STEP
2026-07-10 00:07:28.763480700+05:30,63.8,48,34.9,2691.56,51.84,130,307,RAMP,60.0,59.0,WORKLOAD_STEP
2026-07-10 00:07:30.793213700+05:30,65.3,42,28.9,2550.94,51.84,130,307,RAMP,60.0,59.0,WORKLOAD_STEP
2026-07-10 00:07:32.822856700+05:30,64.7,42,34.3,2872.34,51.83,130,307,RAMP,60.0,59.0,WORKLOAD_STEP
2026-07-10 00:07:34.863944300+05:30,62.7,32,33.4,3012.95,51.88,130,307,RAMP,60.0,59.0,WORKLOAD_STEP
2026-07-10 00:07:36.891555400+05:30,62.2,35,34.0,2701.6,51.84,130,307,RAMP,60.0,59.0,WORKLOAD_STEP
2026-07-10 00:07:38.918080600+05:30,62.8,34,35.2,2530.87,51.82,130,306,RAMP,60.0,59.0,WORKLOAD_STEP
2026-07-10 00:07:40.967554600+05:30,64.3,35,34.6,2882.38,51.82,130,306,RAMP,60.0,59.0,WORKLOAD_STEP
2026-07-10 00:07:42.999633200+05:30,64.9,36,37.2,3043.08,51.82,129,306,RAMP,60.0,59.0,WORKLOAD_STEP
2026-07-10 00:07:45.032666800+05:30,62.7,36,35.1,3053.12,52.09,129,306,RAMP,60.0,59.0,WORKLOAD_STEP
2026-07-10 00:07:47.063189200+05:30,69.4,34,36.4,2701.6,52.09,129,306,RAMP,60.0,59.0,WORKLOAD_STEP
2026-07-10 00:07:49.089612700+05:30,63.1,34,34.0,2882.38,51.64,129,306,RAMP,60.0,59.0,WORKLOAD_STEP
2026-07-10 00:07:51.124895200+05:30,65.4,35,37.0,2701.6,51.65,129,307,RAMP,60.0,59.0,WORKLOAD_STEP
2026-07-10 00:07:53.155472900+05:30,64.3,36,34.6,3053.12,51.65,129,307,RAMP,60.0,59.0,WORKLOAD_STEP
2026-07-10 00:07:55.193424300+05:30,64.0,36,35.1,3053.12,51.65,129,307,RAMP,60.0,59.0,WORKLOAD_STEP
2026-07-10 00:07:57.225982500+05:30,62.6,42,36.0,3053.12,51.65,131,307,RAMP,60.0,59.0,WORKLOAD_STEP
2026-07-10 00:07:59.255261600+05:30,62.6,34,37.2,2882.38,51.65,131,307,RAMP,60.0,59.0,WORKLOAD_STEP
2026-07-10 00:08:01.286867800+05:30,62.0,35,34.2,2691.56,51.66,131,307,RAMP,60.0,59.0,WORKLOAD_STEP
2026-07-10 00:08:03.314756400+05:30,64.9,35,35.7,2711.64,51.66,131,307,RAMP,60.0,59.0,WORKLOAD_STEP
2026-07-10 00:08:05.349943400+05:30,66.2,34,35.1,2701.6,51.66,131,307,RAMP,60.0,59.0,WORKLOAD_STEP
2026-07-10 00:08:07.377224100+05:30,64.3,35,36.5,2882.38,51.66,131,307,RAMP,60.0,59.0,WORKLOAD_STEP
2026-07-10 00:08:09.414418400+05:30,64.0,34,37.7,3053.12,51.67,130,307,RAMP,60.0,59.0,WORKLOAD_STEP
2026-07-10 00:08:11.443440900+05:30,62.6,35,38.7,2520.82,51.67,130,307,RAMP,60.0,59.0,WORKLOAD_STEP
2026-07-10 00:08:13.472748400+05:30,64.4,39,37.7,2872.34,51.67,129,307,RAMP,60.0,59.0,WORKLOAD_STEP
2026-07-10 00:08:15.503675300+05:30,64.6,32,40.3,3053.12,51.67,129,307,RAMP,60.0,59.0,WORKLOAD_STEP
2026-07-10 00:08:17.532363300+05:30,66.9,34,37.6,2530.86,51.67,129,307,RAMP,60.0,59.0,WORKLOAD_STEP
2026-07-10 00:08:19.563678300+05:30,63.8,32,35.8,2701.6,51.67,129,307,RAMP,60.0,59.0,WORKLOAD_STEP
2026-07-10 00:08:21.606501800+05:30,63.1,35,32.4,2872.34,51.68,129,307,RAMP,60.0,59.0,WORKLOAD_STEP
2026-07-10 00:08:23.637947300+05:30,62.0,35,35.9,3053.12,51.67,129,307,RAMP,60.0,59.0,WORKLOAD_STEP
2026-07-10 00:08:25.664554200+05:30,62.2,36,35.5,3053.12,51.68,131,307,RAMP,60.0,59.0,WORKLOAD_STEP
2026-07-10 00:08:27.690288900+05:30,69.7,34,37.5,2701.6,51.68,131,307,RAMP,60.0,59.0,WORKLOAD_STEP
2026-07-10 00:08:29.723307900+05:30,65.0,36,35.4,2711.64,51.69,131,307,RAMP,60.0,59.0,WORKLOAD_STEP
2026-07-10 00:08:31.757034100+05:30,66.4,35,40.5,2882.38,51.68,131,307,RAMP,60.0,59.0,WORKLOAD_STEP
2026-07-10 00:08:33.787834300+05:30,63.8,36,35.0,3053.12,51.69,131,307,RAMP,60.0,59.0,WORKLOAD_STEP
2026-07-10 00:08:35.826165500+05:30,64.9,32,39.6,2842.21,51.75,131,307,RAMP,60.0,59.0,WORKLOAD_STEP
2026-07-10 00:08:37.857469+05:30,62.5,35,37.2,2882.38,51.77,132,307,RAMP,60.0,59.0,WORKLOAD_STEP
2026-07-10 00:08:39.884062200+05:30,66.6,38,36.4,2701.6,51.77,132,307,RAMP,60.0,59.0,WORKLOAD_STEP
2026-07-10 00:08:41.912080500+05:30,65.9,36,38.7,2701.6,51.78,132,307,RAMP,60.0,59.0,WORKLOAD_STEP
2026-07-10 00:08:43.939290300+05:30,63.2,32,37.1,2701.6,51.78,132,307,RAMP,60.0,59.0,WORKLOAD_STEP
2026-07-10 00:08:45.971871+05:30,63.1,34,36.9,3053.12,51.78,132,307,RAMP,60.0,59.0,WORKLOAD_STEP
2026-07-10 00:08:48.001389800+05:30,62.1,38,35.8,2520.82,51.78,132,307,RAMP,60.0,59.0,WORKLOAD_STEP
2026-07-10 00:08:50.028536+05:30,61.7,34,35.6,3043.08,51.78,132,307,RAMP,60.0,59.0,WORKLOAD_STEP
2026-07-10 00:08:52.070450300+05:30,65.6,32,38.2,2882.38,51.78,132,307,RAMP,60.0,59.0,WORKLOAD_STEP
2026-07-10 00:08:54.097749300+05:30,63.5,34,35.4,3043.08,51.78,132,307,RAMP,60.0,59.0,WORKLOAD_STEP
2026-07-10 00:08:56.128765700+05:30,65.0,34,40.7,2691.56,51.78,132,307,RAMP,60.0,59.0,WORKLOAD_STEP
2026-07-10 00:08:58.157130600+05:30,62.0,35,35.9,3053.12,51.79,132,307,RAMP,60.0,59.0,WORKLOAD_STEP
2026-07-10 00:09:00.189308200+05:30,63.4,35,34.3,2882.38,51.79,132,307,RAMP,60.0,59.0,WORKLOAD_STEP
2026-07-10 00:09:02.217374900+05:30,64.6,36,39.0,2882.38,51.8,132,307,RAMP,60.0,59.0,WORKLOAD_STEP
2026-07-10 00:09:04.250371300+05:30,67.2,35,38.1,2882.38,51.79,132,307,RAMP,60.0,59.0,WORKLOAD_STEP
2026-07-10 00:09:06.283136500+05:30,65.8,34,37.3,2882.38,52.06,132,307,RAMP,60.0,59.0,WORKLOAD_STEP
2026-07-10 00:09:08.311997800+05:30,66.0,35,39.0,3053.12,52.06,132,307,RAMP,60.0,59.0,WORKLOAD_STEP
2026-07-10 00:09:10.346041800+05:30,63.8,36,35.4,2701.6,52.05,132,307,RAMP,60.0,59.0,WORKLOAD_STEP
2026-07-10 00:09:12.374224100+05:30,62.8,32,36.8,3053.12,52.06,132,307,RAMP,60.0,59.0,WORKLOAD_STEP
2026-07-10 00:09:14.410445600+05:30,62.5,36,34.5,2882.38,52.05,132,307,RAMP,60.0,59.0,WORKLOAD_STEP
2026-07-10 00:09:16.441992800+05:30,66.9,42,35.0,2872.34,52.05,132,307,RAMP,60.0,59.0,WORKLOAD_STEP
2026-07-10 00:09:18.476261700+05:30,64.7,36,33.6,2711.64,52.04,132,307,RAMP,60.0,59.0,WORKLOAD_STEP
2026-07-10 00:09:20.503641500+05:30,64.3,34,36.0,2711.64,52.05,132,307,RAMP,60.0,59.0,WORKLOAD_STEP
2026-07-10 00:09:22.538832300+05:30,62.0,35,35.2,2701.6,52.04,132,307,RAMP,60.0,59.0,WORKLOAD_STEP
2026-07-10 00:09:24.574902400+05:30,61.0,32,35.7,2882.38,52.04,133,307,RAMP,60.0,59.0,WORKLOAD_STEP
2026-07-10 00:09:26.606131300+05:30,62.2,35,34.8,2882.38,52.04,133,307,RAMP,60.0,59.0,WORKLOAD_STEP
2026-07-10 00:09:28.637376+05:30,64.5,36,33.6,2711.64,52.04,133,307,RAMP,60.0,59.0,WORKLOAD_STEP
2026-07-10 00:09:30.670359+05:30,65.5,35,37.2,2872.34,52.04,132,307,RAMP,60.0,59.0,WORKLOAD_STEP
2026-07-10 00:09:32.698369900+05:30,63.3,35,36.1,2711.64,52.08,132,307,RAMP,60.0,59.0,WORKLOAD_STEP
2026-07-10 00:09:34.727399300+05:30,71.5,32,40.0,2701.6,52.18,133,308,RAMP,60.0,59.0,WORKLOAD_STEP
2026-07-10 00:09:36.764576300+05:30,63.8,35,36.7,2711.64,52.18,134,308,RAMP,60.0,59.0,WORKLOAD_STEP
2026-07-10 00:09:38.795444400+05:30,64.6,36,37.2,2701.6,52.18,134,308,RAMP,60.0,59.0,WORKLOAD_STEP
2026-07-10 00:09:40.828438600+05:30,66.5,34,36.5,2872.34,52.18,135,308,RAMP,60.0,59.0,WORKLOAD_STEP
2026-07-10 00:09:42.855941300+05:30,69.6,35,38.2,2882.38,52.19,135,308,RAMP,60.0,59.0,WORKLOAD_STEP
2026-07-10 00:09:44.883578800+05:30,63.1,35,36.4,2530.86,52.19,135,308,RAMP,60.0,59.0,WORKLOAD_STEP
2026-07-10 00:09:46.914041900+05:30,65.8,34,39.2,3053.12,52.19,135,308,RAMP,60.0,59.0,WORKLOAD_STEP
2026-07-10 00:09:48.945235100+05:30,62.6,35,34.6,2711.64,52.19,135,308,RAMP,60.0,59.0,WORKLOAD_STEP
2026-07-10 00:09:50.975555+05:30,65.9,32,37.8,2701.6,52.2,136,308,RAMP,60.0,59.0,WORKLOAD_STEP
2026-07-10 00:09:53.016611+05:30,65.2,39,36.9,2882.38,52.2,136,308,RAMP,60.0,59.0,WORKLOAD_STEP
2026-07-10 00:09:55.045727300+05:30,65.0,35,38.8,3053.12,52.2,135,308,RAMP,60.0,59.0,WORKLOAD_STEP
2026-07-10 00:09:57.073042400+05:30,62.9,35,38.4,3053.12,52.2,135,308,RAMP,60.0,59.0,WORKLOAD_STEP
2026-07-10 00:09:59.100441100+05:30,64.5,32,36.3,2882.38,52.21,135,308,RAMP,60.0,59.0,WORKLOAD_STEP
2026-07-10 00:10:01.133518800+05:30,63.1,34,34.4,2882.38,52.2,135,308,RAMP,60.0,59.0,WORKLOAD_STEP
2026-07-10 00:10:03.165966200+05:30,68.5,35,36.0,2872.34,52.2,134,308,RAMP,60.0,59.0,WORKLOAD_STEP
2026-07-10 00:10:05.195536700+05:30,64.1,38,34.4,2882.38,52.18,134,308,RAMP,60.0,59.0,WORKLOAD_STEP
2026-07-10 00:10:07.236423300+05:30,65.5,43,36.1,2530.86,52.18,134,308,RAMP,60.0,59.0,WORKLOAD_STEP
2026-07-10 00:10:09.267936700+05:30,61.9,36,34.1,3043.08,52.17,133,308,RAMP,60.0,59.0,WORKLOAD_STEP
2026-07-10 00:10:11.298565100+05:30,64.0,34,37.9,2882.38,52.18,133,308,RAMP,60.0,59.0,WORKLOAD_STEP
2026-07-10 00:10:13.335511500+05:30,62.9,36,38.5,2882.38,52.13,133,308,RAMP,60.0,59.0,WORKLOAD_STEP
2026-07-10 00:10:15.365841600+05:30,67.2,32,35.9,2882.38,52.04,133,307,RAMP,60.0,59.0,WORKLOAD_STEP
2026-07-10 00:10:17.396401500+05:30,63.2,38,38.4,2882.38,52.03,133,307,RAMP,60.0,59.0,WORKLOAD_STEP
2026-07-10 00:10:19.429290700+05:30,63.0,36,36.4,2882.38,52.03,133,307,RAMP,60.0,59.0,WORKLOAD_STEP
2026-07-10 00:10:21.460203400+05:30,64.0,36,37.2,2872.34,52.03,132,307,RAMP,60.0,59.0,WORKLOAD_STEP
2026-07-10 00:10:23.493403800+05:30,62.8,36,39.1,2882.38,52.03,132,307,RAMP,60.0,59.0,WORKLOAD_STEP
2026-07-10 00:10:25.523678300+05:30,61.8,32,35.8,2530.86,52.03,132,307,RAMP,60.0,59.0,WORKLOAD_STEP
2026-07-10 00:10:27.553903600+05:30,64.9,35,35.2,2882.38,52.08,132,307,RAMP,60.0,59.0,WORKLOAD_STEP
2026-07-10 00:10:29.584621700+05:30,64.2,35,37.4,2882.38,52.03,132,307,RAMP,60.0,59.0,WORKLOAD_STEP
2026-07-10 00:10:31.614556600+05:30,63.4,38,28.3,2299.86,52.03,132,307,RAMP,60.0,60.0,WORKLOAD_STEP
2026-07-10 00:10:33.650935400+05:30,62.3,35,32.5,2681.51,52.03,132,307,RAMP,60.0,60.0,WORKLOAD_STEP
2026-07-10 00:10:35.678207+05:30,63.3,35,34.4,2872.34,52.03,132,307,RAMP,60.0,60.0,WORKLOAD_STEP
2026-07-10 00:10:37.720816900+05:30,61.3,36,34.7,2691.56,52.03,132,307,RAMP,60.0,60.0,WORKLOAD_STEP
2026-07-10 00:10:39.751910300+05:30,64.8,42,33.1,2571.03,52.03,132,307,RAMP,60.0,60.0,WORKLOAD_STEP
2026-07-10 00:10:41.780921400+05:30,64.8,42,32.8,2601.16,52.03,132,307,RAMP,60.0,60.0,WORKLOAD_STEP
2026-07-10 00:10:43.824241200+05:30,64.0,42,35.0,2882.38,52.03,132,307,RAMP,60.0,60.0,WORKLOAD_STEP
2026-07-10 00:10:45.852744300+05:30,65.1,36,37.1,2862.3,52.04,132,307,RAMP,60.0,60.0,WORKLOAD_STEP
2026-07-10 00:10:47.888430800+05:30,63.2,35,35.3,2701.6,52.04,132,307,RAMP,60.0,60.0,WORKLOAD_STEP
2026-07-10 00:10:49.921690800+05:30,62.7,34,33.4,2711.64,52.04,132,307,RAMP,60.0,60.0,WORKLOAD_STEP
2026-07-10 00:10:51.950086+05:30,65.1,36,34.9,2872.34,52.04,132,307,RAMP,60.0,60.0,WORKLOAD_STEP
2026-07-10 00:10:53.986273400+05:30,64.7,42,34.5,3033.04,52.04,132,307,RAMP,60.0,60.0,WORKLOAD_STEP
2026-07-10 00:10:56.028354800+05:30,62.8,36,33.9,2711.64,52.04,132,307,RAMP,60.0,60.0,WORKLOAD_STEP
2026-07-10 00:10:58.061112700+05:30,63.7,42,36.5,2701.6,52.03,132,307,RAMP,60.0,60.0,WORKLOAD_STEP
2026-07-10 00:11:00.093916300+05:30,63.2,34,35.9,2872.34,52.04,132,307,RAMP,60.0,60.0,WORKLOAD_STEP
2026-07-10 00:11:02.123596100+05:30,66.9,34,35.9,2882.38,52.05,132,307,RAMP,60.0,60.0,WORKLOAD_STEP
2026-07-10 00:11:04.153310100+05:30,64.8,36,36.5,2701.6,52.05,132,307,RAMP,60.0,60.0,WORKLOAD_STEP
2026-07-10 00:11:06.184486900+05:30,66.4,36,35.8,2872.34,52.06,132,307,RAMP,60.0,60.0,WORKLOAD_STEP
2026-07-10 00:11:08.218663700+05:30,62.5,36,36.3,2711.64,52.06,132,307,RAMP,60.0,60.0,WORKLOAD_STEP
2026-07-10 00:11:10.253641200+05:30,62.7,48,30.3,1456.24,52.06,132,307,RAMP,40.0,61.0,WORKLOAD_STEP
2026-07-10 00:11:12.281624300+05:30,45.3,50,13.8,1626.97,52.06,132,307,RAMP,40.0,61.0,WORKLOAD_STEP
2026-07-10 00:11:14.313175+05:30,47.3,42,16.5,1616.93,52.07,132,307,RAMP,40.0,61.0,WORKLOAD_STEP
2026-07-10 00:11:16.351560300+05:30,45.0,51,18.8,1817.79,52.07,132,307,RAMP,40.0,61.0,WORKLOAD_STEP
2026-07-10 00:11:18.388412500+05:30,43.8,48,23.6,2661.43,52.07,131,307,RAMP,40.0,61.0,WORKLOAD_STEP
2026-07-10 00:11:20.422601+05:30,43.7,46,25.5,2420.39,52.05,131,307,RAMP,40.0,61.0,WORKLOAD_STEP
2026-07-10 00:11:22.452971800+05:30,43.3,45,25.7,2671.47,52.05,131,307,RAMP,40.0,61.0,WORKLOAD_STEP
2026-07-10 00:11:24.489675600+05:30,42.8,48,26.1,2038.76,52.05,132,307,RAMP,40.0,61.0,WORKLOAD_STEP
2026-07-10 00:11:26.520945900+05:30,46.5,42,27.5,2169.31,52.05,132,307,RAMP,40.0,61.0,WORKLOAD_STEP
2026-07-10 00:11:28.553067100+05:30,46.1,49,22.1,1978.48,52.05,132,307,RAMP,40.0,61.0,WORKLOAD_STEP
2026-07-10 00:11:30.584705500+05:30,47.8,39,24.2,2179.34,52.05,131,307,RAMP,40.0,61.0,WORKLOAD_STEP
2026-07-10 00:11:32.617434600+05:30,44.8,38,26.2,2068.88,52.05,131,307,RAMP,40.0,61.0,WORKLOAD_STEP
2026-07-10 00:11:34.647624+05:30,42.6,42,25.7,2450.51,52.05,131,307,RAMP,40.0,61.0,WORKLOAD_STEP
2026-07-10 00:11:36.678281900+05:30,43.9,42,26.5,2681.51,52.05,131,307,RAMP,40.0,61.0,WORKLOAD_STEP
2026-07-10 00:11:38.712418700+05:30,45.7,48,25.7,2319.96,52.05,131,307,RAMP,40.0,61.0,WORKLOAD_STEP
2026-07-10 00:11:40.745587400+05:30,47.9,39,28.1,2500.74,52.05,131,307,RAMP,40.0,61.0,WORKLOAD_STEP
2026-07-10 00:11:42.774318900+05:30,45.0,40,29.9,2701.6,52.05,131,307,RAMP,40.0,61.0,WORKLOAD_STEP
2026-07-10 00:11:44.805629+05:30,45.1,36,29.3,2350.08,52.06,131,307,RAMP,40.0,61.0,WORKLOAD_STEP
2026-07-10 00:11:46.834442900+05:30,44.7,45,28.9,2239.6,52.05,130,307,RAMP,40.0,61.0,WORKLOAD_STEP
2026-07-10 00:11:48.866136900+05:30,43.1,39,27.4,2259.7,52.06,130,307,RAMP,40.0,61.0,WORKLOAD_STEP
2026-07-10 00:11:50.921004400+05:30,46.6,50,22.3,1385.93,52.05,130,307,RAMP,40.0,61.0,WORKLOAD_STEP
2026-07-10 00:11:52.951997+05:30,50.5,42,25.2,1797.71,52.06,131,307,RAMP,40.0,61.0,WORKLOAD_STEP
2026-07-10 00:11:54.992024300+05:30,44.6,48,30.0,2771.91,52.05,130,307,RAMP,40.0,61.0,WORKLOAD_STEP
2026-07-10 00:11:57.027360500+05:30,44.8,46,29.9,2340.03,52.06,130,307,RAMP,40.0,61.0,WORKLOAD_STEP
2026-07-10 00:11:59.062607+05:30,42.1,38,29.7,2279.78,52.06,129,307,RAMP,40.0,61.0,WORKLOAD_STEP
2026-07-10 00:12:01.091978500+05:30,44.4,40,28.0,2179.34,52.1,129,307,RAMP,40.0,61.0,WORKLOAD_STEP
2026-07-10 00:12:03.121916300+05:30,46.2,39,30.9,2520.82,52.06,129,307,RAMP,40.0,61.0,WORKLOAD_STEP
2026-07-10 00:12:05.149043500+05:30,45.7,36,28.4,2530.86,52.06,129,307,RAMP,40.0,61.0,WORKLOAD_STEP
2026-07-10 00:12:07.180627300+05:30,43.4,45,28.0,3012.95,52.06,129,307,RAMP,40.0,61.0,WORKLOAD_STEP
2026-07-10 00:12:09.218295300+05:30,43.7,48,28.4,2360.13,52.06,129,307,RAMP,40.0,61.0,WORKLOAD_STEP
2026-07-10 00:12:11.250356200+05:30,42.9,40,24.1,2239.61,52.06,129,307,RAMP,40.0,61.0,WORKLOAD_STEP
2026-07-10 00:12:13.277647600+05:30,43.9,48,28.5,2470.6,52.06,129,307,RAMP,40.0,61.0,WORKLOAD_STEP
2026-07-10 00:12:15.306011500+05:30,48.1,40,29.0,2430.43,52.05,129,307,RAMP,40.0,61.0,WORKLOAD_STEP
2026-07-10 00:12:17.346839400+05:30,43.4,39,28.4,2350.08,52.06,129,307,RAMP,40.0,61.0,WORKLOAD_STEP
2026-07-10 00:12:19.379579200+05:30,45.6,38,29.0,2199.43,52.07,129,307,RAMP,40.0,61.0,WORKLOAD_STEP
2026-07-10 00:12:21.412442500+05:30,41.5,42,29.8,2470.6,52.06,129,307,RAMP,40.0,61.0,WORKLOAD_STEP
2026-07-10 00:12:23.442542600+05:30,45.4,40,28.6,2330.0,52.15,130,307,RAMP,40.0,61.0,WORKLOAD_STEP
2026-07-10 00:12:25.479235+05:30,45.1,45,28.8,2661.43,52.06,131,307,RAMP,40.0,61.0,WORKLOAD_STEP
2026-07-10 00:12:27.506855500+05:30,47.2,40,30.7,2872.34,52.07,130,307,RAMP,40.0,61.0,WORKLOAD_STEP
2026-07-10 00:12:29.536140200+05:30,44.2,39,29.9,2360.12,52.06,130,307,RAMP,40.0,61.0,WORKLOAD_STEP
2026-07-10 00:12:31.569521500+05:30,47.0,39,29.5,2159.25,52.07,130,307,RAMP,40.0,61.0,WORKLOAD_STEP
2026-07-10 00:12:33.600638100+05:30,42.5,38,28.4,2882.38,52.07,130,307,RAMP,40.0,61.0,WORKLOAD_STEP
2026-07-10 00:12:35.630917300+05:30,42.0,40,32.4,2520.82,52.08,130,307,RAMP,40.0,61.0,WORKLOAD_STEP
2026-07-10 00:12:37.663742300+05:30,43.6,42,30.3,2701.6,52.08,130,307,RAMP,40.0,61.0,WORKLOAD_STEP
2026-07-10 00:12:39.699982300+05:30,45.3,39,31.5,2179.34,52.09,130,307,RAMP,40.0,61.0,WORKLOAD_STEP
2026-07-10 00:12:41.728571+05:30,44.5,39,28.7,2530.86,52.08,130,307,RAMP,40.0,61.0,WORKLOAD_STEP
2026-07-10 00:12:43.755838+05:30,45.4,38,31.0,2189.38,52.08,130,307,RAMP,40.0,61.0,WORKLOAD_STEP
2026-07-10 00:12:45.789064800+05:30,43.6,35,31.0,2340.03,52.08,130,307,RAMP,40.0,61.0,WORKLOAD_STEP
2026-07-10 00:12:47.820970+05:30,42.2,40,32.6,2872.34,52.09,130,307,RAMP,40.0,61.0,WORKLOAD_STEP
2026-07-10 00:12:49.850501700+05:30,47.3,38,34.8,2520.82,52.09,130,307,RAMP,40.0,61.0,WORKLOAD_STEP
2026-07-10 00:12:51.881245+05:30,46.7,39,33.8,2530.86,52.09,129,307,RAMP,40.0,61.0,WORKLOAD_STEP
2026-07-10 00:12:53.911120+05:30,47.5,36,31.9,2350.08,52.09,128,307,RAMP,40.0,61.0,WORKLOAD_STEP
2026-07-10 00:12:55.945211500+05:30,45.3,48,27.5,1606.89,52.09,128,307,RAMP,40.0,62.0,WORKLOAD_STEP
2026-07-10 00:12:57.989873500+05:30,45.8,42,17.2,2129.13,52.09,128,307,RAMP,40.0,62.0,WORKLOAD_STEP
2026-07-10 00:13:00.019597+05:30,48.9,51,13.8,1355.8,52.1,128,307,RAMP,40.0,62.0,WORKLOAD_STEP
2026-07-10 00:13:02.056689300+05:30,49.9,51,20.7,1667.13,52.1,128,307,RAMP,40.0,62.0,WORKLOAD_STEP
2026-07-10 00:13:04.101522+05:30,45.5,54,17.6,1626.96,52.07,128,307,RAMP,40.0,62.0,WORKLOAD_STEP
2026-07-10 00:13:06.141859100+05:30,50.9,49,17.9,1365.85,52.08,128,307,RAMP,40.0,62.0,WORKLOAD_STEP
2026-07-10 00:13:08.170487200+05:30,45.6,52,20.4,2159.26,52.08,128,307,RAMP,40.0,62.0,WORKLOAD_STEP
2026-07-10 00:13:10.214300100+05:30,46.3,46,24.6,1857.96,52.08,128,307,RAMP,40.0,62.0,WORKLOAD_STEP
2026-07-10 00:13:12.256386900+05:30,45.0,50,21.3,1496.41,52.08,128,307,RAMP,40.0,62.0,WORKLOAD_STEP
2026-07-10 00:13:14.286263400+05:30,44.4,40,24.8,1988.52,52.09,128,307,RAMP,40.0,62.0,WORKLOAD_STEP
2026-07-10 00:13:16.317683700+05:30,47.2,39,26.1,1998.56,52.08,128,307,COOLING_AFTER_RAMP,0.0,,SESSION
2026-07-10 00:13:18.363820100+05:30,8.3,55,8.5,1215.19,52.13,128,307,COOLING_AFTER_RAMP,0.0,,SESSION
2026-07-10 00:13:20.415825700+05:30,7.2,56,8.7,1275.44,52.08,128,307,COOLING_AFTER_RAMP,0.0,,SESSION
2026-07-10 00:13:22.463554500+05:30,6.6,56,8.5,1416.07,52.08,128,307,COOLING_AFTER_RAMP,0.0,,SESSION
2026-07-10 00:13:24.503401500+05:30,9.1,56,8.7,1727.4,52.07,129,307,COOLING_AFTER_RAMP,0.0,,SESSION
2026-07-10 00:13:26.579076800+05:30,7.9,56,9.1,1225.23,52.09,129,307,COOLING_AFTER_RAMP,0.0,,SESSION
2026-07-10 00:13:28.610110300+05:30,13.0,56,9.6,1235.29,52.09,129,307,COOLING_AFTER_RAMP,0.0,,SESSION
2026-07-10 00:13:30.636015+05:30,11.9,57,9.2,1536.57,52.24,130,308,COOLING_AFTER_RAMP,0.0,,SESSION
2026-07-10 00:13:32.688905200+05:30,9.4,56,9.1,1215.2,52.23,130,308,COOLING_AFTER_RAMP,0.0,,SESSION
2026-07-10 00:13:34.725200600+05:30,7.9,56,8.5,1175.02,52.24,130,308,COOLING_AFTER_RAMP,0.0,,SESSION
2026-07-10 00:13:36.762256700+05:30,8.0,56,9.2,1375.89,52.24,130,308,COOLING_AFTER_RAMP,0.0,,SESSION
2026-07-10 00:13:38.807722100+05:30,8.4,56,8.7,1175.04,52.23,130,308,COOLING_AFTER_RAMP,0.0,,SESSION
2026-07-10 00:13:40.849846200+05:30,10.5,56,8.6,1446.19,52.23,130,308,COOLING_AFTER_RAMP,0.0,,SESSION
2026-07-10 00:13:42.892663800+05:30,9.1,57,8.6,1245.33,52.23,130,308,COOLING_AFTER_RAMP,0.0,,SESSION
2026-07-10 00:13:44.939263100+05:30,8.9,56,9.1,1235.28,52.29,130,308,COOLING_AFTER_RAMP,0.0,,SESSION
2026-07-10 00:13:46.973788500+05:30,6.5,56,9.1,1215.2,52.23,130,308,COOLING_AFTER_RAMP,0.0,,SESSION
2026-07-10 00:13:49.034158+05:30,7.1,56,8.9,1225.25,52.23,130,308,COOLING_AFTER_RAMP,0.0,,SESSION
2026-07-10 00:13:51.099938700+05:30,7.9,59,9.0,1175.02,52.25,130,308,COOLING_AFTER_RAMP,0.0,,SESSION
2026-07-10 00:13:53.139705500+05:30,9.3,56,8.8,1275.46,52.25,130,308,COOLING_AFTER_RAMP,0.0,,SESSION
2026-07-10 00:13:55.183637500+05:30,6.9,56,8.9,1124.8,52.26,130,308,COOLING_AFTER_RAMP,0.0,,SESSION
2026-07-10 00:13:57.255968700+05:30,9.7,59,9.0,1335.71,52.23,130,308,COOLING_AFTER_RAMP,0.0,,SESSION
2026-07-10 00:13:59.297383600+05:30,8.3,59,9.0,1586.8,52.23,130,308,COOLING_AFTER_RAMP,0.0,,SESSION
2026-07-10 00:14:01.345893500+05:30,10.0,57,8.3,1235.28,52.2,130,308,COOLING_AFTER_RAMP,0.0,,SESSION
2026-07-10 00:14:03.388483800+05:30,10.7,59,8.9,1205.15,52.2,130,308,COOLING_AFTER_RAMP,0.0,,SESSION
2026-07-10 00:14:05.429636500+05:30,9.9,57,8.5,1205.14,52.21,130,308,COOLING_AFTER_RAMP,0.0,,SESSION
2026-07-10 00:14:07.468810+05:30,8.7,57,8.6,1325.68,52.21,130,308,COOLING_AFTER_RAMP,0.0,,SESSION
2026-07-10 00:14:09.517571+05:30,7.7,58,8.6,1265.42,52.21,130,308,COOLING_AFTER_RAMP,0.0,,SESSION
2026-07-10 00:14:11.561713900+05:30,6.7,59,8.7,1225.24,52.24,130,308,COOLING_AFTER_RAMP,0.0,,SESSION
2026-07-10 00:14:13.637751500+05:30,6.9,57,8.7,1215.2,52.2,130,308,COOLING_AFTER_RAMP,0.0,,SESSION
2026-07-10 00:14:15.689905300+05:30,8.0,57,8.6,1325.67,52.2,130,308,COOLING_AFTER_RAMP,0.0,,SESSION
2026-07-10 00:14:17.731805400+05:30,7.9,57,8.7,1345.76,52.21,130,308,COOLING_AFTER_RAMP,0.0,,SESSION
2026-07-10 00:14:19.759687400+05:30,8.9,57,8.7,1185.08,52.2,130,308,COOLING_AFTER_RAMP,0.0,,SESSION
2026-07-10 00:14:21.803443400+05:30,11.9,56,9.3,1315.64,52.19,130,308,COOLING_AFTER_RAMP,0.0,,SESSION
2026-07-10 00:14:23.846009600+05:30,8.9,56,8.9,1245.32,52.18,130,308,COOLING_AFTER_RAMP,0.0,,SESSION
2026-07-10 00:14:25.895128500+05:30,14.7,55,10.0,1175.01,52.2,130,309,COOLING_AFTER_RAMP,0.0,,SESSION
2026-07-10 00:14:27.945702100+05:30,8.3,57,9.0,1185.07,52.21,130,309,COOLING_AFTER_RAMP,0.0,,SESSION
2026-07-10 00:14:29.995662900+05:30,12.2,58,8.9,1114.76,52.25,130,309,COOLING_AFTER_RAMP,0.0,,SESSION
2026-07-10 00:14:32.061738500+05:30,8.6,57,8.9,1275.45,52.13,130,308,COOLING_AFTER_RAMP,0.0,,SESSION
2026-07-10 00:14:34.107820100+05:30,8.2,57,8.9,1215.2,52.13,130,308,COOLING_AFTER_RAMP,0.0,,SESSION
2026-07-10 00:14:36.137306100+05:30,6.9,57,8.8,1285.49,52.15,130,308,COOLING_AFTER_RAMP,0.0,,SESSION
2026-07-10 00:14:38.182448800+05:30,10.5,57,9.0,1456.24,52.19,130,308,COOLING_AFTER_RAMP,0.0,,SESSION
2026-07-10 00:14:40.227840300+05:30,8.0,57,8.7,1365.83,52.14,130,308,COOLING_AFTER_RAMP,0.0,,SESSION
2026-07-10 00:14:42.268911400+05:30,7.9,56,8.7,1164.98,52.14,130,308,COOLING_AFTER_RAMP,0.0,,SESSION
2026-07-10 00:14:44.339384300+05:30,7.1,57,8.6,1355.81,52.15,130,308,COOLING_AFTER_RAMP,0.0,,SESSION
2026-07-10 00:14:46.383099300+05:30,6.3,57,8.6,1205.15,52.13,132,308,COOLING_AFTER_RAMP,0.0,,SESSION
2026-07-10 00:14:48.422995500+05:30,7.1,57,8.5,1305.6,52.12,132,308,COOLING_AFTER_RAMP,0.0,,SESSION
2026-07-10 00:14:50.468727600+05:30,7.7,57,8.5,1215.18,52.15,132,308,COOLING_AFTER_RAMP,0.0,,SESSION
2026-07-10 00:14:52.527115300+05:30,12.3,57,8.7,1175.01,52.13,132,308,COOLING_AFTER_RAMP,0.0,,SESSION
2026-07-10 00:14:54.577770900+05:30,6.7,57,8.8,1154.94,52.12,132,308,COOLING_AFTER_RAMP,0.0,,SESSION
2026-07-10 00:14:56.626704200+05:30,8.7,57,9.4,1637.0,52.13,132,308,COOLING_AFTER_RAMP,0.0,,SESSION
2026-07-10 00:14:58.681247300+05:30,6.9,57,8.4,1225.24,52.12,132,308,COOLING_AFTER_RAMP,0.0,,SESSION
2026-07-10 00:15:00.731557100+05:30,7.2,57,8.5,1164.98,52.14,132,308,COOLING_AFTER_RAMP,0.0,,SESSION
2026-07-10 00:15:02.779145500+05:30,10.4,57,8.5,1375.88,52.13,132,308,COOLING_AFTER_RAMP,0.0,,SESSION
2026-07-10 00:15:04.808319300+05:30,10.0,59,8.5,1406.02,52.15,133,308,COOLING_AFTER_RAMP,0.0,,SESSION
2026-07-10 00:15:06.840499900+05:30,8.4,57,8.7,1345.76,52.14,133,308,COOLING_AFTER_RAMP,0.0,,SESSION
2026-07-10 00:15:08.890591300+05:30,6.7,56,8.6,1275.45,52.13,133,308,COOLING_AFTER_RAMP,0.0,,SESSION
2026-07-10 00:15:10.953257400+05:30,6.1,57,8.9,1345.77,52.14,133,308,COOLING_AFTER_RAMP,0.0,,SESSION
2026-07-10 00:15:12.997243700+05:30,7.7,57,8.4,1355.79,52.15,134,308,COOLING_AFTER_RAMP,0.0,,SESSION
2026-07-10 00:15:15.063027500+05:30,7.1,57,9.2,1195.11,52.15,134,308,COOLING_AFTER_RAMP,0.0,,SESSION
2026-07-10 00:15:17.105499200+05:30,7.0,57,9.0,1315.62,52.15,134,308,COOLING_AFTER_RAMP,0.0,,SESSION
2026-07-10 00:15:19.152408700+05:30,8.3,57,8.6,1154.94,52.17,134,308,COOLING_AFTER_RAMP,0.0,,SESSION
2026-07-10 00:15:21.201701+05:30,7.5,59,8.6,1205.15,52.17,134,308,COOLING_AFTER_RAMP,0.0,,SESSION
2026-07-10 00:15:23.257525600+05:30,10.1,57,9.2,1225.24,52.17,134,308,COOLING_AFTER_RAMP,0.0,,SESSION
2026-07-10 00:15:25.307198600+05:30,11.4,60,8.5,1175.02,52.15,135,308,COOLING_AFTER_RAMP,0.0,,SESSION
2026-07-10 00:15:27.365782600+05:30,12.6,56,9.1,1707.31,52.15,135,308,COOLING_AFTER_RAMP,0.0,,SESSION
2026-07-10 00:15:29.414677300+05:30,7.2,59,8.5,1265.41,52.13,134,308,COOLING_AFTER_RAMP,0.0,,SESSION
2026-07-10 00:15:31.465883100+05:30,7.1,57,8.7,1235.28,52.16,134,308,COOLING_AFTER_RAMP,0.0,,SESSION
2026-07-10 00:15:33.508375900+05:30,6.8,57,8.3,1154.92,52.14,134,308,COOLING_AFTER_RAMP,0.0,,SESSION
2026-07-10 00:15:35.548617300+05:30,5.4,56,9.0,1586.79,52.17,133,308,COOLING_AFTER_RAMP,0.0,,SESSION
2026-07-10 00:15:37.593231900+05:30,9.5,57,8.8,1355.79,52.14,135,308,COOLING_AFTER_RAMP,0.0,,SESSION
2026-07-10 00:15:39.639449100+05:30,7.1,57,8.6,1255.37,52.14,135,308,COOLING_AFTER_RAMP,0.0,,SESSION
2026-07-10 00:15:41.682976700+05:30,12.8,60,9.1,1365.85,52.17,135,308,COOLING_AFTER_RAMP,0.0,,SESSION
2026-07-10 00:15:43.734066200+05:30,10.5,56,10.0,1215.18,52.16,134,308,COOLING_AFTER_RAMP,0.0,,SESSION
2026-07-10 00:15:45.791646100+05:30,11.8,56,9.1,1235.29,52.16,134,308,COOLING_AFTER_RAMP,0.0,,SESSION
2026-07-10 00:15:47.837691400+05:30,7.0,59,8.9,1395.97,52.18,134,308,COOLING_AFTER_RAMP,0.0,,SESSION
2026-07-10 00:15:49.872672400+05:30,11.1,59,9.3,1416.05,52.18,134,308,COOLING_AFTER_RAMP,0.0,,SESSION
2026-07-10 00:15:51.906693600+05:30,8.9,56,9.1,1355.8,52.18,134,308,COOLING_AFTER_RAMP,0.0,,SESSION
2026-07-10 00:15:53.943363200+05:30,10.9,61,8.8,1275.44,52.18,134,308,COOLING_AFTER_RAMP,0.0,,SESSION
2026-07-10 00:15:56.004685900+05:30,8.7,57,9.2,1235.29,52.17,134,307,COOLING_AFTER_RAMP,0.0,,SESSION
2026-07-10 00:15:58.065026+05:30,7.8,57,9.2,1285.49,52.19,134,307,COOLING_AFTER_RAMP,0.0,,SESSION
2026-07-10 00:16:00.120424+05:30,7.2,58,8.6,1195.11,52.19,134,307,COOLING_AFTER_RAMP,0.0,,SESSION
2026-07-10 00:16:02.171849100+05:30,7.5,58,8.6,1365.84,52.22,134,307,COOLING_AFTER_RAMP,0.0,,SESSION
2026-07-10 00:16:04.225939300+05:30,8.4,57,8.4,1175.03,52.2,134,307,COOLING_AFTER_RAMP,0.0,,SESSION
2026-07-10 00:16:06.286738500+05:30,7.9,57,8.7,1255.37,52.21,132,307,COOLING_AFTER_RAMP,0.0,,SESSION
2026-07-10 00:16:08.327259900+05:30,7.9,57,8.7,1215.19,52.21,135,307,COOLING_AFTER_RAMP,0.0,,SESSION
2026-07-10 00:16:10.375930800+05:30,7.2,59,8.5,1245.32,52.2,135,307,COOLING_AFTER_RAMP,0.0,,SESSION
2026-07-10 00:16:12.415226300+05:30,6.6,57,8.6,1215.26,52.2,135,307,COOLING_AFTER_RAMP,0.0,,SESSION
2026-07-10 00:16:14.462460+05:30,7.3,55,8.4,1265.42,52.2,135,307,COOLING_AFTER_RAMP,0.0,,SESSION
2026-07-10 00:16:16.521166300+05:30,15.0,58,9.0,1205.15,52.19,135,307,COOLING_AFTER_RAMP,0.0,,SESSION
2026-07-10 00:16:18.558036900+05:30,10.5,57,8.3,1255.37,52.2,135,307,COOLING_AFTER_RAMP,0.0,,SESSION
2026-07-10 00:16:20.605526800+05:30,10.2,57,9.1,1255.36,52.18,135,307,COOLING_AFTER_RAMP,0.0,,SESSION
2026-07-10 00:16:22.645477200+05:30,5.4,60,8.7,1215.19,52.18,134,307,COOLING_AFTER_RAMP,0.0,,SESSION
2026-07-10 00:16:24.686655100+05:30,5.9,56,8.8,1737.44,52.22,134,307,COOLING_AFTER_RAMP,0.0,,SESSION
2026-07-10 00:16:26.738044900+05:30,7.6,57,8.5,1426.09,52.2,134,307,COOLING_AFTER_RAMP,0.0,,SESSION
2026-07-10 00:16:28.791534400+05:30,10.0,57,8.8,1144.9,52.22,133,307,COOLING_AFTER_RAMP,0.0,,SESSION
2026-07-10 00:16:30.825767200+05:30,12.9,58,12.9,1144.9,52.21,133,307,COOLING_AFTER_RAMP,0.0,,SESSION
2026-07-10 00:16:32.874750600+05:30,7.0,57,8.7,1205.16,52.24,133,307,COOLING_AFTER_RAMP,0.0,,SESSION
2026-07-10 00:16:34.909940400+05:30,6.8,59,8.9,1235.28,52.22,133,307,COOLING_AFTER_RAMP,0.0,,SESSION
2026-07-10 00:16:36.951923900+05:30,6.7,56,8.9,1255.37,52.2,133,307,COOLING_AFTER_RAMP,0.0,,SESSION
2026-07-10 00:16:38.993308700+05:30,17.9,51,9.5,1084.65,52.25,133,311,COOLING_AFTER_RAMP,0.0,,SESSION
2026-07-10 00:16:41.039657500+05:30,14.6,53,19.9,2109.05,52.0,133,310,COOLING_AFTER_RAMP,0.0,,SESSION
2026-07-10 00:16:43.087948400+05:30,7.8,56,9.6,1757.53,51.98,133,310,COOLING_AFTER_RAMP,0.0,,SESSION
2026-07-10 00:16:45.129599800+05:30,6.3,58,8.6,1436.14,51.98,133,310,COOLING_AFTER_RAMP,0.0,,SESSION
2026-07-10 00:16:47.213075+05:30,9.6,57,8.8,1215.2,51.97,133,310,COOLING_AFTER_RAMP,0.0,,SESSION
2026-07-10 00:16:49.253950+05:30,8.1,56,8.8,1205.15,51.99,133,310,COOLING_AFTER_RAMP,0.0,,SESSION
2026-07-10 00:16:51.306941300+05:30,9.2,56,9.4,1225.24,51.99,133,310,COOLING_AFTER_RAMP,0.0,,SESSION
2026-07-10 00:16:53.359409100+05:30,8.6,57,8.7,1134.84,51.97,133,310,COOLING_AFTER_RAMP,0.0,,SESSION
2026-07-10 00:16:55.411099600+05:30,8.1,57,9.1,1436.13,51.99,133,310,COOLING_AFTER_RAMP,0.0,,SESSION
2026-07-10 00:16:57.454279500+05:30,6.4,57,8.7,1154.95,51.96,133,310,COOLING_AFTER_RAMP,0.0,,SESSION
2026-07-10 00:16:59.500528700+05:30,7.0,57,8.7,1245.33,52.03,133,310,COOLING_AFTER_RAMP,0.0,,SESSION
2026-07-10 00:17:01.539787400+05:30,9.7,57,8.7,1154.94,51.96,133,310,COOLING_AFTER_RAMP,0.0,,SESSION
2026-07-10 00:17:03.589872+05:30,7.7,57,8.6,1365.84,51.97,133,310,COOLING_AFTER_RAMP,0.0,,SESSION
2026-07-10 00:17:05.639599100+05:30,9.5,59,8.6,1275.45,51.96,133,310,COOLING_AFTER_RAMP,0.0,,SESSION
2026-07-10 00:17:07.684633+05:30,9.2,57,8.6,1305.59,51.96,133,310,COOLING_AFTER_RAMP,0.0,,SESSION
2026-07-10 00:17:09.737142+05:30,12.0,58,9.3,1225.25,51.97,133,310,COOLING_AFTER_RAMP,0.0,,SESSION
2026-07-10 00:17:11.784630800+05:30,6.9,57,9.9,1446.18,51.97,133,310,COOLING_AFTER_RAMP,0.0,,SESSION
2026-07-10 00:17:13.832818600+05:30,11.9,57,9.0,1235.28,51.97,132,310,COOLING_AFTER_RAMP,0.0,,SESSION
2026-07-10 00:17:15.875134600+05:30,9.5,57,8.6,1295.53,51.98,132,310,COOLING_AFTER_RAMP,0.0,,SESSION
2026-07-10 00:17:17.923072700+05:30,9.0,57,8.6,1335.7,51.99,132,310,COOLING_AFTER_RAMP,0.0,,SESSION
2026-07-10 00:17:19.965210200+05:30,6.2,57,8.7,1737.44,51.98,132,310,COOLING_AFTER_RAMP,0.0,,SESSION
2026-07-10 00:17:22.005317300+05:30,9.4,59,8.8,1215.19,51.98,132,310,COOLING_AFTER_RAMP,0.0,,SESSION
2026-07-10 00:17:24.068733800+05:30,13.3,57,8.8,1144.91,51.97,133,310,COOLING_AFTER_RAMP,0.0,,SESSION
2026-07-10 00:17:26.108565600+05:30,12.6,60,8.8,1857.95,51.98,133,310,COOLING_AFTER_RAMP,0.0,,SESSION
2026-07-10 00:17:28.144495900+05:30,7.7,57,8.8,1305.58,51.97,133,310,COOLING_AFTER_RAMP,0.0,,SESSION
2026-07-10 00:17:30.185312900+05:30,8.8,58,8.5,1215.2,51.99,132,310,COOLING_AFTER_RAMP,0.0,,SESSION
2026-07-10 00:17:32.233341900+05:30,6.5,59,8.7,1385.94,51.97,132,311,COOLING_AFTER_RAMP,0.0,,SESSION
2026-07-10 00:17:34.275986+05:30,5.9,60,8.5,1416.05,52.01,132,312,COOLING_AFTER_RAMP,0.0,,SESSION
2026-07-10 00:17:36.325542500+05:30,17.0,56,9.5,1496.4,52.0,132,312,COOLING_AFTER_RAMP,0.0,,SESSION
2026-07-10 00:17:38.367618600+05:30,8.8,57,8.6,1225.24,52.03,134,312,COOLING_AFTER_RAMP,0.0,,SESSION
2026-07-10 00:17:40.411364800+05:30,9.5,58,9.8,1285.49,51.94,133,310,COOLING_AFTER_RAMP,0.0,,SESSION
2026-07-10 00:17:42.458228600+05:30,10.4,58,8.8,1235.28,51.94,132,310,COOLING_AFTER_RAMP,0.0,,SESSION
2026-07-10 00:17:44.501937200+05:30,12.2,57,10.1,1365.84,51.96,132,310,COOLING_AFTER_RAMP,0.0,,SESSION
2026-07-10 00:17:46.544440900+05:30,9.4,57,8.9,1205.16,51.96,132,310,COOLING_AFTER_RAMP,0.0,,SESSION
2026-07-10 00:17:48.607099900+05:30,6.8,58,8.7,1185.06,51.95,132,310,COOLING_AFTER_RAMP,0.0,,SESSION
2026-07-10 00:17:50.638594200+05:30,8.1,58,8.6,1375.89,51.95,132,309,COOLING_AFTER_RAMP,0.0,,SESSION
2026-07-10 00:17:52.679284800+05:30,6.8,57,8.8,1496.4,52.0,132,309,COOLING_AFTER_RAMP,0.0,,SESSION
2026-07-10 00:17:54.714525600+05:30,6.8,57,8.9,1144.9,51.95,132,309,COOLING_AFTER_RAMP,0.0,,SESSION
2026-07-10 00:17:56.763646500+05:30,7.6,57,9.0,1205.16,51.95,132,308,COOLING_AFTER_RAMP,0.0,,SESSION
2026-07-10 00:17:58.812028300+05:30,11.9,57,8.6,1235.28,51.94,132,308,COOLING_AFTER_RAMP,0.0,,SESSION
2026-07-10 00:18:00.856742500+05:30,12.7,57,8.8,1225.23,51.95,132,308,COOLING_AFTER_RAMP,0.0,,SESSION
2026-07-10 00:18:02.909724200+05:30,13.3,58,9.2,1345.77,51.95,132,308,COOLING_AFTER_RAMP,0.0,,SESSION
2026-07-10 00:18:04.956484900+05:30,8.7,57,8.7,1215.18,51.94,135,308,COOLING_AFTER_RAMP,0.0,,SESSION
2026-07-10 00:18:06.996339+05:30,7.5,56,9.4,1546.63,51.95,136,308,COOLING_AFTER_RAMP,0.0,,SESSION
2026-07-10 00:18:09.051009700+05:30,5.3,57,9.1,1295.54,51.92,136,308,COOLING_AFTER_RAMP,0.0,,SESSION
2026-07-10 00:18:11.098169500+05:30,11.7,57,8.9,1195.11,51.93,136,308,COOLING_AFTER_RAMP,0.0,,SESSION
2026-07-10 00:18:13.160235800+05:30,7.4,57,8.6,1385.93,51.93,135,308,COOLING_AFTER_RAMP,0.0,,SESSION
2026-07-10 00:18:15.205887200+05:30,9.9,57,8.9,1215.19,51.95,134,308,COOLING_AFTER_RAMP,0.0,,SESSION
2026-07-10 00:18:17.253576800+05:30,57.5,42,29.7,2641.34,51.93,134,308,CHAOS,60.0,1.0,WORKLOAD_STEP
2026-07-10 00:18:19.285748300+05:30,61.1,40,34.3,2350.08,51.94,134,308,CHAOS,60.0,1.0,WORKLOAD_STEP
2026-07-10 00:18:21.312953600+05:30,61.4,39,33.1,3033.03,51.93,134,308,CHAOS,60.0,1.0,WORKLOAD_STEP
2026-07-10 00:18:23.352989500+05:30,63.8,46,31.4,2289.82,51.94,134,308,CHAOS,60.0,1.0,WORKLOAD_STEP
2026-07-10 00:18:25.387686200+05:30,64.1,42,33.4,2701.6,51.93,134,308,CHAOS,60.0,1.0,WORKLOAD_STEP
2026-07-10 00:18:27.416421100+05:30,67.9,48,34.2,2530.86,51.93,133,308,CHAOS,60.0,1.0,WORKLOAD_STEP
2026-07-10 00:18:29.442548900+05:30,62.3,40,36.0,2360.12,51.93,133,308,CHAOS,60.0,1.0,WORKLOAD_STEP
2026-07-10 00:18:31.470824100+05:30,61.7,35,35.5,2711.64,51.93,133,308,CHAOS,60.0,1.0,WORKLOAD_STEP
2026-07-10 00:18:33.505678900+05:30,61.7,36,35.9,3053.12,51.93,133,308,CHAOS,60.0,1.0,WORKLOAD_STEP
2026-07-10 00:18:35.532902300+05:30,64.7,36,35.2,3033.03,51.94,133,308,CHAOS,60.0,1.0,WORKLOAD_STEP
2026-07-10 00:18:37.567587100+05:30,64.6,38,35.1,3053.12,51.94,133,308,CHAOS,60.0,1.0,WORKLOAD_STEP
2026-07-10 00:18:39.596531900+05:30,64.4,42,34.1,2872.34,51.94,133,308,CHAOS,60.0,1.0,WORKLOAD_STEP
2026-07-10 00:18:41.624400+05:30,63.2,35,36.6,2721.69,51.94,133,308,CHAOS,20.0,2.0,WORKLOAD_STEP
2026-07-10 00:18:43.692703600+05:30,32.8,55,10.5,1175.04,51.94,133,308,CHAOS,20.0,2.0,WORKLOAD_STEP
2026-07-10 00:18:45.743963100+05:30,29.0,54,11.9,1134.84,51.93,133,308,CHAOS,20.0,2.0,WORKLOAD_STEP
2026-07-10 00:18:47.784305400+05:30,28.6,52,11.3,1406.02,51.94,133,308,CHAOS,20.0,2.0,WORKLOAD_STEP
2026-07-10 00:18:49.867295200+05:30,30.9,52,12.6,1295.55,51.93,133,308,CHAOS,20.0,2.0,WORKLOAD_STEP
2026-07-10 00:18:51.899330900+05:30,32.8,52,14.0,1416.07,51.94,133,308,CHAOS,20.0,2.0,WORKLOAD_STEP
2026-07-10 00:18:53.964953500+05:30,26.0,52,14.3,1486.38,51.94,133,308,CHAOS,20.0,2.0,WORKLOAD_STEP
2026-07-10 00:18:56.002307300+05:30,30.4,55,13.5,1295.54,51.93,133,308,CHAOS,20.0,2.0,WORKLOAD_STEP
2026-07-10 00:18:58.042554600+05:30,30.1,54,12.2,1446.21,51.94,133,308,CHAOS,20.0,2.0,WORKLOAD_STEP
2026-07-10 00:19:00.088342200+05:30,28.3,52,12.0,1295.54,51.91,133,308,CHAOS,20.0,2.0,WORKLOAD_STEP
2026-07-10 00:19:02.139620100+05:30,28.4,52,12.6,1144.89,51.91,133,308,CHAOS,20.0,2.0,WORKLOAD_STEP
2026-07-10 00:19:04.189881100+05:30,27.3,52,12.6,1134.85,51.91,133,308,CHAOS,20.0,2.0,WORKLOAD_STEP
2026-07-10 00:19:06.254218800+05:30,26.8,51,12.6,1195.1,51.91,133,308,CHAOS,20.0,2.0,WORKLOAD_STEP
2026-07-10 00:19:08.285519700+05:30,24.3,51,15.0,1355.81,51.91,133,308,CHAOS,20.0,2.0,WORKLOAD_STEP
2026-07-10 00:19:10.346392300+05:30,24.8,52,13.8,1426.11,51.9,133,308,CHAOS,20.0,2.0,WORKLOAD_STEP
2026-07-10 00:19:12.380748800+05:30,30.8,52,15.1,1215.19,51.9,133,308,CHAOS,20.0,2.0,WORKLOAD_STEP
2026-07-10 00:19:14.416271300+05:30,27.8,53,14.4,1265.4,51.9,133,308,CHAOS,50.0,3.0,WORKLOAD_STEP
2026-07-10 00:19:16.452978800+05:30,53.8,38,32.4,2701.6,51.9,133,308,CHAOS,50.0,3.0,WORKLOAD_STEP
2026-07-10 00:19:18.480450300+05:30,52.5,39,33.0,2701.6,51.9,133,308,CHAOS,50.0,3.0,WORKLOAD_STEP
2026-07-10 00:19:20.515343600+05:30,53.8,38,32.6,2862.3,51.9,133,308,CHAOS,50.0,3.0,WORKLOAD_STEP
2026-07-10 00:19:22.547189700+05:30,54.4,42,32.3,2882.38,51.85,133,308,CHAOS,50.0,3.0,WORKLOAD_STEP
2026-07-10 00:19:24.576997300+05:30,56.2,42,32.0,2350.08,51.86,134,308,CHAOS,50.0,3.0,WORKLOAD_STEP
2026-07-10 00:19:26.608201900+05:30,55.3,44,33.6,2711.64,51.85,134,308,CHAOS,50.0,3.0,WORKLOAD_STEP
2026-07-10 00:19:28.638257400+05:30,53.5,36,32.6,2520.82,51.87,134,308,CHAOS,50.0,3.0,WORKLOAD_STEP
2026-07-10 00:19:30.665578400+05:30,52.0,34,33.9,2872.34,51.86,133,308,CHAOS,50.0,3.0,WORKLOAD_STEP
2026-07-10 00:19:32.696129500+05:30,52.0,36,31.9,2691.55,51.87,132,308,CHAOS,50.0,3.0,WORKLOAD_STEP
2026-07-10 00:19:34.731836200+05:30,55.2,35,32.7,2360.12,51.86,132,308,CHAOS,50.0,3.0,WORKLOAD_STEP
2026-07-10 00:19:36.767775600+05:30,36.0,50,10.7,1154.94,51.87,132,308,CHAOS,20.0,4.0,WORKLOAD_STEP
2026-07-10 00:19:38.798225900+05:30,32.2,51,10.4,1305.59,51.86,132,308,CHAOS,20.0,4.0,WORKLOAD_STEP
2026-07-10 00:19:40.846126500+05:30,28.1,51,10.3,1235.28,51.88,132,307,CHAOS,20.0,4.0,WORKLOAD_STEP
2026-07-10 00:19:42.889193600+05:30,29.7,51,10.8,1365.84,52.0,133,308,CHAOS,20.0,4.0,WORKLOAD_STEP
2026-07-10 00:19:44.956133900+05:30,26.7,51,15.2,1245.33,52.0,133,308,CHAOS,20.0,4.0,WORKLOAD_STEP
2026-07-10 00:19:46.990829400+05:30,31.3,51,13.2,1265.4,51.99,133,308,CHAOS,20.0,4.0,WORKLOAD_STEP
2026-07-10 00:19:49.054164500+05:30,26.9,52,11.6,1255.36,52.0,133,308,CHAOS,20.0,4.0,WORKLOAD_STEP
2026-07-10 00:19:51.112259+05:30,27.5,52,11.2,1124.81,52.0,133,308,CHAOS,20.0,4.0,WORKLOAD_STEP
2026-07-10 00:19:53.150888700+05:30,28.6,53,10.4,1134.86,51.99,133,308,CHAOS,20.0,4.0,WORKLOAD_STEP
2026-07-10 00:19:55.213424+05:30,28.2,51,13.3,1205.16,52.0,133,308,CHAOS,20.0,4.0,WORKLOAD_STEP
2026-07-10 00:19:57.253268900+05:30,27.3,52,11.9,1195.12,52.0,133,308,CHAOS,20.0,4.0,WORKLOAD_STEP
2026-07-10 00:19:59.294399100+05:30,33.0,52,11.3,1154.94,52.0,133,308,CHAOS,20.0,4.0,WORKLOAD_STEP
2026-07-10 00:20:01.361029+05:30,26.6,52,11.5,1235.28,51.99,133,308,CHAOS,20.0,4.0,WORKLOAD_STEP
2026-07-10 00:20:03.396908200+05:30,28.2,52,11.2,1506.45,52.0,133,308,CHAOS,20.0,4.0,WORKLOAD_STEP
2026-07-10 00:20:05.475917100+05:30,27.0,52,11.7,1365.83,52.0,133,308,CHAOS,20.0,4.0,WORKLOAD_STEP
2026-07-10 00:20:07.516851800+05:30,26.9,51,12.6,1446.21,52.05,133,308,CHAOS,20.0,4.0,WORKLOAD_STEP
2026-07-10 00:20:09.555408200+05:30,26.2,46,12.0,1185.07,52.0,133,308,CHAOS,20.0,4.0,WORKLOAD_STEP
2026-07-10 00:20:11.620460900+05:30,26.9,53,12.0,1084.63,52.0,132,308,CHAOS,20.0,4.0,WORKLOAD_STEP
2026-07-10 00:20:13.650362500+05:30,29.5,51,14.2,1205.15,52.0,131,308,CHAOS,20.0,4.0,WORKLOAD_STEP
2026-07-10 00:20:15.681292100+05:30,26.1,51,13.8,1245.32,51.97,131,308,CHAOS,20.0,4.0,WORKLOAD_STEP
2026-07-10 00:20:17.739162800+05:30,27.3,49,14.9,1596.83,51.97,131,308,CHAOS,20.0,4.0,WORKLOAD_STEP
2026-07-10 00:20:19.777416100+05:30,26.0,51,15.2,1446.18,51.97,131,308,CHAOS,20.0,4.0,WORKLOAD_STEP
2026-07-10 00:20:21.814784300+05:30,29.2,54,14.4,1275.46,51.96,131,308,CHAOS,20.0,4.0,WORKLOAD_STEP
2026-07-10 00:20:23.849890300+05:30,29.2,51,15.8,1416.05,51.88,131,307,CHAOS,20.0,4.0,WORKLOAD_STEP
2026-07-10 00:20:25.911127+05:30,27.3,51,16.4,1104.71,51.88,131,307,CHAOS,20.0,4.0,WORKLOAD_STEP
2026-07-10 00:20:27.943165200+05:30,27.3,46,16.1,1385.92,51.9,132,307,CHAOS,20.0,4.0,WORKLOAD_STEP
2026-07-10 00:20:29.975445600+05:30,29.1,51,16.5,1837.89,51.9,132,307,CHAOS,20.0,4.0,WORKLOAD_STEP
2026-07-10 00:20:32.043189500+05:30,25.9,51,19.6,1114.77,51.91,132,307,CHAOS,20.0,4.0,WORKLOAD_STEP
2026-07-10 00:20:34.085337+05:30,30.1,50,15.2,2008.61,51.95,132,307,CHAOS,20.0,4.0,WORKLOAD_STEP
2026-07-10 00:20:36.123609200+05:30,26.0,46,16.3,1667.13,51.9,132,306,CHAOS,20.0,4.0,WORKLOAD_STEP
2026-07-10 00:20:38.173385600+05:30,25.1,51,19.5,1365.84,51.9,132,306,CHAOS,20.0,4.0,WORKLOAD_STEP
2026-07-10 00:20:40.204489200+05:30,24.2,46,19.0,1536.57,51.89,132,306,CHAOS,20.0,4.0,WORKLOAD_STEP
2026-07-10 00:20:42.235766100+05:30,23.3,46,18.1,1205.16,51.89,131,306,CHAOS,20.0,4.0,WORKLOAD_STEP
2026-07-10 00:20:44.269883600+05:30,25.0,53,18.1,1546.61,51.88,131,306,CHAOS,20.0,4.0,WORKLOAD_STEP
2026-07-10 00:20:46.304096900+05:30,26.4,46,19.7,1707.3,51.89,131,306,CHAOS,20.0,4.0,WORKLOAD_STEP
2026-07-10 00:20:48.342768100+05:30,28.5,42,19.9,1928.26,51.9,131,306,CHAOS,20.0,4.0,WORKLOAD_STEP
2026-07-10 00:20:50.374685500+05:30,22.9,48,21.7,2109.04,51.89,131,306,CHAOS,20.0,4.0,WORKLOAD_STEP
2026-07-10 00:20:52.426509200+05:30,26.9,49,20.2,2159.26,51.89,131,306,CHAOS,20.0,4.0,WORKLOAD_STEP
2026-07-10 00:20:54.459261400+05:30,22.3,52,22.8,2601.16,51.89,131,306,CHAOS,20.0,4.0,WORKLOAD_STEP
2026-07-10 00:20:56.490601200+05:30,24.2,52,21.7,2319.93,51.89,131,306,CHAOS,20.0,4.0,WORKLOAD_STEP
2026-07-10 00:20:58.521592700+05:30,25.5,48,21.2,1938.3,51.89,130,306,CHAOS,20.0,4.0,WORKLOAD_STEP
2026-07-10 00:21:00.551271500+05:30,25.1,48,23.1,1928.25,51.9,130,306,CHAOS,20.0,4.0,WORKLOAD_STEP
2026-07-10 00:21:02.580440200+05:30,24.3,42,20.3,1898.12,51.89,130,306,CHAOS,20.0,4.0,WORKLOAD_STEP
2026-07-10 00:21:04.617163900+05:30,23.1,42,21.2,1908.16,51.94,130,306,CHAOS,20.0,4.0,WORKLOAD_STEP
2026-07-10 00:21:06.651520600+05:30,24.1,42,22.4,2279.78,51.9,130,306,CHAOS,0.0,5.0,WORKLOAD_STEP
2026-07-10 00:21:08.690699800+05:30,5.0,52,8.7,1185.08,51.88,130,306,CHAOS,0.0,5.0,WORKLOAD_STEP
2026-07-10 00:21:10.732502700+05:30,9.6,54,8.9,1225.24,51.89,130,306,CHAOS,0.0,5.0,WORKLOAD_STEP
2026-07-10 00:21:12.774037800+05:30,7.1,55,8.6,1205.16,51.9,130,306,CHAOS,0.0,5.0,WORKLOAD_STEP
2026-07-10 00:21:14.822748900+05:30,9.8,52,9.0,1195.1,51.9,130,306,CHAOS,0.0,5.0,WORKLOAD_STEP
2026-07-10 00:21:16.870862800+05:30,7.6,53,8.4,1205.15,51.9,130,306,CHAOS,0.0,5.0,WORKLOAD_STEP
2026-07-10 00:21:18.912963800+05:30,8.1,52,9.2,1556.65,51.89,130,306,CHAOS,0.0,5.0,WORKLOAD_STEP
2026-07-10 00:21:20.971139100+05:30,6.9,50,9.0,1235.27,51.89,130,306,CHAOS,0.0,5.0,WORKLOAD_STEP
2026-07-10 00:21:23.035075700+05:30,10.3,55,8.7,1185.06,51.9,130,306,CHAOS,0.0,5.0,WORKLOAD_STEP
2026-07-10 00:21:25.093820+05:30,11.9,55,8.9,1235.27,51.89,131,306,CHAOS,0.0,5.0,WORKLOAD_STEP
2026-07-10 00:21:27.165494100+05:30,13.4,53,9.3,1185.06,51.92,131,306,CHAOS,0.0,5.0,WORKLOAD_STEP
2026-07-10 00:21:29.231752700+05:30,6.5,55,8.7,1345.75,51.92,130,306,CHAOS,80.0,6.0,WORKLOAD_STEP
2026-07-10 00:21:31.267900100+05:30,80.7,35,40.3,3053.12,51.92,130,306,CHAOS,80.0,6.0,WORKLOAD_STEP
2026-07-10 00:21:33.293901900+05:30,83.6,36,40.9,3053.12,51.92,130,306,CHAOS,80.0,6.0,WORKLOAD_STEP
2026-07-10 00:21:35.325193300+05:30,85.0,35,38.7,3053.12,51.97,130,306,CHAOS,80.0,6.0,WORKLOAD_STEP
2026-07-10 00:21:37.354929300+05:30,82.7,35,41.5,3053.12,51.93,132,306,CHAOS,80.0,6.0,WORKLOAD_STEP
2026-07-10 00:21:39.391942900+05:30,81.9,34,41.4,2872.34,51.93,132,306,CHAOS,80.0,6.0,WORKLOAD_STEP
2026-07-10 00:21:41.421909+05:30,81.2,34,41.6,2882.38,51.93,132,306,CHAOS,80.0,6.0,WORKLOAD_STEP
2026-07-10 00:21:43.449542300+05:30,81.7,32,40.8,3053.12,51.93,132,306,CHAOS,80.0,6.0,WORKLOAD_STEP
2026-07-10 00:21:45.476399+05:30,84.2,32,39.2,3053.12,51.93,132,306,CHAOS,80.0,6.0,WORKLOAD_STEP
2026-07-10 00:21:47.505042800+05:30,84.6,32,41.6,2872.34,51.93,132,306,CHAOS,80.0,6.0,WORKLOAD_STEP
2026-07-10 00:21:49.532117700+05:30,83.0,32,40.4,2872.34,51.93,132,306,CHAOS,80.0,6.0,WORKLOAD_STEP
2026-07-10 00:21:51.561530700+05:30,81.4,32,38.7,2882.38,51.93,132,306,CHAOS,80.0,6.0,WORKLOAD_STEP
2026-07-10 00:21:53.597689100+05:30,83.4,32,43.4,3053.12,51.94,132,306,CHAOS,80.0,6.0,WORKLOAD_STEP
2026-07-10 00:21:55.625083300+05:30,81.6,34,38.6,3053.12,51.94,132,306,CHAOS,80.0,6.0,WORKLOAD_STEP
2026-07-10 00:21:57.655842500+05:30,85.7,32,38.0,3053.12,51.94,132,306,CHAOS,80.0,6.0,WORKLOAD_STEP
2026-07-10 00:21:59.697411+05:30,84.0,32,42.1,3053.12,51.91,132,306,CHAOS,80.0,6.0,WORKLOAD_STEP
2026-07-10 00:22:01.728405200+05:30,83.4,32,42.1,3053.12,51.91,132,306,CHAOS,80.0,6.0,WORKLOAD_STEP
2026-07-10 00:22:03.755002200+05:30,82.7,32,40.1,3053.12,51.91,132,306,CHAOS,80.0,6.0,WORKLOAD_STEP
2026-07-10 00:22:05.789780600+05:30,83.3,32,39.8,2882.38,51.91,132,306,CHAOS,80.0,6.0,WORKLOAD_STEP
2026-07-10 00:22:07.817592400+05:30,81.8,30,39.8,3053.12,51.91,132,306,CHAOS,80.0,6.0,WORKLOAD_STEP
2026-07-10 00:22:09.855176200+05:30,86.3,32,42.4,3053.12,51.91,132,306,CHAOS,80.0,6.0,WORKLOAD_STEP
2026-07-10 00:22:11.882836500+05:30,83.7,34,42.7,2882.38,51.91,132,306,CHAOS,80.0,6.0,WORKLOAD_STEP
2026-07-10 00:22:13.912476700+05:30,84.5,32,42.5,3053.12,51.9,132,306,CHAOS,80.0,6.0,WORKLOAD_STEP
2026-07-10 00:22:15.941958500+05:30,82.3,32,41.1,2882.38,51.9,132,306,CHAOS,80.0,6.0,WORKLOAD_STEP
2026-07-10 00:22:17.968774500+05:30,82.3,30,42.4,3053.12,51.91,132,306,CHAOS,80.0,6.0,WORKLOAD_STEP
2026-07-10 00:22:19.997806300+05:30,83.5,30,42.2,2872.34,51.9,132,306,CHAOS,80.0,6.0,WORKLOAD_STEP
2026-07-10 00:22:22.026860+05:30,87.8,32,36.1,3053.12,51.93,132,307,CHAOS,80.0,6.0,WORKLOAD_STEP
2026-07-10 00:22:24.066300400+05:30,83.9,32,39.5,3053.12,51.92,132,307,CHAOS,80.0,6.0,WORKLOAD_STEP
2026-07-10 00:22:26.095428+05:30,84.2,30,41.1,3053.12,51.92,132,307,CHAOS,80.0,6.0,WORKLOAD_STEP
2026-07-10 00:22:28.126763100+05:30,82.3,30,37.6,3053.12,51.92,132,307,CHAOS,80.0,6.0,WORKLOAD_STEP
2026-07-10 00:22:30.154823400+05:30,83.1,32,42.6,3053.12,51.93,132,307,CHAOS,80.0,6.0,WORKLOAD_STEP
2026-07-10 00:22:32.186855900+05:30,84.2,30,42.2,2872.34,51.93,132,307,CHAOS,80.0,6.0,WORKLOAD_STEP
2026-07-10 00:22:34.216839800+05:30,85.0,32,40.7,3053.12,51.94,132,307,CHAOS,80.0,6.0,WORKLOAD_STEP
2026-07-10 00:22:36.245141+05:30,83.1,32,41.6,3053.12,51.93,132,307,CHAOS,80.0,6.0,WORKLOAD_STEP
2026-07-10 00:22:38.276885800+05:30,83.4,32,39.8,3053.12,51.94,132,307,CHAOS,80.0,6.0,WORKLOAD_STEP
2026-07-10 00:22:40.313406900+05:30,81.8,32,37.6,3053.12,51.93,132,307,CHAOS,80.0,6.0,WORKLOAD_STEP
2026-07-10 00:22:42.341531500+05:30,81.8,32,42.9,2882.38,51.93,132,306,CHAOS,80.0,6.0,WORKLOAD_STEP
2026-07-10 00:22:44.370902500+05:30,84.0,32,43.3,3053.12,51.93,132,306,CHAOS,80.0,6.0,WORKLOAD_STEP
2026-07-10 00:22:46.399825900+05:30,85.3,32,41.3,3053.12,51.98,132,306,CHAOS,80.0,6.0,WORKLOAD_STEP
2026-07-10 00:22:48.430959100+05:30,84.2,32,41.1,3053.12,52.21,132,306,CHAOS,80.0,6.0,WORKLOAD_STEP
2026-07-10 00:22:50.459349600+05:30,89.2,30,43.6,3053.12,52.0,132,307,CHAOS,80.0,6.0,WORKLOAD_STEP
2026-07-10 00:22:52.492754+05:30,83.1,30,39.3,3053.12,51.71,132,307,CHAOS,80.0,6.0,WORKLOAD_STEP
2026-07-10 00:22:54.530464300+05:30,82.4,30,38.0,3053.12,51.71,132,307,CHAOS,80.0,6.0,WORKLOAD_STEP
2026-07-10 00:22:56.560581+05:30,86.0,30,40.3,3053.12,51.71,134,307,CHAOS,80.0,6.0,WORKLOAD_STEP
2026-07-10 00:22:58.593103400+05:30,84.8,30,39.8,3053.12,51.72,133,307,CHAOS,80.0,6.0,WORKLOAD_STEP
2026-07-10 00:23:00.626454600+05:30,83.7,30,39.3,3053.12,51.72,133,307,CHAOS,80.0,6.0,WORKLOAD_STEP
2026-07-10 00:23:02.655252700+05:30,83.2,32,39.3,3043.08,51.72,133,307,CHAOS,80.0,6.0,WORKLOAD_STEP
2026-07-10 00:23:04.683170500+05:30,82.7,32,41.7,3053.12,51.72,133,307,CHAOS,80.0,6.0,WORKLOAD_STEP
2026-07-10 00:23:06.713095100+05:30,81.7,32,41.7,3053.12,51.73,133,307,CHAOS,80.0,6.0,WORKLOAD_STEP
2026-07-10 00:23:08.745234700+05:30,85.6,30,37.5,3053.12,51.73,132,307,CHAOS,80.0,6.0,WORKLOAD_STEP
2026-07-10 00:23:10.780848900+05:30,85.4,34,38.9,3053.12,51.73,132,307,CHAOS,80.0,6.0,WORKLOAD_STEP
2026-07-10 00:23:12.809374600+05:30,85.1,32,39.4,2882.38,51.73,132,307,CHAOS,80.0,6.0,WORKLOAD_STEP
2026-07-10 00:23:14.838602900+05:30,81.8,32,42.3,3053.12,51.74,132,307,CHAOS,80.0,6.0,WORKLOAD_STEP
2026-07-10 00:23:16.870401500+05:30,84.0,30,43.6,2882.38,51.74,132,307,CHAOS,80.0,6.0,WORKLOAD_STEP
2026-07-10 00:23:18.897742700+05:30,82.8,30,41.0,3053.12,51.74,132,307,CHAOS,80.0,6.0,WORKLOAD_STEP
2026-07-10 00:23:20.926925200+05:30,86.3,32,41.2,3053.12,51.74,132,307,CHAOS,80.0,6.0,WORKLOAD_STEP
2026-07-10 00:23:22.954675400+05:30,85.6,30,41.2,3053.12,51.73,132,306,CHAOS,80.0,6.0,WORKLOAD_STEP
2026-07-10 00:23:24.991839+05:30,85.5,30,42.2,3053.12,51.73,134,306,CHAOS,80.0,6.0,WORKLOAD_STEP
2026-07-10 00:23:27.025267200+05:30,85.0,32,41.6,2942.64,51.74,134,306,CHAOS,80.0,6.0,WORKLOAD_STEP
2026-07-10 00:23:29.055601400+05:30,82.8,32,41.2,2882.38,51.74,133,306,CHAOS,80.0,6.0,WORKLOAD_STEP
2026-07-10 00:23:31.087341800+05:30,82.0,32,43.8,3053.12,51.74,133,306,CHAOS,80.0,6.0,WORKLOAD_STEP
2026-07-10 00:23:33.121365700+05:30,85.5,32,38.4,3053.12,51.75,133,306,CHAOS,80.0,6.0,WORKLOAD_STEP
2026-07-10 00:23:35.150711400+05:30,85.4,32,37.7,3053.12,51.74,133,306,CHAOS,80.0,6.0,WORKLOAD_STEP
2026-07-10 00:23:37.182184100+05:30,84.1,32,40.4,2882.38,51.75,133,306,CHAOS,80.0,6.0,WORKLOAD_STEP
2026-07-10 00:23:39.211487400+05:30,81.9,32,41.3,3053.12,51.76,133,306,CHAOS,80.0,6.0,WORKLOAD_STEP
2026-07-10 00:23:41.257150700+05:30,84.7,32,40.1,2882.38,51.84,133,306,CHAOS,80.0,6.0,WORKLOAD_STEP
2026-07-10 00:23:43.292581500+05:30,83.1,34,42.4,3053.12,51.81,131,306,CHAOS,80.0,6.0,WORKLOAD_STEP
2026-07-10 00:23:45.327243600+05:30,99.5,29,44.6,2882.38,52.09,131,314,CHAOS,80.0,6.0,WORKLOAD_STEP
2026-07-10 00:23:47.359075800+05:30,90.5,30,41.0,2882.38,52.15,131,313,CHAOS,80.0,6.0,WORKLOAD_STEP
2026-07-10 00:23:49.388793900+05:30,89.1,29,42.6,3053.12,52.13,131,313,CHAOS,80.0,6.0,WORKLOAD_STEP
2026-07-10 00:23:51.418093100+05:30,88.6,32,41.4,3053.12,52.07,131,313,CHAOS,80.0,6.0,WORKLOAD_STEP
2026-07-10 00:23:53.446867700+05:30,93.1,30,46.2,3053.12,52.1,131,313,CHAOS,80.0,6.0,WORKLOAD_STEP
2026-07-10 00:23:55.482440100+05:30,90.7,30,41.8,3053.12,52.15,131,313,CHAOS,80.0,6.0,WORKLOAD_STEP
2026-07-10 00:23:57.513683800+05:30,90.8,32,43.8,3053.12,52.1,130,309,CHAOS,80.0,6.0,WORKLOAD_STEP
2026-07-10 00:23:59.542054200+05:30,89.6,30,42.3,3053.12,52.06,130,309,CHAOS,80.0,6.0,WORKLOAD_STEP
2026-07-10 00:24:01.571040100+05:30,40.9,46,20.4,2199.42,52.11,130,309,CHAOS,20.0,7.0,WORKLOAD_STEP
2026-07-10 00:24:03.607366300+05:30,29.2,42,19.4,2400.3,52.09,130,309,CHAOS,20.0,7.0,WORKLOAD_STEP
2026-07-10 00:24:05.640783600+05:30,30.3,49,11.9,1446.19,52.07,130,309,CHAOS,20.0,7.0,WORKLOAD_STEP
2026-07-10 00:24:07.673059+05:30,35.1,50,11.5,1566.72,52.09,130,309,CHAOS,20.0,7.0,WORKLOAD_STEP
2026-07-10 00:24:09.701906200+05:30,30.2,51,10.8,1205.14,52.07,130,309,CHAOS,20.0,7.0,WORKLOAD_STEP
2026-07-10 00:24:11.741240800+05:30,30.4,51,12.6,1235.28,52.07,130,309,CHAOS,20.0,7.0,WORKLOAD_STEP
2026-07-10 00:24:13.810039+05:30,29.5,52,11.2,1375.89,52.07,130,309,CHAOS,20.0,7.0,WORKLOAD_STEP
2026-07-10 00:24:15.855841400+05:30,30.5,52,11.5,1355.81,52.06,130,309,CHAOS,20.0,7.0,WORKLOAD_STEP
2026-07-10 00:24:17.924823800+05:30,27.2,51,10.3,1305.59,52.06,130,309,CHAOS,20.0,7.0,WORKLOAD_STEP
2026-07-10 00:24:19.964440500+05:30,27.4,51,10.9,1235.28,52.07,130,309,CHAOS,20.0,7.0,WORKLOAD_STEP
2026-07-10 00:24:22.008625300+05:30,27.8,52,11.5,1084.63,52.06,130,309,CHAOS,20.0,7.0,WORKLOAD_STEP
2026-07-10 00:24:24.077958100+05:30,28.5,53,11.2,1175.03,52.07,130,309,CHAOS,20.0,7.0,WORKLOAD_STEP
2026-07-10 00:24:26.141455600+05:30,32.2,53,10.9,1667.15,52.07,130,310,CHAOS,20.0,7.0,WORKLOAD_STEP
2026-07-10 00:24:28.182396700+05:30,27.6,56,11.3,1426.11,52.12,130,310,CHAOS,20.0,7.0,WORKLOAD_STEP
2026-07-10 00:24:30.225153200+05:30,24.0,52,10.9,1245.33,52.08,130,310,CHAOS,20.0,7.0,WORKLOAD_STEP
2026-07-10 00:24:32.268447300+05:30,27.1,54,12.2,1164.98,52.08,130,310,CHAOS,20.0,7.0,WORKLOAD_STEP
2026-07-10 00:24:34.339348500+05:30,27.7,55,11.3,1084.64,52.08,130,310,CHAOS,20.0,7.0,WORKLOAD_STEP
2026-07-10 00:24:36.371621700+05:30,27.9,53,11.2,1335.72,52.08,130,310,CHAOS,20.0,7.0,WORKLOAD_STEP
2026-07-10 00:24:38.423487800+05:30,26.7,53,12.0,1114.76,52.08,130,310,CHAOS,20.0,7.0,WORKLOAD_STEP
2026-07-10 00:24:40.480650800+05:30,26.2,48,11.9,1506.44,52.08,130,310,CHAOS,20.0,7.0,WORKLOAD_STEP
2026-07-10 00:24:42.544704400+05:30,28.3,53,11.0,1868.01,52.09,130,310,CHAOS,20.0,7.0,WORKLOAD_STEP
2026-07-10 00:24:44.599830600+05:30,27.0,54,11.5,1375.88,52.09,130,310,CHAOS,20.0,7.0,WORKLOAD_STEP
2026-07-10 00:24:46.629959500+05:30,31.4,53,11.9,1235.28,52.09,130,310,CHAOS,20.0,7.0,WORKLOAD_STEP
2026-07-10 00:24:48.685475200+05:30,28.7,54,12.8,1365.84,52.09,130,310,CHAOS,20.0,7.0,WORKLOAD_STEP
2026-07-10 00:24:50.731600300+05:30,26.8,55,13.6,1385.93,52.1,130,310,CHAOS,20.0,7.0,WORKLOAD_STEP
2026-07-10 00:24:52.762853100+05:30,27.7,56,11.6,1335.72,52.09,129,310,CHAOS,20.0,7.0,WORKLOAD_STEP
2026-07-10 00:24:54.819007200+05:30,27.1,53,12.1,1164.98,52.1,129,310,CHAOS,20.0,7.0,WORKLOAD_STEP
2026-07-10 00:24:56.882017100+05:30,27.5,53,12.8,1134.86,52.06,129,310,CHAOS,20.0,7.0,WORKLOAD_STEP
2026-07-10 00:24:58.920188200+05:30,31.7,53,12.5,1195.1,52.06,129,310,CHAOS,20.0,7.0,WORKLOAD_STEP
2026-07-10 00:25:00.979673700+05:30,29.3,55,11.9,1496.41,52.07,129,310,CHAOS,20.0,7.0,WORKLOAD_STEP
2026-07-10 00:25:03.018446300+05:30,29.4,53,12.0,1235.27,52.06,129,310,CHAOS,20.0,7.0,WORKLOAD_STEP
2026-07-10 00:25:05.044580200+05:30,32.5,54,14.7,1395.96,51.82,129,310,CHAOS,20.0,7.0,WORKLOAD_STEP
2026-07-10 00:25:07.115102700+05:30,28.8,54,14.4,1516.48,51.73,129,310,CHAOS,20.0,7.0,WORKLOAD_STEP
2026-07-10 00:25:09.152153500+05:30,29.4,55,14.7,1335.71,51.68,129,309,CHAOS,20.0,7.0,WORKLOAD_STEP
2026-07-10 00:25:11.203560400+05:30,27.3,53,15.4,1526.53,51.67,129,309,CHAOS,20.0,7.0,WORKLOAD_STEP
2026-07-10 00:25:13.274953200+05:30,28.9,52,14.7,1285.5,51.67,129,309,CHAOS,20.0,7.0,WORKLOAD_STEP
2026-07-10 00:25:15.306823900+05:30,26.6,48,15.4,1807.74,51.67,129,309,CHAOS,20.0,7.0,WORKLOAD_STEP
2026-07-10 00:25:17.363547100+05:30,27.7,49,13.2,1345.76,51.67,129,309,CHAOS,20.0,7.0,WORKLOAD_STEP
2026-07-10 00:25:19.408350800+05:30,27.0,52,13.4,1154.93,51.66,129,309,CHAOS,20.0,7.0,WORKLOAD_STEP
2026-07-10 00:25:21.442250300+05:30,29.1,53,14.5,1335.72,51.67,129,309,CHAOS,20.0,7.0,WORKLOAD_STEP
2026-07-10 00:25:23.488270300+05:30,25.8,52,15.9,1416.05,51.66,129,309,CHAOS,20.0,7.0,WORKLOAD_STEP
2026-07-10 00:25:25.546364500+05:30,25.0,51,18.3,1205.15,51.71,130,309,CHAOS,20.0,7.0,WORKLOAD_STEP
2026-07-10 00:25:27.599946300+05:30,26.0,51,22.2,1878.06,51.67,130,309,CHAOS,50.0,8.0,WORKLOAD_STEP
2026-07-10 00:25:29.651563800+05:30,53.7,51,24.3,2671.47,51.67,129,309,CHAOS,50.0,8.0,WORKLOAD_STEP
2026-07-10 00:25:31.682633500+05:30,54.7,49,28.5,2701.6,51.67,129,309,CHAOS,50.0,8.0,WORKLOAD_STEP
2026-07-10 00:25:33.711205800+05:30,56.1,40,29.4,2510.77,51.67,129,309,CHAOS,50.0,8.0,WORKLOAD_STEP
2026-07-10 00:25:35.747148+05:30,55.0,50,30.1,2691.56,51.67,129,309,CHAOS,50.0,8.0,WORKLOAD_STEP
2026-07-10 00:25:37.778915200+05:30,52.4,40,29.4,2701.6,51.67,129,309,CHAOS,50.0,8.0,WORKLOAD_STEP
2026-07-10 00:25:39.812048200+05:30,53.5,35,29.3,2350.08,51.64,129,308,CHAOS,50.0,8.0,WORKLOAD_STEP
2026-07-10 00:25:41.841474400+05:30,51.5,39,31.9,2691.56,51.64,129,308,CHAOS,50.0,8.0,WORKLOAD_STEP
2026-07-10 00:25:43.876379400+05:30,56.2,38,33.4,2510.77,51.64,129,308,CHAOS,50.0,8.0,WORKLOAD_STEP
2026-07-10 00:25:45.901491800+05:30,57.5,42,30.8,2681.51,51.64,129,308,CHAOS,50.0,8.0,WORKLOAD_STEP
2026-07-10 00:25:47.931150300+05:30,55.8,46,32.8,2862.3,51.65,130,308,CHAOS,50.0,8.0,WORKLOAD_STEP
2026-07-10 00:25:49.964415500+05:30,52.2,38,34.6,2862.3,51.65,130,308,CHAOS,50.0,8.0,WORKLOAD_STEP
2026-07-10 00:25:51.997172200+05:30,53.7,38,33.9,2671.47,51.65,130,308,CHAOS,50.0,8.0,WORKLOAD_STEP
2026-07-10 00:25:54.025808600+05:30,53.5,42,34.1,2701.6,51.65,130,308,CHAOS,50.0,8.0,WORKLOAD_STEP
2026-07-10 00:25:56.056720400+05:30,56.0,36,33.1,2350.08,51.66,130,308,CHAOS,50.0,8.0,WORKLOAD_STEP
2026-07-10 00:25:58.091390400+05:30,53.5,34,32.8,2530.86,51.66,130,308,CHAOS,50.0,8.0,WORKLOAD_STEP
2026-07-10 00:26:00.133184200+05:30,55.7,39,34.3,2530.86,51.67,130,308,CHAOS,50.0,8.0,WORKLOAD_STEP
2026-07-10 00:26:02.164502300+05:30,51.8,32,32.4,2862.29,51.66,130,308,CHAOS,50.0,8.0,WORKLOAD_STEP
2026-07-10 00:26:04.192020+05:30,54.0,39,31.6,2540.9,51.66,131,308,CHAOS,50.0,8.0,WORKLOAD_STEP
2026-07-10 00:26:06.222707600+05:30,52.5,36,33.9,2872.34,51.66,131,308,CHAOS,50.0,8.0,WORKLOAD_STEP
2026-07-10 00:26:08.254854900+05:30,57.0,42,32.1,2701.6,51.66,131,308,CHAOS,50.0,8.0,WORKLOAD_STEP
2026-07-10 00:26:10.287893600+05:30,55.1,42,32.7,2882.38,51.65,131,308,CHAOS,50.0,8.0,WORKLOAD_STEP
2026-07-10 00:26:12.317516100+05:30,53.4,36,33.9,2329.99,51.67,132,308,CHAOS,50.0,8.0,WORKLOAD_STEP
2026-07-10 00:26:14.358668500+05:30,51.7,34,33.5,2872.34,51.66,132,308,CHAOS,50.0,8.0,WORKLOAD_STEP
2026-07-10 00:26:16.387649100+05:30,51.1,34,31.0,2530.86,51.66,132,308,CHAOS,50.0,8.0,WORKLOAD_STEP
2026-07-10 00:26:18.416314500+05:30,55.3,36,33.0,2872.34,51.66,132,308,CHAOS,50.0,8.0,WORKLOAD_STEP
2026-07-10 00:26:20.446002600+05:30,53.9,39,34.6,2872.34,51.66,132,308,CHAOS,50.0,8.0,WORKLOAD_STEP
2026-07-10 00:26:22.476843400+05:30,54.8,34,33.3,3002.91,51.66,132,308,CHAOS,50.0,8.0,WORKLOAD_STEP
2026-07-10 00:26:24.505519800+05:30,55.2,43,33.0,2872.34,51.66,132,308,CHAOS,50.0,8.0,WORKLOAD_STEP
2026-07-10 00:26:26.534607+05:30,52.2,44,31.9,2882.38,51.66,132,308,CHAOS,50.0,8.0,WORKLOAD_STEP
2026-07-10 00:26:28.570259+05:30,53.3,38,31.8,2340.04,51.66,132,308,CHAOS,50.0,8.0,WORKLOAD_STEP
2026-07-10 00:26:30.601723700+05:30,55.7,34,32.0,2701.6,51.67,132,308,CHAOS,50.0,8.0,WORKLOAD_STEP
2026-07-10 00:26:32.633208900+05:30,55.3,35,36.1,2530.86,51.67,132,308,CHAOS,50.0,8.0,WORKLOAD_STEP
2026-07-10 00:26:34.665296200+05:30,53.9,34,36.0,2500.73,51.67,132,308,CHAOS,50.0,8.0,WORKLOAD_STEP
2026-07-10 00:26:36.693629100+05:30,52.3,38,33.3,2872.34,51.67,132,308,CHAOS,50.0,8.0,WORKLOAD_STEP
2026-07-10 00:26:38.724128+05:30,53.8,35,33.6,2701.6,51.67,132,308,CHAOS,50.0,8.0,WORKLOAD_STEP
2026-07-10 00:26:40.753116400+05:30,52.2,42,29.7,2842.21,51.67,131,308,CHAOS,50.0,8.0,WORKLOAD_STEP
2026-07-10 00:26:42.785996100+05:30,56.3,34,30.9,2540.9,51.67,131,308,CHAOS,50.0,8.0,WORKLOAD_STEP
2026-07-10 00:26:44.825229200+05:30,54.8,38,34.9,2701.6,51.68,131,308,CHAOS,50.0,8.0,WORKLOAD_STEP
2026-07-10 00:26:46.849947100+05:30,61.6,34,33.0,2701.6,51.68,131,308,CHAOS,50.0,8.0,WORKLOAD_STEP
2026-07-10 00:26:48.879936600+05:30,53.0,32,33.3,2882.38,51.68,131,308,CHAOS,50.0,8.0,WORKLOAD_STEP
2026-07-10 00:26:50.906661300+05:30,53.1,35,32.5,2681.51,51.68,131,308,CHAOS,50.0,8.0,WORKLOAD_STEP
2026-07-10 00:26:52.939144400+05:30,54.1,38,33.9,3053.12,51.68,131,308,CHAOS,50.0,8.0,WORKLOAD_STEP
2026-07-10 00:26:54.970661+05:30,55.5,44,31.1,2530.86,51.68,131,308,CHAOS,50.0,8.0,WORKLOAD_STEP
2026-07-10 00:26:57.002721800+05:30,56.4,36,32.1,2701.6,51.68,131,308,CHAOS,50.0,8.0,WORKLOAD_STEP
2026-07-10 00:26:59.034905600+05:30,54.9,38,33.5,2540.9,51.69,131,308,CHAOS,50.0,8.0,WORKLOAD_STEP
2026-07-10 00:27:01.065365300+05:30,54.7,32,33.4,2711.64,51.68,131,308,CHAOS,50.0,8.0,WORKLOAD_STEP
2026-07-10 00:27:03.094030400+05:30,53.9,32,37.1,2701.6,51.69,131,308,CHAOS,50.0,8.0,WORKLOAD_STEP
2026-07-10 00:27:05.130240100+05:30,52.4,35,31.5,2711.64,51.68,131,308,CHAOS,50.0,8.0,WORKLOAD_STEP
2026-07-10 00:27:07.164669300+05:30,57.4,35,35.2,2701.6,51.74,131,308,CHAOS,50.0,8.0,WORKLOAD_STEP
2026-07-10 00:27:09.195086100+05:30,54.9,42,32.8,2671.47,51.69,131,308,CHAOS,50.0,8.0,WORKLOAD_STEP
2026-07-10 00:27:11.223019800+05:30,54.6,42,35.5,2350.07,51.69,131,308,CHAOS,50.0,8.0,WORKLOAD_STEP
2026-07-10 00:27:13.251348+05:30,53.2,39,31.3,2882.38,51.7,131,308,CHAOS,50.0,8.0,WORKLOAD_STEP
2026-07-10 00:27:15.289186600+05:30,52.7,40,32.7,3053.12,51.69,131,308,CHAOS,50.0,8.0,WORKLOAD_STEP
2026-07-10 00:27:17.320092300+05:30,52.6,35,32.9,2701.6,51.7,131,308,CHAOS,50.0,8.0,WORKLOAD_STEP
2026-07-10 00:27:19.341899200+05:30,54.8,34,33.4,2872.34,51.7,131,308,CHAOS,50.0,8.0,WORKLOAD_STEP
2026-07-10 00:27:21.374424600+05:30,53.8,32,31.7,2701.6,51.7,131,308,CHAOS,50.0,8.0,WORKLOAD_STEP
2026-07-10 00:27:23.403090700+05:30,54.8,36,33.1,3043.08,51.7,131,308,CHAOS,50.0,8.0,WORKLOAD_STEP
2026-07-10 00:27:25.435243+05:30,53.7,44,31.4,2882.38,51.7,133,308,CHAOS,50.0,8.0,WORKLOAD_STEP
2026-07-10 00:27:27.466085100+05:30,54.4,36,33.0,2701.6,51.71,132,308,CHAOS,50.0,8.0,WORKLOAD_STEP
2026-07-10 00:27:29.505545700+05:30,55.2,35,32.7,2882.38,51.71,131,308,CHAOS,50.0,8.0,WORKLOAD_STEP
2026-07-10 00:27:31.535449700+05:30,57.4,40,32.1,2882.38,51.71,130,308,CHAOS,50.0,8.0,WORKLOAD_STEP
2026-07-10 00:27:33.562617300+05:30,55.9,34,33.6,2711.64,51.7,130,308,CHAOS,50.0,8.0,WORKLOAD_STEP
2026-07-10 00:27:35.594020700+05:30,54.2,32,34.3,2711.64,51.71,130,308,CHAOS,50.0,8.0,WORKLOAD_STEP
2026-07-10 00:27:37.628814600+05:30,53.8,32,31.6,2691.56,51.72,132,308,CHAOS,50.0,8.0,WORKLOAD_STEP
2026-07-10 00:27:39.659734900+05:30,53.2,34,34.2,2711.64,51.73,132,308,CHAOS,50.0,8.0,WORKLOAD_STEP
2026-07-10 00:27:41.688534200+05:30,54.2,38,34.2,2671.47,51.73,132,308,CHAOS,50.0,8.0,WORKLOAD_STEP
2026-07-10 00:27:43.718556500+05:30,55.3,39,34.6,2872.34,51.73,132,308,CHAOS,50.0,8.0,WORKLOAD_STEP
2026-07-10 00:27:45.754536+05:30,55.3,40,34.1,3053.12,51.74,132,308,CHAOS,50.0,8.0,WORKLOAD_STEP
2026-07-10 00:27:47.787754300+05:30,55.3,42,32.3,2711.64,51.73,132,308,CHAOS,50.0,8.0,WORKLOAD_STEP
2026-07-10 00:27:49.821791500+05:30,52.5,34,32.4,2882.38,51.74,132,308,CHAOS,50.0,8.0,WORKLOAD_STEP
2026-07-10 00:27:51.851829500+05:30,52.6,34,34.5,2540.9,51.74,132,308,CHAOS,50.0,8.0,WORKLOAD_STEP
2026-07-10 00:27:53.879291500+05:30,53.4,34,34.2,2540.9,51.74,132,308,CHAOS,50.0,8.0,WORKLOAD_STEP
2026-07-10 00:27:55.911672100+05:30,57.8,34,38.4,2882.38,51.74,132,308,CHAOS,50.0,8.0,WORKLOAD_STEP
2026-07-10 00:27:57.945807400+05:30,55.9,36,33.8,2530.86,51.75,132,308,CHAOS,50.0,8.0,WORKLOAD_STEP
2026-07-10 00:27:59.988164300+05:30,55.1,34,36.5,2872.34,51.74,132,308,CHAOS,50.0,8.0,WORKLOAD_STEP
2026-07-10 00:28:02.020188500+05:30,53.3,42,34.3,2530.86,51.77,132,308,CHAOS,50.0,8.0,WORKLOAD_STEP
2026-07-10 00:28:04.050138100+05:30,59.3,37,35.6,2540.9,51.72,131,308,CHAOS,50.0,8.0,WORKLOAD_STEP
2026-07-10 00:28:06.081774200+05:30,52.9,34,33.8,2360.12,51.71,131,308,CHAOS,50.0,8.0,WORKLOAD_STEP
2026-07-10 00:28:08.108653+05:30,55.1,34,32.9,2701.6,51.71,131,308,CHAOS,50.0,8.0,WORKLOAD_STEP
2026-07-10 00:28:10.138763+05:30,54.4,38,34.0,2370.16,51.71,131,308,CHAOS,50.0,8.0,WORKLOAD_STEP
2026-07-10 00:28:12.168240+05:30,54.7,32,34.3,2530.86,51.71,131,308,CHAOS,50.0,8.0,WORKLOAD_STEP
2026-07-10 00:28:14.196515+05:30,51.7,36,33.9,2360.12,51.72,131,308,CHAOS,50.0,8.0,WORKLOAD_STEP
2026-07-10 00:28:16.236326800+05:30,52.6,35,32.7,3053.12,51.71,131,308,CHAOS,50.0,8.0,WORKLOAD_STEP
2026-07-10 00:28:18.271780900+05:30,55.6,35,37.5,2661.43,51.68,131,308,CHAOS,50.0,8.0,WORKLOAD_STEP
2026-07-10 00:28:20.303493700+05:30,55.4,39,30.5,2882.38,51.68,131,308,CHAOS,50.0,8.0,WORKLOAD_STEP
2026-07-10 00:28:22.330030100+05:30,54.8,36,35.4,2661.43,51.68,131,308,CHAOS,50.0,8.0,WORKLOAD_STEP
2026-07-10 00:28:24.359947900+05:30,54.9,34,34.0,2711.64,51.68,131,308,CHAOS,50.0,8.0,WORKLOAD_STEP
2026-07-10 00:28:26.393106300+05:30,52.8,36,33.2,2350.08,51.68,132,308,CHAOS,50.0,8.0,WORKLOAD_STEP
2026-07-10 00:28:28.427187300+05:30,56.4,34,34.2,2540.9,51.68,131,308,CHAOS,50.0,8.0,WORKLOAD_STEP
2026-07-10 00:28:30.464013800+05:30,54.3,35,33.1,2179.34,51.68,131,308,CHAOS,50.0,8.0,WORKLOAD_STEP
2026-07-10 00:28:32.490287800+05:30,58.3,35,33.2,2711.64,51.69,131,308,CHAOS,50.0,8.0,WORKLOAD_STEP
2026-07-10 00:28:34.521088500+05:30,53.6,36,35.7,2530.86,51.68,131,308,CHAOS,50.0,8.0,WORKLOAD_STEP
2026-07-10 00:28:36.552069400+05:30,54.1,36,34.0,2882.38,51.69,131,308,CHAOS,50.0,8.0,WORKLOAD_STEP
2026-07-10 00:28:38.586570400+05:30,52.4,36,33.9,2350.08,51.68,131,308,CHAOS,50.0,8.0,WORKLOAD_STEP
2026-07-10 00:28:40.620507500+05:30,51.9,34,36.4,2681.51,51.69,131,308,CHAOS,50.0,8.0,WORKLOAD_STEP
2026-07-10 00:28:42.648351800+05:30,55.8,32,34.9,2520.82,51.69,131,308,CHAOS,50.0,8.0,WORKLOAD_STEP
2026-07-10 00:28:44.678392900+05:30,55.3,35,35.2,2530.86,51.69,131,308,CHAOS,50.0,8.0,WORKLOAD_STEP
2026-07-10 00:28:46.714592300+05:30,53.9,36,34.8,2882.38,51.69,132,308,CHAOS,50.0,8.0,WORKLOAD_STEP
2026-07-10 00:28:48.745036900+05:30,51.3,36,32.9,2701.6,51.69,132,308,CHAOS,50.0,8.0,WORKLOAD_STEP
2026-07-10 00:28:50.775628900+05:30,52.1,36,33.7,2882.38,51.69,134,308,CHAOS,50.0,8.0,WORKLOAD_STEP
2026-07-10 00:28:52.805898100+05:30,53.3,40,34.6,3043.08,51.69,134,308,CHAOS,50.0,8.0,WORKLOAD_STEP
2026-07-10 00:28:54.833627900+05:30,55.6,35,35.0,2008.6,51.69,134,308,CHAOS,50.0,8.0,WORKLOAD_STEP
2026-07-10 00:28:56.862896+05:30,55.4,39,31.8,2701.6,51.68,134,308,CHAOS,50.0,8.0,WORKLOAD_STEP
2026-07-10 00:28:58.894825+05:30,56.0,32,32.9,2370.16,51.68,134,308,CHAOS,50.0,8.0,WORKLOAD_STEP
2026-07-10 00:29:00.931404200+05:30,53.7,32,34.1,2179.34,51.69,134,308,CHAOS,50.0,8.0,WORKLOAD_STEP
2026-07-10 00:29:02.961254700+05:30,54.7,35,30.8,2872.34,51.69,134,308,CHAOS,50.0,8.0,WORKLOAD_STEP
2026-07-10 00:29:04.987853+05:30,54.3,34,28.8,2711.64,52.15,134,308,CHAOS,50.0,8.0,WORKLOAD_STEP
2026-07-10 00:29:07.018367700+05:30,59.0,38,33.8,2701.6,51.83,134,308,CHAOS,50.0,8.0,WORKLOAD_STEP
2026-07-10 00:29:09.047380300+05:30,54.2,40,37.6,2872.34,51.84,134,308,CHAOS,50.0,8.0,WORKLOAD_STEP
2026-07-10 00:29:11.078474200+05:30,57.5,34,36.7,2530.86,51.82,134,308,CHAOS,50.0,8.0,WORKLOAD_STEP
2026-07-10 00:29:13.107721400+05:30,53.8,35,33.7,2701.6,51.83,134,308,CHAOS,50.0,8.0,WORKLOAD_STEP
2026-07-10 00:29:15.136911900+05:30,54.0,32,33.6,2350.08,51.83,133,308,CHAOS,50.0,8.0,WORKLOAD_STEP
2026-07-10 00:29:17.174619100+05:30,54.7,34,33.1,2701.6,51.83,133,308,CHAOS,50.0,8.0,WORKLOAD_STEP
2026-07-10 00:29:19.204520200+05:30,55.4,34,36.0,2540.9,51.84,133,308,CHAOS,50.0,8.0,WORKLOAD_STEP
2026-07-10 00:29:21.233423900+05:30,53.8,38,35.1,2350.08,51.83,133,308,CHAOS,50.0,8.0,WORKLOAD_STEP
2026-07-10 00:29:23.266867100+05:30,54.4,35,34.2,2711.64,51.83,133,308,CHAOS,50.0,8.0,WORKLOAD_STEP
2026-07-10 00:29:25.297074300+05:30,89.8,32,39.0,3053.12,51.83,135,308,CHAOS,90.0,9.0,WORKLOAD_STEP
2026-07-10 00:29:27.352152+05:30,91.6,32,37.5,2701.6,51.84,134,308,CHAOS,90.0,9.0,WORKLOAD_STEP
2026-07-10 00:29:29.384474900+05:30,92.0,32,41.3,3053.12,51.83,133,308,CHAOS,90.0,9.0,WORKLOAD_STEP
2026-07-10 00:29:31.423478100+05:30,92.6,30,42.4,3053.12,51.84,133,308,CHAOS,90.0,9.0,WORKLOAD_STEP
2026-07-10 00:29:33.452683500+05:30,91.7,30,40.8,3053.12,51.83,133,308,CHAOS,90.0,9.0,WORKLOAD_STEP
2026-07-10 00:29:35.491980900+05:30,91.6,30,42.0,2882.38,51.84,132,308,CHAOS,90.0,9.0,WORKLOAD_STEP
2026-07-10 00:29:37.523680600+05:30,90.6,30,43.2,3053.12,51.83,132,308,CHAOS,90.0,9.0,WORKLOAD_STEP
2026-07-10 00:29:39.555020300+05:30,91.0,30,45.0,3053.12,51.84,132,308,CHAOS,90.0,9.0,WORKLOAD_STEP
2026-07-10 00:29:41.586743100+05:30,92.9,30,42.6,3053.12,51.83,131,308,CHAOS,90.0,9.0,WORKLOAD_STEP
2026-07-10 00:29:43.633724200+05:30,92.5,30,43.9,3053.12,51.84,130,308,CHAOS,90.0,9.0,WORKLOAD_STEP
2026-07-10 00:29:45.665541300+05:30,94.2,30,43.5,3053.12,51.97,131,309,CHAOS,90.0,9.0,WORKLOAD_STEP
2026-07-10 00:29:47.705954500+05:30,90.9,29,43.4,3053.12,51.98,131,309,CHAOS,90.0,9.0,WORKLOAD_STEP
2026-07-10 00:29:49.737311900+05:30,91.3,30,42.1,3053.12,51.98,131,309,CHAOS,90.0,9.0,WORKLOAD_STEP
2026-07-10 00:29:51.764722400+05:30,90.9,29,40.3,3053.12,51.98,130,309,CHAOS,90.0,9.0,WORKLOAD_STEP
2026-07-10 00:29:53.797134700+05:30,93.7,29,42.4,3053.12,51.98,130,309,CHAOS,90.0,9.0,WORKLOAD_STEP
2026-07-10 00:29:55.824096600+05:30,93.3,30,44.2,3053.12,51.97,131,309,CHAOS,90.0,9.0,WORKLOAD_STEP
2026-07-10 00:29:57.851854200+05:30,93.2,30,45.0,3053.12,51.98,131,309,CHAOS,90.0,9.0,WORKLOAD_STEP
2026-07-10 00:29:59.882380400+05:30,91.1,30,41.9,3053.12,51.98,131,309,CHAOS,90.0,9.0,WORKLOAD_STEP
2026-07-10 00:30:01.924442200+05:30,93.5,29,38.9,3053.12,51.98,131,309,CHAOS,90.0,9.0,WORKLOAD_STEP
2026-07-10 00:30:03.957959600+05:30,91.3,32,44.1,3053.12,51.98,131,309,CHAOS,90.0,9.0,WORKLOAD_STEP
2026-07-10 00:30:05.988839400+05:30,95.2,32,42.8,3053.12,51.98,131,309,CHAOS,90.0,9.0,WORKLOAD_STEP
2026-07-10 00:30:08.018124300+05:30,93.0,29,41.5,3053.12,51.98,131,309,CHAOS,90.0,9.0,WORKLOAD_STEP
2026-07-10 00:30:10.044944400+05:30,93.6,30,43.5,3053.12,51.98,131,309,CHAOS,90.0,9.0,WORKLOAD_STEP
2026-07-10 00:30:12.073477300+05:30,91.7,29,42.3,3053.12,51.98,131,309,CHAOS,90.0,9.0,WORKLOAD_STEP
2026-07-10 00:30:14.108031600+05:30,91.1,30,43.0,3053.12,51.98,130,309,CHAOS,90.0,9.0,WORKLOAD_STEP
2026-07-10 00:30:16.151301300+05:30,92.3,32,44.4,3053.12,51.95,130,309,CHAOS,90.0,9.0,WORKLOAD_STEP
2026-07-10 00:30:18.187275+05:30,93.4,32,41.6,3053.12,51.95,130,309,CHAOS,90.0,9.0,WORKLOAD_STEP
2026-07-10 00:30:20.215766600+05:30,92.8,30,42.6,3053.12,51.94,130,309,CHAOS,90.0,9.0,WORKLOAD_STEP
2026-07-10 00:30:22.254648400+05:30,92.5,32,40.9,3053.12,51.94,130,309,CHAOS,90.0,9.0,WORKLOAD_STEP
2026-07-10 00:30:24.285681600+05:30,92.1,30,42.8,3053.12,51.94,129,309,CHAOS,90.0,9.0,WORKLOAD_STEP
2026-07-10 00:30:26.315468100+05:30,92.4,30,43.5,3053.12,51.85,129,308,CHAOS,90.0,9.0,WORKLOAD_STEP
2026-07-10 00:30:28.345573200+05:30,93.2,32,47.1,3053.12,51.85,129,308,CHAOS,90.0,9.0,WORKLOAD_STEP
2026-07-10 00:30:30.374499800+05:30,93.9,30,41.2,3053.12,51.85,129,308,CHAOS,90.0,9.0,WORKLOAD_STEP
2026-07-10 00:30:32.408435400+05:30,92.4,29,40.2,3053.12,51.85,128,308,CHAOS,90.0,9.0,WORKLOAD_STEP
2026-07-10 00:30:34.437766700+05:30,92.7,30,37.1,3043.08,51.86,128,308,CHAOS,90.0,9.0,WORKLOAD_STEP
2026-07-10 00:30:36.466346400+05:30,91.2,29,42.8,3053.12,51.85,128,308,CHAOS,90.0,9.0,WORKLOAD_STEP
2026-07-10 00:30:38.494233400+05:30,92.7,29,43.1,3053.12,51.86,128,308,CHAOS,90.0,9.0,WORKLOAD_STEP
2026-07-10 00:30:40.527331100+05:30,92.8,30,41.6,3053.12,51.85,128,308,CHAOS,90.0,9.0,WORKLOAD_STEP
2026-07-10 00:30:42.561832200+05:30,93.9,30,41.6,3053.12,51.86,128,308,CHAOS,90.0,9.0,WORKLOAD_STEP
2026-07-10 00:30:44.590841600+05:30,91.8,30,40.2,3053.12,51.85,128,308,CHAOS,90.0,9.0,WORKLOAD_STEP
2026-07-10 00:30:46.618467300+05:30,93.4,32,43.7,3053.12,51.86,128,308,CHAOS,90.0,9.0,WORKLOAD_STEP
2026-07-10 00:30:48.654443300+05:30,91.5,30,41.3,3053.12,51.85,128,308,CHAOS,90.0,9.0,WORKLOAD_STEP
2026-07-10 00:30:50.685275600+05:30,91.2,29,38.8,3053.12,51.86,128,308,CHAOS,90.0,9.0,WORKLOAD_STEP
2026-07-10 00:30:52.712598500+05:30,93.2,30,43.8,3053.12,51.85,128,308,CHAOS,90.0,9.0,WORKLOAD_STEP
2026-07-10 00:30:54.740952+05:30,94.4,30,40.2,3053.12,51.86,128,308,CHAOS,90.0,9.0,WORKLOAD_STEP
2026-07-10 00:30:56.773114400+05:30,93.8,30,41.2,2360.12,51.85,128,308,CHAOS,50.0,10.0,WORKLOAD_STEP
2026-07-10 00:30:58.827998+05:30,55.5,49,15.5,1436.16,51.86,128,308,CHAOS,50.0,10.0,WORKLOAD_STEP
2026-07-10 00:31:00.863860400+05:30,53.3,48,19.6,2299.87,51.86,128,308,CHAOS,50.0,10.0,WORKLOAD_STEP
2026-07-10 00:31:02.898704600+05:30,52.0,40,31.6,2169.3,51.86,128,308,CHAOS,50.0,10.0,WORKLOAD_STEP
2026-07-10 00:31:04.925693600+05:30,55.8,35,33.1,2862.21,51.86,129,308,CHAOS,50.0,10.0,WORKLOAD_STEP
2026-07-10 00:31:06.954925300+05:30,55.5,35,33.3,2631.3,51.87,129,308,CHAOS,50.0,10.0,WORKLOAD_STEP
2026-07-10 00:31:08.984342300+05:30,55.4,36,34.5,2862.3,51.87,129,308,CHAOS,50.0,10.0,WORKLOAD_STEP
2026-07-10 00:31:11.012848100+05:30,55.9,36,32.9,2691.56,51.87,129,308,CHAOS,50.0,10.0,WORKLOAD_STEP
2026-07-10 00:31:13.045001200+05:30,53.8,32,34.6,2530.86,51.87,129,308,CHAOS,50.0,10.0,WORKLOAD_STEP
2026-07-10 00:31:15.075759700+05:30,50.6,36,31.7,2520.82,51.87,129,308,CHAOS,50.0,10.0,WORKLOAD_STEP
2026-07-10 00:31:17.104247600+05:30,55.7,36,30.8,2350.08,51.86,129,308,CHAOS,50.0,10.0,WORKLOAD_STEP
2026-07-10 00:31:19.143802100+05:30,54.8,44,31.6,2470.6,51.87,129,308,CHAOS,50.0,10.0,WORKLOAD_STEP
2026-07-10 00:31:21.178888+05:30,54.1,38,33.9,3053.12,51.87,129,308,CHAOS,50.0,10.0,WORKLOAD_STEP
2026-07-10 00:31:23.213947400+05:30,53.7,36,33.5,2882.38,51.87,129,308,CHAOS,50.0,10.0,WORKLOAD_STEP
2026-07-10 00:31:25.242828+05:30,54.2,35,29.9,2530.86,51.87,130,308,CHAOS,50.0,10.0,WORKLOAD_STEP
2026-07-10 00:31:27.271962900+05:30,54.5,35,35.2,2530.86,51.88,130,308,CHAOS,50.0,10.0,WORKLOAD_STEP
2026-07-10 00:31:29.301306100+05:30,56.2,39,33.5,2872.34,51.88,129,308,CHAOS,50.0,10.0,WORKLOAD_STEP
2026-07-10 00:31:31.328251100+05:30,53.7,42,31.5,2872.34,51.88,129,308,CHAOS,50.0,10.0,WORKLOAD_STEP
2026-07-10 00:31:33.360519500+05:30,55.0,36,34.6,2701.6,51.88,129,308,CHAOS,50.0,10.0,WORKLOAD_STEP
2026-07-10 00:31:35.398172600+05:30,53.5,36,36.5,3053.12,51.88,129,308,CHAOS,50.0,10.0,WORKLOAD_STEP
2026-07-10 00:31:37.432969700+05:30,53.1,35,35.8,2701.6,51.88,130,308,CHAOS,50.0,10.0,WORKLOAD_STEP
2026-07-10 00:31:39.461664500+05:30,52.1,32,35.8,2189.38,51.88,131,308,CHAOS,50.0,10.0,WORKLOAD_STEP
2026-07-10 00:31:41.491164500+05:30,54.9,36,37.4,2530.86,51.89,130,308,CHAOS,50.0,10.0,WORKLOAD_STEP
2026-07-10 00:31:43.520127700+05:30,54.9,36,30.2,2882.38,51.88,130,308,CHAOS,50.0,10.0,WORKLOAD_STEP
2026-07-10 00:31:45.548978200+05:30,56.0,38,34.9,2179.34,51.89,130,308,CHAOS,50.0,10.0,WORKLOAD_STEP
2026-07-10 00:31:47.577190+05:30,54.5,38,33.9,2711.64,51.88,130,308,CHAOS,50.0,10.0,WORKLOAD_STEP
2026-07-10 00:31:49.617596600+05:30,54.1,36,31.8,3012.95,51.93,130,308,CHAOS,50.0,10.0,WORKLOAD_STEP
2026-07-10 00:31:51.653933300+05:30,52.8,38,32.1,2862.3,51.88,130,308,CHAOS,50.0,10.0,WORKLOAD_STEP
2026-07-10 00:31:53.680154900+05:30,56.7,35,32.3,2691.56,51.88,130,308,CHAOS,50.0,10.0,WORKLOAD_STEP
2026-07-10 00:31:55.710283300+05:30,53.9,36,33.5,3053.12,51.87,130,308,CHAOS,50.0,10.0,WORKLOAD_STEP
2026-07-10 00:31:57.740953200+05:30,55.8,39,31.7,2882.38,51.87,130,308,CHAOS,50.0,10.0,WORKLOAD_STEP
2026-07-10 00:31:59.778130600+05:30,54.3,35,33.0,2701.6,51.87,130,308,CHAOS,50.0,10.0,WORKLOAD_STEP
2026-07-10 00:32:01.807185400+05:30,52.3,36,32.8,2530.86,51.87,130,308,CHAOS,50.0,10.0,WORKLOAD_STEP
2026-07-10 00:32:03.844107200+05:30,53.5,36,36.1,2360.12,51.87,130,308,CHAOS,50.0,10.0,WORKLOAD_STEP
2026-07-10 00:32:05.875383600+05:30,55.9,36,33.6,2530.86,51.87,129,308,CHAOS,50.0,10.0,WORKLOAD_STEP
2026-07-10 00:32:07.904791600+05:30,56.9,36,36.2,2711.64,51.87,129,308,CHAOS,50.0,10.0,WORKLOAD_STEP
2026-07-10 00:32:09.936048500+05:30,57.6,38,33.1,3053.12,51.87,129,308,CHAOS,50.0,10.0,WORKLOAD_STEP
2026-07-10 00:32:11.967407800+05:30,54.3,34,32.5,2530.86,51.86,129,308,CHAOS,50.0,10.0,WORKLOAD_STEP
2026-07-10 00:32:13.994819900+05:30,53.9,38,33.7,2540.9,51.87,129,308,CHAOS,50.0,10.0,WORKLOAD_STEP
2026-07-10 00:32:16.025569600+05:30,57.9,35,35.0,2530.86,52.46,131,308,CHAOS,50.0,10.0,WORKLOAD_STEP
2026-07-10 00:32:18.057678800+05:30,57.2,35,36.9,2882.38,52.46,131,308,CHAOS,50.0,10.0,WORKLOAD_STEP
2026-07-10 00:32:20.095314200+05:30,57.3,35,36.0,2701.6,52.46,133,310,CHAOS,50.0,10.0,WORKLOAD_STEP
2026-07-10 00:32:22.128174100+05:30,53.5,36,32.3,2711.64,52.47,134,310,CHAOS,50.0,10.0,WORKLOAD_STEP
2026-07-10 00:32:24.156725100+05:30,55.4,35,33.2,2701.6,52.47,133,310,CHAOS,50.0,10.0,WORKLOAD_STEP
2026-07-10 00:32:26.184596200+05:30,88.9,32,37.3,2952.69,52.45,133,310,CHAOS,90.0,11.0,WORKLOAD_STEP
2026-07-10 00:32:28.229856+05:30,91.1,32,43.5,2882.38,52.46,133,310,CHAOS,90.0,11.0,WORKLOAD_STEP
2026-07-10 00:32:30.289562800+05:30,91.7,34,38.2,3053.12,52.45,133,310,CHAOS,90.0,11.0,WORKLOAD_STEP
2026-07-10 00:32:32.318454+05:30,91.6,32,43.6,3053.12,52.46,133,310,CHAOS,90.0,11.0,WORKLOAD_STEP
2026-07-10 00:32:34.358705100+05:30,91.2,32,43.2,3053.12,52.45,133,310,CHAOS,90.0,11.0,WORKLOAD_STEP
2026-07-10 00:32:36.409718800+05:30,91.4,32,41.8,3043.08,52.46,133,310,CHAOS,90.0,11.0,WORKLOAD_STEP
2026-07-10 00:32:38.437278900+05:30,91.6,32,40.9,3053.12,52.46,133,310,CHAOS,90.0,11.0,WORKLOAD_STEP
2026-07-10 00:32:40.469601700+05:30,93.1,32,41.7,2882.38,52.46,133,309,CHAOS,90.0,11.0,WORKLOAD_STEP
2026-07-10 00:32:42.497858800+05:30,92.5,32,42.1,3053.08,52.45,133,309,CHAOS,90.0,11.0,WORKLOAD_STEP
2026-07-10 00:32:44.539667100+05:30,90.9,32,44.2,3053.12,52.44,133,309,CHAOS,90.0,11.0,WORKLOAD_STEP
2026-07-10 00:32:46.591054600+05:30,91.8,32,42.4,3053.12,52.44,133,309,CHAOS,90.0,11.0,WORKLOAD_STEP
2026-07-10 00:32:48.624285400+05:30,91.5,32,40.1,3053.12,52.44,133,309,CHAOS,90.0,11.0,WORKLOAD_STEP
2026-07-10 00:32:50.659896700+05:30,91.0,32,43.1,3053.12,52.44,133,309,CHAOS,90.0,11.0,WORKLOAD_STEP
2026-07-10 00:32:52.689046400+05:30,93.6,32,39.0,3053.12,52.42,133,309,CHAOS,90.0,11.0,WORKLOAD_STEP
2026-07-10 00:32:54.719057100+05:30,93.0,32,46.1,3053.12,52.42,133,309,CHAOS,90.0,11.0,WORKLOAD_STEP
2026-07-10 00:32:56.747871+05:30,91.9,30,40.2,3053.12,52.42,132,309,CHAOS,90.0,11.0,WORKLOAD_STEP
2026-07-10 00:32:58.778651+05:30,92.7,32,42.3,3053.12,52.41,132,309,CHAOS,90.0,11.0,WORKLOAD_STEP
2026-07-10 00:33:00.808451200+05:30,91.7,30,42.1,3053.12,52.42,132,309,CHAOS,90.0,11.0,WORKLOAD_STEP
2026-07-10 00:33:02.838629300+05:30,91.9,30,42.1,3053.12,52.41,132,309,CHAOS,90.0,11.0,WORKLOAD_STEP
2026-07-10 00:33:04.887505400+05:30,93.3,30,39.6,3053.12,52.41,132,309,CHAOS,90.0,11.0,WORKLOAD_STEP
2026-07-10 00:33:06.920531700+05:30,93.9,32,40.9,3053.12,52.42,132,309,CHAOS,90.0,11.0,WORKLOAD_STEP
2026-07-10 00:33:08.950557500+05:30,92.4,30,42.3,3053.12,52.42,132,309,CHAOS,90.0,11.0,WORKLOAD_STEP
2026-07-10 00:33:10.980280900+05:30,93.0,32,41.3,3053.12,52.42,132,309,CHAOS,90.0,11.0,WORKLOAD_STEP
2026-07-10 00:33:13.020835100+05:30,91.7,32,45.8,3053.12,52.42,132,309,CHAOS,90.0,11.0,WORKLOAD_STEP
2026-07-10 00:33:15.050640700+05:30,92.9,32,41.2,3053.12,52.43,132,309,CHAOS,90.0,11.0,WORKLOAD_STEP
2026-07-10 00:33:17.087065600+05:30,94.2,32,41.4,3053.12,52.43,132,309,CHAOS,90.0,11.0,WORKLOAD_STEP
2026-07-10 00:33:19.115411700+05:30,92.4,32,43.8,3053.12,52.43,132,309,CHAOS,90.0,11.0,WORKLOAD_STEP
2026-07-10 00:33:21.168651900+05:30,94.7,30,42.6,3053.12,52.4,132,309,CHAOS,90.0,11.0,WORKLOAD_STEP
2026-07-10 00:33:23.196594800+05:30,92.4,32,46.4,2882.38,52.41,132,309,CHAOS,90.0,11.0,WORKLOAD_STEP
2026-07-10 00:33:25.225433500+05:30,91.5,32,44.9,3053.12,52.4,133,309,CHAOS,90.0,11.0,WORKLOAD_STEP
2026-07-10 00:33:27.252914400+05:30,95.7,34,39.5,3053.12,52.42,133,309,CHAOS,90.0,11.0,WORKLOAD_STEP
2026-07-10 00:33:29.283487600+05:30,93.1,30,44.9,3053.12,52.41,132,309,CHAOS,90.0,11.0,WORKLOAD_STEP
2026-07-10 00:33:31.311239500+05:30,93.4,32,42.3,3053.12,52.42,132,309,CHAOS,90.0,11.0,WORKLOAD_STEP
2026-07-10 00:33:33.343765500+05:30,92.1,32,42.8,3053.12,52.41,132,309,CHAOS,90.0,11.0,WORKLOAD_STEP
2026-07-10 00:33:35.387425+05:30,92.4,32,41.1,3053.12,52.43,132,309,CHAOS,90.0,11.0,WORKLOAD_STEP
2026-07-10 00:33:37.415786900+05:30,90.9,32,42.5,3053.12,52.43,134,309,CHAOS,90.0,11.0,WORKLOAD_STEP
2026-07-10 00:33:39.443565500+05:30,94.6,32,41.7,3053.12,52.44,134,309,CHAOS,90.0,11.0,WORKLOAD_STEP
2026-07-10 00:33:41.470704100+05:30,93.6,32,39.2,3053.12,52.44,134,309,CHAOS,90.0,11.0,WORKLOAD_STEP
2026-07-10 00:33:43.498458+05:30,93.2,32,39.7,3053.12,52.44,134,309,CHAOS,90.0,11.0,WORKLOAD_STEP
2026-07-10 00:33:45.530601100+05:30,91.2,30,42.1,3053.12,52.44,134,309,CHAOS,90.0,11.0,WORKLOAD_STEP
2026-07-10 00:33:47.569809900+05:30,92.7,32,42.7,3053.12,52.45,134,309,CHAOS,90.0,11.0,WORKLOAD_STEP
2026-07-10 00:33:49.601643+05:30,92.6,30,41.7,3053.12,52.44,134,309,CHAOS,90.0,11.0,WORKLOAD_STEP
2026-07-10 00:33:51.636647600+05:30,93.4,30,41.0,2189.39,52.49,134,309,CHAOS,50.0,12.0,WORKLOAD_STEP
2026-07-10 00:33:53.665459600+05:30,55.4,39,22.6,1918.22,52.43,134,309,CHAOS,50.0,12.0,WORKLOAD_STEP
2026-07-10 00:33:55.696185700+05:30,54.0,32,27.8,2169.3,52.43,134,309,CHAOS,50.0,12.0,WORKLOAD_STEP
2026-07-10 00:33:57.722198900+05:30,54.0,36,24.9,2430.42,52.43,134,309,CHAOS,50.0,12.0,WORKLOAD_STEP
2026-07-10 00:33:59.750968500+05:30,51.9,44,32.2,2902.47,52.43,134,309,CHAOS,50.0,12.0,WORKLOAD_STEP
2026-07-10 00:34:01.786328300+05:30,52.6,44,29.4,2500.74,52.43,134,309,CHAOS,50.0,12.0,WORKLOAD_STEP
2026-07-10 00:34:03.820662100+05:30,56.7,45,31.5,2360.13,52.43,134,309,CHAOS,50.0,12.0,WORKLOAD_STEP
2026-07-10 00:34:05.856384400+05:30,56.1,36,30.8,2490.69,52.43,133,309,CHAOS,50.0,12.0,WORKLOAD_STEP
2026-07-10 00:34:07.885718900+05:30,53.8,36,33.2,2691.56,52.43,133,309,CHAOS,50.0,12.0,WORKLOAD_STEP
2026-07-10 00:34:09.912295700+05:30,55.0,35,30.7,2510.78,52.43,137,309,CHAOS,50.0,12.0,WORKLOAD_STEP
2026-07-10 00:34:11.938252800+05:30,52.8,36,34.3,2530.86,52.43,135,309,CHAOS,50.0,12.0,WORKLOAD_STEP
2026-07-10 00:34:13.970371200+05:30,53.4,35,32.7,2701.6,52.42,135,309,CHAOS,50.0,12.0,WORKLOAD_STEP
2026-07-10 00:34:16.002934300+05:30,55.9,38,32.5,2701.6,52.42,135,309,CHAOS,50.0,12.0,WORKLOAD_STEP
2026-07-10 00:34:18.036527700+05:30,56.6,44,32.9,2651.38,52.42,135,309,CHAOS,50.0,12.0,WORKLOAD_STEP
2026-07-10 00:34:20.064370600+05:30,53.7,38,31.6,2510.78,52.42,133,309,CHAOS,50.0,12.0,WORKLOAD_STEP
2026-07-10 00:34:22.100562100+05:30,54.1,35,33.7,2159.26,52.42,133,309,CHAOS,50.0,12.0,WORKLOAD_STEP
2026-07-10 00:34:24.129393+05:30,53.8,36,31.3,2701.6,52.42,133,309,CHAOS,50.0,12.0,WORKLOAD_STEP
2026-07-10 00:34:26.165584+05:30,55.8,36,33.1,2711.64,52.42,133,309,CHAOS,50.0,12.0,WORKLOAD_STEP
2026-07-10 00:34:28.199444400+05:30,56.0,36,33.3,2701.6,52.42,133,309,CHAOS,50.0,12.0,WORKLOAD_STEP
2026-07-10 00:34:30.228232700+05:30,56.4,38,33.0,2701.6,52.43,133,309,CHAOS,50.0,12.0,WORKLOAD_STEP
2026-07-10 00:34:32.256475400+05:30,53.6,42,34.9,2480.64,52.42,133,309,CHAOS,50.0,12.0,WORKLOAD_STEP
2026-07-10 00:34:34.282495400+05:30,54.8,38,31.0,2560.99,52.43,133,309,CHAOS,50.0,12.0,WORKLOAD_STEP
2026-07-10 00:34:36.320310+05:30,53.0,45,31.8,2540.9,52.42,133,309,CHAOS,50.0,12.0,WORKLOAD_STEP
2026-07-10 00:34:38.359054400+05:30,56.0,34,29.1,2611.21,52.42,133,309,CHAOS,50.0,12.0,WORKLOAD_STEP
2026-07-10 00:34:40.387172300+05:30,55.3,36,29.1,2340.04,52.42,131,309,CHAOS,50.0,12.0,WORKLOAD_STEP
2026-07-10 00:34:42.418913400+05:30,54.4,34,32.1,2360.12,52.42,131,309,CHAOS,50.0,12.0,WORKLOAD_STEP
2026-07-10 00:34:44.447525400+05:30,53.3,38,31.7,2520.82,52.42,131,309,CHAOS,50.0,12.0,WORKLOAD_STEP
2026-07-10 00:34:46.473795500+05:30,52.1,39,30.2,2701.6,52.42,131,309,CHAOS,50.0,12.0,WORKLOAD_STEP
2026-07-10 00:34:48.506423900+05:30,53.3,39,31.2,2882.38,52.42,131,309,CHAOS,50.0,12.0,WORKLOAD_STEP
2026-07-10 00:34:50.540275300+05:30,55.7,45,30.2,2651.38,52.42,131,309,CHAOS,50.0,12.0,WORKLOAD_STEP
2026-07-10 00:34:52.577594300+05:30,55.3,38,30.6,2500.74,52.42,131,309,CHAOS,50.0,12.0,WORKLOAD_STEP
2026-07-10 00:34:54.605775400+05:30,55.5,34,30.0,2701.6,52.42,130,309,CHAOS,50.0,12.0,WORKLOAD_STEP
2026-07-10 00:34:56.639116700+05:30,54.8,36,32.0,2350.08,52.42,130,309,CHAOS,50.0,12.0,WORKLOAD_STEP
2026-07-10 00:34:58.668924200+05:30,52.5,34,31.7,2530.86,52.38,130,309,CHAOS,50.0,12.0,WORKLOAD_STEP
2026-07-10 00:35:00.702235600+05:30,53.8,36,31.5,2530.86,52.39,130,309,CHAOS,50.0,12.0,WORKLOAD_STEP
2026-07-10 00:35:02.732749500+05:30,53.3,38,31.4,2530.86,52.39,130,309,CHAOS,50.0,12.0,WORKLOAD_STEP
2026-07-10 00:35:04.762662+05:30,56.1,39,33.3,2350.08,52.34,130,309,CHAOS,50.0,12.0,WORKLOAD_STEP
2026-07-10 00:35:06.796020100+05:30,54.6,39,35.6,3033.03,52.34,130,309,CHAOS,50.0,12.0,WORKLOAD_STEP
2026-07-10 00:35:08.823943400+05:30,55.8,39,31.4,2872.34,52.34,130,309,CHAOS,50.0,12.0,WORKLOAD_STEP
2026-07-10 00:35:10.860914500+05:30,53.1,36,32.1,2711.64,52.34,130,309,CHAOS,50.0,12.0,WORKLOAD_STEP
2026-07-10 00:35:12.889807100+05:30,52.9,35,33.9,2530.86,52.34,130,309,CHAOS,50.0,12.0,WORKLOAD_STEP
2026-07-10 00:35:14.917576500+05:30,54.9,34,32.7,2520.82,52.34,130,309,CHAOS,50.0,12.0,WORKLOAD_STEP
2026-07-10 00:35:16.943897200+05:30,56.5,35,32.8,2681.51,52.34,130,309,CHAOS,50.0,12.0,WORKLOAD_STEP
2026-07-10 00:35:18.974212200+05:30,54.7,34,33.2,2711.64,52.34,130,309,CHAOS,50.0,12.0,WORKLOAD_STEP
2026-07-10 00:35:21.007025500+05:30,53.9,38,33.9,2842.21,52.33,130,308,CHAOS,50.0,12.0,WORKLOAD_STEP
2026-07-10 00:35:23.045029300+05:30,52.5,42,34.1,2882.38,52.33,130,308,CHAOS,50.0,12.0,WORKLOAD_STEP
2026-07-10 00:35:25.075262100+05:30,52.4,36,35.3,2882.38,52.33,131,308,CHAOS,50.0,12.0,WORKLOAD_STEP
2026-07-10 00:35:27.118431600+05:30,55.8,36,34.8,2400.3,52.33,131,308,CHAOS,80.0,13.0,WORKLOAD_STEP
2026-07-10 00:35:29.170405400+05:30,82.6,34,40.5,2882.38,52.34,130,308,CHAOS,80.0,13.0,WORKLOAD_STEP
2026-07-10 00:35:31.203670+05:30,80.1,32,38.0,2701.6,52.33,130,308,CHAOS,80.0,13.0,WORKLOAD_STEP
2026-07-10 00:35:33.252835500+05:30,81.9,32,41.6,2691.56,52.38,130,308,CHAOS,80.0,13.0,WORKLOAD_STEP
2026-07-10 00:35:35.304596100+05:30,81.2,34,38.7,3043.08,52.33,130,308,CHAOS,80.0,13.0,WORKLOAD_STEP
2026-07-10 00:35:37.344851800+05:30,80.5,34,40.2,3053.12,52.38,130,308,CHAOS,80.0,13.0,WORKLOAD_STEP
2026-07-10 00:35:39.372587800+05:30,82.9,32,40.9,3053.12,52.33,130,308,CHAOS,80.0,13.0,WORKLOAD_STEP
2026-07-10 00:35:41.401418300+05:30,83.4,39,41.7,2882.38,52.33,130,308,CHAOS,80.0,13.0,WORKLOAD_STEP
2026-07-10 00:35:43.431885600+05:30,82.7,32,37.7,3053.12,52.33,129,308,CHAOS,80.0,13.0,WORKLOAD_STEP
2026-07-10 00:35:45.463721500+05:30,81.2,32,41.2,2882.38,52.33,128,308,CHAOS,80.0,13.0,WORKLOAD_STEP
2026-07-10 00:35:47.497270+05:30,83.5,32,41.4,2711.64,52.34,128,308,CHAOS,80.0,13.0,WORKLOAD_STEP
2026-07-10 00:35:49.527576900+05:30,81.6,32,42.1,2882.38,52.34,128,308,CHAOS,80.0,13.0,WORKLOAD_STEP
2026-07-10 00:35:51.555970400+05:30,84.0,32,38.4,3053.12,52.33,128,308,CHAOS,80.0,13.0,WORKLOAD_STEP
2026-07-10 00:35:53.589739600+05:30,82.8,32,37.3,2882.38,52.33,128,308,CHAOS,80.0,13.0,WORKLOAD_STEP
2026-07-10 00:35:55.617114800+05:30,82.4,34,43.3,3053.12,52.33,128,308,CHAOS,80.0,13.0,WORKLOAD_STEP
2026-07-10 00:35:57.649196400+05:30,83.1,32,44.3,3053.12,52.34,128,308,CHAOS,80.0,13.0,WORKLOAD_STEP
2026-07-10 00:35:59.676608100+05:30,82.9,32,39.9,3053.12,52.34,128,308,CHAOS,80.0,13.0,WORKLOAD_STEP
2026-07-10 00:36:01.710946100+05:30,83.5,34,39.1,3053.12,52.34,128,308,CHAOS,80.0,13.0,WORKLOAD_STEP
2026-07-10 00:36:03.740757500+05:30,85.7,32,39.2,3053.12,52.34,128,308,CHAOS,80.0,13.0,WORKLOAD_STEP
2026-07-10 00:36:05.769712+05:30,83.7,32,41.1,3053.12,52.34,129,308,CHAOS,80.0,13.0,WORKLOAD_STEP
2026-07-10 00:36:07.804701500+05:30,83.8,34,43.0,3053.12,52.34,129,308,CHAOS,80.0,13.0,WORKLOAD_STEP
2026-07-10 00:36:09.832898400+05:30,82.4,30,43.4,3053.12,52.34,129,308,CHAOS,80.0,13.0,WORKLOAD_STEP
2026-07-10 00:36:11.862722300+05:30,82.8,32,39.8,3053.12,52.33,129,308,CHAOS,80.0,13.0,WORKLOAD_STEP
2026-07-10 00:36:13.892573800+05:30,83.0,32,39.6,3053.12,52.34,129,308,CHAOS,80.0,13.0,WORKLOAD_STEP
2026-07-10 00:36:15.920041200+05:30,86.7,32,42.3,3053.12,52.34,129,308,CHAOS,80.0,13.0,WORKLOAD_STEP
2026-07-10 00:36:17.947001100+05:30,85.4,32,37.5,2882.38,52.34,129,308,CHAOS,80.0,13.0,WORKLOAD_STEP
2026-07-10 00:36:19.978366200+05:30,82.8,32,40.8,2872.34,52.34,129,308,CHAOS,80.0,13.0,WORKLOAD_STEP
2026-07-10 00:36:22.005560500+05:30,82.4,30,39.7,3053.12,52.34,129,308,CHAOS,80.0,13.0,WORKLOAD_STEP
2026-07-10 00:36:24.043975300+05:30,81.4,32,38.9,2711.64,52.34,129,308,CHAOS,80.0,13.0,WORKLOAD_STEP
2026-07-10 00:36:26.072721100+05:30,83.9,30,40.0,3053.12,52.34,129,308,CHAOS,80.0,13.0,WORKLOAD_STEP
2026-07-10 00:36:28.104497700+05:30,85.4,32,37.6,2872.34,52.35,129,308,CHAOS,80.0,13.0,WORKLOAD_STEP
2026-07-10 00:36:30.140540400+05:30,84.3,32,39.3,3053.12,52.34,129,308,CHAOS,80.0,13.0,WORKLOAD_STEP
2026-07-10 00:36:32.171446100+05:30,83.4,30,42.4,3053.12,52.35,129,308,CHAOS,80.0,13.0,WORKLOAD_STEP
2026-07-10 00:36:34.205782700+05:30,82.6,32,39.9,2882.38,52.34,129,308,CHAOS,80.0,13.0,WORKLOAD_STEP
2026-07-10 00:36:36.238031300+05:30,82.1,30,38.4,3053.12,52.35,129,308,CHAOS,80.0,13.0,WORKLOAD_STEP
2026-07-10 00:36:38.276734300+05:30,84.2,32,41.2,2872.34,52.35,129,308,CHAOS,80.0,13.0,WORKLOAD_STEP
2026-07-10 00:36:40.304205700+05:30,85.3,30,39.2,3053.12,52.35,129,308,CHAOS,80.0,13.0,WORKLOAD_STEP
2026-07-10 00:36:42.336540400+05:30,83.2,32,41.2,3053.12,52.35,129,308,CHAOS,80.0,13.0,WORKLOAD_STEP
2026-07-10 00:36:44.366812100+05:30,82.4,30,41.3,2882.38,52.35,129,308,CHAOS,80.0,13.0,WORKLOAD_STEP
2026-07-10 00:36:46.394751600+05:30,82.0,30,43.1,3053.12,52.35,129,308,CHAOS,80.0,13.0,WORKLOAD_STEP
2026-07-10 00:36:48.424991200+05:30,82.8,32,40.0,2882.38,52.39,129,308,CHAOS,80.0,13.0,WORKLOAD_STEP
2026-07-10 00:36:50.457240200+05:30,84.5,30,37.7,3053.12,52.35,129,308,CHAOS,80.0,13.0,WORKLOAD_STEP
2026-07-10 00:36:52.485270400+05:30,83.8,32,40.9,2882.38,52.34,129,308,CHAOS,80.0,13.0,WORKLOAD_STEP
2026-07-10 00:36:54.524753+05:30,84.3,32,40.3,3053.12,52.35,129,308,CHAOS,80.0,13.0,WORKLOAD_STEP
2026-07-10 00:36:56.554035600+05:30,81.6,30,40.1,3053.12,52.35,129,308,CHAOS,80.0,13.0,WORKLOAD_STEP
2026-07-10 00:36:58.585365900+05:30,81.8,29,38.0,2882.38,52.35,129,308,CHAOS,80.0,13.0,WORKLOAD_STEP
2026-07-10 00:37:00.617438800+05:30,83.1,32,41.5,3053.12,52.36,128,308,CHAOS,80.0,13.0,WORKLOAD_STEP
2026-07-10 00:37:02.645858300+05:30,84.7,32,39.7,2691.56,52.35,128,308,CHAOS,80.0,13.0,WORKLOAD_STEP
2026-07-10 00:37:04.674695500+05:30,83.9,32,41.4,3053.12,52.35,129,308,CHAOS,80.0,13.0,WORKLOAD_STEP
2026-07-10 00:37:06.703380900+05:30,83.4,30,44.0,3053.12,52.36,129,308,CHAOS,80.0,13.0,WORKLOAD_STEP
2026-07-10 00:37:08.741333900+05:30,84.9,30,41.2,3053.12,52.38,130,308,CHAOS,80.0,13.0,WORKLOAD_STEP
2026-07-10 00:37:10.770047100+05:30,82.3,32,40.5,3053.12,52.38,130,308,CHAOS,80.0,13.0,WORKLOAD_STEP
2026-07-10 00:37:12.799750400+05:30,82.6,30,38.8,3053.12,52.39,130,308,CHAOS,80.0,13.0,WORKLOAD_STEP
2026-07-10 00:37:14.831343700+05:30,84.6,32,39.8,3053.12,52.39,130,308,CHAOS,80.0,13.0,WORKLOAD_STEP
2026-07-10 00:37:16.863334200+05:30,82.7,30,39.0,2882.38,52.39,130,308,CHAOS,80.0,13.0,WORKLOAD_STEP
2026-07-10 00:37:18.893007100+05:30,83.2,30,42.7,3053.12,52.39,130,308,CHAOS,80.0,13.0,WORKLOAD_STEP
2026-07-10 00:37:20.923282100+05:30,82.3,32,40.9,2882.38,52.39,130,308,CHAOS,80.0,13.0,WORKLOAD_STEP
2026-07-10 00:37:22.955216400+05:30,88.5,30,40.7,3053.12,52.46,130,310,CHAOS,80.0,13.0,WORKLOAD_STEP
2026-07-10 00:37:24.988729500+05:30,82.4,30,39.0,3053.12,52.46,131,310,CHAOS,80.0,13.0,WORKLOAD_STEP
2026-07-10 00:37:27.021423100+05:30,83.9,32,41.6,2872.34,52.47,131,310,CHAOS,80.0,13.0,WORKLOAD_STEP
2026-07-10 00:37:29.050686+05:30,84.5,32,40.1,3053.12,52.49,131,310,CHAOS,80.0,13.0,WORKLOAD_STEP
2026-07-10 00:37:31.082701900+05:30,82.5,34,42.3,3053.12,52.47,131,310,CHAOS,80.0,13.0,WORKLOAD_STEP
2026-07-10 00:37:33.109867400+05:30,82.3,30,40.4,3053.12,52.48,131,310,CHAOS,80.0,13.0,WORKLOAD_STEP
2026-07-10 00:37:35.140414200+05:30,81.8,32,40.8,2872.34,52.48,130,310,CHAOS,80.0,13.0,WORKLOAD_STEP
2026-07-10 00:37:37.168547200+05:30,81.9,29,38.3,3053.12,52.48,130,310,CHAOS,80.0,13.0,WORKLOAD_STEP
2026-07-10 00:37:39.204677+05:30,85.4,32,44.3,3053.12,52.47,130,310,CHAOS,80.0,13.0,WORKLOAD_STEP
2026-07-10 00:37:41.233587+05:30,85.3,29,40.9,3053.12,52.48,130,310,CHAOS,80.0,13.0,WORKLOAD_STEP
2026-07-10 00:37:43.261574300+05:30,81.9,32,42.0,3053.12,52.45,130,310,CHAOS,80.0,13.0,WORKLOAD_STEP
2026-07-10 00:37:45.289140+05:30,81.3,32,37.7,3053.12,52.45,130,310,CHAOS,80.0,13.0,WORKLOAD_STEP
2026-07-10 00:37:47.319132400+05:30,83.7,32,40.1,3053.12,52.46,130,312,CHAOS,80.0,13.0,WORKLOAD_STEP
2026-07-10 00:37:49.350157200+05:30,91.1,30,42.1,3033.03,52.5,130,311,CHAOS,90.0,14.0,WORKLOAD_STEP
2026-07-10 00:37:51.389952100+05:30,91.8,30,42.4,3053.12,52.79,130,311,CHAOS,90.0,14.0,WORKLOAD_STEP
2026-07-10 00:37:53.419376600+05:30,93.2,32,45.4,3053.12,52.79,130,311,CHAOS,90.0,14.0,WORKLOAD_STEP
2026-07-10 00:37:55.463727900+05:30,90.6,30,41.3,3053.12,52.18,130,311,CHAOS,90.0,14.0,WORKLOAD_STEP
2026-07-10 00:37:57.498595100+05:30,91.7,30,41.5,3053.12,52.05,143,311,CHAOS,90.0,14.0,WORKLOAD_STEP
2026-07-10 00:37:59.533239400+05:30,92.1,29,42.4,3053.12,52.07,134,311,CHAOS,90.0,14.0,WORKLOAD_STEP
2026-07-10 00:38:01.567085700+05:30,93.3,30,43.0,3053.12,52.06,134,311,CHAOS,90.0,14.0,WORKLOAD_STEP
2026-07-10 00:38:03.595437300+05:30,94.5,29,40.2,3053.12,52.07,134,311,CHAOS,90.0,14.0,WORKLOAD_STEP
2026-07-10 00:38:05.624521800+05:30,92.1,30,41.2,3053.12,52.07,134,311,CHAOS,90.0,14.0,WORKLOAD_STEP
2026-07-10 00:38:07.655890300+05:30,92.9,30,44.0,2882.38,52.07,134,311,CHAOS,90.0,14.0,WORKLOAD_STEP
2026-07-10 00:38:09.694272500+05:30,91.4,30,40.3,3053.12,52.0,133,311,CHAOS,90.0,14.0,WORKLOAD_STEP
2026-07-10 00:38:11.722853300+05:30,94.4,29,42.6,3053.12,51.42,133,311,CHAOS,90.0,14.0,WORKLOAD_STEP
2026-07-10 00:38:13.751524400+05:30,93.9,32,42.4,3053.12,51.42,135,311,CHAOS,90.0,14.0,WORKLOAD_STEP
2026-07-10 00:38:15.784968800+05:30,94.0,30,41.9,3053.12,51.42,135,311,CHAOS,90.0,14.0,WORKLOAD_STEP
2026-07-10 00:38:17.826224200+05:30,92.6,32,40.4,3053.12,51.4,135,311,CHAOS,90.0,14.0,WORKLOAD_STEP
2026-07-10 00:38:19.856978600+05:30,93.2,30,47.2,3053.12,51.4,135,311,CHAOS,90.0,14.0,WORKLOAD_STEP
2026-07-10 00:38:21.885175800+05:30,92.2,30,35.8,3053.12,51.39,135,311,CHAOS,90.0,14.0,WORKLOAD_STEP
2026-07-10 00:38:23.915574300+05:30,91.7,30,41.2,3053.12,51.36,135,309,CHAOS,90.0,14.0,WORKLOAD_STEP
2026-07-10 00:38:25.950566900+05:30,92.7,30,38.0,3053.12,51.39,137,309,CHAOS,90.0,14.0,WORKLOAD_STEP
2026-07-10 00:38:27.981028300+05:30,95.4,30,42.2,3053.12,51.39,137,309,CHAOS,90.0,14.0,WORKLOAD_STEP
2026-07-10 00:38:30.009965500+05:30,93.0,32,41.7,2882.38,51.39,137,309,CHAOS,90.0,14.0,WORKLOAD_STEP
2026-07-10 00:38:32.043072600+05:30,91.7,30,41.9,3053.12,51.39,137,309,CHAOS,90.0,14.0,WORKLOAD_STEP
2026-07-10 00:38:34.075913400+05:30,92.4,30,39.7,3053.12,51.39,137,309,CHAOS,90.0,14.0,WORKLOAD_STEP
2026-07-10 00:38:36.106835900+05:30,92.2,32,42.0,3053.12,51.44,140,309,CHAOS,90.0,14.0,WORKLOAD_STEP
2026-07-10 00:38:38.137993300+05:30,94.4,30,47.0,3053.12,51.57,141,309,CHAOS,90.0,14.0,WORKLOAD_STEP
2026-07-10 00:38:40.173802900+05:30,93.4,30,42.9,3053.12,51.59,141,309,CHAOS,90.0,14.0,WORKLOAD_STEP
2026-07-10 00:38:42.202338500+05:30,92.9,30,43.7,3053.12,51.64,141,309,CHAOS,90.0,14.0,WORKLOAD_STEP
2026-07-10 00:38:44.238566600+05:30,93.5,30,44.2,3053.12,51.73,141,309,CHAOS,90.0,14.0,WORKLOAD_STEP
2026-07-10 00:38:46.288091700+05:30,91.7,30,42.0,3053.12,51.71,141,309,CHAOS,90.0,14.0,WORKLOAD_STEP
2026-07-10 00:38:48.316288200+05:30,94.1,32,44.3,3053.12,51.75,141,308,CHAOS,90.0,14.0,WORKLOAD_STEP
2026-07-10 00:38:50.353949700+05:30,93.5,32,41.0,2882.38,51.7,143,308,CHAOS,90.0,14.0,WORKLOAD_STEP
2026-07-10 00:38:52.384156+05:30,93.5,30,40.0,3053.12,51.7,143,308,CHAOS,90.0,14.0,WORKLOAD_STEP
2026-07-10 00:38:54.421876500+05:30,91.1,32,39.0,3053.12,51.7,143,308,CHAOS,90.0,14.0,WORKLOAD_STEP
2026-07-10 00:38:56.457635900+05:30,91.3,32,42.4,3053.12,51.7,143,308,CHAOS,90.0,14.0,WORKLOAD_STEP
2026-07-10 00:38:58.487581300+05:30,91.8,32,40.7,3053.12,51.7,143,308,CHAOS,90.0,14.0,WORKLOAD_STEP
2026-07-10 00:39:00.522192+05:30,93.6,32,41.8,3053.12,51.7,143,308,CHAOS,90.0,14.0,WORKLOAD_STEP
2026-07-10 00:39:02.554402700+05:30,93.4,32,41.9,3053.12,51.7,143,308,CHAOS,90.0,14.0,WORKLOAD_STEP
2026-07-10 00:39:04.584866+05:30,93.2,30,43.9,2711.64,51.93,143,308,CHAOS,90.0,14.0,WORKLOAD_STEP
2026-07-10 00:39:06.637242700+05:30,90.5,30,43.1,3053.12,51.83,143,308,CHAOS,90.0,14.0,WORKLOAD_STEP
2026-07-10 00:39:08.671751300+05:30,92.3,29,41.0,3053.12,51.83,143,308,CHAOS,90.0,14.0,WORKLOAD_STEP
2026-07-10 00:39:10.707533900+05:30,92.1,32,44.3,3053.12,51.81,142,308,CHAOS,90.0,14.0,WORKLOAD_STEP
2026-07-10 00:39:12.737190600+05:30,93.9,29,41.7,3053.12,51.8,142,308,CHAOS,90.0,14.0,WORKLOAD_STEP
2026-07-10 00:39:14.776576800+05:30,94.5,32,40.2,3053.12,51.8,142,308,CHAOS,90.0,14.0,WORKLOAD_STEP
2026-07-10 00:39:16.809348300+05:30,92.6,32,40.8,3053.12,51.8,143,308,CHAOS,90.0,14.0,WORKLOAD_STEP
2026-07-10 00:39:18.840780200+05:30,92.1,32,44.0,3053.12,51.8,143,308,CHAOS,90.0,14.0,WORKLOAD_STEP
2026-07-10 00:39:20.873644400+05:30,90.9,30,42.8,3053.12,51.8,143,308,CHAOS,90.0,14.0,WORKLOAD_STEP
2026-07-10 00:39:22.906785800+05:30,100.0,30,41.3,3053.12,51.78,143,308,CHAOS,100.0,15.0,WORKLOAD_STEP
2026-07-10 00:39:24.971136700+05:30,100.0,30,45.7,3053.12,51.76,144,308,CHAOS,100.0,15.0,WORKLOAD_STEP
2026-07-10 00:39:27.038193+05:30,100.0,29,45.3,3053.12,51.79,144,308,CHAOS,100.0,15.0,WORKLOAD_STEP
2026-07-10 00:39:29.078574+05:30,100.0,30,43.4,3053.12,51.77,143,308,CHAOS,100.0,15.0,WORKLOAD_STEP
2026-07-10 00:39:31.136714600+05:30,100.0,30,43.2,3053.12,51.77,143,308,CHAOS,100.0,15.0,WORKLOAD_STEP
2026-07-10 00:39:33.190551200+05:30,100.0,30,44.3,3053.12,51.75,142,308,CHAOS,100.0,15.0,WORKLOAD_STEP
2026-07-10 00:39:35.230917+05:30,100.0,30,43.0,3053.12,51.79,142,308,CHAOS,100.0,15.0,WORKLOAD_STEP
2026-07-10 00:39:37.297005900+05:30,100.0,30,39.5,3053.12,51.78,143,308,CHAOS,100.0,15.0,WORKLOAD_STEP
2026-07-10 00:39:39.381046800+05:30,100.0,30,44.6,3053.12,51.8,145,308,CHAOS,100.0,15.0,WORKLOAD_STEP
2026-07-10 00:39:41.461973+05:30,100.0,30,42.5,3053.12,51.8,145,308,CHAOS,100.0,15.0,WORKLOAD_STEP
2026-07-10 00:39:43.545168600+05:30,100.0,30,41.7,3053.12,51.8,145,308,CHAOS,100.0,15.0,WORKLOAD_STEP
2026-07-10 00:39:45.614442400+05:30,100.0,30,44.0,3053.12,51.78,145,308,CHAOS,100.0,15.0,WORKLOAD_STEP
2026-07-10 00:39:47.722080900+05:30,100.0,32,43.5,3053.12,51.8,145,308,CHAOS,100.0,15.0,WORKLOAD_STEP
2026-07-10 00:39:49.802370100+05:30,100.0,30,47.7,3053.12,51.79,147,308,CHAOS,100.0,15.0,WORKLOAD_STEP
2026-07-10 00:39:51.890806400+05:30,100.0,30,41.5,3053.12,51.8,147,308,CHAOS,100.0,15.0,WORKLOAD_STEP
2026-07-10 00:39:54.021371+05:30,100.0,32,42.0,3053.12,51.82,146,308,CHAOS,100.0,15.0,WORKLOAD_STEP
2026-07-10 00:39:56.074165500+05:30,100.0,29,42.4,3053.12,51.79,146,308,CHAOS,100.0,15.0,WORKLOAD_STEP
2026-07-10 00:39:58.120533300+05:30,100.0,32,45.3,3053.12,51.78,145,308,CHAOS,100.0,15.0,WORKLOAD_STEP
2026-07-10 00:40:00.214132400+05:30,100.0,30,43.5,3053.12,51.79,145,308,CHAOS,100.0,15.0,WORKLOAD_STEP
2026-07-10 00:40:02.248970500+05:30,100.0,30,43.7,3053.12,51.8,145,308,CHAOS,100.0,15.0,WORKLOAD_STEP
2026-07-10 00:40:04.329396700+05:30,65.1,32,37.2,2038.73,51.84,145,308,CHAOS,60.0,16.0,WORKLOAD_STEP
2026-07-10 00:40:06.362255400+05:30,62.2,34,35.6,2510.77,51.84,144,308,CHAOS,60.0,16.0,WORKLOAD_STEP
2026-07-10 00:40:08.394725300+05:30,66.3,34,35.5,2882.38,51.83,143,308,CHAOS,60.0,16.0,WORKLOAD_STEP
2026-07-10 00:40:10.420489900+05:30,63.4,39,34.9,2872.34,51.83,143,308,CHAOS,60.0,16.0,WORKLOAD_STEP
2026-07-10 00:40:12.454083900+05:30,63.5,38,37.1,2691.56,51.83,143,308,CHAOS,60.0,16.0,WORKLOAD_STEP
2026-07-10 00:40:14.484857700+05:30,66.4,38,36.0,2882.38,51.83,143,308,CHAOS,60.0,16.0,WORKLOAD_STEP
2026-07-10 00:40:16.514979600+05:30,64.9,40,34.7,2711.64,51.83,143,308,CHAOS,60.0,16.0,WORKLOAD_STEP
2026-07-10 00:40:18.549110100+05:30,66.4,35,33.4,2711.64,51.83,142,308,CHAOS,60.0,16.0,WORKLOAD_STEP
2026-07-10 00:40:20.580663300+05:30,63.0,36,34.3,2701.6,51.83,142,308,CHAOS,60.0,16.0,WORKLOAD_STEP
2026-07-10 00:40:22.605425300+05:30,65.3,32,39.6,2882.38,51.83,142,308,CHAOS,60.0,16.0,WORKLOAD_STEP
2026-07-10 00:40:24.636491100+05:30,63.6,47,31.3,1677.19,51.83,142,308,CHAOS,30.0,17.0,WORKLOAD_STEP
2026-07-10 00:40:26.679284300+05:30,39.3,51,13.2,1576.77,51.83,142,308,CHAOS,30.0,17.0,WORKLOAD_STEP
2026-07-10 00:40:28.735095600+05:30,36.9,49,12.9,1195.1,51.83,142,308,CHAOS,30.0,17.0,WORKLOAD_STEP
2026-07-10 00:40:30.792999100+05:30,36.2,51,14.0,1787.65,51.83,142,308,CHAOS,30.0,17.0,WORKLOAD_STEP
2026-07-10 00:40:32.822510900+05:30,34.8,51,12.5,1416.06,51.83,142,308,CHAOS,30.0,17.0,WORKLOAD_STEP
2026-07-10 00:40:34.878662800+05:30,36.0,52,12.9,1144.89,51.83,142,308,CHAOS,30.0,17.0,WORKLOAD_STEP
2026-07-10 00:40:36.930469700+05:30,39.6,51,13.5,1205.15,51.83,142,308,CHAOS,30.0,17.0,WORKLOAD_STEP
2026-07-10 00:40:38.960075300+05:30,42.5,51,14.8,1586.79,51.84,142,308,CHAOS,30.0,17.0,WORKLOAD_STEP
2026-07-10 00:40:40.992997700+05:30,35.5,52,18.0,1335.73,51.83,142,308,CHAOS,30.0,17.0,WORKLOAD_STEP
2026-07-10 00:40:43.077240100+05:30,38.0,50,15.3,1426.11,51.83,141,308,CHAOS,30.0,17.0,WORKLOAD_STEP
2026-07-10 00:40:45.107112600+05:30,37.3,50,17.8,1385.93,51.83,141,308,CHAOS,30.0,17.0,WORKLOAD_STEP
2026-07-10 00:40:47.141231800+05:30,35.4,52,16.6,1526.54,51.83,141,308,CHAOS,30.0,17.0,WORKLOAD_STEP
2026-07-10 00:40:49.191876700+05:30,39.9,42,21.6,2309.9,51.84,140,308,CHAOS,30.0,17.0,WORKLOAD_STEP
2026-07-10 00:40:51.224622200+05:30,39.4,51,16.1,1365.85,51.84,139,308,CHAOS,30.0,17.0,WORKLOAD_STEP
2026-07-10 00:40:53.255744800+05:30,39.7,53,18.1,2018.66,51.84,139,308,CHAOS,30.0,17.0,WORKLOAD_STEP
2026-07-10 00:40:55.285324100+05:30,36.8,51,19.1,1576.75,51.83,139,308,CHAOS,30.0,17.0,WORKLOAD_STEP
2026-07-10 00:40:57.346220100+05:30,34.5,50,22.9,2149.21,51.83,139,308,CHAOS,30.0,17.0,WORKLOAD_STEP
2026-07-10 00:40:59.383188700+05:30,34.7,49,24.1,1928.25,51.83,139,308,CHAOS,30.0,17.0,WORKLOAD_STEP
2026-07-10 00:41:01.415563300+05:30,37.6,46,23.3,2340.04,51.84,139,308,CHAOS,30.0,17.0,WORKLOAD_STEP
2026-07-10 00:41:03.446568500+05:30,34.6,42,26.4,1777.61,51.84,139,308,CHAOS,30.0,17.0,WORKLOAD_STEP
2026-07-10 00:41:05.478295300+05:30,37.4,40,26.0,2169.3,51.84,139,308,CHAOS,30.0,17.0,WORKLOAD_STEP
2026-07-10 00:41:07.512000+05:30,33.4,40,26.3,2340.04,51.84,140,308,CHAOS,30.0,17.0,WORKLOAD_STEP
2026-07-10 00:41:09.541253500+05:30,33.4,42,24.1,1988.51,51.85,140,308,CHAOS,30.0,17.0,WORKLOAD_STEP
2026-07-10 00:41:11.569940600+05:30,33.7,46,25.5,2329.99,51.84,140,308,CHAOS,30.0,17.0,WORKLOAD_STEP
2026-07-10 00:41:13.617764200+05:30,82.4,34,37.9,3043.08,51.89,140,308,CHAOS,80.0,18.0,WORKLOAD_STEP
2026-07-10 00:41:15.679596200+05:30,84.0,34,38.1,2711.64,51.85,140,308,CHAOS,80.0,18.0,WORKLOAD_STEP
2026-07-10 00:41:17.714877600+05:30,82.7,34,37.5,2691.56,51.84,140,308,CHAOS,80.0,18.0,WORKLOAD_STEP
2026-07-10 00:41:19.739665700+05:30,81.0,34,38.6,2882.38,51.84,140,308,CHAOS,80.0,18.0,WORKLOAD_STEP
2026-07-10 00:41:21.767691900+05:30,81.2,34,39.2,2882.38,51.84,140,308,CHAOS,80.0,18.0,WORKLOAD_STEP
2026-07-10 00:41:23.803069100+05:30,82.4,39,41.1,3053.12,51.84,140,308,CHAOS,80.0,18.0,WORKLOAD_STEP
2026-07-10 00:41:25.832565+05:30,84.0,40,39.6,2701.6,51.84,141,308,CHAOS,80.0,18.0,WORKLOAD_STEP
2026-07-10 00:41:27.865316800+05:30,83.5,32,42.0,3053.12,51.84,141,308,CHAOS,80.0,18.0,WORKLOAD_STEP
2026-07-10 00:41:29.902503800+05:30,83.0,30,40.9,3053.12,51.84,140,308,CHAOS,80.0,18.0,WORKLOAD_STEP
2026-07-10 00:41:31.929948700+05:30,83.9,30,39.5,2882.38,51.85,140,308,CHAOS,80.0,18.0,WORKLOAD_STEP
2026-07-10 00:41:33.957050600+05:30,81.5,32,35.7,3053.12,51.85,140,308,CHAOS,80.0,18.0,WORKLOAD_STEP
2026-07-10 00:41:35.989060+05:30,85.7,32,41.1,2882.38,51.84,140,308,CHAOS,80.0,18.0,WORKLOAD_STEP
2026-07-10 00:41:38.020678200+05:30,84.5,32,39.5,3053.12,51.85,142,308,CHAOS,80.0,18.0,WORKLOAD_STEP
2026-07-10 00:41:40.056855600+05:30,83.8,32,39.6,3053.12,51.85,142,308,CHAOS,80.0,18.0,WORKLOAD_STEP
2026-07-10 00:41:42.086688500+05:30,82.0,32,42.5,3053.12,51.85,142,308,CHAOS,80.0,18.0,WORKLOAD_STEP
2026-07-10 00:41:44.122583800+05:30,84.2,30,43.3,3053.12,51.85,141,308,CHAOS,80.0,18.0,WORKLOAD_STEP
2026-07-10 00:41:46.150911900+05:30,81.3,29,40.2,3053.12,51.85,141,308,CHAOS,80.0,18.0,WORKLOAD_STEP
2026-07-10 00:41:48.179930800+05:30,85.7,32,42.2,3053.12,51.85,141,308,CHAOS,80.0,18.0,WORKLOAD_STEP
2026-07-10 00:41:50.209350500+05:30,85.6,34,42.4,3053.12,51.86,141,308,CHAOS,80.0,18.0,WORKLOAD_STEP
2026-07-10 00:41:52.238921800+05:30,82.4,32,42.4,2882.38,51.86,141,308,CHAOS,80.0,18.0,WORKLOAD_STEP
2026-07-10 00:41:54.267869500+05:30,81.9,32,39.5,3053.12,51.85,141,308,CHAOS,80.0,18.0,WORKLOAD_STEP
2026-07-10 00:41:56.303669900+05:30,82.3,32,42.4,2882.38,51.85,141,308,CHAOS,80.0,18.0,WORKLOAD_STEP
2026-07-10 00:41:58.338206700+05:30,82.8,32,41.3,3043.08,51.85,140,308,CHAOS,80.0,18.0,WORKLOAD_STEP
2026-07-10 00:42:00.372803800+05:30,86.4,30,42.5,3053.12,51.87,139,308,CHAOS,80.0,18.0,WORKLOAD_STEP
2026-07-10 00:42:02.403454500+05:30,84.1,30,41.7,3053.12,51.86,139,308,CHAOS,80.0,18.0,WORKLOAD_STEP
2026-07-10 00:42:04.432145200+05:30,84.5,32,40.1,3053.12,51.86,139,308,CHAOS,80.0,18.0,WORKLOAD_STEP
2026-07-10 00:42:06.464303700+05:30,81.9,30,39.9,2882.38,51.86,139,308,CHAOS,80.0,18.0,WORKLOAD_STEP
2026-07-10 00:42:08.498487600+05:30,81.9,30,41.8,3053.12,51.86,139,308,CHAOS,80.0,18.0,WORKLOAD_STEP
2026-07-10 00:42:10.526629500+05:30,82.4,32,40.1,3053.12,51.86,139,308,CHAOS,80.0,18.0,WORKLOAD_STEP
2026-07-10 00:42:12.554510500+05:30,86.1,30,40.7,3053.12,51.86,139,308,CHAOS,80.0,18.0,WORKLOAD_STEP
2026-07-10 00:42:14.590635800+05:30,84.9,32,40.1,2882.38,51.85,139,308,CHAOS,80.0,18.0,WORKLOAD_STEP
2026-07-10 00:42:16.618400600+05:30,81.6,32,40.5,2701.6,51.86,139,308,CHAOS,80.0,18.0,WORKLOAD_STEP
2026-07-10 00:42:18.645246100+05:30,81.4,32,44.3,3053.12,51.85,139,308,CHAOS,80.0,18.0,WORKLOAD_STEP
2026-07-10 00:42:20.673390200+05:30,80.8,32,40.5,3053.12,51.89,139,308,CHAOS,80.0,18.0,WORKLOAD_STEP
2026-07-10 00:42:22.701972400+05:30,82.8,32,43.2,3053.12,51.84,140,308,CHAOS,80.0,18.0,WORKLOAD_STEP
2026-07-10 00:42:24.732058800+05:30,85.0,32,40.3,2882.38,51.84,138,308,CHAOS,80.0,18.0,WORKLOAD_STEP
2026-07-10 00:42:26.764228900+05:30,83.8,32,40.7,2882.38,51.85,137,308,CHAOS,80.0,18.0,WORKLOAD_STEP
2026-07-10 00:42:28.794998900+05:30,81.4,32,41.4,3053.12,51.85,136,308,CHAOS,80.0,18.0,WORKLOAD_STEP
2026-07-10 00:42:30.830397600+05:30,32.4,49,10.5,1375.89,51.85,136,308,CHAOS,20.0,19.0,WORKLOAD_STEP
2026-07-10 00:42:32.872665+05:30,27.5,52,11.6,1395.97,51.85,136,308,CHAOS,20.0,19.0,WORKLOAD_STEP
2026-07-10 00:42:34.921340400+05:30,29.3,51,10.8,1154.94,51.85,137,308,CHAOS,20.0,19.0,WORKLOAD_STEP
2026-07-10 00:42:36.988477300+05:30,35.1,53,10.8,1144.89,51.85,137,308,CHAOS,20.0,19.0,WORKLOAD_STEP
2026-07-10 00:42:39.025994200+05:30,32.2,51,11.5,1144.9,51.85,137,308,CHAOS,20.0,19.0,WORKLOAD_STEP
2026-07-10 00:42:41.067248100+05:30,28.7,51,10.7,1104.73,51.85,136,308,CHAOS,20.0,19.0,WORKLOAD_STEP
2026-07-10 00:42:43.131401300+05:30,29.4,50,11.6,1285.52,51.84,136,308,CHAOS,20.0,19.0,WORKLOAD_STEP
2026-07-10 00:42:45.175092600+05:30,27.8,52,11.0,1175.02,51.85,136,308,CHAOS,20.0,19.0,WORKLOAD_STEP
2026-07-10 00:42:47.241048100+05:30,29.8,52,11.8,1345.76,51.85,136,308,CHAOS,20.0,19.0,WORKLOAD_STEP
2026-07-10 00:42:49.274849600+05:30,28.2,52,12.7,1667.15,51.85,134,308,CHAOS,20.0,19.0,WORKLOAD_STEP
2026-07-10 00:42:51.311641400+05:30,31.5,50,11.7,1436.15,51.85,134,307,CHAOS,20.0,19.0,WORKLOAD_STEP
2026-07-10 00:42:53.378800700+05:30,26.9,53,11.5,1285.5,51.84,133,307,CHAOS,20.0,19.0,WORKLOAD_STEP
2026-07-10 00:42:55.417351400+05:30,25.7,52,11.6,1777.63,51.85,133,307,CHAOS,20.0,19.0,WORKLOAD_STEP
2026-07-10 00:42:57.464077800+05:30,23.6,52,12.1,1144.91,51.84,133,307,CHAOS,20.0,19.0,WORKLOAD_STEP
2026-07-10 00:42:59.494994700+05:30,28.5,52,12.1,1315.63,51.84,133,307,CHAOS,20.0,19.0,WORKLOAD_STEP
2026-07-10 00:43:01.564456500+05:30,28.7,52,16.2,1295.53,51.84,133,307,CHAOS,20.0,19.0,WORKLOAD_STEP
2026-07-10 00:43:03.614947+05:30,26.5,53,15.0,1556.66,51.84,133,307,CHAOS,20.0,19.0,WORKLOAD_STEP
2026-07-10 00:43:05.662114100+05:30,27.1,53,15.5,1566.7,51.84,132,307,CHAOS,20.0,19.0,WORKLOAD_STEP
2026-07-10 00:43:07.692934200+05:30,24.9,52,18.2,1325.67,51.84,132,307,CHAOS,20.0,19.0,WORKLOAD_STEP
2026-07-10 00:43:09.724282200+05:30,26.9,44,16.5,1446.18,51.83,132,307,CHAOS,20.0,19.0,WORKLOAD_STEP
2026-07-10 00:43:11.766721700+05:30,31.8,39,22.9,2872.34,51.84,132,307,CHAOS,80.0,20.0,WORKLOAD_STEP
2026-07-10 00:43:13.799605100+05:30,83.9,38,41.4,2882.38,51.84,132,307,CHAOS,80.0,20.0,WORKLOAD_STEP
2026-07-10 00:43:15.833713600+05:30,84.1,34,38.7,2882.38,51.84,132,307,CHAOS,80.0,20.0,WORKLOAD_STEP
2026-07-10 00:43:17.862417100+05:30,83.2,34,38.4,3053.12,51.84,132,307,CHAOS,80.0,20.0,WORKLOAD_STEP
2026-07-10 00:43:19.892897400+05:30,82.3,34,38.2,3053.12,51.84,132,307,CHAOS,80.0,20.0,WORKLOAD_STEP
2026-07-10 00:43:21.922457200+05:30,81.8,34,39.1,2872.34,51.84,132,307,CHAOS,80.0,20.0,WORKLOAD_STEP
2026-07-10 00:43:23.949922700+05:30,84.2,34,41.7,2701.6,51.84,133,307,CHAOS,80.0,20.0,WORKLOAD_STEP
2026-07-10 00:43:25.982938900+05:30,84.1,32,41.8,3053.12,51.84,133,307,CHAOS,80.0,20.0,WORKLOAD_STEP
2026-07-10 00:43:28.009819400+05:30,85.0,34,40.5,3053.12,51.84,133,307,CHAOS,80.0,20.0,WORKLOAD_STEP
2026-07-10 00:43:30.040894700+05:30,81.4,35,41.0,3053.12,52.04,132,309,CHAOS,80.0,20.0,WORKLOAD_STEP
2026-07-10 00:43:32.078799500+05:30,82.7,32,44.1,3053.12,51.94,132,308,CHAOS,80.0,20.0,WORKLOAD_STEP
2026-07-10 00:43:34.107234500+05:30,82.0,34,39.6,2882.38,51.94,132,308,CHAOS,80.0,20.0,WORKLOAD_STEP
2026-07-10 00:43:36.134731600+05:30,84.2,32,42.0,3053.12,51.94,132,308,CHAOS,80.0,20.0,WORKLOAD_STEP
2026-07-10 00:43:38.169356200+05:30,84.8,32,40.4,3053.12,51.99,132,308,CHAOS,80.0,20.0,WORKLOAD_STEP
2026-07-10 00:43:40.201392300+05:30,82.9,30,42.6,2882.38,51.94,132,308,CHAOS,80.0,20.0,WORKLOAD_STEP
2026-07-10 00:43:42.236805100+05:30,81.7,32,41.7,3053.12,51.95,132,308,CHAOS,80.0,20.0,WORKLOAD_STEP
2026-07-10 00:43:44.267668400+05:30,82.0,30,39.7,3053.12,51.94,134,308,CHAOS,80.0,20.0,WORKLOAD_STEP
2026-07-10 00:43:46.302809800+05:30,83.9,32,36.3,3053.12,51.94,134,308,CHAOS,80.0,20.0,WORKLOAD_STEP
2026-07-10 00:43:48.334833100+05:30,76.5,47,41.0,2480.65,51.93,134,308,CHAOS,0.0,21.0,WORKLOAD_STEP
2026-07-10 00:43:50.386451600+05:30,7.7,51,10.2,1205.16,51.94,134,308,CHAOS,0.0,21.0,WORKLOAD_STEP
2026-07-10 00:43:52.441680600+05:30,6.8,51,9.0,1285.49,51.94,134,308,CHAOS,0.0,21.0,WORKLOAD_STEP
2026-07-10 00:43:54.489983100+05:30,6.8,52,9.1,1235.28,51.94,134,308,CHAOS,0.0,21.0,WORKLOAD_STEP
2026-07-10 00:43:56.528661900+05:30,7.6,53,9.0,1205.16,51.94,134,308,CHAOS,0.0,21.0,WORKLOAD_STEP
2026-07-10 00:43:58.563690500+05:30,12.2,52,8.7,1406.02,51.94,133,308,CHAOS,0.0,21.0,WORKLOAD_STEP
2026-07-10 00:44:00.612218500+05:30,11.6,54,9.2,1175.02,51.94,133,308,CHAOS,0.0,21.0,WORKLOAD_STEP
2026-07-10 00:44:02.676288200+05:30,7.5,56,8.7,1245.33,51.94,133,308,CHAOS,0.0,21.0,WORKLOAD_STEP
2026-07-10 00:44:04.720343700+05:30,9.2,54,9.3,1345.75,51.93,133,308,CHAOS,0.0,21.0,WORKLOAD_STEP
2026-07-10 00:44:06.774330600+05:30,7.2,55,8.6,1225.24,51.93,133,308,CHAOS,0.0,21.0,WORKLOAD_STEP
2026-07-10 00:44:08.824684600+05:30,6.0,55,9.0,1416.04,51.94,133,308,CHAOS,0.0,21.0,WORKLOAD_STEP
2026-07-10 00:44:10.874202400+05:30,6.8,54,8.7,1185.07,51.93,133,308,CHAOS,0.0,21.0,WORKLOAD_STEP
2026-07-10 00:44:12.919466300+05:30,7.7,55,8.7,1315.62,51.94,132,308,CHAOS,0.0,21.0,WORKLOAD_STEP
2026-07-10 00:44:14.953480+05:30,8.4,56,8.6,1265.4,51.93,132,308,CHAOS,0.0,21.0,WORKLOAD_STEP
2026-07-10 00:44:17.004560+05:30,6.9,56,8.7,1275.44,51.92,132,308,CHAOS,0.0,21.0,WORKLOAD_STEP
2026-07-10 00:44:19.047806600+05:30,7.7,58,8.9,1255.37,51.93,132,308,CHAOS,0.0,21.0,WORKLOAD_STEP
2026-07-10 00:44:21.089354600+05:30,7.2,56,8.4,1225.24,51.93,132,308,CHAOS,0.0,21.0,WORKLOAD_STEP
2026-07-10 00:44:23.141619+05:30,11.0,56,9.2,1265.4,51.92,132,308,CHAOS,0.0,21.0,WORKLOAD_STEP
2026-07-10 00:44:25.175278300+05:30,8.5,56,8.8,1144.88,51.92,132,308,CHAOS,0.0,21.0,WORKLOAD_STEP
2026-07-10 00:44:27.213122800+05:30,12.3,55,9.6,1154.93,51.93,132,308,CHAOS,0.0,21.0,WORKLOAD_STEP
2026-07-10 00:44:29.261909+05:30,7.9,56,9.3,1235.27,51.93,132,308,CHAOS,0.0,21.0,WORKLOAD_STEP
2026-07-10 00:44:31.312264600+05:30,11.9,56,9.5,1406.01,51.87,132,307,CHAOS,0.0,21.0,WORKLOAD_STEP
2026-07-10 00:44:33.395334+05:30,4.8,56,8.9,1345.76,51.88,132,307,CHAOS,0.0,21.0,WORKLOAD_STEP
2026-07-10 00:44:35.446675300+05:30,17.3,55,9.2,1235.28,51.89,132,307,CHAOS,0.0,21.0,WORKLOAD_STEP
2026-07-10 00:44:37.482032800+05:30,7.2,57,8.7,1476.32,51.9,132,307,CHAOS,0.0,21.0,WORKLOAD_STEP
2026-07-10 00:44:39.523729900+05:30,10.6,56,9.0,1596.82,51.9,132,307,CHAOS,0.0,21.0,WORKLOAD_STEP
2026-07-10 00:44:41.560057+05:30,6.2,57,8.6,1285.5,51.89,132,307,CHAOS,0.0,21.0,WORKLOAD_STEP
2026-07-10 00:44:43.604890700+05:30,6.0,57,8.6,1164.98,51.9,132,307,CHAOS,0.0,21.0,WORKLOAD_STEP
2026-07-10 00:44:45.654535100+05:30,6.8,56,8.7,1235.28,51.9,132,307,CHAOS,0.0,21.0,WORKLOAD_STEP
2026-07-10 00:44:47.703150+05:30,9.3,56,9.0,1657.09,51.89,132,307,CHAOS,0.0,21.0,WORKLOAD_STEP
2026-07-10 00:44:49.750316+05:30,9.4,56,9.6,1496.41,51.89,132,307,CHAOS,0.0,21.0,WORKLOAD_STEP
2026-07-10 00:44:51.788895700+05:30,6.6,59,8.6,1245.32,51.89,132,307,CHAOS,0.0,21.0,WORKLOAD_STEP
2026-07-10 00:44:53.835125200+05:30,10.8,53,12.5,1707.32,51.89,132,307,CHAOS,40.0,22.0,WORKLOAD_STEP
2026-07-10 00:44:55.893547300+05:30,44.8,54,17.8,1395.98,51.86,132,307,CHAOS,40.0,22.0,WORKLOAD_STEP
2026-07-10 00:44:57.923326800+05:30,47.1,44,20.7,1888.09,51.85,131,307,CHAOS,40.0,22.0,WORKLOAD_STEP
2026-07-10 00:44:59.970399900+05:30,48.2,52,20.3,1938.31,51.85,131,307,CHAOS,40.0,22.0,WORKLOAD_STEP
2026-07-10 00:45:02.008593900+05:30,46.5,39,25.4,2430.43,51.85,131,307,CHAOS,40.0,22.0,WORKLOAD_STEP
2026-07-10 00:45:04.046424700+05:30,44.5,42,28.0,2571.03,51.85,131,307,CHAOS,40.0,22.0,WORKLOAD_STEP
2026-07-10 00:45:06.075592500+05:30,44.5,42,25.5,2139.17,51.85,131,307,CHAOS,40.0,22.0,WORKLOAD_STEP
2026-07-10 00:45:08.105849900+05:30,44.7,51,16.5,1385.93,51.85,131,307,CHAOS,40.0,22.0,WORKLOAD_STEP
2026-07-10 00:45:10.173325100+05:30,47.9,52,17.2,1406.03,51.85,132,307,CHAOS,40.0,22.0,WORKLOAD_STEP
2026-07-10 00:45:12.213336400+05:30,48.0,45,17.0,1626.97,51.85,132,307,CHAOS,40.0,22.0,WORKLOAD_STEP
2026-07-10 00:45:14.240528400+05:30,47.2,44,19.7,1556.67,51.87,132,307,CHAOS,40.0,22.0,WORKLOAD_STEP
2026-07-10 00:45:16.304271500+05:30,44.9,39,25.0,2309.91,51.85,132,307,CHAOS,40.0,22.0,WORKLOAD_STEP
2026-07-10 00:45:18.338103500+05:30,44.2,40,26.1,1878.03,51.85,132,307,CHAOS,40.0,22.0,WORKLOAD_STEP
2026-07-10 00:45:20.366863+05:30,42.6,39,29.2,2490.69,51.85,132,307,CHAOS,40.0,22.0,WORKLOAD_STEP
2026-07-10 00:45:22.394559700+05:30,45.4,36,28.7,2711.64,51.85,132,307,CHAOS,40.0,22.0,WORKLOAD_STEP
2026-07-10 00:45:24.424957800+05:30,45.1,38,29.3,2701.6,51.85,133,307,CHAOS,40.0,22.0,WORKLOAD_STEP
2026-07-10 00:45:26.454958800+05:30,44.9,38,30.3,2350.08,51.85,133,307,CHAOS,40.0,22.0,WORKLOAD_STEP
2026-07-10 00:45:28.490080400+05:30,43.3,42,31.2,2530.86,51.85,133,307,CHAOS,40.0,22.0,WORKLOAD_STEP
2026-07-10 00:45:30.517964300+05:30,43.1,39,31.9,2109.03,51.84,132,307,CHAOS,40.0,22.0,WORKLOAD_STEP
2026-07-10 00:45:32.551494+05:30,43.8,42,29.5,2621.25,51.84,132,307,CHAOS,40.0,22.0,WORKLOAD_STEP
2026-07-10 00:45:34.603808500+05:30,47.3,38,25.6,1787.66,51.84,132,307,CHAOS,40.0,22.0,WORKLOAD_STEP
2026-07-10 00:45:36.631771900+05:30,50.8,36,27.5,2470.61,51.86,133,307,CHAOS,40.0,22.0,WORKLOAD_STEP
2026-07-10 00:45:38.660215400+05:30,45.7,46,25.9,1606.89,51.85,133,307,CHAOS,50.0,23.0,WORKLOAD_STEP
2026-07-10 00:45:40.693310600+05:30,56.8,45,18.8,1717.36,51.86,132,307,CHAOS,50.0,23.0,WORKLOAD_STEP
2026-07-10 00:45:42.722235600+05:30,52.7,38,28.7,2711.64,51.85,132,307,CHAOS,50.0,23.0,WORKLOAD_STEP
2026-07-10 00:45:44.748233600+05:30,53.1,42,28.6,2661.43,51.86,132,307,CHAOS,50.0,23.0,WORKLOAD_STEP
2026-07-10 00:45:46.773378900+05:30,55.7,32,28.1,2701.6,51.85,132,307,CHAOS,50.0,23.0,WORKLOAD_STEP
2026-07-10 00:45:48.807677900+05:30,54.2,36,31.0,2319.95,51.85,132,307,CHAOS,50.0,23.0,WORKLOAD_STEP
2026-07-10 00:45:50.844056400+05:30,52.9,36,31.6,3043.08,51.85,132,307,CHAOS,50.0,23.0,WORKLOAD_STEP
2026-07-10 00:45:52.873912300+05:30,53.5,36,33.1,2691.56,51.86,132,307,CHAOS,50.0,23.0,WORKLOAD_STEP
2026-07-10 00:45:54.901198900+05:30,51.6,34,29.5,2701.6,51.85,132,307,CHAOS,50.0,23.0,WORKLOAD_STEP
2026-07-10 00:45:56.926242600+05:30,52.4,39,30.4,2842.2,51.85,132,307,CHAOS,50.0,23.0,WORKLOAD_STEP
2026-07-10 00:45:58.952126300+05:30,55.7,35,32.9,2691.56,51.85,132,307,CHAOS,50.0,23.0,WORKLOAD_STEP
2026-07-10 00:46:00.981953800+05:30,54.6,39,30.1,2862.3,51.85,132,307,CHAOS,50.0,23.0,WORKLOAD_STEP
2026-07-10 00:46:03.017782300+05:30,54.4,32,30.2,2711.64,51.85,132,307,CHAOS,50.0,23.0,WORKLOAD_STEP
2026-07-10 00:46:05.058268600+05:30,52.3,32,31.6,2360.12,51.85,132,307,CHAOS,50.0,23.0,WORKLOAD_STEP
2026-07-10 00:46:07.086043300+05:30,54.7,32,34.2,2681.51,51.85,132,307,CHAOS,50.0,23.0,WORKLOAD_STEP
2026-07-10 00:46:09.113906500+05:30,53.3,32,33.3,2530.86,51.85,132,307,CHAOS,50.0,23.0,WORKLOAD_STEP
2026-07-10 00:46:11.144628400+05:30,84.0,35,36.2,3043.08,51.85,132,307,CHAOS,80.0,24.0,WORKLOAD_STEP
2026-07-10 00:46:13.186886800+05:30,82.0,34,38.6,2882.38,51.85,131,307,CHAOS,80.0,24.0,WORKLOAD_STEP
2026-07-10 00:46:15.229156900+05:30,82.9,30,42.2,2872.34,51.85,131,307,CHAOS,80.0,24.0,WORKLOAD_STEP
2026-07-10 00:46:17.257502100+05:30,81.9,29,40.7,3043.08,51.85,131,307,CHAOS,80.0,24.0,WORKLOAD_STEP
2026-07-10 00:46:19.292829300+05:30,83.4,30,40.0,3053.12,51.9,131,307,CHAOS,80.0,24.0,WORKLOAD_STEP
2026-07-10 00:46:21.325692200+05:30,82.6,29,40.4,2882.38,51.9,131,307,CHAOS,80.0,24.0,WORKLOAD_STEP
2026-07-10 00:46:23.361326+05:30,83.6,32,39.3,2882.38,51.86,131,307,CHAOS,80.0,24.0,WORKLOAD_STEP
2026-07-10 00:46:25.392890700+05:30,83.3,29,39.2,2872.34,51.85,130,307,CHAOS,80.0,24.0,WORKLOAD_STEP
2026-07-10 00:46:27.426784200+05:30,82.3,30,40.7,2872.34,51.86,130,307,CHAOS,80.0,24.0,WORKLOAD_STEP
2026-07-10 00:46:29.452502+05:30,82.5,29,40.2,3053.12,51.86,130,307,CHAOS,80.0,24.0,WORKLOAD_STEP
2026-07-10 00:46:31.485605900+05:30,83.9,29,39.4,3053.12,51.91,130,307,CHAOS,80.0,24.0,WORKLOAD_STEP
2026-07-10 00:46:33.514498800+05:30,84.0,29,37.6,3053.12,51.9,130,307,CHAOS,80.0,24.0,WORKLOAD_STEP
2026-07-10 00:46:35.550188+05:30,84.8,28,40.3,2701.6,51.91,130,307,CHAOS,80.0,24.0,WORKLOAD_STEP
2026-07-10 00:46:37.577959400+05:30,83.2,29,39.6,2882.38,51.9,130,307,CHAOS,80.0,24.0,WORKLOAD_STEP
2026-07-10 00:46:39.609827400+05:30,82.6,29,39.2,3053.12,51.91,130,307,CHAOS,80.0,24.0,WORKLOAD_STEP
2026-07-10 00:46:41.635470900+05:30,81.5,30,38.2,3053.12,51.91,130,307,CHAOS,80.0,24.0,WORKLOAD_STEP
2026-07-10 00:46:43.666134700+05:30,82.7,30,44.0,3053.12,51.91,130,307,CHAOS,80.0,24.0,WORKLOAD_STEP
2026-07-10 00:46:45.693906100+05:30,84.9,29,39.7,3053.12,51.91,130,307,CHAOS,80.0,24.0,WORKLOAD_STEP
2026-07-10 00:46:47.722995300+05:30,83.9,30,41.8,2882.38,51.91,130,307,CHAOS,80.0,24.0,WORKLOAD_STEP
2026-07-10 00:46:49.757426700+05:30,83.3,30,44.1,3053.12,51.9,130,307,CHAOS,80.0,24.0,WORKLOAD_STEP
2026-07-10 00:46:51.788542400+05:30,81.6,30,42.1,3053.12,51.92,130,307,CHAOS,80.0,24.0,WORKLOAD_STEP
2026-07-10 00:46:53.817589700+05:30,81.8,30,41.1,3053.12,51.91,130,307,CHAOS,80.0,24.0,WORKLOAD_STEP
2026-07-10 00:46:55.848188+05:30,82.2,30,39.8,3053.12,51.91,130,307,CHAOS,80.0,24.0,WORKLOAD_STEP
2026-07-10 00:46:57.878110500+05:30,83.6,29,40.9,3053.12,51.91,130,307,CHAOS,80.0,24.0,WORKLOAD_STEP
2026-07-10 00:46:59.907722300+05:30,84.6,32,42.5,3053.12,51.91,130,307,CHAOS,80.0,24.0,WORKLOAD_STEP
2026-07-10 00:47:01.941781200+05:30,84.6,30,45.3,3053.12,51.91,130,307,CHAOS,80.0,24.0,WORKLOAD_STEP
2026-07-10 00:47:03.969607600+05:30,81.7,32,41.5,3053.12,51.91,130,307,CHAOS,80.0,24.0,WORKLOAD_STEP
2026-07-10 00:47:06.006757600+05:30,82.5,32,43.7,3012.95,51.91,130,307,CHAOS,80.0,24.0,WORKLOAD_STEP
2026-07-10 00:47:08.033723400+05:30,81.6,30,39.8,2882.38,51.92,130,307,CHAOS,80.0,24.0,WORKLOAD_STEP
2026-07-10 00:47:10.063629200+05:30,84.6,30,41.9,3053.12,51.92,130,307,CHAOS,80.0,24.0,WORKLOAD_STEP
2026-07-10 00:47:12.092244400+05:30,83.3,30,43.7,2882.38,51.92,130,307,CHAOS,80.0,24.0,WORKLOAD_STEP
2026-07-10 00:47:14.123356800+05:30,85.8,30,41.7,3053.12,51.92,130,307,CHAOS,80.0,24.0,WORKLOAD_STEP
2026-07-10 00:47:16.150432200+05:30,82.0,30,43.4,3053.12,51.92,130,307,CHAOS,80.0,24.0,WORKLOAD_STEP
2026-07-10 00:47:18.180541100+05:30,83.4,32,42.8,3053.12,51.92,130,307,CHAOS,80.0,24.0,WORKLOAD_STEP
2026-07-10 00:47:20.215814200+05:30,82.3,30,41.3,3053.12,51.92,129,307,CHAOS,80.0,24.0,WORKLOAD_STEP
2026-07-10 00:47:22.245342500+05:30,90.1,29,39.1,3053.12,51.91,129,307,CHAOS,80.0,24.0,WORKLOAD_STEP
2026-07-10 00:47:24.274205800+05:30,85.1,29,43.2,3053.12,52.07,132,307,CHAOS,80.0,24.0,WORKLOAD_STEP
2026-07-10 00:47:26.304123100+05:30,85.6,30,42.2,3053.12,52.07,132,307,CHAOS,80.0,24.0,WORKLOAD_STEP
2026-07-10 00:47:28.333718600+05:30,82.8,30,40.6,3053.12,52.07,132,307,CHAOS,80.0,24.0,WORKLOAD_STEP
2026-07-10 00:47:30.363767100+05:30,83.3,30,37.9,3053.12,52.07,131,307,CHAOS,80.0,24.0,WORKLOAD_STEP
2026-07-10 00:47:32.392316100+05:30,84.8,29,41.6,3053.12,52.07,131,307,CHAOS,80.0,24.0,WORKLOAD_STEP
2026-07-10 00:47:34.424185400+05:30,86.9,29,39.4,3033.03,52.07,131,307,CHAOS,80.0,24.0,WORKLOAD_STEP
2026-07-10 00:47:36.460301200+05:30,83.2,30,38.2,3053.12,52.07,131,307,CHAOS,80.0,24.0,WORKLOAD_STEP
2026-07-10 00:47:38.492439300+05:30,83.5,30,46.5,3053.12,52.07,131,307,CHAOS,80.0,24.0,WORKLOAD_STEP
2026-07-10 00:47:40.524141600+05:30,82.2,29,45.1,3053.12,52.07,131,307,CHAOS,80.0,24.0,WORKLOAD_STEP
2026-07-10 00:47:42.559538900+05:30,83.7,32,43.7,3053.12,52.07,131,307,CHAOS,80.0,24.0,WORKLOAD_STEP
2026-07-10 00:47:44.594150200+05:30,85.7,30,41.1,3053.12,52.07,130,307,CHAOS,80.0,24.0,WORKLOAD_STEP
2026-07-10 00:47:46.625886900+05:30,85.6,32,39.3,3053.12,52.07,131,307,CHAOS,80.0,24.0,WORKLOAD_STEP
2026-07-10 00:47:48.659567+05:30,83.3,29,42.2,3053.12,52.07,131,307,CHAOS,80.0,24.0,WORKLOAD_STEP
2026-07-10 00:47:50.697577+05:30,84.7,30,43.6,3053.12,52.08,131,307,CHAOS,80.0,24.0,WORKLOAD_STEP
2026-07-10 00:47:52.727416200+05:30,82.9,30,44.0,2882.38,52.07,131,307,CHAOS,80.0,24.0,WORKLOAD_STEP
2026-07-10 00:47:54.759523200+05:30,81.8,30,37.3,3053.12,52.04,131,307,CHAOS,80.0,24.0,WORKLOAD_STEP
2026-07-10 00:47:56.787315900+05:30,84.7,29,41.8,3053.12,52.04,131,307,CHAOS,80.0,24.0,WORKLOAD_STEP
2026-07-10 00:47:58.816539+05:30,83.6,32,37.7,2872.34,52.05,131,307,CHAOS,80.0,24.0,WORKLOAD_STEP
2026-07-10 00:48:00.848082+05:30,85.1,32,38.3,3053.12,52.05,131,307,CHAOS,80.0,24.0,WORKLOAD_STEP
2026-07-10 00:48:02.876488100+05:30,81.9,30,41.1,3053.12,52.05,131,307,CHAOS,80.0,24.0,WORKLOAD_STEP
2026-07-10 00:48:04.913055+05:30,82.9,30,37.9,3053.12,52.04,131,307,CHAOS,80.0,24.0,WORKLOAD_STEP
2026-07-10 00:48:06.948811300+05:30,81.5,30,41.6,3053.12,52.05,131,307,CHAOS,80.0,24.0,WORKLOAD_STEP
2026-07-10 00:48:08.985575300+05:30,85.0,30,40.6,3053.12,52.05,131,307,CHAOS,80.0,24.0,WORKLOAD_STEP
2026-07-10 00:48:11.016463700+05:30,83.5,30,41.0,3053.12,52.04,131,307,CHAOS,80.0,24.0,WORKLOAD_STEP
2026-07-10 00:48:13.049529400+05:30,82.9,30,42.1,3053.12,52.04,131,307,CHAOS,80.0,24.0,WORKLOAD_STEP
2026-07-10 00:48:15.079201+05:30,81.5,32,38.8,3053.12,52.04,131,307,CHAOS,80.0,24.0,WORKLOAD_STEP
2026-07-10 00:48:17.109526900+05:30,20.1,49,9.4,1315.64,52.04,130,307,CHAOS,10.0,25.0,WORKLOAD_STEP
2026-07-10 00:48:19.158613800+05:30,23.4,51,10.0,1134.85,52.04,130,307,CHAOS,10.0,25.0,WORKLOAD_STEP
2026-07-10 00:48:21.231326300+05:30,20.2,50,10.2,1144.89,52.04,130,307,CHAOS,10.0,25.0,WORKLOAD_STEP
2026-07-10 00:48:23.294349300+05:30,18.8,50,10.0,1165.0,52.04,130,307,CHAOS,10.0,25.0,WORKLOAD_STEP
2026-07-10 00:48:25.346762700+05:30,20.0,51,11.5,1426.18,51.97,130,306,CHAOS,10.0,25.0,WORKLOAD_STEP
2026-07-10 00:48:27.411744800+05:30,25.1,54,10.8,1576.76,51.97,130,306,CHAOS,10.0,25.0,WORKLOAD_STEP
2026-07-10 00:48:29.448100200+05:30,18.6,52,9.9,1466.28,51.97,130,306,CHAOS,10.0,25.0,WORKLOAD_STEP
2026-07-10 00:48:31.477404200+05:30,15.3,53,10.2,1486.37,51.98,130,306,CHAOS,10.0,25.0,WORKLOAD_STEP
2026-07-10 00:48:33.519099500+05:30,21.5,53,10.3,1154.94,52.0,130,306,CHAOS,10.0,25.0,WORKLOAD_STEP
2026-07-10 00:48:35.584259100+05:30,18.7,54,9.9,1154.94,51.97,130,306,CHAOS,10.0,25.0,WORKLOAD_STEP
2026-07-10 00:48:37.662589100+05:30,20.0,52,10.1,1416.05,51.98,130,306,CHAOS,10.0,25.0,WORKLOAD_STEP
2026-07-10 00:48:39.702396600+05:30,18.3,52,10.3,1255.37,51.98,130,306,CHAOS,10.0,25.0,WORKLOAD_STEP
2026-07-10 00:48:41.758360+05:30,20.6,54,10.2,1335.71,52.0,130,306,CHAOS,10.0,25.0,WORKLOAD_STEP
2026-07-10 00:48:43.826349400+05:30,15.9,53,9.9,1275.45,51.98,130,306,CHAOS,10.0,25.0,WORKLOAD_STEP
2026-07-10 00:48:45.871340800+05:30,18.5,55,10.0,1265.41,51.98,130,306,CHAOS,10.0,25.0,WORKLOAD_STEP
2026-07-10 00:48:47.937680900+05:30,20.8,55,10.5,1215.19,51.97,130,306,CHAOS,10.0,25.0,WORKLOAD_STEP
2026-07-10 00:48:49.969579900+05:30,15.4,55,10.3,1185.07,51.97,130,306,CHAOS,10.0,25.0,WORKLOAD_STEP
2026-07-10 00:48:52.000074400+05:30,21.4,53,11.3,1426.1,51.97,130,306,CHAOS,10.0,25.0,WORKLOAD_STEP
2026-07-10 00:48:54.052595500+05:30,16.1,53,10.7,1255.36,51.97,130,306,CHAOS,10.0,25.0,WORKLOAD_STEP
2026-07-10 00:48:56.104856200+05:30,17.8,53,11.1,1154.94,51.97,130,306,CHAOS,10.0,25.0,WORKLOAD_STEP
2026-07-10 00:48:58.151240+05:30,21.6,55,10.5,1385.92,51.97,130,306,CHAOS,10.0,25.0,WORKLOAD_STEP
2026-07-10 00:49:00.212373300+05:30,20.0,53,10.7,1375.88,51.98,130,306,CHAOS,10.0,25.0,WORKLOAD_STEP
2026-07-10 00:49:02.250181800+05:30,18.2,56,11.2,1395.97,51.97,130,306,CHAOS,10.0,25.0,WORKLOAD_STEP
2026-07-10 00:49:04.304236200+05:30,19.0,53,10.8,1185.06,51.98,130,306,CHAOS,10.0,25.0,WORKLOAD_STEP
2026-07-10 00:49:06.345718+05:30,15.6,52,12.3,1154.94,51.97,130,306,CHAOS,10.0,25.0,WORKLOAD_STEP
2026-07-10 00:49:08.423664600+05:30,17.5,56,10.6,1516.49,52.01,130,306,CHAOS,10.0,25.0,WORKLOAD_STEP
2026-07-10 00:49:10.483588200+05:30,17.6,52,10.5,1175.02,51.96,130,306,CHAOS,10.0,25.0,WORKLOAD_STEP
2026-07-10 00:49:12.529850+05:30,15.9,54,10.8,1225.23,51.96,130,306,CHAOS,10.0,25.0,WORKLOAD_STEP
2026-07-10 00:49:14.593908400+05:30,17.1,55,10.5,1124.8,51.96,130,306,CHAOS,10.0,25.0,WORKLOAD_STEP
2026-07-10 00:49:16.632119900+05:30,19.3,55,10.2,1305.59,51.96,130,306,CHAOS,10.0,25.0,WORKLOAD_STEP
2026-07-10 00:49:18.692261+05:30,15.7,55,10.6,1154.93,51.96,130,306,CHAOS,10.0,25.0,WORKLOAD_STEP
2026-07-10 00:49:20.736974900+05:30,16.3,55,11.2,1235.28,51.96,130,306,CHAOS,10.0,25.0,WORKLOAD_STEP
2026-07-10 00:49:22.768236100+05:30,20.5,57,10.5,1315.63,51.96,130,306,CHAOS,10.0,25.0,WORKLOAD_STEP
2026-07-10 00:49:24.836260800+05:30,15.9,57,11.8,1345.75,51.96,131,306,CHAOS,10.0,25.0,WORKLOAD_STEP
2026-07-10 00:49:26.880407600+05:30,20.6,55,11.5,1225.23,51.95,131,306,CHAOS,10.0,25.0,WORKLOAD_STEP
2026-07-10 00:49:28.926638500+05:30,13.9,55,11.6,1325.65,51.96,130,306,CHAOS,10.0,25.0,WORKLOAD_STEP
2026-07-10 00:49:30.972577800+05:30,16.3,53,12.3,2119.07,51.96,130,306,CHAOS,10.0,25.0,WORKLOAD_STEP
2026-07-10 00:49:33.014500800+05:30,17.6,55,10.8,1205.15,51.96,130,306,CHAOS,10.0,25.0,WORKLOAD_STEP
2026-07-10 00:49:35.048391700+05:30,17.4,54,10.8,1255.37,51.96,130,306,CHAOS,10.0,25.0,WORKLOAD_STEP
2026-07-10 00:49:37.086802500+05:30,18.7,55,10.2,1164.97,51.96,130,306,CHAOS,10.0,25.0,WORKLOAD_STEP
2026-07-10 00:49:39.152549+05:30,17.2,55,10.8,1245.32,52.01,130,306,CHAOS,10.0,25.0,WORKLOAD_STEP
2026-07-10 00:49:41.192469400+05:30,18.0,54,10.2,1245.33,51.96,130,306,CHAOS,10.0,25.0,WORKLOAD_STEP
2026-07-10 00:49:43.230505800+05:30,17.3,55,10.8,1406.01,51.95,130,306,CHAOS,10.0,25.0,WORKLOAD_STEP
2026-07-10 00:49:45.292463500+05:30,22.7,57,11.5,1225.24,51.97,130,306,CHAOS,80.0,26.0,WORKLOAD_STEP
2026-07-10 00:49:47.320022900+05:30,83.6,39,42.3,2711.64,51.97,130,306,CHAOS,80.0,26.0,WORKLOAD_STEP
2026-07-10 00:49:49.347731+05:30,83.7,36,38.0,3053.12,51.98,130,306,CHAOS,80.0,26.0,WORKLOAD_STEP
2026-07-10 00:49:51.375547+05:30,81.2,39,43.4,3053.12,51.97,130,306,CHAOS,80.0,26.0,WORKLOAD_STEP
2026-07-10 00:49:53.407983100+05:30,81.9,38,39.0,3053.12,51.98,130,306,CHAOS,80.0,26.0,WORKLOAD_STEP
2026-07-10 00:49:55.444060+05:30,84.2,36,41.1,3053.12,51.97,130,306,CHAOS,80.0,26.0,WORKLOAD_STEP
2026-07-10 00:49:57.473378+05:30,84.3,32,39.1,3053.12,51.98,130,306,CHAOS,80.0,26.0,WORKLOAD_STEP
2026-07-10 00:49:59.500288100+05:30,82.6,34,38.1,3053.12,51.97,130,306,CHAOS,80.0,26.0,WORKLOAD_STEP
2026-07-10 00:50:01.527285300+05:30,83.0,32,41.0,2882.38,51.98,130,306,CHAOS,80.0,26.0,WORKLOAD_STEP
2026-07-10 00:50:03.560085600+05:30,82.3,32,41.7,2701.6,51.97,130,306,CHAOS,80.0,26.0,WORKLOAD_STEP
2026-07-10 00:50:05.588413200+05:30,83.5,34,40.6,2872.34,51.98,130,306,CHAOS,80.0,26.0,WORKLOAD_STEP
2026-07-10 00:50:07.616904800+05:30,84.1,34,38.4,3053.12,51.97,130,306,CHAOS,80.0,26.0,WORKLOAD_STEP
2026-07-10 00:50:09.652050400+05:30,85.2,34,40.5,2872.34,51.98,130,306,CHAOS,80.0,26.0,WORKLOAD_STEP
2026-07-10 00:50:11.685875+05:30,93.5,32,47.0,3053.12,52.05,130,306,CHAOS,80.0,26.0,WORKLOAD_STEP
2026-07-10 00:50:13.714468100+05:30,80.3,44,32.7,1647.06,52.04,130,306,CHAOS,50.0,27.0,WORKLOAD_STEP
2026-07-10 00:50:15.743931800+05:30,52.4,34,31.9,2169.3,52.03,130,306,CHAOS,50.0,27.0,WORKLOAD_STEP
2026-07-10 00:50:17.777781400+05:30,54.4,36,30.5,2350.08,52.04,130,306,CHAOS,50.0,27.0,WORKLOAD_STEP
2026-07-10 00:50:19.811315200+05:30,55.4,35,30.0,2681.51,52.03,130,306,CHAOS,50.0,27.0,WORKLOAD_STEP
2026-07-10 00:50:21.840830400+05:30,53.1,38,32.2,2691.56,52.04,131,306,CHAOS,50.0,27.0,WORKLOAD_STEP
2026-07-10 00:50:23.867789800+05:30,54.8,40,33.7,2701.6,52.03,131,306,CHAOS,50.0,27.0,WORKLOAD_STEP
2026-07-10 00:50:25.902415500+05:30,53.6,40,31.3,2832.17,52.07,131,306,CHAOS,50.0,27.0,WORKLOAD_STEP
2026-07-10 00:50:27.939069400+05:30,52.5,38,30.6,2681.52,52.03,131,306,CHAOS,50.0,27.0,WORKLOAD_STEP
2026-07-10 00:50:29.972145200+05:30,51.7,38,26.3,2440.48,52.06,131,306,CHAOS,50.0,27.0,WORKLOAD_STEP
2026-07-10 00:50:32.003776300+05:30,54.3,35,29.8,2319.95,52.03,131,306,CHAOS,50.0,27.0,WORKLOAD_STEP
2026-07-10 00:50:34.030946200+05:30,54.3,35,30.4,2882.38,52.03,131,306,CHAOS,50.0,27.0,WORKLOAD_STEP
2026-07-10 00:50:36.058334500+05:30,55.0,36,30.3,2701.6,52.03,131,306,CHAOS,50.0,27.0,WORKLOAD_STEP
2026-07-10 00:50:38.086955100+05:30,53.5,40,30.8,2520.82,52.02,131,306,CHAOS,50.0,27.0,WORKLOAD_STEP
2026-07-10 00:50:40.117341500+05:30,53.7,36,36.8,2691.56,52.02,131,306,CHAOS,50.0,27.0,WORKLOAD_STEP
2026-07-10 00:50:42.152482200+05:30,52.9,36,33.8,2701.6,52.02,131,306,CHAOS,50.0,27.0,WORKLOAD_STEP
2026-07-10 00:50:44.185416200+05:30,57.2,32,32.5,2882.38,52.02,131,306,CHAOS,50.0,27.0,WORKLOAD_STEP
2026-07-10 00:50:46.218556400+05:30,55.1,36,35.4,2711.64,52.02,131,306,CHAOS,50.0,27.0,WORKLOAD_STEP
2026-07-10 00:50:48.244577+05:30,56.4,35,33.6,2701.6,52.02,131,306,CHAOS,50.0,27.0,WORKLOAD_STEP
2026-07-10 00:50:50.273664600+05:30,54.2,35,34.3,2701.6,52.02,130,306,CHAOS,50.0,27.0,WORKLOAD_STEP
2026-07-10 00:50:52.306172600+05:30,55.1,34,32.5,2882.38,52.02,130,306,CHAOS,50.0,27.0,WORKLOAD_STEP
2026-07-10 00:50:54.338920700+05:30,53.2,38,32.8,2701.6,52.02,130,306,CHAOS,50.0,27.0,WORKLOAD_STEP
2026-07-10 00:50:56.376797100+05:30,56.5,35,33.4,2882.38,52.02,130,306,CHAOS,50.0,27.0,WORKLOAD_STEP
2026-07-10 00:50:58.408852100+05:30,53.8,40,34.3,2711.64,52.02,130,306,CHAOS,50.0,27.0,WORKLOAD_STEP
2026-07-10 00:51:00.439670200+05:30,57.5,35,34.9,2711.64,52.03,130,306,CHAOS,50.0,27.0,WORKLOAD_STEP
2026-07-10 00:51:02.470150+05:30,53.0,34,35.2,2540.9,52.02,130,306,CHAOS,50.0,27.0,WORKLOAD_STEP
2026-07-10 00:51:04.499741500+05:30,54.2,36,35.2,2530.86,52.02,130,306,CHAOS,50.0,27.0,WORKLOAD_STEP
2026-07-10 00:51:06.536261600+05:30,54.3,36,32.3,2882.38,52.02,130,306,CHAOS,50.0,27.0,WORKLOAD_STEP
2026-07-10 00:51:08.565120700+05:30,57.1,34,35.5,2711.64,52.02,130,306,CHAOS,50.0,27.0,WORKLOAD_STEP
2026-07-10 00:51:10.594122400+05:30,55.7,40,33.5,2691.56,52.02,130,306,CHAOS,50.0,27.0,WORKLOAD_STEP
2026-07-10 00:51:12.629854+05:30,55.1,36,34.1,3053.12,52.02,130,306,CHAOS,50.0,27.0,WORKLOAD_STEP
2026-07-10 00:51:14.658781800+05:30,53.4,36,36.4,2530.86,52.02,130,306,CHAOS,50.0,27.0,WORKLOAD_STEP
2026-07-10 00:51:16.690405400+05:30,52.4,35,30.6,2520.82,52.03,132,306,CHAOS,50.0,27.0,WORKLOAD_STEP
2026-07-10 00:51:18.722836700+05:30,53.9,35,35.5,2530.86,52.02,132,306,CHAOS,50.0,27.0,WORKLOAD_STEP
2026-07-10 00:51:20.750824300+05:30,54.7,35,36.9,2530.86,52.03,132,306,CHAOS,50.0,27.0,WORKLOAD_STEP
2026-07-10 00:51:22.782789300+05:30,55.0,32,33.8,3053.12,52.03,132,306,CHAOS,50.0,27.0,WORKLOAD_STEP
2026-07-10 00:51:24.814837500+05:30,53.1,36,34.1,2540.9,52.02,133,306,CHAOS,50.0,27.0,WORKLOAD_STEP
2026-07-10 00:51:26.852128600+05:30,53.1,32,34.0,2701.6,52.02,133,306,CHAOS,50.0,27.0,WORKLOAD_STEP
2026-07-10 00:51:28.887976500+05:30,53.5,42,35.6,2711.64,52.02,132,306,CHAOS,50.0,27.0,WORKLOAD_STEP
2026-07-10 00:51:30.919515100+05:30,52.3,36,33.0,2520.82,52.03,132,306,CHAOS,50.0,27.0,WORKLOAD_STEP
2026-07-10 00:51:32.947444700+05:30,54.8,42,33.4,2540.9,52.03,132,306,CHAOS,50.0,27.0,WORKLOAD_STEP
2026-07-10 00:51:34.981965700+05:30,56.3,36,31.9,3053.12,52.02,132,306,CHAOS,50.0,27.0,WORKLOAD_STEP
2026-07-10 00:51:37.007620500+05:30,53.7,36,36.3,2882.38,52.03,133,306,CHAOS,50.0,27.0,WORKLOAD_STEP
2026-07-10 00:51:39.040369600+05:30,53.8,32,33.7,2530.86,52.0,135,306,CHAOS,50.0,27.0,WORKLOAD_STEP
2026-07-10 00:51:41.065871+05:30,51.9,34,34.2,2701.6,52.0,135,306,CHAOS,50.0,27.0,WORKLOAD_STEP
2026-07-10 00:51:43.103583700+05:30,56.0,32,31.6,2661.43,51.99,134,306,CHAOS,50.0,27.0,WORKLOAD_STEP
2026-07-10 00:51:45.129582500+05:30,56.2,40,35.6,2671.47,52.0,134,306,CHAOS,50.0,27.0,WORKLOAD_STEP
2026-07-10 00:51:47.163865+05:30,55.7,36,35.2,2520.82,51.99,134,306,CHAOS,50.0,27.0,WORKLOAD_STEP
2026-07-10 00:51:49.195765100+05:30,53.7,34,34.1,2540.9,51.99,134,306,CHAOS,50.0,27.0,WORKLOAD_STEP
2026-07-10 00:51:51.223061200+05:30,54.1,34,34.7,2540.9,52.0,134,306,CHAOS,50.0,27.0,WORKLOAD_STEP
2026-07-10 00:51:53.254989+05:30,53.0,36,36.4,2360.12,51.99,134,306,CHAOS,50.0,27.0,WORKLOAD_STEP
2026-07-10 00:51:55.282007800+05:30,54.5,36,33.9,2691.55,52.0,134,306,CHAOS,50.0,27.0,WORKLOAD_STEP
2026-07-10 00:51:57.318052900+05:30,54.8,35,34.4,3053.12,51.99,136,306,CHAOS,50.0,27.0,WORKLOAD_STEP
2026-07-10 00:51:59.343927600+05:30,54.1,35,33.6,3053.12,52.0,136,306,CHAOS,50.0,27.0,WORKLOAD_STEP
2026-07-10 00:52:01.379548100+05:30,53.4,38,33.7,2701.6,51.99,136,306,CHAOS,50.0,27.0,WORKLOAD_STEP
2026-07-10 00:52:03.412335100+05:30,54.4,42,37.2,2711.64,52.0,136,306,CHAOS,50.0,27.0,WORKLOAD_STEP
2026-07-10 00:52:05.440331400+05:30,52.3,38,31.8,2350.08,52.0,136,306,CHAOS,50.0,27.0,WORKLOAD_STEP
2026-07-10 00:52:07.468528200+05:30,56.0,35,33.8,2701.6,52.0,136,306,CHAOS,50.0,27.0,WORKLOAD_STEP
2026-07-10 00:52:09.500732100+05:30,53.7,36,32.2,2360.12,52.0,136,306,CHAOS,50.0,27.0,WORKLOAD_STEP
2026-07-10 00:52:11.530354600+05:30,54.4,34,35.2,2882.38,52.04,136,306,CHAOS,50.0,27.0,WORKLOAD_STEP
2026-07-10 00:52:13.569093200+05:30,53.2,36,30.9,2540.9,52.0,135,306,CHAOS,50.0,27.0,WORKLOAD_STEP
2026-07-10 00:52:15.599869200+05:30,51.4,35,33.4,2882.38,51.99,135,306,CHAOS,50.0,27.0,WORKLOAD_STEP
2026-07-10 00:52:17.628620100+05:30,53.6,35,34.7,2882.38,51.99,135,306,CHAOS,50.0,27.0,WORKLOAD_STEP
2026-07-10 00:52:19.659926800+05:30,56.2,38,35.4,2701.6,51.99,135,306,CHAOS,50.0,27.0,WORKLOAD_STEP
2026-07-10 00:52:21.686868300+05:30,55.3,35,33.2,2711.64,51.99,135,307,CHAOS,50.0,27.0,WORKLOAD_STEP
2026-07-10 00:52:23.719671400+05:30,53.8,36,33.7,2701.6,52.03,135,307,CHAOS,50.0,27.0,WORKLOAD_STEP
2026-07-10 00:52:25.748451500+05:30,53.0,36,34.1,2530.86,52.02,135,307,CHAOS,50.0,27.0,WORKLOAD_STEP
2026-07-10 00:52:27.788431500+05:30,55.0,38,33.3,2872.34,52.03,136,307,CHAOS,50.0,27.0,WORKLOAD_STEP
2026-07-10 00:52:29.821941+05:30,54.9,38,34.8,2882.38,52.05,135,308,CHAOS,50.0,27.0,WORKLOAD_STEP
2026-07-10 00:52:31.851549300+05:30,56.8,36,35.4,2520.82,52.06,135,308,CHAOS,50.0,27.0,WORKLOAD_STEP
2026-07-10 00:52:33.881004400+05:30,56.4,36,34.0,2882.38,52.06,135,308,CHAOS,50.0,27.0,WORKLOAD_STEP
2026-07-10 00:52:35.908514900+05:30,53.7,35,31.2,2882.38,52.06,135,308,CHAOS,50.0,27.0,WORKLOAD_STEP
2026-07-10 00:52:37.935822100+05:30,54.0,35,34.6,2701.6,52.06,135,308,CHAOS,50.0,27.0,WORKLOAD_STEP
2026-07-10 00:52:39.962117900+05:30,51.5,35,31.9,2540.9,52.07,135,308,CHAOS,50.0,27.0,WORKLOAD_STEP
2026-07-10 00:52:41.992452700+05:30,54.9,36,31.7,2701.6,52.07,135,308,CHAOS,50.0,27.0,WORKLOAD_STEP
2026-07-10 00:52:44.031459800+05:30,55.2,40,33.4,2520.82,52.07,135,308,CHAOS,50.0,27.0,WORKLOAD_STEP
2026-07-10 00:52:46.060201300+05:30,55.5,36,34.6,2701.6,52.07,135,308,CHAOS,50.0,27.0,WORKLOAD_STEP
2026-07-10 00:52:48.095564100+05:30,52.8,35,34.4,2370.16,52.07,135,308,CHAOS,50.0,27.0,WORKLOAD_STEP
2026-07-10 00:52:50.124642500+05:30,51.8,35,34.2,2882.38,52.08,135,308,CHAOS,50.0,27.0,WORKLOAD_STEP
2026-07-10 00:52:52.150860400+05:30,54.8,40,34.2,2701.6,52.07,135,309,CHAOS,50.0,27.0,WORKLOAD_STEP
2026-07-10 00:52:54.178856400+05:30,61.7,35,33.2,2711.64,52.08,135,309,CHAOS,50.0,27.0,WORKLOAD_STEP
2026-07-10 00:52:56.209065300+05:30,61.2,32,35.4,2691.56,52.36,136,309,CHAOS,50.0,27.0,WORKLOAD_STEP
2026-07-10 00:52:58.249405700+05:30,60.3,34,34.9,2169.3,51.91,137,309,CHAOS,50.0,27.0,WORKLOAD_STEP
2026-07-10 00:53:00.280615500+05:30,54.4,34,31.5,2691.56,51.87,137,309,CHAOS,30.0,28.0,WORKLOAD_STEP
2026-07-10 00:53:02.313112200+05:30,34.8,51,12.6,1596.85,51.87,137,309,CHAOS,30.0,28.0,WORKLOAD_STEP
2026-07-10 00:53:04.384941600+05:30,38.2,51,13.7,1175.02,51.87,137,309,CHAOS,30.0,28.0,WORKLOAD_STEP
2026-07-10 00:53:06.423388800+05:30,38.6,52,14.0,1305.58,51.87,137,309,CHAOS,30.0,28.0,WORKLOAD_STEP
2026-07-10 00:53:08.487070700+05:30,39.5,46,14.2,1295.56,51.87,136,309,CHAOS,30.0,28.0,WORKLOAD_STEP
2026-07-10 00:53:10.534029700+05:30,38.2,50,14.4,1325.67,51.87,137,309,CHAOS,30.0,28.0,WORKLOAD_STEP
2026-07-10 00:53:12.567190600+05:30,36.7,51,12.9,1626.97,51.87,137,309,CHAOS,30.0,28.0,WORKLOAD_STEP
2026-07-10 00:53:14.644351900+05:30,36.7,50,13.4,1164.98,51.88,137,309,CHAOS,30.0,28.0,WORKLOAD_STEP
2026-07-10 00:53:16.684221400+05:30,40.5,51,14.5,1385.92,51.88,137,309,CHAOS,30.0,28.0,WORKLOAD_STEP
2026-07-10 00:53:18.716955400+05:30,40.3,51,17.4,1516.49,51.88,137,309,CHAOS,30.0,28.0,WORKLOAD_STEP
2026-07-10 00:53:20.764276300+05:30,39.5,49,16.4,1717.36,51.92,137,309,CHAOS,30.0,28.0,WORKLOAD_STEP
2026-07-10 00:53:22.806888200+05:30,38.5,50,19.3,1426.09,52.04,138,309,CHAOS,30.0,28.0,WORKLOAD_STEP
2026-07-10 00:53:24.836058700+05:30,35.7,50,15.3,1988.52,52.04,140,309,CHAOS,30.0,28.0,WORKLOAD_STEP
2026-07-10 00:53:26.864933400+05:30,38.5,52,14.4,1556.66,52.04,140,309,CHAOS,30.0,28.0,WORKLOAD_STEP
2026-07-10 00:53:28.943838+05:30,35.9,52,13.7,1074.59,52.04,139,309,CHAOS,30.0,28.0,WORKLOAD_STEP
2026-07-10 00:53:30.982029+05:30,41.0,52,13.6,1506.46,52.05,139,308,CHAOS,30.0,28.0,WORKLOAD_STEP
2026-07-10 00:53:33.016166900+05:30,36.8,51,14.3,1486.36,52.05,139,308,CHAOS,30.0,28.0,WORKLOAD_STEP
2026-07-10 00:53:35.082470500+05:30,38.6,51,15.5,1647.05,52.05,139,308,CHAOS,30.0,28.0,WORKLOAD_STEP
2026-07-10 00:53:37.111025900+05:30,37.3,50,19.2,1787.65,52.06,139,308,CHAOS,30.0,28.0,WORKLOAD_STEP
2026-07-10 00:53:39.141345100+05:30,37.6,48,17.7,2008.61,52.06,138,308,CHAOS,30.0,28.0,WORKLOAD_STEP
2026-07-10 00:53:41.171998900+05:30,33.6,40,20.4,1416.06,52.06,136,308,CHAOS,30.0,28.0,WORKLOAD_STEP
2026-07-10 00:53:43.224371200+05:30,38.7,51,21.3,1496.4,52.06,135,308,CHAOS,30.0,28.0,WORKLOAD_STEP
2026-07-10 00:53:45.271381600+05:30,36.7,51,17.4,1476.33,52.08,134,308,CHAOS,30.0,28.0,WORKLOAD_STEP
2026-07-10 00:53:47.305951300+05:30,39.1,48,15.5,1265.4,52.07,134,308,CHAOS,30.0,28.0,WORKLOAD_STEP
2026-07-10 00:53:49.370577100+05:30,37.9,52,14.9,1285.5,52.07,134,308,CHAOS,30.0,28.0,WORKLOAD_STEP
2026-07-10 00:53:51.400108+05:30,35.5,51,17.9,1235.28,52.08,135,308,CHAOS,30.0,28.0,WORKLOAD_STEP
2026-07-10 00:53:53.429431700+05:30,38.1,48,19.3,1496.4,52.05,134,308,CHAOS,30.0,28.0,WORKLOAD_STEP
2026-07-10 00:53:55.478131300+05:30,39.3,48,19.8,1807.74,52.06,134,308,CHAOS,30.0,28.0,WORKLOAD_STEP
2026-07-10 00:53:57.515883600+05:30,38.1,50,20.7,1637.02,52.05,134,308,CHAOS,30.0,28.0,WORKLOAD_STEP
2026-07-10 00:53:59.552873700+05:30,34.5,46,22.4,1888.09,52.06,134,308,CHAOS,30.0,28.0,WORKLOAD_STEP
2026-07-10 00:54:01.589693+05:30,34.9,45,21.3,1998.56,52.06,134,308,CHAOS,30.0,28.0,WORKLOAD_STEP
2026-07-10 00:54:03.623308800+05:30,32.8,42,22.6,1777.61,51.98,134,307,CHAOS,30.0,28.0,WORKLOAD_STEP
2026-07-10 00:54:05.657574600+05:30,36.3,44,22.1,1878.04,51.98,134,307,CHAOS,30.0,28.0,WORKLOAD_STEP
2026-07-10 00:54:07.688698300+05:30,36.0,40,26.6,2350.08,51.99,134,307,CHAOS,30.0,28.0,WORKLOAD_STEP
2026-07-10 00:54:09.719821500+05:30,36.9,46,24.6,1827.83,51.98,134,307,CHAOS,30.0,28.0,WORKLOAD_STEP
2026-07-10 00:54:11.748452700+05:30,35.1,50,20.8,1566.7,51.98,134,307,CHAOS,30.0,28.0,WORKLOAD_STEP
2026-07-10 00:54:13.810008900+05:30,37.5,42,18.9,1626.96,51.99,132,307,CHAOS,30.0,28.0,WORKLOAD_STEP
2026-07-10 00:54:15.851652200+05:30,33.6,51,18.2,1707.32,51.99,132,307,CHAOS,30.0,28.0,WORKLOAD_STEP
2026-07-10 00:54:17.890358600+05:30,39.3,42,19.7,1566.71,51.99,132,307,CHAOS,30.0,28.0,WORKLOAD_STEP
2026-07-10 00:54:19.928121100+05:30,37.2,39,21.4,2078.91,51.98,132,307,CHAOS,30.0,28.0,WORKLOAD_STEP
2026-07-10 00:54:21.959297200+05:30,37.6,40,23.9,1847.92,51.99,132,307,CHAOS,30.0,28.0,WORKLOAD_STEP
2026-07-10 00:54:23.990143300+05:30,37.6,40,23.8,2440.47,51.98,132,307,CHAOS,30.0,28.0,WORKLOAD_STEP
2026-07-10 00:54:26.018411900+05:30,33.6,42,24.7,2179.34,51.99,132,307,CHAOS,30.0,28.0,WORKLOAD_STEP
2026-07-10 00:54:28.046777900+05:30,40.1,40,21.7,2249.65,51.99,132,307,CHAOS,40.0,29.0,WORKLOAD_STEP
2026-07-10 00:54:30.108331400+05:30,47.5,50,15.3,1847.93,52.01,132,307,CHAOS,40.0,29.0,WORKLOAD_STEP
2026-07-10 00:54:32.143653400+05:30,46.9,49,16.7,1817.8,51.96,132,307,CHAOS,40.0,29.0,WORKLOAD_STEP
2026-07-10 00:54:34.202032300+05:30,46.3,49,18.5,1416.07,51.97,131,307,CHAOS,40.0,29.0,WORKLOAD_STEP
2026-07-10 00:54:36.254264800+05:30,48.2,48,16.6,2199.45,51.97,131,307,CHAOS,40.0,29.0,WORKLOAD_STEP
2026-07-10 00:54:38.282570700+05:30,45.6,51,18.3,1315.63,51.98,131,307,CHAOS,40.0,29.0,WORKLOAD_STEP
2026-07-10 00:54:40.340608+05:30,47.9,48,17.5,1787.65,51.98,131,307,CHAOS,40.0,29.0,WORKLOAD_STEP
2026-07-10 00:54:42.385198900+05:30,48.9,50,14.7,1335.71,51.98,131,307,CHAOS,40.0,29.0,WORKLOAD_STEP
2026-07-10 00:54:44.414203500+05:30,47.2,46,19.8,1667.15,51.98,131,307,CHAOS,40.0,29.0,WORKLOAD_STEP
2026-07-10 00:54:46.473331+05:30,45.8,42,26.2,2500.75,51.98,131,307,CHAOS,40.0,29.0,WORKLOAD_STEP
2026-07-10 00:54:48.504411400+05:30,47.3,48,29.1,2259.71,51.99,131,307,CHAOS,40.0,29.0,WORKLOAD_STEP
2026-07-10 00:54:50.537064+05:30,43.5,39,28.0,2460.56,52.0,131,307,CHAOS,40.0,29.0,WORKLOAD_STEP
2026-07-10 00:54:52.564984100+05:30,44.9,40,29.2,2701.6,52.0,131,307,CHAOS,40.0,29.0,WORKLOAD_STEP
2026-07-10 00:54:54.594966+05:30,45.2,39,31.3,2711.64,52.0,131,307,CHAOS,40.0,29.0,WORKLOAD_STEP
2026-07-10 00:54:56.626879+05:30,48.4,42,27.8,2370.16,52.01,131,307,CHAOS,40.0,29.0,WORKLOAD_STEP
2026-07-10 00:54:58.658058+05:30,45.0,36,29.8,2711.64,52.0,131,307,CHAOS,40.0,29.0,WORKLOAD_STEP
2026-07-10 00:55:00.695786800+05:30,44.6,40,28.9,2149.21,51.99,131,307,CHAOS,40.0,29.0,WORKLOAD_STEP
2026-07-10 00:55:02.725532700+05:30,43.3,38,27.3,2350.08,51.97,131,307,CHAOS,40.0,29.0,WORKLOAD_STEP
2026-07-10 00:55:04.755778600+05:30,43.0,36,28.1,2500.73,51.97,131,307,CHAOS,40.0,29.0,WORKLOAD_STEP
2026-07-10 00:55:06.785254300+05:30,48.8,40,28.4,2681.51,51.98,131,307,CHAOS,40.0,29.0,WORKLOAD_STEP
2026-07-10 00:55:08.823713900+05:30,45.0,42,28.3,3022.99,51.98,131,307,CHAOS,40.0,29.0,WORKLOAD_STEP
2026-07-10 00:55:10.853643400+05:30,44.8,39,31.5,2822.12,51.98,131,307,CHAOS,40.0,29.0,WORKLOAD_STEP
2026-07-10 00:55:12.882659100+05:30,42.3,44,30.4,2711.64,51.98,131,307,CHAOS,40.0,29.0,WORKLOAD_STEP
2026-07-10 00:55:14.908913100+05:30,42.1,39,31.1,1998.56,51.98,131,307,CHAOS,40.0,29.0,WORKLOAD_STEP
2026-07-10 00:55:16.943763+05:30,44.0,36,28.1,2179.34,51.98,131,307,CHAOS,40.0,29.0,WORKLOAD_STEP
2026-07-10 00:55:18.973657+05:30,47.0,38,30.0,2169.3,51.98,131,307,CHAOS,40.0,29.0,WORKLOAD_STEP
2026-07-10 00:55:21.009400300+05:30,44.1,38,30.1,2078.91,51.98,131,307,CHAOS,40.0,29.0,WORKLOAD_STEP
2026-07-10 00:55:23.038296900+05:30,45.6,39,26.6,2530.86,51.98,131,307,CHAOS,40.0,29.0,WORKLOAD_STEP
2026-07-10 00:55:25.066911400+05:30,44.0,39,29.7,2751.82,51.98,132,307,CHAOS,40.0,29.0,WORKLOAD_STEP
2026-07-10 00:55:27.096473800+05:30,44.7,42,29.6,2179.34,51.98,132,307,CHAOS,40.0,29.0,WORKLOAD_STEP
2026-07-10 00:55:29.130203200+05:30,45.6,43,32.3,3043.08,51.98,131,307,CHAOS,40.0,29.0,WORKLOAD_STEP
2026-07-10 00:55:31.167642400+05:30,45.8,35,32.8,2701.6,51.99,131,307,CHAOS,40.0,29.0,WORKLOAD_STEP
2026-07-10 00:55:33.197182+05:30,44.8,36,30.7,2309.9,51.98,131,307,CHAOS,40.0,29.0,WORKLOAD_STEP
2026-07-10 00:55:35.222447800+05:30,43.7,38,29.4,2008.6,51.98,131,307,CHAOS,40.0,29.0,WORKLOAD_STEP
2026-07-10 00:55:37.249666500+05:30,43.8,32,32.6,2540.9,51.98,131,307,CHAOS,40.0,29.0,WORKLOAD_STEP
2026-07-10 00:55:39.280096800+05:30,43.2,35,31.2,2018.65,51.99,131,307,CHAOS,40.0,29.0,WORKLOAD_STEP
2026-07-10 00:55:41.309336600+05:30,45.9,35,31.6,2862.3,51.98,131,307,CHAOS,40.0,29.0,WORKLOAD_STEP
2026-07-10 00:55:43.340928400+05:30,46.2,38,34.4,2882.38,51.99,131,307,CHAOS,40.0,29.0,WORKLOAD_STEP
2026-07-10 00:55:45.370377500+05:30,52.6,42,31.4,2350.08,52.04,131,307,CHAOS,40.0,29.0,WORKLOAD_STEP
2026-07-10 00:55:47.404831900+05:30,44.7,32,32.2,2711.64,52.04,131,307,CHAOS,40.0,29.0,WORKLOAD_STEP
2026-07-10 00:55:49.443601400+05:30,44.0,39,28.2,2520.82,52.05,131,307,CHAOS,40.0,29.0,WORKLOAD_STEP
2026-07-10 00:55:51.472360200+05:30,44.3,39,28.8,2520.82,52.05,131,307,CHAOS,40.0,29.0,WORKLOAD_STEP
2026-07-10 00:55:53.501034100+05:30,45.8,34,30.2,2520.82,52.06,131,307,CHAOS,40.0,29.0,WORKLOAD_STEP
2026-07-10 00:55:55.526769200+05:30,45.4,35,32.0,2189.38,52.06,131,307,CHAOS,40.0,29.0,WORKLOAD_STEP
2026-07-10 00:55:57.556185500+05:30,45.0,35,30.0,2520.82,52.06,131,307,CHAOS,40.0,29.0,WORKLOAD_STEP
2026-07-10 00:55:59.583222600+05:30,42.8,36,32.0,2882.38,52.06,131,307,CHAOS,40.0,29.0,WORKLOAD_STEP
2026-07-10 00:56:01.622770+05:30,43.3,38,32.7,2540.9,52.06,131,307,CHAOS,40.0,29.0,WORKLOAD_STEP
2026-07-10 00:56:03.651746600+05:30,42.2,35,32.7,2681.51,52.07,131,307,CHAOS,40.0,29.0,WORKLOAD_STEP
2026-07-10 00:56:05.683528200+05:30,48.3,38,29.5,2530.86,52.06,131,307,CHAOS,40.0,29.0,WORKLOAD_STEP
2026-07-10 00:56:07.709080400+05:30,46.1,35,30.3,2681.51,52.07,131,307,CHAOS,40.0,29.0,WORKLOAD_STEP
2026-07-10 00:56:09.740626200+05:30,46.6,34,28.6,2882.38,52.07,132,307,CHAOS,40.0,29.0,WORKLOAD_STEP
2026-07-10 00:56:11.775554900+05:30,43.4,35,29.1,2520.81,52.07,132,307,CHAOS,40.0,29.0,WORKLOAD_STEP
2026-07-10 00:56:13.803615500+05:30,43.8,34,27.9,2701.61,52.08,131,307,CHAOS,40.0,29.0,WORKLOAD_STEP
2026-07-10 00:56:15.832791100+05:30,42.2,35,29.2,2550.95,52.07,131,307,CHAOS,40.0,29.0,WORKLOAD_STEP
2026-07-10 00:56:17.868414100+05:30,46.5,35,29.6,2701.6,52.08,131,307,CHAOS,40.0,29.0,WORKLOAD_STEP
2026-07-10 00:56:19.899742900+05:30,45.4,34,29.6,2179.34,52.07,131,307,CHAOS,40.0,29.0,WORKLOAD_STEP
2026-07-10 00:56:21.931609+05:30,45.2,35,30.2,2360.12,52.08,131,307,CHAOS,40.0,29.0,WORKLOAD_STEP
2026-07-10 00:56:23.964022600+05:30,42.6,42,30.6,2520.82,52.06,131,307,CHAOS,40.0,29.0,WORKLOAD_STEP
2026-07-10 00:56:25.994114300+05:30,42.2,40,28.8,2520.82,52.07,131,307,CHAOS,40.0,29.0,WORKLOAD_STEP
2026-07-10 00:56:28.020886+05:30,43.1,34,28.4,2169.3,52.06,131,307,CHAOS,40.0,29.0,WORKLOAD_STEP
2026-07-10 00:56:30.048994800+05:30,45.9,32,31.4,2360.12,52.06,131,307,CHAOS,40.0,29.0,WORKLOAD_STEP
2026-07-10 00:56:32.085821500+05:30,45.8,32,30.5,2711.64,52.06,131,307,CHAOS,40.0,29.0,WORKLOAD_STEP
2026-07-10 00:56:34.113955400+05:30,45.2,32,31.1,2701.6,52.06,131,307,CHAOS,40.0,29.0,WORKLOAD_STEP
2026-07-10 00:56:36.146493800+05:30,43.7,35,29.9,2360.12,52.06,131,307,CHAOS,40.0,29.0,WORKLOAD_STEP
2026-07-10 00:56:38.176569600+05:30,41.8,32,27.8,2530.86,52.06,131,307,CHAOS,40.0,29.0,WORKLOAD_STEP
2026-07-10 00:56:40.205759700+05:30,43.3,38,30.8,2882.38,52.06,130,307,CHAOS,40.0,29.0,WORKLOAD_STEP
2026-07-10 00:56:42.238027900+05:30,46.0,32,31.8,2169.3,52.06,130,307,CHAOS,40.0,29.0,WORKLOAD_STEP
2026-07-10 00:56:44.269813100+05:30,47.5,32,30.7,1998.56,52.06,130,307,CHAOS,40.0,29.0,WORKLOAD_STEP
2026-07-10 00:56:46.297851500+05:30,45.9,30,30.8,2169.3,52.06,130,307,CHAOS,40.0,29.0,WORKLOAD_STEP
2026-07-10 00:56:48.333154800+05:30,45.2,30,30.2,2159.25,52.06,130,307,CHAOS,40.0,29.0,WORKLOAD_STEP
2026-07-10 00:56:50.368210100+05:30,42.7,30,32.5,2360.12,52.07,130,307,CHAOS,40.0,29.0,WORKLOAD_STEP
2026-07-10 00:56:52.402343700+05:30,44.4,34,29.2,2530.86,52.07,130,307,CHAOS,40.0,29.0,WORKLOAD_STEP
2026-07-10 00:56:54.434623400+05:30,47.0,32,30.9,2530.86,52.06,130,307,CHAOS,40.0,29.0,WORKLOAD_STEP
2026-07-10 00:56:56.465292+05:30,46.0,35,31.4,2701.6,52.04,130,307,CHAOS,40.0,29.0,WORKLOAD_STEP
2026-07-10 00:56:58.500530+05:30,41.6,38,34.3,2530.86,52.03,130,307,CHAOS,40.0,29.0,WORKLOAD_STEP
2026-07-10 00:57:00.534326900+05:30,45.7,32,31.0,2340.04,52.05,130,307,CHAOS,40.0,29.0,WORKLOAD_STEP
2026-07-10 00:57:02.575177300+05:30,42.4,32,32.7,2530.86,52.04,130,307,CHAOS,40.0,29.0,WORKLOAD_STEP
2026-07-10 00:57:04.603325500+05:30,46.2,34,29.6,2711.64,52.05,130,307,CHAOS,40.0,29.0,WORKLOAD_STEP
2026-07-10 00:57:06.631672400+05:30,46.4,32,29.7,2681.51,52.04,130,307,CHAOS,40.0,29.0,WORKLOAD_STEP
2026-07-10 00:57:08.661653400+05:30,45.0,32,31.8,2711.64,52.06,130,307,CHAOS,40.0,29.0,WORKLOAD_STEP
2026-07-10 00:57:10.691379500+05:30,43.5,30,30.2,2189.38,52.05,130,307,CHAOS,40.0,29.0,WORKLOAD_STEP
2026-07-10 00:57:12.725662900+05:30,41.6,34,32.7,2159.26,52.05,130,307,CHAOS,40.0,29.0,WORKLOAD_STEP
2026-07-10 00:57:14.757648300+05:30,43.6,34,29.0,2520.82,52.05,130,307,CHAOS,40.0,29.0,WORKLOAD_STEP
2026-07-10 00:57:16.788825600+05:30,45.3,32,28.8,2470.6,52.06,130,307,CHAOS,40.0,29.0,WORKLOAD_STEP
2026-07-10 00:57:18.827692200+05:30,46.0,30,30.0,2530.86,52.06,130,307,CHAOS,40.0,29.0,WORKLOAD_STEP
2026-07-10 00:57:20.856079600+05:30,44.0,35,31.6,2098.99,52.06,130,307,CHAOS,40.0,29.0,WORKLOAD_STEP
2026-07-10 00:57:22.885512600+05:30,45.4,32,29.5,2219.5,52.03,130,306,CHAOS,40.0,29.0,WORKLOAD_STEP
2026-07-10 00:57:24.918340800+05:30,43.1,30,29.5,2189.38,52.06,131,306,CHAOS,40.0,29.0,WORKLOAD_STEP
2026-07-10 00:57:26.945037200+05:30,46.7,30,32.3,2520.82,52.05,131,306,CHAOS,40.0,29.0,WORKLOAD_STEP
2026-07-10 00:57:28.972622+05:30,46.0,32,31.7,2179.34,52.05,130,306,CHAOS,40.0,29.0,WORKLOAD_STEP
2026-07-10 00:57:31.001334700+05:30,45.9,30,29.3,2350.08,52.05,130,306,CHAOS,40.0,29.0,WORKLOAD_STEP
2026-07-10 00:57:33.035096200+05:30,44.7,32,30.1,2691.56,52.05,130,306,CHAOS,40.0,29.0,WORKLOAD_STEP
2026-07-10 00:57:35.059972900+05:30,45.3,32,32.2,2691.56,52.06,130,306,CHAOS,40.0,29.0,WORKLOAD_STEP
2026-07-10 00:57:37.088374700+05:30,46.1,32,30.7,2169.3,52.06,132,306,CHAOS,40.0,29.0,WORKLOAD_STEP
2026-07-10 00:57:39.115291800+05:30,42.0,34,32.8,2540.9,52.07,132,306,CHAOS,40.0,29.0,WORKLOAD_STEP
2026-07-10 00:57:41.143956200+05:30,46.6,29,29.7,2370.16,52.06,132,306,CHAOS,40.0,29.0,WORKLOAD_STEP
2026-07-10 00:57:43.178383800+05:30,37.7,47,11.7,1345.76,52.07,132,306,CHAOS,30.0,30.0,WORKLOAD_STEP
2026-07-10 00:57:45.206720700+05:30,38.6,48,12.4,1365.86,52.06,132,306,CHAOS,30.0,30.0,WORKLOAD_STEP
2026-07-10 00:57:47.235610+05:30,36.2,46,14.0,1375.9,52.11,132,306,CHAOS,30.0,30.0,WORKLOAD_STEP
2026-07-10 00:57:49.304136800+05:30,37.5,48,12.8,1596.83,52.06,132,306,CHAOS,30.0,30.0,WORKLOAD_STEP
2026-07-10 00:57:51.346783+05:30,36.5,48,12.9,1124.81,52.07,132,306,CHAOS,30.0,30.0,WORKLOAD_STEP
2026-07-10 00:57:53.378579700+05:30,40.6,40,18.7,1888.1,52.07,132,306,CHAOS,30.0,30.0,WORKLOAD_STEP
2026-07-10 00:57:55.443075100+05:30,37.3,48,13.1,2078.91,52.07,132,306,CHAOS,30.0,30.0,WORKLOAD_STEP
2026-07-10 00:57:57.490132900+05:30,39.3,49,14.6,1275.47,52.23,134,306,CHAOS,30.0,30.0,WORKLOAD_STEP
2026-07-10 00:57:59.523660400+05:30,37.0,52,16.4,1104.72,52.14,134,306,CHAOS,30.0,30.0,WORKLOAD_STEP
2026-07-10 00:58:01.598896300+05:30,39.0,52,16.2,1616.94,52.14,134,306,CHAOS,30.0,30.0,WORKLOAD_STEP
2026-07-10 00:58:03.633151200+05:30,37.3,49,13.6,1265.42,52.12,134,306,CHAOS,30.0,30.0,WORKLOAD_STEP
2026-07-10 00:58:05.672606600+05:30,42.5,42,13.6,1667.15,52.12,134,306,CHAOS,30.0,30.0,WORKLOAD_STEP
2026-07-10 00:58:07.742734300+05:30,35.4,50,15.0,1456.23,52.12,134,306,CHAOS,30.0,30.0,WORKLOAD_STEP
2026-07-10 00:58:09.771778200+05:30,38.7,50,14.8,1496.41,52.12,133,306,CHAOS,30.0,30.0,WORKLOAD_STEP
2026-07-10 00:58:11.809231700+05:30,33.9,50,16.7,2078.93,52.12,133,306,CHAOS,30.0,30.0,WORKLOAD_STEP
2026-07-10 00:58:13.867964300+05:30,35.1,48,19.6,1506.45,52.12,133,306,CHAOS,30.0,30.0,WORKLOAD_STEP
2026-07-10 00:58:15.896234200+05:30,36.5,49,19.7,1817.79,52.11,133,306,CHAOS,30.0,30.0,WORKLOAD_STEP
2026-07-10 00:58:17.928955300+05:30,36.6,47,24.0,2510.78,52.16,133,306,CHAOS,30.0,30.0,WORKLOAD_STEP
2026-07-10 00:58:19.978816700+05:30,35.9,48,24.2,1777.61,52.11,133,306,CHAOS,30.0,30.0,WORKLOAD_STEP
2026-07-10 00:58:22.013415300+05:30,34.0,44,20.6,1586.79,52.11,133,306,CHAOS,30.0,30.0,WORKLOAD_STEP
2026-07-10 00:58:24.046284300+05:30,35.5,45,17.5,1687.23,52.11,133,306,CHAOS,30.0,30.0,WORKLOAD_STEP
2026-07-10 00:58:26.075996800+05:30,35.4,51,15.3,1506.46,52.11,134,306,CHAOS,30.0,30.0,WORKLOAD_STEP
2026-07-10 00:58:28.140569700+05:30,43.6,49,19.6,1526.54,52.07,132,306,CHAOS,30.0,30.0,WORKLOAD_STEP
2026-07-10 00:58:30.178363400+05:30,38.4,51,16.2,1175.02,52.07,132,306,CHAOS,30.0,30.0,WORKLOAD_STEP
2026-07-10 00:58:32.206887800+05:30,39.9,51,16.9,1556.67,52.07,132,306,CHAOS,30.0,30.0,WORKLOAD_STEP
2026-07-10 00:58:34.243551600+05:30,36.7,42,22.4,1586.8,52.06,132,306,CHAOS,30.0,30.0,WORKLOAD_STEP
2026-07-10 00:58:36.305199500+05:30,35.7,49,23.0,1817.79,52.07,132,306,CHAOS,30.0,30.0,WORKLOAD_STEP
2026-07-10 00:58:38.334472900+05:30,34.5,42,25.0,2159.24,52.07,132,306,CHAOS,30.0,30.0,WORKLOAD_STEP
2026-07-10 00:58:40.364542500+05:30,34.5,42,25.0,2099.0,52.08,132,306,CHAOS,30.0,30.0,WORKLOAD_STEP
2026-07-10 00:58:42.397228300+05:30,49.6,45,29.8,3053.12,52.07,132,306,CHAOS,80.0,31.0,WORKLOAD_STEP
2026-07-10 00:58:44.430929200+05:30,82.3,35,35.8,2701.6,52.07,133,306,CHAOS,80.0,31.0,WORKLOAD_STEP
2026-07-10 00:58:46.457731800+05:30,82.4,34,36.3,2872.34,52.07,133,306,CHAOS,80.0,31.0,WORKLOAD_STEP
2026-07-10 00:58:48.483548600+05:30,81.6,34,39.3,3053.12,52.07,133,306,CHAOS,80.0,31.0,WORKLOAD_STEP
2026-07-10 00:58:50.535443800+05:30,82.1,35,38.1,2701.6,52.07,133,306,CHAOS,80.0,31.0,WORKLOAD_STEP
2026-07-10 00:58:52.569468200+05:30,85.4,35,40.0,3053.12,52.07,133,306,CHAOS,80.0,31.0,WORKLOAD_STEP
2026-07-10 00:58:54.602023+05:30,82.6,38,36.9,3053.12,52.07,133,306,CHAOS,80.0,31.0,WORKLOAD_STEP
2026-07-10 00:58:56.626939600+05:30,82.2,36,41.4,3053.12,52.11,133,306,CHAOS,80.0,31.0,WORKLOAD_STEP
2026-07-10 00:58:58.667340100+05:30,82.0,32,39.5,2882.38,52.07,133,306,CHAOS,80.0,31.0,WORKLOAD_STEP
2026-07-10 00:59:00.699536400+05:30,81.5,34,38.3,3053.12,52.08,133,306,CHAOS,80.0,31.0,WORKLOAD_STEP
2026-07-10 00:59:02.729915700+05:30,82.9,32,40.3,2872.34,52.07,133,306,CHAOS,80.0,31.0,WORKLOAD_STEP
2026-07-10 00:59:04.762082800+05:30,85.8,32,39.7,2540.9,52.07,133,306,CHAOS,80.0,31.0,WORKLOAD_STEP
2026-07-10 00:59:06.815128800+05:30,83.4,32,37.9,2872.34,52.08,133,306,CHAOS,80.0,31.0,WORKLOAD_STEP
2026-07-10 00:59:08.843226900+05:30,81.3,32,39.8,3053.12,52.09,133,306,CHAOS,80.0,31.0,WORKLOAD_STEP
2026-07-10 00:59:10.872356200+05:30,81.3,35,41.7,2872.34,52.08,133,306,CHAOS,80.0,31.0,WORKLOAD_STEP
2026-07-10 00:59:12.900243800+05:30,81.4,32,37.3,3053.12,52.08,133,306,CHAOS,80.0,31.0,WORKLOAD_STEP
2026-07-10 00:59:14.930786300+05:30,85.2,32,39.5,3053.12,52.08,133,306,CHAOS,80.0,31.0,WORKLOAD_STEP
2026-07-10 00:59:16.963232400+05:30,84.0,35,41.2,3053.12,52.08,133,306,CHAOS,80.0,31.0,WORKLOAD_STEP
2026-07-10 00:59:18.993826800+05:30,85.0,32,42.5,3053.12,52.08,133,306,CHAOS,80.0,31.0,WORKLOAD_STEP
2026-07-10 00:59:21.028060700+05:30,82.1,32,40.5,3053.12,52.08,133,306,CHAOS,80.0,31.0,WORKLOAD_STEP
2026-07-10 00:59:23.060558100+05:30,82.7,32,41.6,2882.38,52.08,133,306,CHAOS,80.0,31.0,WORKLOAD_STEP
2026-07-10 00:59:25.089645500+05:30,81.1,34,37.8,3053.12,52.08,134,306,CHAOS,80.0,31.0,WORKLOAD_STEP
2026-07-10 00:59:27.120558400+05:30,85.6,32,41.2,3053.12,52.08,134,306,CHAOS,80.0,31.0,WORKLOAD_STEP
2026-07-10 00:59:29.156590800+05:30,85.3,34,40.2,3053.12,52.09,133,306,CHAOS,80.0,31.0,WORKLOAD_STEP
2026-07-10 00:59:31.189936100+05:30,84.7,32,45.9,2882.38,52.09,133,306,CHAOS,80.0,31.0,WORKLOAD_STEP
2026-07-10 00:59:33.221714800+05:30,83.4,32,37.5,3053.12,52.08,133,306,CHAOS,80.0,31.0,WORKLOAD_STEP
2026-07-10 00:59:35.253207200+05:30,83.3,34,41.6,3053.12,52.09,132,306,CHAOS,80.0,31.0,WORKLOAD_STEP
2026-07-10 00:59:37.288010200+05:30,82.5,34,40.0,3053.12,52.08,132,306,CHAOS,80.0,31.0,WORKLOAD_STEP
2026-07-10 00:59:39.314128200+05:30,86.3,32,39.6,3053.12,52.09,132,306,CHAOS,80.0,31.0,WORKLOAD_STEP
2026-07-10 00:59:41.343891700+05:30,85.6,34,40.0,3053.12,52.08,132,306,CHAOS,80.0,31.0,WORKLOAD_STEP
2026-07-10 00:59:43.372946900+05:30,83.3,32,41.5,2882.38,52.09,131,306,CHAOS,80.0,31.0,WORKLOAD_STEP
2026-07-10 00:59:45.405040700+05:30,82.0,32,41.2,3053.12,52.08,130,306,CHAOS,80.0,31.0,WORKLOAD_STEP
2026-07-10 00:59:47.436540300+05:30,82.4,34,38.2,2882.38,52.09,130,306,CHAOS,80.0,31.0,WORKLOAD_STEP
2026-07-10 00:59:49.463566900+05:30,82.5,32,37.6,3053.12,52.09,130,306,CHAOS,80.0,31.0,WORKLOAD_STEP
2026-07-10 00:59:51.502590400+05:30,85.6,30,42.3,3053.12,52.09,130,306,CHAOS,80.0,31.0,WORKLOAD_STEP
2026-07-10 00:59:53.532083700+05:30,84.1,32,41.8,3053.12,52.08,130,306,CHAOS,80.0,31.0,WORKLOAD_STEP
2026-07-10 00:59:55.563684600+05:30,84.6,32,42.8,3053.12,52.09,130,306,CHAOS,80.0,31.0,WORKLOAD_STEP
2026-07-10 00:59:57.593136400+05:30,83.3,32,39.7,3053.12,52.08,130,306,CHAOS,80.0,31.0,WORKLOAD_STEP
2026-07-10 00:59:59.624254200+05:30,83.7,30,42.0,3053.12,52.09,130,306,CHAOS,80.0,31.0,WORKLOAD_STEP
2026-07-10 01:00:01.652663200+05:30,82.3,32,41.6,3053.12,52.09,130,306,CHAOS,80.0,31.0,WORKLOAD_STEP
2026-07-10 01:00:03.684145200+05:30,85.8,30,42.6,2882.38,52.09,130,306,CHAOS,80.0,31.0,WORKLOAD_STEP
2026-07-10 01:00:05.714609+05:30,83.4,29,44.0,3053.12,52.09,130,306,CHAOS,80.0,31.0,WORKLOAD_STEP
2026-07-10 01:00:07.749058800+05:30,83.6,30,43.5,3053.12,52.14,130,306,CHAOS,80.0,31.0,WORKLOAD_STEP
2026-07-10 01:00:09.784420600+05:30,81.6,30,37.1,3053.12,52.09,130,306,CHAOS,80.0,31.0,WORKLOAD_STEP
2026-07-10 01:00:11.812160300+05:30,81.3,32,41.0,2882.38,52.09,130,306,CHAOS,80.0,31.0,WORKLOAD_STEP
2026-07-10 01:00:13.841209800+05:30,84.2,32,41.4,3053.12,52.09,130,306,CHAOS,80.0,31.0,WORKLOAD_STEP
2026-07-10 01:00:15.871111900+05:30,84.3,30,41.5,3053.12,52.09,130,306,CHAOS,80.0,31.0,WORKLOAD_STEP
2026-07-10 01:00:17.901226500+05:30,83.1,32,40.8,3053.12,52.09,130,306,CHAOS,80.0,31.0,WORKLOAD_STEP
2026-07-10 01:00:19.931115300+05:30,82.7,30,45.3,3053.12,52.08,130,306,CHAOS,80.0,31.0,WORKLOAD_STEP
2026-07-10 01:00:21.960951600+05:30,82.9,30,38.0,3053.12,52.08,130,306,CHAOS,80.0,31.0,WORKLOAD_STEP
2026-07-10 01:00:23.996984900+05:30,81.5,32,38.4,3053.12,52.08,130,306,CHAOS,80.0,31.0,WORKLOAD_STEP
2026-07-10 01:00:26.025794200+05:30,83.3,30,38.9,2872.34,52.08,130,306,CHAOS,80.0,31.0,WORKLOAD_STEP
2026-07-10 01:00:28.053831500+05:30,84.2,32,39.8,3053.12,52.09,130,306,CHAOS,80.0,31.0,WORKLOAD_STEP
2026-07-10 01:00:30.081720500+05:30,83.8,32,39.0,3053.12,52.08,130,306,CHAOS,80.0,31.0,WORKLOAD_STEP
2026-07-10 01:00:32.113785600+05:30,81.8,32,41.5,3053.12,52.09,130,306,CHAOS,80.0,31.0,WORKLOAD_STEP
2026-07-10 01:00:34.145126700+05:30,83.1,32,42.3,3053.12,52.09,130,306,CHAOS,80.0,31.0,WORKLOAD_STEP
2026-07-10 01:00:36.174106300+05:30,82.2,30,42.4,3053.12,52.09,130,306,CHAOS,80.0,31.0,WORKLOAD_STEP
2026-07-10 01:00:38.213444700+05:30,84.5,32,41.7,3053.12,52.09,130,306,CHAOS,80.0,31.0,WORKLOAD_STEP
2026-07-10 01:00:40.240811500+05:30,84.8,32,36.7,2882.38,52.09,130,306,CHAOS,80.0,31.0,WORKLOAD_STEP
2026-07-10 01:00:42.271644200+05:30,84.2,32,41.0,2882.38,52.09,130,306,CHAOS,80.0,31.0,WORKLOAD_STEP
2026-07-10 01:00:44.302952800+05:30,83.2,34,41.1,3053.12,52.09,130,306,CHAOS,80.0,31.0,WORKLOAD_STEP
2026-07-10 01:00:46.332149200+05:30,84.2,32,40.8,3053.12,52.1,130,306,CHAOS,80.0,31.0,WORKLOAD_STEP
2026-07-10 01:00:48.359507200+05:30,81.8,32,40.4,3053.12,52.1,130,306,CHAOS,80.0,31.0,WORKLOAD_STEP
2026-07-10 01:00:50.386864100+05:30,84.9,30,44.7,3053.12,52.11,130,306,CHAOS,80.0,31.0,WORKLOAD_STEP
2026-07-10 01:00:52.415603600+05:30,84.6,32,39.4,3053.12,52.1,130,306,CHAOS,80.0,31.0,WORKLOAD_STEP
2026-07-10 01:00:54.452743900+05:30,83.1,30,40.9,2872.34,52.11,130,306,CHAOS,80.0,31.0,WORKLOAD_STEP
2026-07-10 01:00:56.480753100+05:30,82.2,30,39.7,3053.12,52.1,130,306,CHAOS,80.0,31.0,WORKLOAD_STEP
2026-07-10 01:00:58.507067200+05:30,83.1,32,39.3,3053.12,52.11,130,306,CHAOS,80.0,31.0,WORKLOAD_STEP
2026-07-10 01:01:00.542794900+05:30,83.8,30,37.0,3053.12,52.11,130,306,CHAOS,80.0,31.0,WORKLOAD_STEP
2026-07-10 01:01:02.571259400+05:30,86.4,32,42.9,3053.12,52.11,130,306,CHAOS,80.0,31.0,WORKLOAD_STEP
2026-07-10 01:01:04.599407700+05:30,85.3,29,39.9,3053.08,52.1,130,306,CHAOS,80.0,31.0,WORKLOAD_STEP
2026-07-10 01:01:06.628155300+05:30,84.3,30,40.2,3053.12,52.12,130,306,CHAOS,80.0,31.0,WORKLOAD_STEP
2026-07-10 01:01:08.663368+05:30,86.7,30,42.0,3053.12,52.11,130,306,CHAOS,80.0,31.0,WORKLOAD_STEP
2026-07-10 01:01:10.688920900+05:30,83.5,29,41.6,3053.12,52.12,130,306,CHAOS,80.0,31.0,WORKLOAD_STEP
2026-07-10 01:01:12.716481600+05:30,82.3,32,39.5,3053.12,52.11,130,306,CHAOS,80.0,31.0,WORKLOAD_STEP
2026-07-10 01:01:14.746654+05:30,85.3,30,40.4,2882.38,52.09,130,306,CHAOS,80.0,31.0,WORKLOAD_STEP
2026-07-10 01:01:16.775567500+05:30,85.5,30,40.3,3053.12,52.09,130,306,CHAOS,80.0,31.0,WORKLOAD_STEP
2026-07-10 01:01:18.805710300+05:30,83.4,30,38.4,3053.12,52.13,131,306,CHAOS,80.0,31.0,WORKLOAD_STEP
2026-07-10 01:01:20.834733700+05:30,81.7,30,40.0,3053.12,52.09,131,306,CHAOS,80.0,31.0,WORKLOAD_STEP
2026-07-10 01:01:22.866049500+05:30,81.5,30,40.7,3053.12,52.12,131,306,CHAOS,80.0,31.0,WORKLOAD_STEP
2026-07-10 01:01:24.905113400+05:30,81.4,32,42.1,2882.38,52.1,132,306,CHAOS,80.0,31.0,WORKLOAD_STEP
2026-07-10 01:01:26.934421700+05:30,84.8,32,39.3,3053.12,52.1,132,306,CHAOS,80.0,31.0,WORKLOAD_STEP
2026-07-10 01:01:28.966340300+05:30,84.3,32,42.6,2882.38,52.1,131,306,CHAOS,80.0,31.0,WORKLOAD_STEP
2026-07-10 01:01:30.993195100+05:30,83.3,32,43.4,3053.12,52.1,131,306,CHAOS,80.0,31.0,WORKLOAD_STEP
2026-07-10 01:01:33.022615700+05:30,82.3,30,41.9,3053.12,52.1,131,306,CHAOS,80.0,31.0,WORKLOAD_STEP
2026-07-10 01:01:35.053952800+05:30,81.9,30,40.4,3053.12,52.11,131,306,CHAOS,80.0,31.0,WORKLOAD_STEP
2026-07-10 01:01:37.081116200+05:30,82.1,30,39.8,3053.12,52.11,131,306,CHAOS,80.0,31.0,WORKLOAD_STEP
2026-07-10 01:01:39.117309800+05:30,84.7,32,38.6,3053.12,52.11,131,306,CHAOS,80.0,31.0,WORKLOAD_STEP
2026-07-10 01:01:41.149477100+05:30,84.2,32,39.3,2882.38,52.11,131,306,CHAOS,80.0,31.0,WORKLOAD_STEP
2026-07-10 01:01:43.182481500+05:30,82.6,30,41.7,3053.12,52.11,131,306,CHAOS,80.0,31.0,WORKLOAD_STEP
2026-07-10 01:01:45.214038700+05:30,83.0,30,39.6,3053.12,52.12,131,306,CHAOS,80.0,31.0,WORKLOAD_STEP
2026-07-10 01:01:47.242860600+05:30,83.2,32,41.0,3053.12,52.11,130,306,CHAOS,80.0,31.0,WORKLOAD_STEP
2026-07-10 01:01:49.270826600+05:30,83.5,30,43.0,2882.38,52.12,130,306,CHAOS,80.0,31.0,WORKLOAD_STEP
2026-07-10 01:01:51.298850300+05:30,84.4,30,40.8,3053.12,52.12,130,306,CHAOS,80.0,31.0,WORKLOAD_STEP
2026-07-10 01:01:53.327141300+05:30,85.6,32,39.1,2872.34,52.11,130,306,CHAOS,80.0,31.0,WORKLOAD_STEP
2026-07-10 01:01:55.362757+05:30,82.8,30,38.5,3053.12,52.08,130,306,CHAOS,80.0,31.0,WORKLOAD_STEP
2026-07-10 01:01:57.392800500+05:30,83.2,30,41.5,3053.12,52.08,131,306,CHAOS,80.0,31.0,WORKLOAD_STEP
2026-07-10 01:01:59.422416700+05:30,82.2,32,40.5,2882.38,52.08,131,306,CHAOS,80.0,31.0,WORKLOAD_STEP
2026-07-10 01:02:01.452689200+05:30,83.6,30,40.1,3053.12,52.08,131,306,CHAOS,80.0,31.0,WORKLOAD_STEP
2026-07-10 01:02:03.482426400+05:30,62.0,49,24.3,1496.41,52.07,131,306,CHAOS,0.0,32.0,WORKLOAD_STEP
2026-07-10 01:02:05.532479+05:30,9.2,51,9.6,1667.14,52.2,131,309,CHAOS,0.0,32.0,WORKLOAD_STEP
2026-07-10 01:02:07.564788300+05:30,11.4,52,11.0,1195.1,52.24,131,310,CHAOS,0.0,32.0,WORKLOAD_STEP
2026-07-10 01:02:09.610488900+05:30,9.3,49,9.2,1436.15,52.23,131,310,CHAOS,0.0,32.0,WORKLOAD_STEP
2026-07-10 01:02:11.674425200+05:30,9.0,53,8.9,1245.33,52.2,131,310,CHAOS,0.0,32.0,WORKLOAD_STEP
2026-07-10 01:02:13.710696100+05:30,8.0,53,8.8,1576.75,52.19,131,310,CHAOS,0.0,32.0,WORKLOAD_STEP
2026-07-10 01:02:15.758605500+05:30,7.0,52,8.4,1205.15,52.17,131,310,CHAOS,0.0,32.0,WORKLOAD_STEP
2026-07-10 01:02:17.800570400+05:30,7.4,55,8.6,1175.03,52.18,131,310,CHAOS,0.0,32.0,WORKLOAD_STEP
2026-07-10 01:02:19.855778100+05:30,6.7,52,8.6,1285.5,52.19,132,310,CHAOS,0.0,32.0,WORKLOAD_STEP
2026-07-10 01:02:21.909034600+05:30,9.6,54,8.5,1426.11,52.2,132,311,CHAOS,0.0,32.0,WORKLOAD_STEP
2026-07-10 01:02:23.963802600+05:30,18.6,55,10.1,1195.11,52.24,132,312,CHAOS,0.0,32.0,WORKLOAD_STEP
2026-07-10 01:02:26.016139200+05:30,7.5,57,8.6,1265.41,52.21,131,312,CHAOS,0.0,32.0,WORKLOAD_STEP
2026-07-10 01:02:28.065977+05:30,9.4,55,9.1,1205.14,52.21,130,312,CHAOS,0.0,32.0,WORKLOAD_STEP
2026-07-10 01:02:30.111923200+05:30,7.6,55,8.8,1185.08,52.23,130,312,CHAOS,0.0,32.0,WORKLOAD_STEP
2026-07-10 01:02:32.158882600+05:30,12.3,58,9.2,1375.89,52.23,130,312,CHAOS,0.0,32.0,WORKLOAD_STEP
2026-07-10 01:02:34.196798700+05:30,9.7,58,9.7,1395.97,52.24,135,312,CHAOS,0.0,32.0,WORKLOAD_STEP
2026-07-10 01:02:36.244320200+05:30,8.7,54,9.0,1195.11,52.2,135,311,CHAOS,0.0,32.0,WORKLOAD_STEP
2026-07-10 01:02:38.284599600+05:30,8.8,56,8.4,1245.33,52.22,135,311,CHAOS,0.0,32.0,WORKLOAD_STEP
2026-07-10 01:02:40.319629700+05:30,12.4,56,8.9,1175.03,52.22,135,311,CHAOS,0.0,32.0,WORKLOAD_STEP
2026-07-10 01:02:42.352725300+05:30,9.2,56,8.9,1255.38,52.22,135,311,CHAOS,0.0,32.0,WORKLOAD_STEP
2026-07-10 01:02:44.394369900+05:30,8.3,59,8.7,1295.55,52.23,135,310,CHAOS,0.0,32.0,WORKLOAD_STEP
2026-07-10 01:02:46.430138500+05:30,10.2,56,8.6,1295.54,52.2,135,309,CHAOS,0.0,32.0,WORKLOAD_STEP
2026-07-10 01:02:48.469319700+05:30,8.1,56,8.9,1245.32,52.18,135,309,CHAOS,0.0,32.0,WORKLOAD_STEP
2026-07-10 01:02:50.522622600+05:30,11.6,57,9.3,1164.97,52.2,135,309,CHAOS,0.0,32.0,WORKLOAD_STEP
2026-07-10 01:02:52.570347700+05:30,7.4,57,8.8,1154.94,52.19,135,308,CHAOS,0.0,32.0,WORKLOAD_STEP
2026-07-10 01:02:54.607617800+05:30,7.3,56,10.9,1164.99,52.19,135,308,CHAOS,0.0,32.0,WORKLOAD_STEP
2026-07-10 01:02:56.684345400+05:30,6.5,56,8.9,1265.41,52.19,135,308,CHAOS,0.0,32.0,WORKLOAD_STEP
2026-07-10 01:02:58.733238800+05:30,11.9,59,8.8,1275.45,52.19,135,308,CHAOS,0.0,32.0,WORKLOAD_STEP
2026-07-10 01:03:00.787332900+05:30,7.0,56,8.5,1185.07,52.2,135,308,CHAOS,0.0,32.0,WORKLOAD_STEP
2026-07-10 01:03:02.838342800+05:30,13.6,56,9.0,1144.9,52.18,135,308,CHAOS,0.0,32.0,WORKLOAD_STEP
2026-07-10 01:03:04.895124500+05:30,7.1,57,8.7,1175.04,52.16,135,308,CHAOS,0.0,32.0,WORKLOAD_STEP
2026-07-10 01:03:06.941857900+05:30,7.8,57,8.7,1235.27,52.21,135,308,CHAOS,0.0,32.0,WORKLOAD_STEP
2026-07-10 01:03:08.991771800+05:30,8.8,57,8.7,1195.11,52.13,135,306,CHAOS,0.0,32.0,WORKLOAD_STEP
2026-07-10 01:03:11.020186200+05:30,7.3,57,8.7,1406.02,52.17,135,306,CHAOS,0.0,32.0,WORKLOAD_STEP
2026-07-10 01:03:13.056752100+05:30,7.4,58,8.4,1215.2,52.12,135,306,CHAOS,0.0,32.0,WORKLOAD_STEP
2026-07-10 01:03:15.108890+05:30,10.1,57,8.5,1245.32,52.13,135,306,CHAOS,0.0,32.0,WORKLOAD_STEP
2026-07-10 01:03:17.157259800+05:30,14.0,57,8.5,1185.07,52.14,135,306,CHAOS,0.0,32.0,WORKLOAD_STEP
2026-07-10 01:03:19.204350600+05:30,9.2,60,8.5,1566.72,52.14,135,306,CHAOS,0.0,32.0,WORKLOAD_STEP
2026-07-10 01:03:21.240832500+05:30,35.8,40,23.6,2701.6,52.17,135,306,CHAOS,80.0,33.0,WORKLOAD_STEP
2026-07-10 01:03:23.275071500+05:30,80.5,40,39.1,3053.12,52.16,135,306,CHAOS,80.0,33.0,WORKLOAD_STEP
2026-07-10 01:03:25.318731200+05:30,83.8,40,40.5,3053.12,52.28,137,307,CHAOS,80.0,33.0,WORKLOAD_STEP
2026-07-10 01:03:27.359946500+05:30,85.2,38,44.2,3053.12,52.29,137,307,CHAOS,80.0,33.0,WORKLOAD_STEP
2026-07-10 01:03:29.387516200+05:30,84.5,38,41.0,3053.12,51.9,136,307,CHAOS,80.0,33.0,WORKLOAD_STEP
2026-07-10 01:03:31.421740700+05:30,82.1,35,39.3,3053.12,51.87,136,307,CHAOS,80.0,33.0,WORKLOAD_STEP
2026-07-10 01:03:33.450451900+05:30,83.0,34,39.4,2882.38,51.89,136,307,CHAOS,80.0,33.0,WORKLOAD_STEP
2026-07-10 01:03:35.492752800+05:30,81.7,34,41.3,2882.38,51.9,136,307,CHAOS,80.0,33.0,WORKLOAD_STEP
2026-07-10 01:03:37.524920600+05:30,83.2,35,39.6,2882.38,51.94,138,307,CHAOS,80.0,33.0,WORKLOAD_STEP
2026-07-10 01:03:39.553643200+05:30,83.3,34,36.7,2882.38,51.93,138,307,CHAOS,80.0,33.0,WORKLOAD_STEP
2026-07-10 01:03:41.589824500+05:30,83.6,36,40.8,2701.6,51.94,138,307,CHAOS,80.0,33.0,WORKLOAD_STEP
2026-07-10 01:03:43.633004200+05:30,82.3,35,41.2,2882.38,51.93,138,307,CHAOS,80.0,33.0,WORKLOAD_STEP
2026-07-10 01:03:45.664499200+05:30,83.2,35,42.0,3053.12,51.94,138,307,CHAOS,80.0,33.0,WORKLOAD_STEP
2026-07-10 01:03:47.697781500+05:30,81.8,32,44.7,3053.12,51.94,138,307,CHAOS,80.0,33.0,WORKLOAD_STEP
2026-07-10 01:03:49.727592400+05:30,85.0,32,41.6,3053.12,51.94,138,307,CHAOS,80.0,33.0,WORKLOAD_STEP
2026-07-10 01:03:51.764140200+05:30,84.5,32,45.4,3053.12,51.94,138,307,CHAOS,80.0,33.0,WORKLOAD_STEP
2026-07-10 01:03:53.792442600+05:30,85.1,32,40.7,3053.12,51.94,138,307,CHAOS,80.0,33.0,WORKLOAD_STEP
2026-07-10 01:03:55.824185800+05:30,82.6,32,42.8,3053.12,51.92,137,307,CHAOS,80.0,33.0,WORKLOAD_STEP
2026-07-10 01:03:57.860325700+05:30,81.7,32,42.8,3053.12,51.96,137,307,CHAOS,80.0,33.0,WORKLOAD_STEP
2026-07-10 01:03:59.888795+05:30,81.9,35,37.0,3053.12,51.91,137,307,CHAOS,80.0,33.0,WORKLOAD_STEP
2026-07-10 01:04:01.921342900+05:30,84.8,34,40.6,3053.12,51.91,138,307,CHAOS,80.0,33.0,WORKLOAD_STEP
2026-07-10 01:04:03.955752700+05:30,84.0,34,41.8,3053.12,51.91,137,307,CHAOS,80.0,33.0,WORKLOAD_STEP
2026-07-10 01:04:05.983396500+05:30,82.5,32,42.4,3053.12,51.83,137,306,CHAOS,80.0,33.0,WORKLOAD_STEP
2026-07-10 01:04:08.012325700+05:30,81.6,32,38.6,3053.12,51.82,137,306,CHAOS,80.0,33.0,WORKLOAD_STEP
2026-07-10 01:04:10.040247500+05:30,81.9,32,39.0,3053.12,51.82,137,306,CHAOS,80.0,33.0,WORKLOAD_STEP
2026-07-10 01:04:12.067330600+05:30,82.9,32,40.2,2872.34,51.81,137,306,CHAOS,80.0,33.0,WORKLOAD_STEP
2026-07-10 01:04:14.101035600+05:30,83.9,32,37.3,2872.34,51.81,137,306,CHAOS,80.0,33.0,WORKLOAD_STEP
2026-07-10 01:04:16.127981300+05:30,83.8,35,38.8,3053.12,51.81,137,306,CHAOS,80.0,33.0,WORKLOAD_STEP
2026-07-10 01:04:18.157968100+05:30,85.8,32,40.5,3053.12,51.84,137,306,CHAOS,80.0,33.0,WORKLOAD_STEP
2026-07-10 01:04:20.186798400+05:30,83.8,34,38.4,3053.12,51.83,137,306,CHAOS,80.0,33.0,WORKLOAD_STEP
2026-07-10 01:04:22.219845400+05:30,81.7,32,36.8,3053.12,51.83,137,306,CHAOS,80.0,33.0,WORKLOAD_STEP
2026-07-10 01:04:24.250987800+05:30,83.9,32,41.0,2872.34,51.83,137,306,CHAOS,80.0,33.0,WORKLOAD_STEP
2026-07-10 01:04:26.279235100+05:30,85.2,32,38.5,3053.12,51.83,137,306,CHAOS,80.0,33.0,WORKLOAD_STEP
2026-07-10 01:04:28.316718900+05:30,83.7,32,40.5,3053.12,51.83,136,307,CHAOS,80.0,33.0,WORKLOAD_STEP
2026-07-10 01:04:30.347086900+05:30,82.3,34,41.3,2882.38,51.84,136,307,CHAOS,80.0,33.0,WORKLOAD_STEP
2026-07-10 01:04:32.380270300+05:30,84.6,32,40.3,3053.12,51.84,135,307,CHAOS,80.0,33.0,WORKLOAD_STEP
2026-07-10 01:04:34.408597500+05:30,82.7,32,36.6,3053.12,51.84,135,307,CHAOS,80.0,33.0,WORKLOAD_STEP
2026-07-10 01:04:36.436919600+05:30,84.3,32,41.7,3053.12,51.84,135,307,CHAOS,80.0,33.0,WORKLOAD_STEP
2026-07-10 01:04:38.464950200+05:30,85.0,32,39.7,3053.12,51.84,135,307,CHAOS,80.0,33.0,WORKLOAD_STEP
2026-07-10 01:04:40.496230+05:30,84.3,32,39.5,3053.12,51.85,135,307,CHAOS,80.0,33.0,WORKLOAD_STEP
2026-07-10 01:04:42.523468400+05:30,82.4,32,41.0,2882.38,51.85,135,307,CHAOS,80.0,33.0,WORKLOAD_STEP
2026-07-10 01:04:44.562860200+05:30,82.2,32,37.3,3053.12,51.85,135,307,CHAOS,80.0,33.0,WORKLOAD_STEP
2026-07-10 01:04:46.591271500+05:30,81.8,32,39.6,3053.12,51.84,135,307,CHAOS,80.0,33.0,WORKLOAD_STEP
2026-07-10 01:04:48.625842+05:30,86.0,32,42.4,3053.12,51.85,135,307,CHAOS,80.0,33.0,WORKLOAD_STEP
2026-07-10 01:04:50.659420500+05:30,83.0,32,40.3,3053.12,51.84,135,307,CHAOS,80.0,33.0,WORKLOAD_STEP
2026-07-10 01:04:52.689515700+05:30,84.2,32,40.8,3053.12,51.85,132,307,CHAOS,80.0,33.0,WORKLOAD_STEP
2026-07-10 01:04:54.723056700+05:30,82.3,32,40.0,3053.12,51.84,132,307,CHAOS,80.0,33.0,WORKLOAD_STEP
2026-07-10 01:04:56.753729100+05:30,84.3,30,39.6,2882.38,51.85,132,307,CHAOS,80.0,33.0,WORKLOAD_STEP
2026-07-10 01:04:58.792861300+05:30,81.5,30,40.8,3053.12,51.85,132,307,CHAOS,80.0,33.0,WORKLOAD_STEP
2026-07-10 01:05:00.821919900+05:30,85.4,30,39.0,3053.12,51.86,132,307,CHAOS,80.0,33.0,WORKLOAD_STEP
2026-07-10 01:05:02.851712100+05:30,84.2,32,40.2,3053.12,51.85,132,307,CHAOS,80.0,33.0,WORKLOAD_STEP
2026-07-10 01:05:04.881147300+05:30,83.0,32,40.7,3053.12,51.85,132,307,CHAOS,80.0,33.0,WORKLOAD_STEP
2026-07-10 01:05:06.909732300+05:30,82.7,32,40.9,3053.12,51.86,132,307,CHAOS,80.0,33.0,WORKLOAD_STEP
2026-07-10 01:05:08.938501600+05:30,82.4,32,38.6,3053.12,51.86,132,307,CHAOS,80.0,33.0,WORKLOAD_STEP
2026-07-10 01:05:10.968074500+05:30,81.9,32,37.1,3053.12,51.86,132,307,CHAOS,80.0,33.0,WORKLOAD_STEP
2026-07-10 01:05:13.002474900+05:30,84.9,32,39.6,3053.12,51.86,132,307,CHAOS,80.0,33.0,WORKLOAD_STEP
2026-07-10 01:05:15.038656500+05:30,80.9,36,36.7,2882.38,51.86,132,307,CHAOS,70.0,34.0,WORKLOAD_STEP
2026-07-10 01:05:17.069968100+05:30,72.2,32,34.1,2681.51,51.86,132,307,CHAOS,70.0,34.0,WORKLOAD_STEP
2026-07-10 01:05:19.103353200+05:30,72.1,32,34.3,2691.56,51.86,132,307,CHAOS,70.0,34.0,WORKLOAD_STEP
2026-07-10 01:05:21.133244200+05:30,71.8,32,35.7,2701.6,51.86,132,307,CHAOS,70.0,34.0,WORKLOAD_STEP
2026-07-10 01:05:23.168058200+05:30,71.9,32,39.5,3053.12,51.86,132,307,CHAOS,70.0,34.0,WORKLOAD_STEP
2026-07-10 01:05:25.194579900+05:30,73.2,35,39.1,3053.12,51.86,133,307,CHAOS,70.0,34.0,WORKLOAD_STEP
2026-07-10 01:05:27.222169+05:30,75.0,36,36.4,3053.12,51.86,133,307,CHAOS,70.0,34.0,WORKLOAD_STEP
2026-07-10 01:05:29.258616900+05:30,74.5,34,38.8,2882.38,51.86,132,307,CHAOS,70.0,34.0,WORKLOAD_STEP
2026-07-10 01:05:31.286802800+05:30,73.8,32,36.7,3043.08,51.86,132,307,CHAOS,70.0,34.0,WORKLOAD_STEP
2026-07-10 01:05:33.317786900+05:30,71.0,32,40.6,2711.64,51.86,132,307,CHAOS,70.0,34.0,WORKLOAD_STEP
2026-07-10 01:05:35.354135400+05:30,78.0,32,38.4,2872.34,51.82,132,307,CHAOS,70.0,34.0,WORKLOAD_STEP
2026-07-10 01:05:37.383568100+05:30,75.5,32,36.9,2872.34,51.83,132,307,CHAOS,70.0,34.0,WORKLOAD_STEP
2026-07-10 01:05:39.409308200+05:30,80.7,32,38.1,2902.47,51.81,132,307,CHAOS,70.0,34.0,WORKLOAD_STEP
2026-07-10 01:05:41.443717300+05:30,79.4,35,38.1,3053.12,51.86,131,307,CHAOS,70.0,34.0,WORKLOAD_STEP
2026-07-10 01:05:43.476836100+05:30,80.8,32,39.7,2872.34,51.83,131,307,CHAOS,70.0,34.0,WORKLOAD_STEP
2026-07-10 01:05:45.515218100+05:30,80.0,32,42.9,2701.6,51.8,130,307,CHAOS,70.0,34.0,WORKLOAD_STEP
2026-07-10 01:05:47.550471200+05:30,79.9,30,45.1,2882.38,51.8,130,307,CHAOS,70.0,34.0,WORKLOAD_STEP
2026-07-10 01:05:49.578922+05:30,81.9,32,41.7,2932.6,51.79,130,307,CHAOS,70.0,34.0,WORKLOAD_STEP
2026-07-10 01:05:51.606680900+05:30,80.4,30,42.9,2872.34,51.82,130,307,CHAOS,70.0,34.0,WORKLOAD_STEP
2026-07-10 01:05:53.640250600+05:30,78.9,30,39.4,3053.12,51.8,130,307,CHAOS,70.0,34.0,WORKLOAD_STEP
2026-07-10 01:05:55.676812500+05:30,80.4,32,42.5,2701.6,51.82,130,307,CHAOS,70.0,34.0,WORKLOAD_STEP
2026-07-10 01:05:57.711914300+05:30,77.6,32,41.1,2691.56,51.82,130,307,CHAOS,70.0,34.0,WORKLOAD_STEP
2026-07-10 01:05:59.747176600+05:30,81.9,32,41.5,3053.12,51.84,130,306,CHAOS,70.0,34.0,WORKLOAD_STEP
2026-07-10 01:06:01.774973500+05:30,80.8,30,39.4,3053.12,51.86,130,306,CHAOS,70.0,34.0,WORKLOAD_STEP
2026-07-10 01:06:03.806186400+05:30,82.2,32,44.3,2882.38,51.88,130,306,CHAOS,70.0,34.0,WORKLOAD_STEP
2026-07-10 01:06:05.836624900+05:30,79.2,30,43.8,3053.12,51.86,130,306,CHAOS,70.0,34.0,WORKLOAD_STEP
2026-07-10 01:06:07.865913900+05:30,72.8,30,39.8,2872.34,51.88,130,306,CHAOS,70.0,34.0,WORKLOAD_STEP
2026-07-10 01:06:09.901809500+05:30,72.3,30,37.5,3053.12,51.87,130,306,CHAOS,70.0,34.0,WORKLOAD_STEP
2026-07-10 01:06:11.928123500+05:30,74.7,34,38.9,3053.12,51.92,130,306,CHAOS,70.0,34.0,WORKLOAD_STEP
2026-07-10 01:06:13.959829100+05:30,75.3,32,38.5,3053.12,51.86,130,306,CHAOS,70.0,34.0,WORKLOAD_STEP
2026-07-10 01:06:15.995431100+05:30,73.4,30,39.9,2882.38,51.86,130,306,CHAOS,70.0,34.0,WORKLOAD_STEP
2026-07-10 01:06:18.024867300+05:30,72.5,30,41.8,2882.38,51.86,130,306,CHAOS,70.0,34.0,WORKLOAD_STEP
2026-07-10 01:06:20.055347200+05:30,70.9,30,38.4,3053.12,51.85,130,305,CHAOS,70.0,34.0,WORKLOAD_STEP
2026-07-10 01:06:22.086013600+05:30,71.3,30,39.5,3053.12,51.94,129,305,CHAOS,70.0,34.0,WORKLOAD_STEP
2026-07-10 01:06:24.114806400+05:30,80.7,32,44.5,2882.38,51.96,129,305,CHAOS,70.0,34.0,WORKLOAD_STEP
2026-07-10 01:06:26.143078500+05:30,79.9,30,41.8,3053.12,51.82,129,305,CHAOS,70.0,34.0,WORKLOAD_STEP
2026-07-10 01:06:28.174595700+05:30,80.7,32,41.2,3053.12,51.84,129,305,CHAOS,70.0,34.0,WORKLOAD_STEP
2026-07-10 01:06:30.203709200+05:30,81.2,29,39.7,3053.12,51.83,129,305,CHAOS,70.0,34.0,WORKLOAD_STEP
2026-07-10 01:06:32.235676800+05:30,78.4,30,39.2,2882.38,51.81,129,305,CHAOS,70.0,34.0,WORKLOAD_STEP
2026-07-10 01:06:34.271238600+05:30,80.0,30,38.6,2882.38,52.43,129,305,CHAOS,70.0,34.0,WORKLOAD_STEP
2026-07-10 01:06:36.300925300+05:30,82.3,30,41.6,3053.12,53.52,129,305,CHAOS,70.0,34.0,WORKLOAD_STEP
2026-07-10 01:06:38.329886+05:30,83.1,32,40.8,3053.12,54.24,129,305,CHAOS,70.0,34.0,WORKLOAD_STEP
2026-07-10 01:06:40.357891600+05:30,80.8,30,41.0,2711.64,55.02,129,305,CHAOS,70.0,34.0,WORKLOAD_STEP
2026-07-10 01:06:42.385115800+05:30,80.3,30,42.2,2872.34,55.43,129,305,CHAOS,70.0,34.0,WORKLOAD_STEP
2026-07-10 01:06:44.418072900+05:30,80.0,32,37.1,3053.12,53.47,129,305,CHAOS,70.0,34.0,WORKLOAD_STEP
2026-07-10 01:06:46.456514300+05:30,82.7,29,42.7,3053.12,54.63,130,305,CHAOS,70.0,34.0,WORKLOAD_STEP
2026-07-10 01:06:48.486914200+05:30,82.4,30,43.7,3043.08,52.42,130,305,CHAOS,70.0,34.0,WORKLOAD_STEP
2026-07-10 01:06:50.520659800+05:30,76.4,32,40.8,2882.38,51.83,130,305,CHAOS,70.0,34.0,WORKLOAD_STEP
2026-07-10 01:06:52.551651700+05:30,74.6,30,36.4,3053.12,51.81,130,305,CHAOS,70.0,34.0,WORKLOAD_STEP
2026-07-10 01:06:54.585818900+05:30,73.6,32,40.5,2882.38,51.82,130,305,CHAOS,70.0,34.0,WORKLOAD_STEP
2026-07-10 01:06:56.617511200+05:30,72.5,32,38.4,3053.12,51.81,130,305,CHAOS,70.0,34.0,WORKLOAD_STEP
2026-07-10 01:06:58.644022900+05:30,74.4,32,39.4,3053.12,51.81,130,305,CHAOS,70.0,34.0,WORKLOAD_STEP
2026-07-10 01:07:00.671724400+05:30,75.2,32,39.3,3053.12,51.81,130,305,CHAOS,70.0,34.0,WORKLOAD_STEP
2026-07-10 01:07:02.711116600+05:30,78.2,30,37.2,2872.34,51.81,130,305,CHAOS,70.0,34.0,WORKLOAD_STEP
2026-07-10 01:07:04.740825200+05:30,72.1,32,41.9,2701.6,51.81,130,305,CHAOS,70.0,34.0,WORKLOAD_STEP
2026-07-10 01:07:06.771925800+05:30,73.6,30,41.4,3053.12,51.82,130,305,CHAOS,70.0,34.0,WORKLOAD_STEP
2026-07-10 01:07:08.801611900+05:30,71.8,32,40.8,3053.12,51.81,130,305,CHAOS,70.0,34.0,WORKLOAD_STEP
2026-07-10 01:07:10.832626500+05:30,75.4,30,38.7,3053.12,51.82,130,305,CHAOS,70.0,34.0,WORKLOAD_STEP
2026-07-10 01:07:12.860933+05:30,75.6,32,40.6,2872.34,51.82,130,305,CHAOS,70.0,34.0,WORKLOAD_STEP
2026-07-10 01:07:14.891988800+05:30,74.2,35,35.9,2882.38,51.82,130,305,CHAOS,70.0,34.0,WORKLOAD_STEP
2026-07-10 01:07:16.928080+05:30,72.5,32,39.5,3053.12,51.82,129,305,CHAOS,70.0,34.0,WORKLOAD_STEP
2026-07-10 01:07:18.956886100+05:30,72.5,32,41.6,2882.38,51.86,129,305,CHAOS,70.0,34.0,WORKLOAD_STEP
2026-07-10 01:07:20.987828500+05:30,73.0,32,37.2,2882.38,51.82,129,305,CHAOS,70.0,34.0,WORKLOAD_STEP
2026-07-10 01:07:23.021805700+05:30,77.8,32,38.5,2882.38,51.84,129,306,CHAOS,70.0,34.0,WORKLOAD_STEP
2026-07-10 01:07:25.050899800+05:30,74.9,32,41.9,2882.38,51.86,130,306,CHAOS,70.0,34.0,WORKLOAD_STEP
2026-07-10 01:07:27.081112800+05:30,74.3,32,41.9,3053.12,51.86,130,306,CHAOS,70.0,34.0,WORKLOAD_STEP
2026-07-10 01:07:29.115624300+05:30,71.8,34,42.3,2882.38,51.86,130,306,CHAOS,70.0,34.0,WORKLOAD_STEP
2026-07-10 01:07:31.144858800+05:30,72.6,35,37.2,3053.12,51.86,130,306,CHAOS,70.0,34.0,WORKLOAD_STEP
2026-07-10 01:07:33.184424200+05:30,73.7,32,39.7,3053.12,51.86,130,306,CHAOS,70.0,34.0,WORKLOAD_STEP
2026-07-10 01:07:35.213866900+05:30,75.4,30,39.1,3053.12,51.86,130,306,CHAOS,70.0,34.0,WORKLOAD_STEP
2026-07-10 01:07:37.243543+05:30,76.5,32,38.6,2691.56,51.86,130,306,CHAOS,70.0,34.0,WORKLOAD_STEP
2026-07-10 01:07:39.273077900+05:30,73.4,34,39.7,2701.6,51.86,130,306,CHAOS,70.0,34.0,WORKLOAD_STEP
2026-07-10 01:07:41.308881100+05:30,73.1,32,39.1,2882.38,51.86,130,306,CHAOS,70.0,34.0,WORKLOAD_STEP
2026-07-10 01:07:43.339126300+05:30,72.2,32,38.5,2882.38,51.86,130,306,CHAOS,70.0,34.0,WORKLOAD_STEP
2026-07-10 01:07:45.369001200+05:30,74.0,34,38.8,3053.12,51.87,130,306,CHAOS,70.0,34.0,WORKLOAD_STEP
2026-07-10 01:07:47.404084+05:30,74.9,35,39.7,2882.38,51.86,130,306,CHAOS,70.0,34.0,WORKLOAD_STEP
2026-07-10 01:07:49.437245600+05:30,77.3,32,40.8,3053.12,51.87,130,306,CHAOS,70.0,34.0,WORKLOAD_STEP
2026-07-10 01:07:51.465670200+05:30,75.0,32,39.7,2852.25,51.86,130,307,CHAOS,70.0,34.0,WORKLOAD_STEP
2026-07-10 01:07:53.495125700+05:30,74.4,32,39.5,3053.12,51.87,130,307,CHAOS,70.0,34.0,WORKLOAD_STEP
2026-07-10 01:07:55.524169900+05:30,74.0,34,40.6,3053.12,51.87,130,307,CHAOS,70.0,34.0,WORKLOAD_STEP
2026-07-10 01:07:57.555155+05:30,74.7,32,41.3,3053.12,51.88,133,307,CHAOS,10.0,35.0,WORKLOAD_STEP
2026-07-10 01:07:59.604863900+05:30,27.5,49,11.6,1245.34,52.14,133,307,CHAOS,10.0,35.0,WORKLOAD_STEP
2026-07-10 01:08:01.670908100+05:30,26.8,52,11.0,1295.54,52.15,133,307,CHAOS,10.0,35.0,WORKLOAD_STEP
2026-07-10 01:08:03.735662700+05:30,20.6,52,10.3,1365.85,51.61,133,307,CHAOS,10.0,35.0,WORKLOAD_STEP
2026-07-10 01:08:05.782657900+05:30,21.5,52,10.1,1536.59,51.62,133,307,CHAOS,10.0,35.0,WORKLOAD_STEP
2026-07-10 01:08:07.826275300+05:30,16.5,53,9.4,1154.94,51.62,132,307,CHAOS,10.0,35.0,WORKLOAD_STEP
2026-07-10 01:08:09.859024200+05:30,16.3,53,11.4,1345.76,51.67,132,307,CHAOS,10.0,35.0,WORKLOAD_STEP
2026-07-10 01:08:11.901706600+05:30,16.6,51,10.2,1164.97,51.62,132,307,CHAOS,10.0,35.0,WORKLOAD_STEP
2026-07-10 01:08:13.962871500+05:30,18.5,52,9.8,1596.84,51.62,132,307,CHAOS,10.0,35.0,WORKLOAD_STEP
2026-07-10 01:08:16.003880200+05:30,17.6,53,9.7,1175.02,51.62,132,307,CHAOS,10.0,35.0,WORKLOAD_STEP
2026-07-10 01:08:18.079600700+05:30,16.4,55,10.7,1245.32,51.62,132,307,CHAOS,10.0,35.0,WORKLOAD_STEP
2026-07-10 01:08:20.115685700+05:30,17.7,53,10.5,1315.63,51.62,132,307,CHAOS,10.0,35.0,WORKLOAD_STEP
2026-07-10 01:08:22.156696500+05:30,17.4,56,10.8,1175.02,51.59,132,306,CHAOS,10.0,35.0,WORKLOAD_STEP
2026-07-10 01:08:24.219660100+05:30,21.4,56,10.5,1225.24,51.61,132,306,CHAOS,10.0,35.0,WORKLOAD_STEP
2026-07-10 01:08:26.258670800+05:30,20.0,54,10.8,1185.05,51.6,132,306,CHAOS,10.0,35.0,WORKLOAD_STEP
2026-07-10 01:08:28.290474300+05:30,26.3,54,11.6,1335.71,51.62,132,306,CHAOS,10.0,35.0,WORKLOAD_STEP
2026-07-10 01:08:30.326706700+05:30,18.6,53,10.1,1325.67,51.62,132,306,CHAOS,10.0,35.0,WORKLOAD_STEP
2026-07-10 01:08:32.384259700+05:30,17.1,53,10.7,1084.64,51.62,132,306,CHAOS,10.0,35.0,WORKLOAD_STEP
2026-07-10 01:08:34.423416500+05:30,16.1,55,10.6,1225.23,51.61,132,306,CHAOS,10.0,35.0,WORKLOAD_STEP
2026-07-10 01:08:36.464302+05:30,21.8,52,10.6,1245.32,51.62,132,306,CHAOS,10.0,35.0,WORKLOAD_STEP
2026-07-10 01:08:38.504453700+05:30,21.0,56,11.5,1426.1,51.62,133,306,CHAOS,10.0,35.0,WORKLOAD_STEP
2026-07-10 01:08:40.539197400+05:30,18.5,53,10.1,1154.94,51.62,133,306,CHAOS,10.0,35.0,WORKLOAD_STEP
2026-07-10 01:08:42.574768600+05:30,20.2,55,10.2,1134.85,51.62,133,306,CHAOS,10.0,35.0,WORKLOAD_STEP
2026-07-10 01:08:44.633517300+05:30,15.8,51,11.8,1325.67,51.63,133,306,CHAOS,10.0,35.0,WORKLOAD_STEP
2026-07-10 01:08:46.680788300+05:30,19.9,55,11.0,1416.05,51.63,133,306,CHAOS,10.0,35.0,WORKLOAD_STEP
2026-07-10 01:08:48.755675+05:30,20.0,52,10.1,1255.37,51.63,133,306,CHAOS,10.0,35.0,WORKLOAD_STEP
2026-07-10 01:08:50.813672900+05:30,16.8,53,10.4,1185.07,51.61,133,306,CHAOS,10.0,35.0,WORKLOAD_STEP
2026-07-10 01:08:52.853503700+05:30,16.2,54,10.1,1185.07,51.61,133,306,CHAOS,10.0,35.0,WORKLOAD_STEP
2026-07-10 01:08:54.911702600+05:30,19.4,55,13.1,1175.02,51.62,133,306,CHAOS,10.0,35.0,WORKLOAD_STEP
2026-07-10 01:08:56.965233800+05:30,15.3,42,10.0,1767.57,51.65,133,306,CHAOS,10.0,35.0,WORKLOAD_STEP
2026-07-10 01:08:59.018903+05:30,21.7,58,10.7,1315.63,51.67,133,306,CHAOS,10.0,35.0,WORKLOAD_STEP
2026-07-10 01:09:01.069367400+05:30,21.4,53,10.1,1315.63,51.66,133,306,CHAOS,10.0,35.0,WORKLOAD_STEP
2026-07-10 01:09:03.114193100+05:30,19.5,54,10.6,1355.8,51.68,133,306,CHAOS,10.0,35.0,WORKLOAD_STEP
2026-07-10 01:09:05.193822200+05:30,26.6,53,11.8,1275.45,52.09,133,306,CHAOS,10.0,35.0,WORKLOAD_STEP
2026-07-10 01:09:07.259199800+05:30,18.7,53,10.5,1154.93,51.96,133,306,CHAOS,10.0,35.0,WORKLOAD_STEP
2026-07-10 01:09:09.315920300+05:30,15.4,55,10.6,1215.18,51.94,133,306,CHAOS,10.0,35.0,WORKLOAD_STEP
2026-07-10 01:09:11.356092800+05:30,19.0,55,10.7,1275.45,51.94,133,306,CHAOS,10.0,35.0,WORKLOAD_STEP
2026-07-10 01:09:13.414928900+05:30,21.0,53,12.2,1225.25,51.94,133,306,CHAOS,10.0,35.0,WORKLOAD_STEP
2026-07-10 01:09:15.462545900+05:30,16.2,54,11.5,1285.49,51.94,133,306,CHAOS,10.0,35.0,WORKLOAD_STEP
2026-07-10 01:09:17.506020600+05:30,21.7,53,10.8,1195.1,51.93,133,306,CHAOS,10.0,35.0,WORKLOAD_STEP
2026-07-10 01:09:19.541755300+05:30,17.1,51,11.0,1114.78,51.94,133,306,CHAOS,10.0,35.0,WORKLOAD_STEP
2026-07-10 01:09:21.600614800+05:30,20.1,50,11.5,1586.8,51.94,133,306,CHAOS,10.0,35.0,WORKLOAD_STEP
2026-07-10 01:09:23.645382300+05:30,18.1,53,11.6,1385.93,51.94,133,306,CHAOS,10.0,35.0,WORKLOAD_STEP
2026-07-10 01:09:25.709177600+05:30,19.3,54,11.3,1406.01,51.95,134,306,CHAOS,10.0,35.0,WORKLOAD_STEP
2026-07-10 01:09:27.748290200+05:30,17.5,53,12.0,1164.98,51.94,134,306,CHAOS,10.0,35.0,WORKLOAD_STEP
2026-07-10 01:09:29.806041200+05:30,19.5,55,11.8,1486.38,51.95,133,306,CHAOS,10.0,35.0,WORKLOAD_STEP
2026-07-10 01:09:31.845262700+05:30,14.6,55,11.4,1395.98,51.94,133,306,CHAOS,10.0,35.0,WORKLOAD_STEP
2026-07-10 01:09:33.880615300+05:30,15.8,53,12.4,1677.16,51.95,133,306,CHAOS,10.0,35.0,WORKLOAD_STEP
2026-07-10 01:09:35.929183200+05:30,18.2,55,11.6,1175.02,51.95,133,306,CHAOS,10.0,35.0,WORKLOAD_STEP
2026-07-10 01:09:37.989110100+05:30,15.9,52,11.8,1185.07,51.98,135,306,CHAOS,10.0,35.0,WORKLOAD_STEP
2026-07-10 01:09:40.026868900+05:30,21.8,53,10.9,1315.63,51.96,135,306,CHAOS,10.0,35.0,WORKLOAD_STEP
2026-07-10 01:09:42.083670200+05:30,15.7,53,11.7,1305.58,51.95,135,306,CHAOS,10.0,35.0,WORKLOAD_STEP
2026-07-10 01:09:44.129630800+05:30,15.8,52,10.3,1215.19,51.95,134,306,CHAOS,10.0,35.0,WORKLOAD_STEP
2026-07-10 01:09:46.168812+05:30,19.5,54,10.0,1355.8,51.96,134,306,CHAOS,10.0,35.0,WORKLOAD_STEP
2026-07-10 01:09:48.224708200+05:30,21.7,53,11.4,1516.48,51.95,134,306,CHAOS,10.0,35.0,WORKLOAD_STEP
2026-07-10 01:09:50.267973600+05:30,16.7,51,10.6,1225.24,51.96,134,306,CHAOS,10.0,35.0,WORKLOAD_STEP
2026-07-10 01:09:52.307225300+05:30,20.3,53,11.6,1737.44,51.95,134,306,CHAOS,10.0,35.0,WORKLOAD_STEP
2026-07-10 01:09:54.365412700+05:30,16.2,50,10.7,1285.51,51.97,134,306,CHAOS,10.0,35.0,WORKLOAD_STEP
2026-07-10 01:09:56.404524800+05:30,24.1,55,11.6,1134.84,51.95,133,306,CHAOS,10.0,35.0,WORKLOAD_STEP
2026-07-10 01:09:58.434082900+05:30,16.5,53,11.1,1164.97,51.95,133,306,CHAOS,10.0,35.0,WORKLOAD_STEP
2026-07-10 01:10:00.474510600+05:30,18.7,55,11.5,1265.42,51.96,133,306,CHAOS,10.0,35.0,WORKLOAD_STEP
2026-07-10 01:10:02.522231100+05:30,20.8,53,11.1,1345.76,51.95,133,306,CHAOS,10.0,35.0,WORKLOAD_STEP
2026-07-10 01:10:04.565137100+05:30,17.8,55,10.8,1235.27,51.99,133,306,CHAOS,10.0,35.0,WORKLOAD_STEP
2026-07-10 01:10:06.630633200+05:30,20.2,55,10.3,1185.07,51.96,133,306,CHAOS,10.0,35.0,WORKLOAD_STEP
2026-07-10 01:10:08.675658900+05:30,15.7,53,11.0,1215.19,51.96,132,306,CHAOS,10.0,35.0,WORKLOAD_STEP
2026-07-10 01:10:10.721516+05:30,21.7,50,11.4,1144.89,51.96,132,306,CHAOS,10.0,35.0,WORKLOAD_STEP
2026-07-10 01:10:12.789743900+05:30,18.4,52,11.4,1225.24,51.96,132,306,CHAOS,10.0,35.0,WORKLOAD_STEP
2026-07-10 01:10:14.827317+05:30,16.9,53,11.8,1154.93,51.94,132,306,CHAOS,10.0,35.0,WORKLOAD_STEP
2026-07-10 01:10:16.875892300+05:30,19.0,56,10.1,1154.94,51.96,132,306,CHAOS,10.0,35.0,WORKLOAD_STEP
2026-07-10 01:10:18.931779700+05:30,19.5,54,11.2,1225.25,51.95,132,306,CHAOS,10.0,35.0,WORKLOAD_STEP
2026-07-10 01:10:20.958066800+05:30,15.9,55,11.2,1245.33,51.95,132,306,CHAOS,10.0,35.0,WORKLOAD_STEP
2026-07-10 01:10:23.000924400+05:30,19.7,55,11.3,1185.07,51.96,132,306,CHAOS,10.0,35.0,WORKLOAD_STEP
2026-07-10 01:10:25.063342600+05:30,21.7,53,11.3,1185.07,51.95,132,306,CHAOS,10.0,35.0,WORKLOAD_STEP
2026-07-10 01:10:27.095004900+05:30,22.8,52,10.7,1375.89,51.96,132,306,CHAOS,10.0,35.0,WORKLOAD_STEP
2026-07-10 01:10:29.149173800+05:30,15.9,49,11.5,1225.25,51.94,132,306,CHAOS,10.0,35.0,WORKLOAD_STEP
2026-07-10 01:10:31.205591500+05:30,15.4,51,10.8,1195.12,51.96,132,306,CHAOS,10.0,35.0,WORKLOAD_STEP
2026-07-10 01:10:33.246137400+05:30,17.7,55,10.6,1235.28,51.96,132,306,CHAOS,10.0,35.0,WORKLOAD_STEP
2026-07-10 01:10:35.300406300+05:30,20.4,55,10.9,1406.01,51.96,132,306,CHAOS,10.0,35.0,WORKLOAD_STEP
2026-07-10 01:10:37.353588400+05:30,19.3,54,10.8,1436.15,51.96,132,306,CHAOS,10.0,35.0,WORKLOAD_STEP
2026-07-10 01:10:39.413193300+05:30,19.7,55,10.4,1235.28,51.96,132,306,CHAOS,10.0,35.0,WORKLOAD_STEP
2026-07-10 01:10:41.461212200+05:30,21.4,55,10.8,1305.59,51.96,132,306,CHAOS,10.0,35.0,WORKLOAD_STEP
2026-07-10 01:10:43.498826700+05:30,16.1,55,10.7,1245.33,51.96,132,306,CHAOS,10.0,35.0,WORKLOAD_STEP
2026-07-10 01:10:45.558162900+05:30,17.8,54,10.7,1446.2,51.96,132,306,CHAOS,10.0,35.0,WORKLOAD_STEP
2026-07-10 01:10:47.605786600+05:30,20.8,53,10.8,1406.03,51.97,132,306,CHAOS,10.0,35.0,WORKLOAD_STEP
2026-07-10 01:10:49.646235300+05:30,19.7,52,13.1,1406.03,51.97,132,306,CHAOS,10.0,35.0,WORKLOAD_STEP
2026-07-10 01:10:51.704412600+05:30,16.3,53,11.4,1315.64,51.97,132,306,CHAOS,10.0,35.0,WORKLOAD_STEP
2026-07-10 01:10:53.783782500+05:30,17.6,54,12.0,1215.18,51.98,132,306,CHAOS,10.0,35.0,WORKLOAD_STEP
2026-07-10 01:10:55.839047500+05:30,14.2,52,13.1,1727.39,51.98,132,306,CHAOS,10.0,35.0,WORKLOAD_STEP
2026-07-10 01:10:57.864671800+05:30,16.2,53,12.6,1667.15,52.03,132,306,CHAOS,10.0,35.0,WORKLOAD_STEP
2026-07-10 01:10:59.903667800+05:30,21.6,55,11.0,1185.07,51.98,132,306,CHAOS,10.0,35.0,WORKLOAD_STEP
2026-07-10 01:11:01.938053500+05:30,16.5,53,11.9,1215.2,51.98,132,306,CHAOS,10.0,35.0,WORKLOAD_STEP
2026-07-10 01:11:04.004489200+05:30,16.3,52,11.6,1295.53,51.98,132,306,CHAOS,10.0,35.0,WORKLOAD_STEP
2026-07-10 01:11:06.047778100+05:30,18.4,54,11.2,1898.12,51.99,132,306,CHAOS,10.0,35.0,WORKLOAD_STEP
2026-07-10 01:11:08.124978900+05:30,15.8,53,11.8,1164.99,51.99,132,306,CHAOS,10.0,35.0,WORKLOAD_STEP
2026-07-10 01:11:10.157698500+05:30,16.5,53,11.0,1164.98,51.99,132,306,CHAOS,10.0,35.0,WORKLOAD_STEP
2026-07-10 01:11:12.201747+05:30,22.0,53,11.7,1215.19,51.99,132,306,CHAOS,10.0,35.0,WORKLOAD_STEP
2026-07-10 01:11:14.256759400+05:30,20.0,53,11.0,1335.7,52.0,132,306,CHAOS,10.0,35.0,WORKLOAD_STEP
2026-07-10 01:11:16.289152800+05:30,18.0,54,11.3,1175.02,52.0,132,306,CHAOS,10.0,35.0,WORKLOAD_STEP
2026-07-10 01:11:18.327835100+05:30,13.8,53,11.7,1225.24,52.0,131,306,CHAOS,10.0,35.0,WORKLOAD_STEP
2026-07-10 01:11:20.375319100+05:30,15.4,53,12.4,1295.54,52.01,131,306,CHAOS,10.0,35.0,WORKLOAD_STEP
2026-07-10 01:11:22.401341+05:30,17.0,52,12.6,1375.88,52.01,131,306,CHAOS,10.0,35.0,WORKLOAD_STEP
2026-07-10 01:11:24.433775400+05:30,16.8,52,11.4,1395.97,52.01,132,306,CHAOS,10.0,35.0,WORKLOAD_STEP
2026-07-10 01:11:26.484291700+05:30,15.9,53,12.5,1265.41,52.01,132,306,CHAOS,10.0,35.0,WORKLOAD_STEP
2026-07-10 01:11:28.529221200+05:30,20.2,53,11.3,1235.27,52.01,132,306,CHAOS,10.0,35.0,WORKLOAD_STEP
2026-07-10 01:11:30.571813800+05:30,18.9,53,11.2,1175.01,52.0,131,306,CHAOS,10.0,35.0,WORKLOAD_STEP
2026-07-10 01:11:32.608222100+05:30,16.8,52,11.9,1426.11,52.0,131,306,CHAOS,10.0,35.0,WORKLOAD_STEP
2026-07-10 01:11:34.648980600+05:30,20.5,53,13.6,1506.43,52.01,131,306,CHAOS,10.0,35.0,WORKLOAD_STEP
2026-07-10 01:11:36.695284700+05:30,20.7,55,12.1,1416.06,52.01,131,306,CHAOS,10.0,35.0,WORKLOAD_STEP
2026-07-10 01:11:38.739099+05:30,18.5,55,11.4,1335.72,52.0,131,306,CHAOS,10.0,35.0,WORKLOAD_STEP
2026-07-10 01:11:40.825206400+05:30,15.6,51,11.9,1205.16,52.01,131,306,CHAOS,10.0,35.0,WORKLOAD_STEP
2026-07-10 01:11:42.872643300+05:30,16.9,50,11.5,1275.47,52.01,131,306,CHAOS,10.0,35.0,WORKLOAD_STEP
2026-07-10 01:11:44.932136600+05:30,14.3,53,11.7,1335.72,52.02,131,306,CHAOS,10.0,35.0,WORKLOAD_STEP
2026-07-10 01:11:46.970897100+05:30,20.2,55,12.5,1637.02,52.01,131,306,CHAOS,10.0,35.0,WORKLOAD_STEP
2026-07-10 01:11:49.021697800+05:30,15.9,55,10.2,1496.4,52.02,130,306,CHAOS,0.0,36.0,WORKLOAD_STEP
2026-07-10 01:11:51.063726900+05:30,7.9,56,8.5,1245.31,52.02,130,306,CHAOS,0.0,36.0,WORKLOAD_STEP
2026-07-10 01:11:53.108678500+05:30,9.8,56,8.8,1185.07,52.02,130,306,CHAOS,0.0,36.0,WORKLOAD_STEP
2026-07-10 01:11:55.165517+05:30,10.2,58,9.4,1918.21,52.07,130,306,CHAOS,0.0,36.0,WORKLOAD_STEP
2026-07-10 01:11:57.220071400+05:30,5.8,55,8.6,1195.12,52.03,130,306,CHAOS,0.0,36.0,WORKLOAD_STEP
2026-07-10 01:11:59.253602800+05:30,9.8,55,8.5,1576.75,52.04,130,306,CHAOS,0.0,36.0,WORKLOAD_STEP
2026-07-10 01:12:01.291408500+05:30,8.3,56,8.8,1185.07,52.03,130,306,CHAOS,0.0,36.0,WORKLOAD_STEP
2026-07-10 01:12:03.342533500+05:30,9.5,56,8.6,1245.32,52.04,130,306,CHAOS,0.0,36.0,WORKLOAD_STEP
2026-07-10 01:12:05.393284700+05:30,10.4,55,9.2,1235.28,52.04,130,306,CHAOS,0.0,36.0,WORKLOAD_STEP
2026-07-10 01:12:07.438457900+05:30,6.0,55,8.4,1265.41,52.05,130,306,CHAOS,0.0,36.0,WORKLOAD_STEP
2026-07-10 01:12:09.491318600+05:30,11.1,55,9.4,1215.19,52.05,130,306,CHAOS,0.0,36.0,WORKLOAD_STEP
2026-07-10 01:12:11.540609900+05:30,9.0,54,8.8,1255.36,52.05,130,306,CHAOS,0.0,36.0,WORKLOAD_STEP
2026-07-10 01:12:13.581039+05:30,8.4,56,8.5,1175.01,52.05,130,306,CHAOS,0.0,36.0,WORKLOAD_STEP
2026-07-10 01:12:15.630955900+05:30,10.9,55,8.4,1235.27,52.04,130,306,CHAOS,0.0,36.0,WORKLOAD_STEP
2026-07-10 01:12:17.679439300+05:30,7.8,55,9.3,1456.22,52.07,131,306,CHAOS,0.0,36.0,WORKLOAD_STEP
2026-07-10 01:12:19.724695100+05:30,6.2,59,9.2,1185.08,52.04,131,306,CHAOS,0.0,36.0,WORKLOAD_STEP
2026-07-10 01:12:21.783428900+05:30,8.0,56,9.0,1426.1,52.08,131,306,CHAOS,0.0,36.0,WORKLOAD_STEP
2026-07-10 01:12:23.821890800+05:30,8.7,58,9.2,1426.09,52.04,131,306,CHAOS,0.0,36.0,WORKLOAD_STEP
2026-07-10 01:12:25.880362400+05:30,6.8,58,8.6,1275.45,52.03,131,306,CHAOS,0.0,36.0,WORKLOAD_STEP
2026-07-10 01:12:27.920839200+05:30,9.8,56,8.6,1235.28,52.05,130,306,CHAOS,0.0,36.0,WORKLOAD_STEP
2026-07-10 01:12:29.957817100+05:30,7.8,56,8.5,1385.94,52.05,130,306,CHAOS,0.0,36.0,WORKLOAD_STEP
2026-07-10 01:12:32.009225600+05:30,5.6,58,8.4,1255.37,52.03,130,306,CHAOS,0.0,36.0,WORKLOAD_STEP
2026-07-10 01:12:34.062518700+05:30,10.3,57,8.6,1245.32,52.02,130,306,CHAOS,0.0,36.0,WORKLOAD_STEP
2026-07-10 01:12:36.113037100+05:30,9.7,56,9.3,1195.12,52.03,130,306,CHAOS,0.0,36.0,WORKLOAD_STEP
2026-07-10 01:12:38.162511900+05:30,9.3,56,8.6,1205.15,52.04,130,306,CHAOS,0.0,36.0,WORKLOAD_STEP
2026-07-10 01:12:40.209882+05:30,8.8,56,8.8,1124.82,52.05,130,306,CHAOS,0.0,36.0,WORKLOAD_STEP
2026-07-10 01:12:42.253774200+05:30,8.1,56,8.9,1215.21,52.04,130,306,CHAOS,0.0,36.0,WORKLOAD_STEP
2026-07-10 01:12:44.299469600+05:30,11.2,55,9.0,1546.6,52.06,130,306,CHAOS,0.0,36.0,WORKLOAD_STEP
2026-07-10 01:12:46.340705500+05:30,6.9,56,8.5,1164.98,52.04,130,306,CHAOS,0.0,36.0,WORKLOAD_STEP
2026-07-10 01:12:48.380260900+05:30,11.4,56,8.5,1215.2,52.11,130,306,CHAOS,0.0,36.0,WORKLOAD_STEP
2026-07-10 01:12:50.416698900+05:30,7.7,58,8.8,1576.76,52.05,130,306,CHAOS,0.0,36.0,WORKLOAD_STEP
2026-07-10 01:12:52.462752200+05:30,6.9,56,8.7,1235.28,52.06,130,306,CHAOS,0.0,36.0,WORKLOAD_STEP
2026-07-10 01:12:54.512369200+05:30,7.3,56,8.6,1285.51,52.04,130,306,CHAOS,0.0,36.0,WORKLOAD_STEP
2026-07-10 01:12:56.556088100+05:30,6.9,56,9.8,1225.24,52.03,130,306,CHAOS,0.0,36.0,WORKLOAD_STEP
2026-07-10 01:12:58.603868400+05:30,12.4,56,9.0,1245.33,52.05,130,306,CHAOS,0.0,36.0,WORKLOAD_STEP
2026-07-10 01:13:00.648362+05:30,7.9,55,8.9,1185.08,52.06,130,306,CHAOS,0.0,36.0,WORKLOAD_STEP
2026-07-10 01:13:02.691927+05:30,10.2,55,9.8,1707.31,52.05,130,306,CHAOS,0.0,36.0,WORKLOAD_STEP
2026-07-10 01:13:04.732645200+05:30,8.0,57,8.9,1416.07,52.05,130,306,CHAOS,0.0,36.0,WORKLOAD_STEP
2026-07-10 01:13:06.798717100+05:30,7.5,57,9.0,1576.74,52.07,130,306,CHAOS,0.0,36.0,WORKLOAD_STEP
2026-07-10 01:13:08.842730600+05:30,6.8,57,8.9,1235.28,52.05,130,306,CHAOS,0.0,36.0,WORKLOAD_STEP
2026-07-10 01:13:10.882901700+05:30,9.4,56,8.7,1566.71,52.05,130,306,CHAOS,0.0,36.0,WORKLOAD_STEP
2026-07-10 01:13:12.934904200+05:30,9.0,57,8.5,1205.16,52.06,130,306,CHAOS,0.0,36.0,WORKLOAD_STEP
2026-07-10 01:13:14.990776600+05:30,7.0,56,9.3,1747.46,52.06,130,306,CHAOS,0.0,36.0,WORKLOAD_STEP
2026-07-10 01:13:17.026405+05:30,6.4,57,8.6,1164.97,52.04,129,306,CHAOS,0.0,36.0,WORKLOAD_STEP
2026-07-10 01:13:19.070760800+05:30,6.0,59,8.7,1466.28,52.07,129,306,CHAOS,0.0,36.0,WORKLOAD_STEP
2026-07-10 01:13:21.121312400+05:30,6.5,56,8.7,1576.75,52.05,129,306,CHAOS,0.0,36.0,WORKLOAD_STEP
2026-07-10 01:13:23.167962300+05:30,7.3,57,8.6,1255.37,52.05,129,306,CHAOS,0.0,36.0,WORKLOAD_STEP
2026-07-10 01:13:25.209735200+05:30,8.6,57,8.4,1456.23,52.06,130,306,CHAOS,0.0,36.0,WORKLOAD_STEP
2026-07-10 01:13:27.251220700+05:30,13.2,56,10.5,1556.66,52.02,131,306,CHAOS,0.0,36.0,WORKLOAD_STEP
2026-07-10 01:13:29.327528200+05:30,14.3,57,9.0,1154.95,52.19,130,307,CHAOS,0.0,36.0,WORKLOAD_STEP
2026-07-10 01:13:31.378555900+05:30,6.8,57,8.4,1265.42,52.18,130,307,CHAOS,0.0,36.0,WORKLOAD_STEP
2026-07-10 01:13:33.410918800+05:30,8.2,56,9.1,1185.07,52.17,130,307,CHAOS,0.0,36.0,WORKLOAD_STEP
2026-07-10 01:13:35.449135200+05:30,8.1,57,8.8,1355.8,52.16,130,307,CHAOS,0.0,36.0,WORKLOAD_STEP
2026-07-10 01:13:37.483054800+05:30,8.1,57,8.9,1235.27,52.16,130,307,CHAOS,0.0,36.0,WORKLOAD_STEP
2026-07-10 01:13:39.533681200+05:30,9.2,57,8.7,1235.28,52.17,132,307,CHAOS,0.0,36.0,WORKLOAD_STEP
2026-07-10 01:13:41.577872300+05:30,7.8,59,8.5,1305.59,52.18,132,307,CHAOS,0.0,36.0,WORKLOAD_STEP
2026-07-10 01:13:43.625986900+05:30,10.6,57,8.6,1365.85,52.17,132,307,CHAOS,0.0,36.0,WORKLOAD_STEP
2026-07-10 01:13:45.670008800+05:30,8.6,60,8.8,1265.41,52.18,132,307,CHAOS,0.0,36.0,WORKLOAD_STEP
2026-07-10 01:13:47.708055500+05:30,8.7,56,8.8,1365.84,52.17,132,307,CHAOS,0.0,36.0,WORKLOAD_STEP
2026-07-10 01:13:49.746616700+05:30,6.8,59,8.8,1395.97,52.18,132,307,CHAOS,0.0,36.0,WORKLOAD_STEP
2026-07-10 01:13:51.794623800+05:30,6.1,57,9.5,1245.33,52.16,132,307,CHAOS,0.0,36.0,WORKLOAD_STEP
2026-07-10 01:13:53.855136400+05:30,8.1,59,9.0,1315.62,52.19,132,307,CHAOS,0.0,36.0,WORKLOAD_STEP
2026-07-10 01:13:55.902544700+05:30,12.4,57,10.2,1235.28,52.18,132,307,CHAOS,0.0,36.0,WORKLOAD_STEP
2026-07-10 01:13:57.953334300+05:30,7.7,57,8.6,1235.29,52.17,130,307,CHAOS,0.0,36.0,WORKLOAD_STEP
2026-07-10 01:14:00.016896800+05:30,11.0,57,9.1,1245.33,52.16,130,307,CHAOS,0.0,36.0,WORKLOAD_STEP
2026-07-10 01:14:02.067633300+05:30,7.8,57,8.7,1395.97,52.14,130,307,CHAOS,0.0,36.0,WORKLOAD_STEP
2026-07-10 01:14:04.119663800+05:30,12.5,57,9.3,1275.46,52.17,130,307,CHAOS,0.0,36.0,WORKLOAD_STEP
2026-07-10 01:14:06.155389200+05:30,7.1,58,8.4,1185.06,52.16,130,307,CHAOS,0.0,36.0,WORKLOAD_STEP
2026-07-10 01:14:08.204118700+05:30,7.6,57,8.7,1295.53,52.06,130,306,CHAOS,0.0,36.0,WORKLOAD_STEP
2026-07-10 01:14:10.240490300+05:30,8.1,57,8.4,1275.45,52.03,130,306,CHAOS,0.0,36.0,WORKLOAD_STEP
2026-07-10 01:14:12.275818500+05:30,8.0,57,9.0,1546.63,52.07,130,306,CHAOS,0.0,36.0,WORKLOAD_STEP
2026-07-10 01:14:14.317123+05:30,8.1,57,8.2,1185.06,52.05,130,306,CHAOS,0.0,36.0,WORKLOAD_STEP
2026-07-10 01:14:16.356744500+05:30,6.8,57,8.8,1315.63,52.04,130,306,CHAOS,0.0,36.0,WORKLOAD_STEP
2026-07-10 01:14:18.410444400+05:30,7.3,57,8.5,1325.67,52.03,130,306,CHAOS,0.0,36.0,WORKLOAD_STEP
2026-07-10 01:14:20.459598400+05:30,10.2,57,8.6,1245.31,52.03,130,306,CHAOS,0.0,36.0,WORKLOAD_STEP
2026-07-10 01:14:22.510272700+05:30,12.4,57,8.7,1215.19,52.03,131,306,CHAOS,0.0,36.0,WORKLOAD_STEP
2026-07-10 01:14:24.554954400+05:30,8.5,59,8.6,1205.15,52.03,131,306,CHAOS,0.0,36.0,WORKLOAD_STEP
2026-07-10 01:14:26.608915800+05:30,12.1,57,9.2,1295.54,52.03,131,306,CHAOS,0.0,36.0,WORKLOAD_STEP
2026-07-10 01:14:28.646761800+05:30,8.2,57,8.8,1626.97,52.07,131,307,CHAOS,0.0,36.0,WORKLOAD_STEP
2026-07-10 01:14:30.689890500+05:30,23.6,50,12.5,1416.06,52.1,130,307,CHAOS,30.0,37.0,WORKLOAD_STEP
2026-07-10 01:14:32.730526300+05:30,37.9,56,13.1,1205.16,52.1,130,307,CHAOS,30.0,37.0,WORKLOAD_STEP
2026-07-10 01:14:34.767664500+05:30,40.2,55,15.1,1175.02,52.1,130,307,CHAOS,30.0,37.0,WORKLOAD_STEP
2026-07-10 01:14:36.844700400+05:30,37.9,53,12.7,1486.38,52.1,130,307,CHAOS,30.0,37.0,WORKLOAD_STEP
2026-07-10 01:14:38.879091200+05:30,37.7,52,12.1,1496.41,52.1,130,307,CHAOS,30.0,37.0,WORKLOAD_STEP
2026-07-10 01:14:40.912951900+05:30,35.6,51,12.9,1084.64,52.09,129,307,CHAOS,30.0,37.0,WORKLOAD_STEP
2026-07-10 01:14:42.982986600+05:30,36.1,54,13.1,1235.27,52.13,129,307,CHAOS,30.0,37.0,WORKLOAD_STEP
2026-07-10 01:14:45.039593400+05:30,34.5,55,13.2,1215.2,52.09,129,307,CHAOS,30.0,37.0,WORKLOAD_STEP
2026-07-10 01:14:47.106354900+05:30,37.1,52,13.8,1345.76,52.09,129,307,CHAOS,30.0,37.0,WORKLOAD_STEP
2026-07-10 01:14:49.135232100+05:30,37.8,55,13.3,1566.71,52.09,129,307,CHAOS,30.0,37.0,WORKLOAD_STEP
2026-07-10 01:14:51.164905200+05:30,34.3,52,14.3,1667.13,52.09,130,307,CHAOS,30.0,37.0,WORKLOAD_STEP
2026-07-10 01:14:53.213725500+05:30,36.9,51,14.5,1506.45,52.09,130,307,CHAOS,30.0,37.0,WORKLOAD_STEP
2026-07-10 01:14:55.260092700+05:30,34.6,54,14.2,1416.06,52.09,130,307,CHAOS,30.0,37.0,WORKLOAD_STEP
2026-07-10 01:14:57.292127400+05:30,39.7,56,16.0,1586.8,52.09,130,307,CHAOS,30.0,37.0,WORKLOAD_STEP
2026-07-10 01:14:59.323040100+05:30,37.6,48,17.8,1847.92,52.09,130,307,CHAOS,30.0,37.0,WORKLOAD_STEP
2026-07-10 01:15:01.369928900+05:30,37.6,49,22.7,2149.22,52.09,130,307,CHAOS,30.0,37.0,WORKLOAD_STEP
2026-07-10 01:15:03.402306200+05:30,32.0,42,21.6,2209.47,52.1,130,307,CHAOS,30.0,37.0,WORKLOAD_STEP
2026-07-10 01:15:05.434713+05:30,34.4,48,21.4,1807.75,52.1,130,307,CHAOS,30.0,37.0,WORKLOAD_STEP
2026-07-10 01:15:07.464671600+05:30,35.3,49,22.3,1566.72,52.1,130,307,CHAOS,30.0,37.0,WORKLOAD_STEP
2026-07-10 01:15:09.503307500+05:30,37.4,49,22.1,1375.88,52.11,130,307,CHAOS,30.0,37.0,WORKLOAD_STEP
2026-07-10 01:15:11.534773300+05:30,37.8,45,19.1,1506.45,52.1,131,307,CHAOS,30.0,37.0,WORKLOAD_STEP
2026-07-10 01:15:13.566096500+05:30,36.6,52,18.0,1375.89,52.14,131,307,CHAOS,0.0,38.0,WORKLOAD_STEP
2026-07-10 01:15:15.600027300+05:30,8.2,55,8.7,1255.37,52.07,132,307,CHAOS,0.0,38.0,WORKLOAD_STEP
2026-07-10 01:15:17.645034600+05:30,6.1,56,9.0,1275.46,52.06,132,307,CHAOS,0.0,38.0,WORKLOAD_STEP
2026-07-10 01:15:19.688123700+05:30,9.7,55,9.0,1285.49,52.05,132,307,CHAOS,0.0,38.0,WORKLOAD_STEP
2026-07-10 01:15:21.730068200+05:30,14.1,55,10.1,1195.09,52.05,131,307,CHAOS,0.0,38.0,WORKLOAD_STEP
2026-07-10 01:15:23.758180500+05:30,8.4,55,9.4,1255.37,52.03,131,307,CHAOS,0.0,38.0,WORKLOAD_STEP
2026-07-10 01:15:25.818976100+05:30,6.5,55,8.8,1124.81,52.02,132,307,CHAOS,0.0,38.0,WORKLOAD_STEP
2026-07-10 01:15:27.862990100+05:30,8.1,56,9.4,1285.49,52.05,132,307,CHAOS,0.0,38.0,WORKLOAD_STEP
2026-07-10 01:15:29.899358900+05:30,5.7,58,9.0,1335.71,52.06,131,307,CHAOS,0.0,38.0,WORKLOAD_STEP
2026-07-10 01:15:31.937094800+05:30,8.9,56,9.1,1355.81,52.06,130,307,CHAOS,0.0,38.0,WORKLOAD_STEP
2026-07-10 01:15:33.993007800+05:30,8.7,56,8.6,1355.81,52.06,130,307,CHAOS,0.0,38.0,WORKLOAD_STEP
2026-07-10 01:15:36.049200900+05:30,14.1,56,9.1,1536.58,52.05,130,307,CHAOS,0.0,38.0,WORKLOAD_STEP
2026-07-10 01:15:38.100400600+05:30,7.4,56,9.0,1325.67,52.04,131,307,CHAOS,0.0,38.0,WORKLOAD_STEP
2026-07-10 01:15:40.138925300+05:30,6.2,55,8.8,1195.09,52.08,131,307,CHAOS,0.0,38.0,WORKLOAD_STEP
2026-07-10 01:15:42.172094500+05:30,9.1,56,8.6,1195.1,52.07,131,307,CHAOS,0.0,38.0,WORKLOAD_STEP
2026-07-10 01:15:44.224461300+05:30,9.2,56,8.3,1245.33,52.07,131,307,CHAOS,0.0,38.0,WORKLOAD_STEP
2026-07-10 01:15:46.277022800+05:30,8.1,56,8.5,1375.88,52.07,130,307,CHAOS,0.0,38.0,WORKLOAD_STEP
2026-07-10 01:15:48.324463700+05:30,9.6,55,8.6,1235.28,52.08,130,307,CHAOS,0.0,38.0,WORKLOAD_STEP
2026-07-10 01:15:50.364142900+05:30,9.2,55,9.1,1265.4,52.07,130,307,CHAOS,0.0,38.0,WORKLOAD_STEP
2026-07-10 01:15:52.410685700+05:30,7.3,58,8.5,1205.17,52.07,130,307,CHAOS,0.0,38.0,WORKLOAD_STEP
2026-07-10 01:15:54.459106200+05:30,8.5,56,9.2,1245.31,52.07,130,307,CHAOS,0.0,38.0,WORKLOAD_STEP
2026-07-10 01:15:56.497634500+05:30,10.8,56,9.7,1235.28,52.05,130,307,CHAOS,0.0,38.0,WORKLOAD_STEP
2026-07-10 01:15:58.541175+05:30,8.1,57,8.8,1225.22,52.04,129,306,CHAOS,0.0,38.0,WORKLOAD_STEP
2026-07-10 01:16:00.587063300+05:30,9.4,58,8.6,1215.21,52.06,129,306,CHAOS,0.0,38.0,WORKLOAD_STEP
2026-07-10 01:16:02.624979500+05:30,6.8,56,8.7,1255.37,52.08,129,306,CHAOS,0.0,38.0,WORKLOAD_STEP
2026-07-10 01:16:04.667786+05:30,11.5,56,8.9,1345.75,52.05,129,306,CHAOS,0.0,38.0,WORKLOAD_STEP
2026-07-10 01:16:06.708903+05:30,8.7,56,8.8,1134.87,52.09,129,306,CHAOS,0.0,38.0,WORKLOAD_STEP
2026-07-10 01:16:08.741888600+05:30,6.9,55,8.8,1255.36,52.04,129,306,CHAOS,0.0,38.0,WORKLOAD_STEP
2026-07-10 01:16:10.797603100+05:30,7.0,58,9.2,1054.51,52.06,129,306,CHAOS,0.0,38.0,WORKLOAD_STEP
2026-07-10 01:16:12.866480900+05:30,7.1,57,9.3,1255.37,52.05,131,306,CHAOS,0.0,38.0,WORKLOAD_STEP
2026-07-10 01:16:14.915741700+05:30,7.0,58,8.7,1626.96,52.04,131,306,CHAOS,0.0,38.0,WORKLOAD_STEP
2026-07-10 01:16:16.959775200+05:30,27.5,53,15.7,1687.22,52.06,131,306,CHAOS,40.0,39.0,WORKLOAD_STEP
2026-07-10 01:16:19.028385400+05:30,45.2,53,19.5,1817.81,52.05,131,306,CHAOS,40.0,39.0,WORKLOAD_STEP
2026-07-10 01:16:21.057433600+05:30,50.4,52,17.7,1888.09,52.05,131,306,CHAOS,40.0,39.0,WORKLOAD_STEP
2026-07-10 01:16:23.086520600+05:30,45.5,44,20.0,1737.44,52.05,130,306,CHAOS,40.0,39.0,WORKLOAD_STEP
2026-07-10 01:16:25.115159700+05:30,48.5,51,18.3,1285.5,52.04,130,306,CHAOS,40.0,39.0,WORKLOAD_STEP
2026-07-10 01:16:27.175819400+05:30,43.5,52,17.2,1385.93,52.05,130,306,CHAOS,40.0,39.0,WORKLOAD_STEP
2026-07-10 01:16:29.209193800+05:30,45.8,42,19.8,2068.88,52.06,129,306,CHAOS,40.0,39.0,WORKLOAD_STEP
2026-07-10 01:16:31.237288500+05:30,47.2,51,15.6,1757.53,52.06,129,306,CHAOS,40.0,39.0,WORKLOAD_STEP
2026-07-10 01:16:33.295613100+05:30,46.3,50,21.1,2159.26,52.06,129,306,CHAOS,40.0,39.0,WORKLOAD_STEP
2026-07-10 01:16:35.336838800+05:30,45.7,51,21.0,1787.65,52.06,129,306,CHAOS,40.0,39.0,WORKLOAD_STEP
2026-07-10 01:16:37.367494400+05:30,44.7,50,23.8,1526.55,52.07,129,306,CHAOS,40.0,39.0,WORKLOAD_STEP
2026-07-10 01:16:39.401765700+05:30,45.3,42,26.1,1948.34,52.06,129,306,CHAOS,40.0,39.0,WORKLOAD_STEP
2026-07-10 01:16:41.436512100+05:30,45.0,40,27.5,1637.01,52.11,129,306,CHAOS,40.0,39.0,WORKLOAD_STEP
2026-07-10 01:16:43.470470300+05:30,44.9,40,27.2,2219.52,52.06,129,306,CHAOS,40.0,39.0,WORKLOAD_STEP
2026-07-10 01:16:45.503360900+05:30,45.8,42,23.9,2209.48,52.06,129,306,CHAOS,40.0,39.0,WORKLOAD_STEP
2026-07-10 01:16:47.531138+05:30,46.1,46,18.9,1697.28,52.06,129,306,CHAOS,40.0,39.0,WORKLOAD_STEP
2026-07-10 01:16:49.575783200+05:30,47.2,50,17.3,1576.75,52.06,129,306,CHAOS,40.0,39.0,WORKLOAD_STEP
2026-07-10 01:16:51.620421+05:30,49.5,49,22.8,1757.54,52.06,129,306,CHAOS,40.0,39.0,WORKLOAD_STEP
2026-07-10 01:16:53.654244200+05:30,44.4,48,24.1,2279.77,52.06,129,306,CHAOS,40.0,39.0,WORKLOAD_STEP
2026-07-10 01:16:55.684808800+05:30,48.6,49,22.8,2078.92,52.06,129,306,CHAOS,40.0,39.0,WORKLOAD_STEP
2026-07-10 01:16:57.711900900+05:30,46.8,40,25.9,1626.97,52.06,129,306,CHAOS,40.0,39.0,WORKLOAD_STEP
2026-07-10 01:16:59.757023900+05:30,45.6,36,31.0,2098.99,52.06,129,306,CHAOS,40.0,39.0,WORKLOAD_STEP
2026-07-10 01:17:01.791449100+05:30,43.7,40,33.4,2681.51,52.06,131,306,CHAOS,40.0,39.0,WORKLOAD_STEP
2026-07-10 01:17:03.820843800+05:30,44.3,42,30.2,2872.34,52.07,131,306,CHAOS,40.0,39.0,WORKLOAD_STEP
2026-07-10 01:17:05.849449300+05:30,43.2,42,28.6,2741.77,52.06,131,306,CHAOS,40.0,39.0,WORKLOAD_STEP
2026-07-10 01:17:07.878851700+05:30,47.3,45,29.1,1918.24,52.08,132,306,CHAOS,40.0,39.0,WORKLOAD_STEP
2026-07-10 01:17:09.916211200+05:30,47.4,44,25.5,1687.23,52.07,131,306,CHAOS,40.0,39.0,WORKLOAD_STEP
2026-07-10 01:17:11.962292400+05:30,47.3,39,20.6,1707.32,52.08,131,306,CHAOS,40.0,39.0,WORKLOAD_STEP
2026-07-10 01:17:13.991385+05:30,45.4,42,22.1,2028.69,52.08,131,306,CHAOS,40.0,39.0,WORKLOAD_STEP
2026-07-10 01:17:16.020802600+05:30,42.3,40,29.6,1988.51,52.11,131,306,CHAOS,40.0,39.0,WORKLOAD_STEP
2026-07-10 01:17:18.053942800+05:30,45.6,38,28.7,2530.86,52.08,131,306,CHAOS,40.0,39.0,WORKLOAD_STEP
2026-07-10 01:17:20.093801800+05:30,46.5,40,29.5,2812.08,52.08,131,306,CHAOS,40.0,39.0,WORKLOAD_STEP
2026-07-10 01:17:22.126686+05:30,43.9,39,29.9,2340.03,52.08,131,306,CHAOS,40.0,39.0,WORKLOAD_STEP
2026-07-10 01:17:24.155548+05:30,43.2,36,30.3,2340.03,52.08,132,306,CHAOS,40.0,39.0,WORKLOAD_STEP
2026-07-10 01:17:26.184477700+05:30,43.9,36,29.4,2701.6,52.08,132,306,CHAOS,40.0,39.0,WORKLOAD_STEP
2026-07-10 01:17:28.212255700+05:30,42.9,35,29.7,2520.81,52.08,131,306,CHAOS,40.0,39.0,WORKLOAD_STEP
2026-07-10 01:17:30.241708500+05:30,45.5,36,31.1,2309.9,52.08,130,306,CHAOS,40.0,39.0,WORKLOAD_STEP
2026-07-10 01:17:32.266643+05:30,44.5,36,32.5,2681.52,52.07,130,306,CHAOS,40.0,39.0,WORKLOAD_STEP
2026-07-10 01:17:34.296567300+05:30,49.7,39,27.2,2149.21,52.08,131,306,CHAOS,40.0,39.0,WORKLOAD_STEP
2026-07-10 01:17:36.335105800+05:30,45.5,44,22.4,2249.66,52.08,130,306,CHAOS,40.0,39.0,WORKLOAD_STEP
2026-07-10 01:17:38.365143300+05:30,45.9,40,28.8,2520.82,52.08,130,306,CHAOS,40.0,39.0,WORKLOAD_STEP
2026-07-10 01:17:40.399482600+05:30,44.0,44,28.1,2510.78,52.08,130,306,CHAOS,40.0,39.0,WORKLOAD_STEP
2026-07-10 01:17:42.439711700+05:30,44.9,42,28.1,2822.12,52.09,130,306,CHAOS,40.0,39.0,WORKLOAD_STEP
2026-07-10 01:17:44.471873900+05:30,45.1,35,28.7,2139.17,52.08,129,306,CHAOS,40.0,39.0,WORKLOAD_STEP
2026-07-10 01:17:46.499959100+05:30,45.2,35,30.8,2179.34,52.09,129,306,CHAOS,40.0,39.0,WORKLOAD_STEP
2026-07-10 01:17:48.530877600+05:30,43.7,35,28.7,2420.39,52.08,129,306,CHAOS,40.0,39.0,WORKLOAD_STEP
2026-07-10 01:17:50.568970400+05:30,45.4,38,28.8,2008.6,52.09,129,306,CHAOS,40.0,39.0,WORKLOAD_STEP
2026-07-10 01:17:52.599939+05:30,44.1,35,29.2,2249.64,52.08,129,305,CHAOS,40.0,39.0,WORKLOAD_STEP
2026-07-10 01:17:54.632514500+05:30,46.5,32,31.0,2008.6,52.12,129,305,CHAOS,40.0,39.0,WORKLOAD_STEP
2026-07-10 01:17:56.660729800+05:30,46.7,34,31.9,2882.38,52.08,129,305,CHAOS,40.0,39.0,WORKLOAD_STEP
2026-07-10 01:17:58.690032600+05:30,45.0,32,30.5,2370.16,52.08,130,305,CHAOS,40.0,39.0,WORKLOAD_STEP
2026-07-10 01:18:00.717290600+05:30,45.7,35,34.7,2350.08,52.09,130,305,CHAOS,40.0,39.0,WORKLOAD_STEP
2026-07-10 01:18:02.743369300+05:30,43.3,35,32.9,2199.43,52.08,130,305,CHAOS,40.0,39.0,WORKLOAD_STEP
2026-07-10 01:18:04.775973800+05:30,43.5,35,30.2,2179.34,52.08,130,305,CHAOS,40.0,39.0,WORKLOAD_STEP
2026-07-10 01:18:06.819393100+05:30,45.2,34,30.2,2350.08,52.08,130,305,CHAOS,40.0,39.0,WORKLOAD_STEP
2026-07-10 01:18:08.842130400+05:30,44.8,32,33.3,2872.34,52.08,130,305,CHAOS,40.0,39.0,WORKLOAD_STEP
2026-07-10 01:18:10.872255800+05:30,43.7,32,31.5,2510.78,52.08,130,305,CHAOS,40.0,39.0,WORKLOAD_STEP
2026-07-10 01:18:12.904784700+05:30,42.8,40,31.5,2340.04,52.08,130,305,CHAOS,40.0,39.0,WORKLOAD_STEP
2026-07-10 01:18:14.937951900+05:30,43.4,30,31.0,2520.82,52.07,130,305,CHAOS,40.0,39.0,WORKLOAD_STEP
2026-07-10 01:18:16.969395800+05:30,44.7,32,31.1,2530.86,52.08,130,305,CHAOS,40.0,39.0,WORKLOAD_STEP
2026-07-10 01:18:19.004768400+05:30,44.5,32,30.7,2711.64,52.09,130,305,CHAOS,40.0,39.0,WORKLOAD_STEP
2026-07-10 01:18:21.035512800+05:30,45.5,32,33.3,2520.82,52.09,130,305,CHAOS,40.0,39.0,WORKLOAD_STEP
2026-07-10 01:18:23.067114100+05:30,55.5,34,33.9,2711.64,52.22,130,308,CHAOS,40.0,39.0,WORKLOAD_STEP
2026-07-10 01:18:25.096550+05:30,45.4,35,32.6,2520.82,52.22,130,308,CHAOS,40.0,39.0,WORKLOAD_STEP
2026-07-10 01:18:27.130009400+05:30,48.0,38,30.9,2370.16,52.22,129,308,CHAOS,40.0,39.0,WORKLOAD_STEP
2026-07-10 01:18:29.161293900+05:30,43.0,34,33.4,2350.08,52.23,128,308,CHAOS,40.0,39.0,WORKLOAD_STEP
2026-07-10 01:18:31.187770500+05:30,45.5,34,31.7,2520.82,52.22,128,308,CHAOS,40.0,39.0,WORKLOAD_STEP
2026-07-10 01:18:33.218432500+05:30,45.1,34,30.9,2350.08,52.22,128,308,CHAOS,40.0,39.0,WORKLOAD_STEP
2026-07-10 01:18:35.248621200+05:30,43.3,32,30.2,2711.64,52.22,128,308,CHAOS,40.0,39.0,WORKLOAD_STEP
2026-07-10 01:18:37.287528400+05:30,43.1,35,32.4,2360.12,52.26,128,308,CHAOS,40.0,39.0,WORKLOAD_STEP
2026-07-10 01:18:39.320722800+05:30,43.7,40,33.1,2360.12,52.21,128,308,CHAOS,40.0,39.0,WORKLOAD_STEP
2026-07-10 01:18:41.353138700+05:30,44.1,34,32.4,2701.6,52.21,128,308,CHAOS,40.0,39.0,WORKLOAD_STEP
2026-07-10 01:18:43.386987500+05:30,45.4,30,29.1,2701.6,52.22,128,308,CHAOS,40.0,39.0,WORKLOAD_STEP
2026-07-10 01:18:45.418204600+05:30,45.5,32,32.1,2691.56,52.22,128,308,CHAOS,40.0,39.0,WORKLOAD_STEP
2026-07-10 01:18:47.450270700+05:30,45.2,34,29.3,2701.6,52.22,128,308,CHAOS,40.0,39.0,WORKLOAD_STEP
2026-07-10 01:18:49.479474400+05:30,42.7,32,30.1,2530.86,52.21,128,308,CHAOS,40.0,39.0,WORKLOAD_STEP
2026-07-10 01:18:51.517055400+05:30,45.0,32,29.0,3043.08,52.22,128,308,CHAOS,40.0,39.0,WORKLOAD_STEP
2026-07-10 01:18:53.543013800+05:30,43.2,34,29.9,2500.73,52.21,128,308,CHAOS,40.0,39.0,WORKLOAD_STEP
2026-07-10 01:18:55.569399400+05:30,48.0,32,31.3,2530.86,52.21,128,308,CHAOS,40.0,39.0,WORKLOAD_STEP
2026-07-10 01:18:57.602431300+05:30,46.2,34,32.4,2520.82,52.21,128,308,CHAOS,40.0,39.0,WORKLOAD_STEP
2026-07-10 01:18:59.632088500+05:30,46.0,32,33.6,2520.82,52.21,128,308,CHAOS,40.0,39.0,WORKLOAD_STEP
2026-07-10 01:19:01.661467800+05:30,44.3,32,31.8,2340.04,52.21,128,308,CHAOS,40.0,39.0,WORKLOAD_STEP
2026-07-10 01:19:03.691520900+05:30,42.9,32,34.3,2711.64,52.22,128,308,CHAOS,40.0,39.0,WORKLOAD_STEP
2026-07-10 01:19:05.724923700+05:30,55.4,34,30.4,1998.56,52.22,128,308,CHAOS,40.0,39.0,WORKLOAD_STEP
2026-07-10 01:19:07.761815500+05:30,47.8,35,30.9,2711.64,52.23,128,308,CHAOS,40.0,39.0,WORKLOAD_STEP
2026-07-10 01:19:09.792475200+05:30,45.7,35,30.2,2701.6,52.22,128,308,CHAOS,40.0,39.0,WORKLOAD_STEP
2026-07-10 01:19:11.826004100+05:30,47.6,36,32.3,2711.64,52.22,128,308,CHAOS,40.0,39.0,WORKLOAD_STEP
2026-07-10 01:19:13.856145500+05:30,43.8,34,30.2,2530.86,52.21,129,308,CHAOS,40.0,39.0,WORKLOAD_STEP
2026-07-10 01:19:15.891881900+05:30,42.7,34,32.8,2350.08,52.2,129,308,CHAOS,40.0,39.0,WORKLOAD_STEP
2026-07-10 01:19:17.921972900+05:30,45.9,34,34.1,2350.08,52.17,129,308,CHAOS,40.0,39.0,WORKLOAD_STEP
2026-07-10 01:19:19.954522100+05:30,46.0,34,33.4,2530.86,52.17,129,308,CHAOS,40.0,39.0,WORKLOAD_STEP
2026-07-10 01:19:21.994385900+05:30,43.9,36,30.0,2701.6,52.17,129,307,CHAOS,40.0,39.0,WORKLOAD_STEP
2026-07-10 01:19:24.025082200+05:30,43.8,35,31.4,2350.08,52.07,130,305,CHAOS,40.0,39.0,WORKLOAD_STEP
2026-07-10 01:19:26.058870800+05:30,43.4,34,32.4,2540.9,52.08,130,305,CHAOS,40.0,39.0,WORKLOAD_STEP
2026-07-10 01:19:28.088543700+05:30,42.8,39,30.4,2701.6,52.08,129,305,CHAOS,40.0,39.0,WORKLOAD_STEP
2026-07-10 01:19:30.117764+05:30,47.2,35,29.9,2711.64,52.07,128,305,CHAOS,40.0,39.0,WORKLOAD_STEP
2026-07-10 01:19:32.147926800+05:30,45.3,35,32.7,2520.82,52.08,128,305,CHAOS,40.0,39.0,WORKLOAD_STEP
2026-07-10 01:19:34.182001300+05:30,51.2,40,31.5,2701.6,52.09,128,305,CHAOS,40.0,39.0,WORKLOAD_STEP
2026-07-10 01:19:36.209704800+05:30,43.0,35,31.8,2862.3,52.08,127,305,CHAOS,40.0,39.0,WORKLOAD_STEP
2026-07-10 01:19:38.249097900+05:30,45.2,36,33.2,2530.86,52.08,127,305,CHAOS,40.0,39.0,WORKLOAD_STEP
2026-07-10 01:19:40.277197100+05:30,42.1,35,30.2,2691.56,52.07,127,305,CHAOS,40.0,39.0,WORKLOAD_STEP
2026-07-10 01:19:42.308448200+05:30,55.5,35,33.9,2711.64,52.04,127,305,CHAOS,40.0,39.0,WORKLOAD_STEP
2026-07-10 01:19:44.335521+05:30,44.9,35,30.4,2360.12,52.03,127,305,CHAOS,40.0,39.0,WORKLOAD_STEP
2026-07-10 01:19:46.368171200+05:30,45.4,34,31.3,2721.69,52.04,127,305,CHAOS,40.0,39.0,WORKLOAD_STEP
2026-07-10 01:19:48.402133400+05:30,43.6,36,31.3,2711.64,52.04,127,305,CHAOS,40.0,39.0,WORKLOAD_STEP
2026-07-10 01:19:50.430618800+05:30,43.3,36,34.2,2540.9,52.04,127,305,CHAOS,70.0,40.0,WORKLOAD_STEP
2026-07-10 01:19:52.456758400+05:30,70.9,32,35.8,2852.25,52.04,127,305,CHAOS,70.0,40.0,WORKLOAD_STEP
2026-07-10 01:19:54.491171700+05:30,72.6,34,36.8,3033.04,52.04,127,305,CHAOS,70.0,40.0,WORKLOAD_STEP
2026-07-10 01:19:56.522176800+05:30,74.5,36,39.9,3053.12,52.04,127,305,CHAOS,70.0,40.0,WORKLOAD_STEP
2026-07-10 01:19:58.553677200+05:30,73.3,39,37.1,2711.64,52.05,127,305,CHAOS,70.0,40.0,WORKLOAD_STEP
2026-07-10 01:20:00.585416100+05:30,72.8,32,39.3,2701.6,52.05,127,305,CHAOS,70.0,40.0,WORKLOAD_STEP
2026-07-10 01:20:02.617456500+05:30,71.7,32,35.8,2872.34,52.09,127,305,CHAOS,70.0,40.0,WORKLOAD_STEP
2026-07-10 01:20:04.647414100+05:30,72.9,30,34.7,2882.38,52.05,127,305,CHAOS,70.0,40.0,WORKLOAD_STEP
2026-07-10 01:20:06.673839200+05:30,74.7,30,36.4,2651.38,52.05,127,305,CHAOS,70.0,40.0,WORKLOAD_STEP
2026-07-10 01:20:08.709966100+05:30,75.4,32,38.4,3053.12,52.05,127,305,CHAOS,70.0,40.0,WORKLOAD_STEP
2026-07-10 01:20:10.741070+05:30,73.1,32,36.4,3053.12,52.05,127,305,CHAOS,70.0,40.0,WORKLOAD_STEP
2026-07-10 01:20:12.774006700+05:30,73.7,34,38.2,2872.34,52.05,127,305,CHAOS,70.0,40.0,WORKLOAD_STEP
2026-07-10 01:20:14.811364400+05:30,55.1,36,22.6,2219.52,52.05,127,305,CHAOS,50.0,41.0,WORKLOAD_STEP
2026-07-10 01:20:16.845078600+05:30,52.4,35,29.6,2671.47,52.05,127,305,CHAOS,50.0,41.0,WORKLOAD_STEP
2026-07-10 01:20:18.872632800+05:30,53.4,39,29.3,2852.25,52.05,127,305,CHAOS,50.0,41.0,WORKLOAD_STEP
2026-07-10 01:20:20.898796200+05:30,54.6,36,33.4,2691.56,52.05,127,305,CHAOS,50.0,41.0,WORKLOAD_STEP
2026-07-10 01:20:22.925390800+05:30,53.4,44,32.3,2520.82,52.05,127,305,CHAOS,50.0,41.0,WORKLOAD_STEP
2026-07-10 01:20:24.962082800+05:30,53.8,34,32.1,2530.86,52.05,127,305,CHAOS,50.0,41.0,WORKLOAD_STEP
2026-07-10 01:20:26.993701700+05:30,52.3,34,31.9,2490.69,52.05,127,305,CHAOS,50.0,41.0,WORKLOAD_STEP
2026-07-10 01:20:29.026678800+05:30,54.3,32,28.2,2711.64,52.05,127,305,CHAOS,50.0,41.0,WORKLOAD_STEP
2026-07-10 01:20:31.052895600+05:30,54.2,32,31.3,2350.08,52.05,127,305,CHAOS,50.0,41.0,WORKLOAD_STEP
2026-07-10 01:20:33.080277400+05:30,55.6,39,32.7,2882.38,52.05,127,305,CHAOS,50.0,41.0,WORKLOAD_STEP
2026-07-10 01:20:35.112001900+05:30,53.0,43,31.9,3053.12,52.05,128,305,CHAOS,50.0,41.0,WORKLOAD_STEP
2026-07-10 01:20:37.142596300+05:30,54.0,44,31.8,2872.34,52.05,128,305,CHAOS,50.0,41.0,WORKLOAD_STEP
2026-07-10 01:20:39.186727700+05:30,53.8,34,30.4,2691.56,52.05,128,305,CHAOS,50.0,41.0,WORKLOAD_STEP
2026-07-10 01:20:41.216109800+05:30,56.0,34,33.6,3053.12,52.05,128,305,CHAOS,50.0,41.0,WORKLOAD_STEP
2026-07-10 01:20:43.244556400+05:30,53.3,32,32.5,2691.56,52.05,128,305,CHAOS,50.0,41.0,WORKLOAD_STEP
2026-07-10 01:20:45.271518100+05:30,52.8,35,31.6,2319.95,52.05,128,305,CHAOS,50.0,41.0,WORKLOAD_STEP
2026-07-10 01:20:47.297925+05:30,51.5,34,32.7,2500.73,52.05,128,305,CHAOS,50.0,41.0,WORKLOAD_STEP
2026-07-10 01:20:49.325568700+05:30,53.2,44,35.0,2872.34,52.05,128,305,CHAOS,50.0,41.0,WORKLOAD_STEP
2026-07-10 01:20:51.361230800+05:30,52.5,35,32.7,2350.08,52.05,128,305,CHAOS,50.0,41.0,WORKLOAD_STEP
2026-07-10 01:20:53.389537500+05:30,56.0,42,30.3,2882.38,52.1,128,305,CHAOS,50.0,41.0,WORKLOAD_STEP
2026-07-10 01:20:55.426316900+05:30,54.6,35,29.5,2691.56,52.05,128,305,CHAOS,50.0,41.0,WORKLOAD_STEP
2026-07-10 01:20:57.455961+05:30,55.7,34,33.5,2701.6,52.05,128,305,CHAOS,50.0,41.0,WORKLOAD_STEP
2026-07-10 01:20:59.490420800+05:30,52.3,32,32.1,2711.64,52.05,128,305,CHAOS,50.0,41.0,WORKLOAD_STEP
2026-07-10 01:21:01.526334800+05:30,52.4,35,32.0,2711.64,52.05,128,305,CHAOS,50.0,41.0,WORKLOAD_STEP
2026-07-10 01:21:03.556538+05:30,54.0,34,30.0,2852.25,52.05,128,305,CHAOS,50.0,41.0,WORKLOAD_STEP
2026-07-10 01:21:05.585563500+05:30,55.5,34,30.7,2842.21,52.06,127,305,CHAOS,50.0,41.0,WORKLOAD_STEP
2026-07-10 01:21:07.610521600+05:30,57.1,35,32.7,2701.6,52.06,127,305,CHAOS,50.0,41.0,WORKLOAD_STEP
2026-07-10 01:21:09.639891300+05:30,53.9,40,32.1,3043.08,52.06,127,305,CHAOS,50.0,41.0,WORKLOAD_STEP
2026-07-10 01:21:11.679502+05:30,55.2,42,32.8,2701.6,52.06,127,305,CHAOS,50.0,41.0,WORKLOAD_STEP
2026-07-10 01:21:13.710650700+05:30,51.9,44,34.1,2701.6,52.07,127,305,CHAOS,50.0,41.0,WORKLOAD_STEP
2026-07-10 01:21:15.736662900+05:30,54.5,32,32.1,2540.9,52.07,127,305,CHAOS,50.0,41.0,WORKLOAD_STEP
2026-07-10 01:21:17.765923700+05:30,56.6,34,32.1,2711.64,52.07,127,305,CHAOS,50.0,41.0,WORKLOAD_STEP
2026-07-10 01:21:19.792756300+05:30,56.5,34,30.6,2530.86,52.06,127,305,CHAOS,50.0,41.0,WORKLOAD_STEP
2026-07-10 01:21:21.834169200+05:30,51.7,38,33.0,2882.38,52.07,127,305,CHAOS,50.0,41.0,WORKLOAD_STEP
2026-07-10 01:21:23.866212700+05:30,54.6,32,33.5,2862.29,52.07,127,305,CHAOS,50.0,41.0,WORKLOAD_STEP
2026-07-10 01:21:25.902447600+05:30,51.7,38,35.4,2681.51,52.07,128,305,CHAOS,50.0,41.0,WORKLOAD_STEP
2026-07-10 01:21:27.928347300+05:30,55.5,40,33.6,3043.08,52.07,128,305,CHAOS,50.0,41.0,WORKLOAD_STEP
2026-07-10 01:21:29.960313+05:30,57.2,44,31.0,2872.34,52.07,127,305,CHAOS,50.0,41.0,WORKLOAD_STEP
2026-07-10 01:21:31.994740500+05:30,41.3,50,19.2,1235.28,52.08,127,305,CHAOS,20.0,42.0,WORKLOAD_STEP
2026-07-10 01:21:34.048508700+05:30,27.5,52,10.5,1235.29,52.07,127,305,CHAOS,20.0,42.0,WORKLOAD_STEP
2026-07-10 01:21:36.111785100+05:30,26.4,53,10.6,1255.36,52.08,127,305,CHAOS,20.0,42.0,WORKLOAD_STEP
2026-07-10 01:21:38.149568200+05:30,25.4,51,10.7,1134.85,52.08,128,305,CHAOS,20.0,42.0,WORKLOAD_STEP
2026-07-10 01:21:40.182015700+05:30,25.7,51,11.0,1154.93,52.08,128,305,CHAOS,20.0,42.0,WORKLOAD_STEP
2026-07-10 01:21:42.236667700+05:30,29.2,51,11.9,1325.68,52.08,128,305,CHAOS,20.0,42.0,WORKLOAD_STEP
2026-07-10 01:21:44.285707200+05:30,28.0,52,11.9,1355.8,52.08,128,305,CHAOS,20.0,42.0,WORKLOAD_STEP
2026-07-10 01:21:46.317757900+05:30,29.0,54,11.7,1355.8,52.08,128,305,CHAOS,20.0,42.0,WORKLOAD_STEP
2026-07-10 01:21:48.353200700+05:30,25.5,51,10.7,1345.76,52.08,128,305,CHAOS,20.0,42.0,WORKLOAD_STEP
2026-07-10 01:21:50.411685200+05:30,29.0,51,12.1,1195.12,52.08,128,305,CHAOS,20.0,42.0,WORKLOAD_STEP
2026-07-10 01:21:52.451783100+05:30,29.3,51,11.5,1094.68,52.08,128,305,CHAOS,20.0,42.0,WORKLOAD_STEP
2026-07-10 01:21:54.498751100+05:30,32.8,52,12.6,1215.19,52.08,128,305,CHAOS,20.0,42.0,WORKLOAD_STEP
2026-07-10 01:21:56.579606900+05:30,27.6,53,12.0,1124.81,52.09,128,305,CHAOS,20.0,42.0,WORKLOAD_STEP
2026-07-10 01:21:58.634603500+05:30,31.9,53,12.5,1385.94,52.09,128,305,CHAOS,20.0,42.0,WORKLOAD_STEP
2026-07-10 01:22:00.682426600+05:30,26.0,53,12.1,1144.89,52.1,128,305,CHAOS,20.0,42.0,WORKLOAD_STEP
2026-07-10 01:22:02.714999700+05:30,28.3,52,16.6,1526.53,52.09,128,305,CHAOS,20.0,42.0,WORKLOAD_STEP
2026-07-10 01:22:04.755915300+05:30,26.8,51,14.3,1245.32,52.09,128,305,CHAOS,20.0,42.0,WORKLOAD_STEP
2026-07-10 01:22:06.816957600+05:30,28.8,52,15.8,1606.88,52.1,128,305,CHAOS,20.0,42.0,WORKLOAD_STEP
2026-07-10 01:22:08.858368400+05:30,30.0,45,16.2,1406.01,52.1,127,305,CHAOS,20.0,42.0,WORKLOAD_STEP
2026-07-10 01:22:10.913048700+05:30,25.9,52,16.1,1345.76,52.09,127,305,CHAOS,20.0,42.0,WORKLOAD_STEP
2026-07-10 01:22:12.977250200+05:30,26.7,52,15.3,2008.6,52.17,129,306,CHAOS,20.0,42.0,WORKLOAD_STEP
2026-07-10 01:22:15.007760400+05:30,25.5,49,16.3,1114.77,52.22,129,306,CHAOS,20.0,42.0,WORKLOAD_STEP
2026-07-10 01:22:17.070022600+05:30,27.5,46,16.1,1385.92,52.21,129,306,CHAOS,20.0,42.0,WORKLOAD_STEP
2026-07-10 01:22:19.101245100+05:30,25.4,48,17.7,1506.44,52.22,129,306,CHAOS,20.0,42.0,WORKLOAD_STEP
2026-07-10 01:22:21.131496+05:30,29.8,46,16.9,1868.0,52.21,129,306,CHAOS,20.0,42.0,WORKLOAD_STEP
2026-07-10 01:22:23.168636600+05:30,25.5,45,20.4,1476.32,52.24,129,307,CHAOS,20.0,42.0,WORKLOAD_STEP
2026-07-10 01:22:25.222697900+05:30,28.9,51,17.7,1717.36,52.25,129,307,CHAOS,20.0,42.0,WORKLOAD_STEP
2026-07-10 01:22:27.254701600+05:30,23.1,49,17.6,1426.09,52.25,129,307,CHAOS,20.0,42.0,WORKLOAD_STEP
2026-07-10 01:22:29.285435200+05:30,28.6,42,18.7,1385.93,52.26,129,307,CHAOS,20.0,42.0,WORKLOAD_STEP
2026-07-10 01:22:31.316375300+05:30,27.8,46,19.4,2018.65,52.26,129,307,CHAOS,20.0,42.0,WORKLOAD_STEP
2026-07-10 01:22:33.349612400+05:30,26.0,49,19.4,1566.7,52.31,129,307,CHAOS,20.0,42.0,WORKLOAD_STEP
2026-07-10 01:22:35.397336700+05:30,23.9,46,19.2,1878.04,52.27,129,307,CHAOS,20.0,42.0,WORKLOAD_STEP
2026-07-10 01:22:37.428579100+05:30,24.6,48,18.7,1797.69,52.26,129,307,CHAOS,20.0,42.0,WORKLOAD_STEP
2026-07-10 01:22:39.459795800+05:30,24.8,48,19.7,1787.65,52.25,129,307,CHAOS,20.0,42.0,WORKLOAD_STEP
2026-07-10 01:22:41.490666900+05:30,26.4,51,21.5,2068.86,52.26,129,307,CHAOS,20.0,42.0,WORKLOAD_STEP
2026-07-10 01:22:43.542995200+05:30,30.0,51,21.1,1898.13,52.24,129,307,CHAOS,20.0,42.0,WORKLOAD_STEP
2026-07-10 01:22:45.568211+05:30,24.9,49,20.0,2370.17,52.19,129,307,CHAOS,20.0,42.0,WORKLOAD_STEP
2026-07-10 01:22:47.594576400+05:30,28.4,48,18.6,2109.04,52.19,129,307,CHAOS,20.0,42.0,WORKLOAD_STEP
2026-07-10 01:22:49.625359800+05:30,23.6,45,20.4,1998.56,52.19,129,307,CHAOS,20.0,42.0,WORKLOAD_STEP
2026-07-10 01:22:51.655429800+05:30,25.5,48,20.1,2109.03,52.2,129,308,CHAOS,20.0,42.0,WORKLOAD_STEP
2026-07-10 01:22:53.699772100+05:30,26.9,45,21.6,1928.26,52.2,129,308,CHAOS,20.0,42.0,WORKLOAD_STEP
2026-07-10 01:22:55.726905800+05:30,26.6,46,18.6,1556.65,52.21,129,308,CHAOS,20.0,42.0,WORKLOAD_STEP
2026-07-10 01:22:57.751786700+05:30,25.0,50,23.0,1817.78,52.2,131,308,CHAOS,20.0,42.0,WORKLOAD_STEP
2026-07-10 01:22:59.791391200+05:30,24.8,46,21.3,1827.82,52.19,131,308,CHAOS,20.0,42.0,WORKLOAD_STEP
2026-07-10 01:23:01.825086600+05:30,25.3,48,20.3,1847.91,52.2,131,308,CHAOS,20.0,42.0,WORKLOAD_STEP
2026-07-10 01:23:03.861642200+05:30,33.2,46,19.9,1596.84,52.47,131,308,CHAOS,20.0,42.0,WORKLOAD_STEP
2026-07-10 01:23:05.896746600+05:30,32.8,45,21.9,1837.87,52.47,132,308,CHAOS,20.0,42.0,WORKLOAD_STEP
2026-07-10 01:23:07.928991400+05:30,23.5,46,20.9,1968.44,51.93,132,308,CHAOS,20.0,42.0,WORKLOAD_STEP
2026-07-10 01:23:09.971539100+05:30,22.4,45,21.9,2139.17,51.91,132,308,CHAOS,20.0,42.0,WORKLOAD_STEP
2026-07-10 01:23:12.005951800+05:30,22.8,50,21.7,2299.87,51.94,132,308,CHAOS,20.0,42.0,WORKLOAD_STEP
2026-07-10 01:23:14.042056700+05:30,26.2,48,21.0,1807.74,51.89,132,307,CHAOS,20.0,42.0,WORKLOAD_STEP
2026-07-10 01:23:16.073126700+05:30,25.6,48,21.7,1958.38,51.89,132,307,CHAOS,20.0,42.0,WORKLOAD_STEP
2026-07-10 01:23:18.102557900+05:30,29.2,42,20.8,2651.38,51.87,132,307,CHAOS,20.0,42.0,WORKLOAD_STEP
2026-07-10 01:23:20.137477400+05:30,23.9,45,21.3,1747.48,51.89,132,307,CHAOS,20.0,42.0,WORKLOAD_STEP
2026-07-10 01:23:22.170951100+05:30,26.8,48,21.9,1737.44,51.86,132,306,CHAOS,20.0,42.0,WORKLOAD_STEP
2026-07-10 01:23:24.199568100+05:30,24.1,48,21.4,2109.04,51.88,134,307,CHAOS,20.0,42.0,WORKLOAD_STEP
2026-07-10 01:23:26.232853400+05:30,26.6,48,21.1,1797.69,52.03,135,308,CHAOS,20.0,42.0,WORKLOAD_STEP
2026-07-10 01:23:28.272436800+05:30,28.2,49,22.5,2360.12,52.04,136,308,CHAOS,20.0,42.0,WORKLOAD_STEP
2026-07-10 01:23:30.308429400+05:30,25.9,44,20.8,2038.74,52.05,136,308,CHAOS,20.0,42.0,WORKLOAD_STEP
2026-07-10 01:23:32.354295200+05:30,24.2,44,20.8,1657.09,52.04,136,308,CHAOS,20.0,42.0,WORKLOAD_STEP
2026-07-10 01:23:34.383787100+05:30,23.5,45,20.9,2209.48,52.03,136,307,CHAOS,20.0,42.0,WORKLOAD_STEP
2026-07-10 01:23:36.415058700+05:30,25.3,44,21.1,2480.65,52.02,135,307,CHAOS,20.0,42.0,WORKLOAD_STEP
2026-07-10 01:23:38.442370400+05:30,22.5,46,21.0,2078.9,52.04,135,307,CHAOS,20.0,42.0,WORKLOAD_STEP
2026-07-10 01:23:40.471719100+05:30,31.6,46,22.4,1807.73,52.05,135,307,CHAOS,20.0,42.0,WORKLOAD_STEP
2026-07-10 01:23:42.498680500+05:30,25.7,42,20.7,2239.6,52.06,134,307,CHAOS,20.0,42.0,WORKLOAD_STEP
2026-07-10 01:23:44.538478700+05:30,34.5,44,25.6,2038.73,52.33,134,316,CHAOS,20.0,42.0,WORKLOAD_STEP
2026-07-10 01:23:46.569362700+05:30,32.8,38,28.9,2129.13,52.46,134,317,CHAOS,20.0,42.0,WORKLOAD_STEP
2026-07-10 01:23:48.599419800+05:30,30.7,39,24.4,1847.92,52.42,134,315,CHAOS,20.0,42.0,WORKLOAD_STEP
2026-07-10 01:23:50.631527800+05:30,29.8,39,26.9,2530.86,52.52,134,315,CHAOS,20.0,42.0,WORKLOAD_STEP
2026-07-10 01:23:52.661298700+05:30,32.7,44,26.5,1968.43,52.45,134,315,CHAOS,20.0,42.0,WORKLOAD_STEP
2026-07-10 01:23:54.691920400+05:30,32.4,44,26.2,2520.82,52.38,133,315,CHAOS,20.0,42.0,WORKLOAD_STEP
2026-07-10 01:23:56.721682700+05:30,28.9,40,23.2,2269.74,52.44,133,315,CHAOS,20.0,42.0,WORKLOAD_STEP
2026-07-10 01:23:58.769574100+05:30,26.6,42,23.1,2169.3,52.32,132,311,CHAOS,20.0,42.0,WORKLOAD_STEP
2026-07-10 01:24:00.807126600+05:30,23.5,42,20.9,2791.99,52.32,132,311,CHAOS,20.0,42.0,WORKLOAD_STEP
2026-07-10 01:24:02.841193100+05:30,31.2,45,21.4,2068.86,52.36,133,311,CHAOS,20.0,42.0,WORKLOAD_STEP
2026-07-10 01:24:04.886743300+05:30,29.5,46,21.4,2400.3,52.23,134,310,CHAOS,20.0,42.0,WORKLOAD_STEP
2026-07-10 01:24:06.923110400+05:30,23.9,42,19.9,1868.0,52.23,134,310,CHAOS,20.0,42.0,WORKLOAD_STEP
2026-07-10 01:24:08.956284100+05:30,24.4,42,22.2,1757.53,52.22,134,310,CHAOS,20.0,42.0,WORKLOAD_STEP
2026-07-10 01:24:10.990705700+05:30,27.1,42,20.7,2109.03,52.22,133,310,CHAOS,20.0,42.0,WORKLOAD_STEP
2026-07-10 01:24:13.025439+05:30,23.1,44,21.6,2008.6,52.21,132,310,CHAOS,20.0,42.0,WORKLOAD_STEP
2026-07-10 01:24:15.075081200+05:30,27.1,42,19.8,2129.13,52.23,132,310,CHAOS,20.0,42.0,WORKLOAD_STEP
2026-07-10 01:24:17.107312+05:30,26.9,42,21.6,2139.17,52.22,132,310,CHAOS,20.0,42.0,WORKLOAD_STEP
2026-07-10 01:24:19.129271300+05:30,27.6,42,20.4,2169.3,52.23,132,310,CHAOS,20.0,42.0,WORKLOAD_STEP
2026-07-10 01:24:21.158614800+05:30,63.6,39,35.5,2802.03,52.22,132,310,CHAOS,60.0,43.0,WORKLOAD_STEP
2026-07-10 01:24:23.185901900+05:30,61.0,36,34.4,2691.55,52.23,131,310,CHAOS,60.0,43.0,WORKLOAD_STEP
2026-07-10 01:24:25.214129100+05:30,61.6,32,31.2,2791.99,52.22,130,310,CHAOS,60.0,43.0,WORKLOAD_STEP
2026-07-10 01:24:27.256630+05:30,64.1,32,33.9,2661.43,52.32,130,310,CHAOS,60.0,43.0,WORKLOAD_STEP
2026-07-10 01:24:29.293069800+05:30,63.7,35,35.6,2520.82,52.31,130,311,CHAOS,60.0,43.0,WORKLOAD_STEP
2026-07-10 01:24:31.330828400+05:30,63.8,35,36.2,3053.12,52.31,131,311,CHAOS,60.0,43.0,WORKLOAD_STEP
2026-07-10 01:24:33.358091+05:30,63.3,32,34.4,3053.12,52.31,132,311,CHAOS,60.0,43.0,WORKLOAD_STEP
2026-07-10 01:24:35.385647700+05:30,62.4,40,34.9,3043.08,52.31,132,311,CHAOS,60.0,43.0,WORKLOAD_STEP
2026-07-10 01:24:37.415448800+05:30,62.1,34,36.7,2882.38,52.32,132,311,CHAOS,60.0,43.0,WORKLOAD_STEP
2026-07-10 01:24:39.449724900+05:30,65.4,35,36.9,3053.12,52.32,132,311,CHAOS,60.0,43.0,WORKLOAD_STEP
2026-07-10 01:24:41.484081200+05:30,66.4,32,34.9,2882.38,52.32,131,311,CHAOS,60.0,43.0,WORKLOAD_STEP
2026-07-10 01:24:43.509318500+05:30,62.9,32,34.9,3053.12,52.32,130,311,CHAOS,60.0,43.0,WORKLOAD_STEP
2026-07-10 01:24:45.543015800+05:30,65.4,32,32.8,2882.38,52.28,130,310,CHAOS,80.0,44.0,WORKLOAD_STEP
2026-07-10 01:24:47.571669700+05:30,82.9,34,38.3,2872.34,52.28,130,310,CHAOS,80.0,44.0,WORKLOAD_STEP
2026-07-10 01:24:49.596364+05:30,82.6,30,37.3,3053.12,52.28,130,310,CHAOS,80.0,44.0,WORKLOAD_STEP
2026-07-10 01:24:51.623895100+05:30,84.1,29,39.4,2882.38,52.28,130,310,CHAOS,80.0,44.0,WORKLOAD_STEP
2026-07-10 01:24:53.654375300+05:30,83.6,30,41.7,2520.82,52.28,131,310,CHAOS,80.0,44.0,WORKLOAD_STEP
2026-07-10 01:24:55.685206400+05:30,83.1,30,36.2,3053.12,52.2,132,309,CHAOS,80.0,44.0,WORKLOAD_STEP
2026-07-10 01:24:57.713531600+05:30,83.9,29,42.1,3053.12,52.19,132,309,CHAOS,80.0,44.0,WORKLOAD_STEP
2026-07-10 01:24:59.745789700+05:30,82.8,30,37.5,2872.34,52.19,132,309,CHAOS,80.0,44.0,WORKLOAD_STEP
2026-07-10 01:25:01.779357400+05:30,83.2,32,40.0,3053.12,52.19,132,309,CHAOS,80.0,44.0,WORKLOAD_STEP
2026-07-10 01:25:03.810392300+05:30,84.7,32,38.2,2882.38,52.19,131,309,CHAOS,80.0,44.0,WORKLOAD_STEP
2026-07-10 01:25:05.840573+05:30,84.7,32,41.4,2882.38,52.19,130,309,CHAOS,80.0,44.0,WORKLOAD_STEP
2026-07-10 01:25:07.881590800+05:30,81.1,30,40.7,3053.12,52.21,130,309,CHAOS,80.0,44.0,WORKLOAD_STEP
2026-07-10 01:25:09.918751400+05:30,84.2,30,35.9,3053.12,52.21,130,309,CHAOS,80.0,44.0,WORKLOAD_STEP
2026-07-10 01:25:11.944769100+05:30,81.7,30,42.8,2882.38,52.21,130,309,CHAOS,80.0,44.0,WORKLOAD_STEP
2026-07-10 01:25:13.978818900+05:30,84.1,30,39.8,3053.12,52.22,130,309,CHAOS,80.0,44.0,WORKLOAD_STEP
2026-07-10 01:25:16.015319500+05:30,83.2,30,40.0,3053.12,52.22,130,309,CHAOS,80.0,44.0,WORKLOAD_STEP
2026-07-10 01:25:18.043314900+05:30,85.9,32,40.1,3053.12,52.22,130,309,CHAOS,80.0,44.0,WORKLOAD_STEP
2026-07-10 01:25:20.072174300+05:30,82.5,30,39.1,3053.12,52.22,130,309,CHAOS,80.0,44.0,WORKLOAD_STEP
2026-07-10 01:25:22.100014+05:30,83.6,29,39.5,3053.12,52.22,130,309,CHAOS,80.0,44.0,WORKLOAD_STEP
2026-07-10 01:25:24.134568900+05:30,82.6,29,40.2,2882.38,52.22,131,309,CHAOS,80.0,44.0,WORKLOAD_STEP
2026-07-10 01:25:26.167481200+05:30,84.2,30,40.5,3053.12,52.2,131,308,CHAOS,80.0,44.0,WORKLOAD_STEP
2026-07-10 01:25:28.198594900+05:30,84.9,30,40.7,3053.12,52.2,131,308,CHAOS,80.0,44.0,WORKLOAD_STEP
2026-07-10 01:25:30.228688200+05:30,83.8,29,41.6,3053.12,52.2,130,308,CHAOS,80.0,44.0,WORKLOAD_STEP
2026-07-10 01:25:32.264576200+05:30,82.4,32,42.2,2882.38,52.2,130,308,CHAOS,80.0,44.0,WORKLOAD_STEP
2026-07-10 01:25:34.294764600+05:30,82.9,32,38.9,3053.12,52.2,130,308,CHAOS,80.0,44.0,WORKLOAD_STEP
2026-07-10 01:25:36.337021600+05:30,81.8,30,42.7,2882.38,52.2,130,308,CHAOS,80.0,44.0,WORKLOAD_STEP
2026-07-10 01:25:38.370372500+05:30,84.4,30,41.7,3053.12,52.2,130,308,CHAOS,80.0,44.0,WORKLOAD_STEP
2026-07-10 01:25:40.401141800+05:30,84.6,30,41.2,3053.12,52.19,130,308,CHAOS,80.0,44.0,WORKLOAD_STEP
2026-07-10 01:25:42.433362200+05:30,83.6,32,38.3,3053.12,52.2,130,308,CHAOS,80.0,44.0,WORKLOAD_STEP
2026-07-10 01:25:44.462451400+05:30,81.0,32,42.4,3053.12,52.2,130,308,CHAOS,80.0,44.0,WORKLOAD_STEP
2026-07-10 01:25:46.505226300+05:30,81.5,32,42.4,3053.12,52.2,130,308,CHAOS,80.0,44.0,WORKLOAD_STEP
2026-07-10 01:25:48.535022300+05:30,82.2,32,37.8,3053.12,52.2,130,308,CHAOS,80.0,44.0,WORKLOAD_STEP
2026-07-10 01:25:50.566213300+05:30,83.5,30,38.8,3053.12,52.2,131,308,CHAOS,80.0,44.0,WORKLOAD_STEP
2026-07-10 01:25:52.596707400+05:30,85.6,32,35.3,3053.12,52.2,131,308,CHAOS,80.0,44.0,WORKLOAD_STEP
2026-07-10 01:25:54.625312600+05:30,84.5,32,39.0,2691.55,52.2,131,308,CHAOS,80.0,44.0,WORKLOAD_STEP
2026-07-10 01:25:56.657532300+05:30,83.3,30,38.8,3053.12,52.2,131,308,CHAOS,80.0,44.0,WORKLOAD_STEP
2026-07-10 01:25:58.685605100+05:30,84.3,30,42.9,3053.12,52.2,131,308,CHAOS,80.0,44.0,WORKLOAD_STEP
2026-07-10 01:26:00.714578100+05:30,82.9,32,42.9,3053.12,52.21,131,308,CHAOS,80.0,44.0,WORKLOAD_STEP
2026-07-10 01:26:02.751084800+05:30,83.5,32,40.1,3053.12,52.2,131,308,CHAOS,80.0,44.0,WORKLOAD_STEP
2026-07-10 01:26:04.778560700+05:30,85.6,32,37.1,3053.12,52.21,131,308,CHAOS,80.0,44.0,WORKLOAD_STEP
2026-07-10 01:26:06.806804400+05:30,84.8,30,39.6,3053.12,52.21,131,308,CHAOS,80.0,44.0,WORKLOAD_STEP
2026-07-10 01:26:08.834415100+05:30,84.8,30,39.9,2872.34,52.21,131,308,CHAOS,80.0,44.0,WORKLOAD_STEP
2026-07-10 01:26:10.865232500+05:30,81.1,30,38.1,2882.38,52.21,131,308,CHAOS,80.0,44.0,WORKLOAD_STEP
2026-07-10 01:26:12.897249600+05:30,83.0,29,39.8,2882.38,52.21,131,308,CHAOS,80.0,44.0,WORKLOAD_STEP
2026-07-10 01:26:14.929532800+05:30,84.6,29,40.2,3053.12,52.21,131,308,CHAOS,80.0,44.0,WORKLOAD_STEP
2026-07-10 01:26:16.968226+05:30,85.1,30,41.2,2882.38,52.2,131,308,CHAOS,80.0,44.0,WORKLOAD_STEP
2026-07-10 01:26:18.996497800+05:30,82.9,32,38.9,3053.12,52.2,130,308,CHAOS,80.0,44.0,WORKLOAD_STEP
2026-07-10 01:26:21.025252900+05:30,82.9,32,38.6,3053.12,52.2,130,308,CHAOS,80.0,44.0,WORKLOAD_STEP
2026-07-10 01:26:23.056485400+05:30,83.4,32,39.2,2882.38,52.2,130,308,CHAOS,80.0,44.0,WORKLOAD_STEP
2026-07-10 01:26:25.085394400+05:30,83.1,30,43.2,3053.12,52.2,130,308,CHAOS,80.0,44.0,WORKLOAD_STEP
2026-07-10 01:26:27.115793400+05:30,84.6,32,39.4,3053.12,52.19,130,308,CHAOS,80.0,44.0,WORKLOAD_STEP
2026-07-10 01:26:29.146590400+05:30,85.3,32,41.3,3053.12,52.2,130,308,CHAOS,80.0,44.0,WORKLOAD_STEP
2026-07-10 01:26:31.180744400+05:30,82.8,30,40.3,3053.12,52.19,130,308,CHAOS,80.0,44.0,WORKLOAD_STEP
2026-07-10 01:26:33.215907400+05:30,82.9,32,40.1,3053.12,52.2,130,308,CHAOS,80.0,44.0,WORKLOAD_STEP
2026-07-10 01:26:35.243489400+05:30,82.7,32,39.1,3053.12,52.2,130,308,CHAOS,80.0,44.0,WORKLOAD_STEP
2026-07-10 01:26:37.273867600+05:30,82.0,32,35.7,3053.12,52.2,130,308,CHAOS,80.0,44.0,WORKLOAD_STEP
2026-07-10 01:26:39.301450700+05:30,84.7,32,40.5,3053.12,52.19,130,308,CHAOS,80.0,44.0,WORKLOAD_STEP
2026-07-10 01:26:41.330634100+05:30,83.5,32,41.9,3053.12,52.2,130,308,CHAOS,80.0,44.0,WORKLOAD_STEP
2026-07-10 01:26:43.359422800+05:30,81.9,30,42.8,3053.12,52.19,130,308,CHAOS,80.0,44.0,WORKLOAD_STEP
2026-07-10 01:26:45.388177300+05:30,81.6,32,37.8,3053.12,52.2,130,308,CHAOS,80.0,44.0,WORKLOAD_STEP
2026-07-10 01:26:47.424224600+05:30,81.1,32,39.7,3053.12,52.19,130,308,CHAOS,80.0,44.0,WORKLOAD_STEP
2026-07-10 01:26:49.454814300+05:30,82.5,32,38.5,3053.12,52.19,130,308,CHAOS,80.0,44.0,WORKLOAD_STEP
2026-07-10 01:26:51.484561200+05:30,85.2,32,43.5,3053.12,52.19,130,308,CHAOS,80.0,44.0,WORKLOAD_STEP
2026-07-10 01:26:53.512206+05:30,87.0,32,38.5,3053.12,52.19,130,308,CHAOS,80.0,44.0,WORKLOAD_STEP
2026-07-10 01:26:55.539997100+05:30,83.4,32,41.0,3053.12,52.19,130,308,CHAOS,80.0,44.0,WORKLOAD_STEP
2026-07-10 01:26:57.567661200+05:30,82.9,32,43.4,3053.12,52.19,130,308,CHAOS,80.0,44.0,WORKLOAD_STEP
2026-07-10 01:26:59.595444900+05:30,82.9,32,44.0,3053.12,52.19,130,308,CHAOS,80.0,44.0,WORKLOAD_STEP
2026-07-10 01:27:01.627950600+05:30,82.8,32,39.1,3053.12,52.19,130,308,CHAOS,80.0,44.0,WORKLOAD_STEP
2026-07-10 01:27:03.663571900+05:30,85.9,30,39.1,3053.12,52.19,130,308,CHAOS,80.0,44.0,WORKLOAD_STEP
2026-07-10 01:27:05.693720600+05:30,83.9,30,41.9,3053.12,52.19,130,308,CHAOS,80.0,44.0,WORKLOAD_STEP
2026-07-10 01:27:07.722128600+05:30,84.5,32,41.5,3053.12,52.18,130,308,CHAOS,0.0,45.0,WORKLOAD_STEP
2026-07-10 01:27:09.772120400+05:30,8.1,50,10.6,1185.06,52.19,130,308,CHAOS,0.0,45.0,WORKLOAD_STEP
2026-07-10 01:27:11.808046100+05:30,7.2,50,9.8,1215.19,52.18,130,308,CHAOS,0.0,45.0,WORKLOAD_STEP
2026-07-10 01:27:13.854381500+05:30,6.3,53,9.0,1355.8,52.2,130,308,CHAOS,0.0,45.0,WORKLOAD_STEP
2026-07-10 01:27:15.914708700+05:30,13.0,53,9.0,1305.58,52.19,130,308,CHAOS,0.0,45.0,WORKLOAD_STEP
2026-07-10 01:27:17.997821200+05:30,7.9,52,8.8,1205.14,52.2,130,308,CHAOS,0.0,45.0,WORKLOAD_STEP
2026-07-10 01:27:20.036939200+05:30,9.1,56,8.8,1215.19,52.21,130,308,CHAOS,0.0,45.0,WORKLOAD_STEP
2026-07-10 01:27:22.076915+05:30,8.8,55,8.9,1385.93,52.19,130,308,CHAOS,0.0,45.0,WORKLOAD_STEP
2026-07-10 01:27:24.124068900+05:30,6.1,56,9.2,1626.96,52.23,131,308,CHAOS,0.0,45.0,WORKLOAD_STEP
2026-07-10 01:27:26.168789100+05:30,7.1,55,8.5,1335.71,52.22,131,308,CHAOS,0.0,45.0,WORKLOAD_STEP
2026-07-10 01:27:28.201077900+05:30,8.3,54,8.5,1466.27,52.26,131,308,CHAOS,0.0,45.0,WORKLOAD_STEP
2026-07-10 01:27:30.251932400+05:30,10.0,56,8.5,1215.2,52.21,130,308,CHAOS,0.0,45.0,WORKLOAD_STEP
2026-07-10 01:27:32.299512100+05:30,7.6,58,8.6,1225.24,52.22,130,308,CHAOS,0.0,45.0,WORKLOAD_STEP
2026-07-10 01:27:34.352824800+05:30,9.0,55,8.7,1395.98,52.22,130,308,CHAOS,0.0,45.0,WORKLOAD_STEP
2026-07-10 01:27:36.395235200+05:30,6.0,57,8.7,1305.58,52.22,131,308,CHAOS,0.0,45.0,WORKLOAD_STEP
2026-07-10 01:27:38.440303200+05:30,14.6,55,9.1,1185.06,52.22,131,308,CHAOS,0.0,45.0,WORKLOAD_STEP
2026-07-10 01:27:40.481788200+05:30,9.2,55,8.5,1154.95,52.22,132,308,CHAOS,0.0,45.0,WORKLOAD_STEP
2026-07-10 01:27:42.523015900+05:30,9.3,56,9.3,1275.44,52.21,132,308,CHAOS,0.0,45.0,WORKLOAD_STEP
2026-07-10 01:27:44.571746900+05:30,9.9,55,8.6,1416.05,52.22,132,308,CHAOS,0.0,45.0,WORKLOAD_STEP
2026-07-10 01:27:46.615037800+05:30,8.3,56,8.8,1556.65,52.23,132,308,CHAOS,0.0,45.0,WORKLOAD_STEP
2026-07-10 01:27:48.661793+05:30,7.0,56,8.7,1446.19,52.23,132,308,CHAOS,0.0,45.0,WORKLOAD_STEP
2026-07-10 01:27:50.700740800+05:30,7.1,56,8.6,1215.2,52.22,134,308,CHAOS,0.0,45.0,WORKLOAD_STEP
2026-07-10 01:27:52.749695800+05:30,9.5,56,8.8,1245.33,52.22,134,308,CHAOS,0.0,45.0,WORKLOAD_STEP
2026-07-10 01:27:54.791336600+05:30,9.1,56,8.8,1305.59,52.23,134,308,CHAOS,0.0,45.0,WORKLOAD_STEP
2026-07-10 01:27:56.827601800+05:30,8.9,56,8.8,1275.45,52.23,134,308,CHAOS,0.0,45.0,WORKLOAD_STEP
2026-07-10 01:27:58.871674500+05:30,6.8,51,10.2,1717.34,52.21,134,308,CHAOS,0.0,45.0,WORKLOAD_STEP
2026-07-10 01:28:00.900239800+05:30,6.7,56,9.1,1295.55,52.23,134,308,CHAOS,0.0,45.0,WORKLOAD_STEP
2026-07-10 01:28:02.954131900+05:30,9.5,56,8.8,1255.38,52.22,134,308,CHAOS,0.0,45.0,WORKLOAD_STEP
2026-07-10 01:28:05.015049100+05:30,7.1,56,9.6,1215.19,52.24,134,308,CHAOS,0.0,45.0,WORKLOAD_STEP
2026-07-10 01:28:07.069171700+05:30,8.8,56,8.6,1225.23,52.23,134,308,CHAOS,0.0,45.0,WORKLOAD_STEP
2026-07-10 01:28:09.116829300+05:30,9.6,56,9.0,1215.19,52.24,134,308,CHAOS,0.0,45.0,WORKLOAD_STEP
2026-07-10 01:28:11.160523200+05:30,8.8,58,8.5,1164.98,52.24,134,308,CHAOS,0.0,45.0,WORKLOAD_STEP
2026-07-10 01:28:13.203512200+05:30,7.8,56,9.1,1225.24,52.24,133,308,CHAOS,0.0,45.0,WORKLOAD_STEP
2026-07-10 01:28:15.243785700+05:30,11.4,56,8.6,1456.24,52.23,133,308,CHAOS,0.0,45.0,WORKLOAD_STEP
2026-07-10 01:28:17.284343100+05:30,9.5,56,8.9,1586.78,52.24,133,308,CHAOS,0.0,45.0,WORKLOAD_STEP
2026-07-10 01:28:19.345796200+05:30,8.6,56,8.6,1225.23,52.23,133,308,CHAOS,0.0,45.0,WORKLOAD_STEP
2026-07-10 01:28:21.387126200+05:30,7.9,56,8.7,1185.06,52.23,133,308,CHAOS,0.0,45.0,WORKLOAD_STEP
2026-07-10 01:28:23.422323700+05:30,5.3,56,8.4,1195.11,52.21,133,308,CHAOS,0.0,45.0,WORKLOAD_STEP
2026-07-10 01:28:25.467904200+05:30,6.5,58,8.4,1245.32,52.22,133,308,CHAOS,0.0,45.0,WORKLOAD_STEP
2026-07-10 01:28:27.516052500+05:30,15.4,52,10.7,1687.21,52.24,133,308,CHAOS,0.0,45.0,WORKLOAD_STEP
2026-07-10 01:28:29.568162100+05:30,7.3,56,8.4,1195.11,52.22,135,308,CHAOS,0.0,45.0,WORKLOAD_STEP
2026-07-10 01:28:31.615270300+05:30,11.6,58,9.1,1205.15,52.23,135,308,CHAOS,0.0,45.0,WORKLOAD_STEP
2026-07-10 01:28:33.655738500+05:30,7.1,56,8.4,1446.17,52.23,135,308,CHAOS,0.0,45.0,WORKLOAD_STEP
2026-07-10 01:28:35.704723500+05:30,8.6,56,9.3,1797.68,52.21,135,308,CHAOS,0.0,45.0,WORKLOAD_STEP
2026-07-10 01:28:37.745073100+05:30,10.5,56,8.8,1225.23,52.23,135,308,CHAOS,0.0,45.0,WORKLOAD_STEP
2026-07-10 01:28:39.793292900+05:30,11.6,56,8.9,1215.2,52.23,135,308,CHAOS,0.0,45.0,WORKLOAD_STEP
2026-07-10 01:28:41.843123900+05:30,9.8,56,8.9,1235.28,52.21,135,308,CHAOS,0.0,45.0,WORKLOAD_STEP
2026-07-10 01:28:43.879501200+05:30,10.1,55,9.1,1295.54,52.22,134,308,CHAOS,0.0,45.0,WORKLOAD_STEP
2026-07-10 01:28:45.921729100+05:30,5.7,57,8.9,1647.06,52.21,134,308,CHAOS,0.0,45.0,WORKLOAD_STEP
2026-07-10 01:28:47.976478+05:30,5.5,56,8.8,1365.84,52.22,134,308,CHAOS,0.0,45.0,WORKLOAD_STEP
2026-07-10 01:28:50.029587500+05:30,7.6,59,9.1,1225.24,52.24,135,308,CHAOS,0.0,45.0,WORKLOAD_STEP
2026-07-10 01:28:52.079102100+05:30,7.1,57,8.5,1245.32,52.22,135,308,CHAOS,0.0,45.0,WORKLOAD_STEP
2026-07-10 01:28:54.125732+05:30,7.5,56,8.6,1385.94,52.21,135,308,CHAOS,0.0,45.0,WORKLOAD_STEP
2026-07-10 01:28:56.191951400+05:30,6.7,57,8.6,1154.94,52.2,135,308,CHAOS,0.0,45.0,WORKLOAD_STEP
2026-07-10 01:28:58.233308800+05:30,6.2,56,8.7,1225.24,52.21,135,308,CHAOS,0.0,45.0,WORKLOAD_STEP
2026-07-10 01:29:00.259324900+05:30,6.7,56,8.8,1205.17,52.22,135,308,CHAOS,0.0,45.0,WORKLOAD_STEP
2026-07-10 01:29:02.304439800+05:30,13.1,57,8.8,1225.24,52.22,135,308,CHAOS,0.0,45.0,WORKLOAD_STEP
2026-07-10 01:29:04.343207900+05:30,8.5,59,8.6,1255.36,52.21,135,308,CHAOS,0.0,45.0,WORKLOAD_STEP
2026-07-10 01:29:06.408722100+05:30,15.8,56,10.0,1225.24,52.25,135,308,CHAOS,0.0,45.0,WORKLOAD_STEP
2026-07-10 01:29:08.448922100+05:30,7.8,57,8.6,1185.06,52.22,135,308,CHAOS,0.0,45.0,WORKLOAD_STEP
2026-07-10 01:29:10.496876200+05:30,6.4,57,8.8,1094.66,52.24,137,308,CHAOS,0.0,45.0,WORKLOAD_STEP
2026-07-10 01:29:12.546410+05:30,8.2,57,8.7,1556.67,52.22,137,308,CHAOS,0.0,45.0,WORKLOAD_STEP
2026-07-10 01:29:14.590854700+05:30,9.6,59,10.0,1506.45,52.26,140,308,CHAOS,0.0,45.0,WORKLOAD_STEP
2026-07-10 01:29:16.625323900+05:30,10.8,52,13.7,1898.14,52.21,140,308,CHAOS,0.0,45.0,WORKLOAD_STEP
2026-07-10 01:29:18.663506300+05:30,8.4,57,8.6,1375.89,52.24,139,308,CHAOS,0.0,45.0,WORKLOAD_STEP
2026-07-10 01:29:20.701584200+05:30,8.6,57,9.1,1185.08,52.25,139,308,CHAOS,0.0,45.0,WORKLOAD_STEP
2026-07-10 01:29:22.743817400+05:30,9.9,57,9.0,1295.55,52.22,139,308,CHAOS,0.0,45.0,WORKLOAD_STEP
2026-07-10 01:29:24.796897100+05:30,12.8,59,9.0,1185.06,52.23,140,308,CHAOS,10.0,46.0,WORKLOAD_STEP
2026-07-10 01:29:26.839002700+05:30,22.1,56,10.7,1395.99,52.23,140,308,CHAOS,10.0,46.0,WORKLOAD_STEP
2026-07-10 01:29:28.888871200+05:30,21.0,55,10.6,1225.24,52.23,139,308,CHAOS,10.0,46.0,WORKLOAD_STEP
2026-07-10 01:29:30.949494900+05:30,19.8,56,10.3,1325.67,52.24,138,308,CHAOS,10.0,46.0,WORKLOAD_STEP
2026-07-10 01:29:32.999895500+05:30,21.8,56,10.0,1315.63,52.24,138,308,CHAOS,10.0,46.0,WORKLOAD_STEP
2026-07-10 01:29:35.059046200+05:30,15.8,57,10.0,1285.5,52.24,138,308,CHAOS,10.0,46.0,WORKLOAD_STEP
2026-07-10 01:29:37.133163600+05:30,18.7,56,10.8,1175.01,52.24,138,308,CHAOS,10.0,46.0,WORKLOAD_STEP
2026-07-10 01:29:39.187632700+05:30,19.5,56,9.6,1506.44,52.24,138,308,CHAOS,10.0,46.0,WORKLOAD_STEP
2026-07-10 01:29:41.229162900+05:30,20.6,56,11.3,1205.15,52.25,138,308,CHAOS,10.0,46.0,WORKLOAD_STEP
2026-07-10 01:29:43.280733800+05:30,16.5,56,10.7,1235.29,52.24,137,308,CHAOS,10.0,46.0,WORKLOAD_STEP
2026-07-10 01:29:45.341977200+05:30,17.1,57,10.7,1496.4,52.21,137,308,CHAOS,10.0,46.0,WORKLOAD_STEP
2026-07-10 01:29:47.384551400+05:30,15.3,55,10.4,1225.25,52.21,138,308,CHAOS,10.0,46.0,WORKLOAD_STEP
2026-07-10 01:29:49.447592600+05:30,56.3,39,29.4,2520.82,52.21,138,308,CHAOS,70.0,47.0,WORKLOAD_STEP
2026-07-10 01:29:51.485062800+05:30,71.6,36,35.7,2882.38,52.21,138,308,CHAOS,70.0,47.0,WORKLOAD_STEP
2026-07-10 01:29:53.508785200+05:30,72.7,39,36.0,3033.04,52.21,138,308,CHAOS,70.0,47.0,WORKLOAD_STEP
2026-07-10 01:29:55.536960600+05:30,72.5,36,36.2,2520.82,52.21,138,308,CHAOS,70.0,47.0,WORKLOAD_STEP
2026-07-10 01:29:57.566954600+05:30,70.3,39,35.4,3053.12,52.21,138,308,CHAOS,70.0,47.0,WORKLOAD_STEP
2026-07-10 01:29:59.595837400+05:30,73.7,45,37.8,2872.34,52.2,138,308,CHAOS,70.0,47.0,WORKLOAD_STEP
2026-07-10 01:30:01.624620200+05:30,74.6,35,36.8,3043.08,52.21,138,308,CHAOS,70.0,47.0,WORKLOAD_STEP
2026-07-10 01:30:03.656809+05:30,74.7,34,36.7,2701.6,52.21,138,308,CHAOS,70.0,47.0,WORKLOAD_STEP
2026-07-10 01:30:05.681798200+05:30,73.5,34,36.6,2711.64,52.21,138,308,CHAOS,70.0,47.0,WORKLOAD_STEP
2026-07-10 01:30:07.714578400+05:30,73.9,34,39.0,2872.34,52.2,138,308,CHAOS,70.0,47.0,WORKLOAD_STEP
2026-07-10 01:30:09.741486800+05:30,73.2,35,38.8,2872.34,52.21,138,308,CHAOS,70.0,47.0,WORKLOAD_STEP
2026-07-10 01:30:11.769431300+05:30,73.8,36,37.0,2882.38,52.21,138,308,CHAOS,70.0,47.0,WORKLOAD_STEP
2026-07-10 01:30:13.797082300+05:30,74.7,42,39.0,2872.34,52.2,136,308,CHAOS,70.0,47.0,WORKLOAD_STEP
2026-07-10 01:30:15.822954900+05:30,75.5,32,37.8,2540.9,52.21,136,308,CHAOS,70.0,47.0,WORKLOAD_STEP
2026-07-10 01:30:17.857982600+05:30,73.3,32,40.0,2872.34,52.2,136,308,CHAOS,70.0,47.0,WORKLOAD_STEP
2026-07-10 01:30:19.887274100+05:30,73.2,32,38.3,3053.12,52.21,136,308,CHAOS,70.0,47.0,WORKLOAD_STEP
2026-07-10 01:30:21.922254100+05:30,70.9,32,38.1,2882.38,52.21,136,308,CHAOS,70.0,47.0,WORKLOAD_STEP
2026-07-10 01:30:23.957677500+05:30,74.5,34,37.9,3053.12,52.21,136,308,CHAOS,70.0,47.0,WORKLOAD_STEP
2026-07-10 01:30:25.987470900+05:30,75.3,35,40.2,2882.38,52.2,136,308,CHAOS,70.0,47.0,WORKLOAD_STEP
2026-07-10 01:30:28.017269400+05:30,75.1,34,36.9,3053.12,52.21,136,308,CHAOS,70.0,47.0,WORKLOAD_STEP
2026-07-10 01:30:30.051460900+05:30,73.2,32,41.6,2882.38,52.21,136,308,CHAOS,70.0,47.0,WORKLOAD_STEP
2026-07-10 01:30:32.078900600+05:30,74.4,30,40.2,3053.12,52.21,136,308,CHAOS,70.0,47.0,WORKLOAD_STEP
2026-07-10 01:30:34.110128200+05:30,71.3,32,39.4,2701.6,52.21,136,308,CHAOS,70.0,47.0,WORKLOAD_STEP
2026-07-10 01:30:36.137904200+05:30,75.4,30,37.5,3053.12,52.21,136,308,CHAOS,70.0,47.0,WORKLOAD_STEP
2026-07-10 01:30:38.175415800+05:30,75.4,32,35.4,2882.38,52.21,136,308,CHAOS,70.0,47.0,WORKLOAD_STEP
2026-07-10 01:30:40.206255200+05:30,74.3,30,39.6,2882.38,52.22,136,308,CHAOS,70.0,47.0,WORKLOAD_STEP
2026-07-10 01:30:42.236889700+05:30,72.7,32,40.5,3053.12,52.21,135,308,CHAOS,70.0,47.0,WORKLOAD_STEP
2026-07-10 01:30:44.267020500+05:30,71.8,34,39.1,3053.12,52.21,135,308,CHAOS,70.0,47.0,WORKLOAD_STEP
2026-07-10 01:30:46.295556200+05:30,71.7,34,39.1,2882.38,52.21,135,308,CHAOS,70.0,47.0,WORKLOAD_STEP
2026-07-10 01:30:48.327127300+05:30,74.5,34,36.1,3053.12,52.21,135,308,CHAOS,70.0,47.0,WORKLOAD_STEP
2026-07-10 01:30:50.353702300+05:30,75.4,34,42.0,3053.12,52.21,135,308,CHAOS,70.0,47.0,WORKLOAD_STEP
2026-07-10 01:30:52.395916400+05:30,73.0,30,38.9,2701.6,52.21,135,308,CHAOS,70.0,47.0,WORKLOAD_STEP
2026-07-10 01:30:54.425824600+05:30,71.2,32,39.7,2882.38,52.21,135,308,CHAOS,70.0,47.0,WORKLOAD_STEP
2026-07-10 01:30:56.455223200+05:30,73.2,32,39.9,3002.9,52.21,135,308,CHAOS,70.0,47.0,WORKLOAD_STEP
2026-07-10 01:30:58.483433200+05:30,72.9,32,39.6,2701.6,52.21,135,308,CHAOS,70.0,47.0,WORKLOAD_STEP
2026-07-10 01:31:00.516485+05:30,75.0,32,40.2,3053.12,52.22,135,308,CHAOS,70.0,47.0,WORKLOAD_STEP
2026-07-10 01:31:02.544936900+05:30,75.8,34,37.3,2872.34,52.22,135,308,CHAOS,70.0,47.0,WORKLOAD_STEP
2026-07-10 01:31:04.577131900+05:30,73.5,32,36.2,2872.34,52.21,135,308,CHAOS,70.0,47.0,WORKLOAD_STEP
2026-07-10 01:31:06.603872800+05:30,75.1,32,42.2,2882.38,52.22,135,308,CHAOS,70.0,47.0,WORKLOAD_STEP
2026-07-10 01:31:08.641499300+05:30,71.9,32,37.5,2882.38,52.22,135,308,CHAOS,70.0,47.0,WORKLOAD_STEP
2026-07-10 01:31:10.671342800+05:30,74.3,32,37.9,2701.6,52.23,135,308,CHAOS,70.0,47.0,WORKLOAD_STEP
2026-07-10 01:31:12.703949300+05:30,75.7,32,38.3,3053.12,52.22,135,308,CHAOS,70.0,47.0,WORKLOAD_STEP
2026-07-10 01:31:14.735236500+05:30,76.2,32,38.4,3053.12,52.22,137,308,CHAOS,70.0,47.0,WORKLOAD_STEP
2026-07-10 01:31:16.766875200+05:30,74.9,34,38.2,2872.34,52.22,134,308,CHAOS,70.0,47.0,WORKLOAD_STEP
2026-07-10 01:31:18.793984500+05:30,73.0,32,39.3,2872.34,52.23,134,308,CHAOS,70.0,47.0,WORKLOAD_STEP
2026-07-10 01:31:20.820635900+05:30,72.1,32,40.0,2882.38,52.22,134,308,CHAOS,70.0,47.0,WORKLOAD_STEP
2026-07-10 01:31:22.857574+05:30,72.8,32,40.0,2882.38,52.23,133,308,CHAOS,70.0,47.0,WORKLOAD_STEP
2026-07-10 01:31:24.888062+05:30,75.2,32,39.6,2882.38,52.22,133,308,CHAOS,70.0,47.0,WORKLOAD_STEP
2026-07-10 01:31:26.921118800+05:30,75.4,32,39.0,2872.34,52.23,133,308,CHAOS,70.0,47.0,WORKLOAD_STEP
2026-07-10 01:31:28.950463600+05:30,75.5,32,38.2,2882.38,52.23,132,308,CHAOS,70.0,47.0,WORKLOAD_STEP
2026-07-10 01:31:30.977260800+05:30,73.8,32,39.2,3053.12,52.23,131,308,CHAOS,70.0,47.0,WORKLOAD_STEP
2026-07-10 01:31:33.011403+05:30,72.6,32,39.1,3053.12,52.23,131,308,CHAOS,70.0,47.0,WORKLOAD_STEP
2026-07-10 01:31:35.039613+05:30,76.0,30,39.1,3053.12,52.24,131,308,CHAOS,70.0,47.0,WORKLOAD_STEP
2026-07-10 01:31:37.072827900+05:30,75.1,30,37.4,2872.34,52.23,131,308,CHAOS,70.0,47.0,WORKLOAD_STEP
2026-07-10 01:31:39.116293600+05:30,75.6,30,41.9,2882.38,52.24,131,308,CHAOS,70.0,47.0,WORKLOAD_STEP
2026-07-10 01:31:41.143763800+05:30,72.0,32,37.0,3053.12,52.23,130,308,CHAOS,70.0,47.0,WORKLOAD_STEP
2026-07-10 01:31:43.170692100+05:30,71.8,32,38.7,2882.38,52.27,129,308,CHAOS,70.0,47.0,WORKLOAD_STEP
2026-07-10 01:31:45.199615+05:30,73.6,30,38.5,3053.12,52.24,129,308,CHAOS,70.0,47.0,WORKLOAD_STEP
2026-07-10 01:31:47.225463100+05:30,75.2,32,39.9,3053.12,52.23,129,308,CHAOS,70.0,47.0,WORKLOAD_STEP
2026-07-10 01:31:49.257291500+05:30,76.2,32,36.0,2882.38,52.23,130,308,CHAOS,70.0,47.0,WORKLOAD_STEP
2026-07-10 01:31:51.291394+05:30,74.6,32,40.4,3053.12,52.23,128,308,CHAOS,70.0,47.0,WORKLOAD_STEP
2026-07-10 01:31:53.330238200+05:30,73.7,32,39.8,3053.12,52.23,128,308,CHAOS,70.0,47.0,WORKLOAD_STEP
2026-07-10 01:31:55.358178700+05:30,72.0,30,40.6,3053.12,52.23,128,308,CHAOS,70.0,47.0,WORKLOAD_STEP
2026-07-10 01:31:57.389187100+05:30,72.8,30,41.7,2711.64,52.23,128,308,CHAOS,70.0,47.0,WORKLOAD_STEP
2026-07-10 01:31:59.421789600+05:30,75.4,30,39.3,2872.34,52.23,128,308,CHAOS,70.0,47.0,WORKLOAD_STEP
2026-07-10 01:32:01.455971600+05:30,74.2,32,39.3,3033.03,52.23,128,308,CHAOS,70.0,47.0,WORKLOAD_STEP
2026-07-10 01:32:03.486713100+05:30,73.4,32,38.4,2882.38,52.24,128,308,CHAOS,70.0,47.0,WORKLOAD_STEP
2026-07-10 01:32:05.521622300+05:30,74.0,32,36.7,2882.38,52.24,128,308,CHAOS,70.0,47.0,WORKLOAD_STEP
2026-07-10 01:32:07.550521100+05:30,71.9,30,39.3,3053.12,52.24,128,308,CHAOS,70.0,47.0,WORKLOAD_STEP
2026-07-10 01:32:09.584099800+05:30,73.8,30,39.9,2872.34,52.24,128,308,CHAOS,70.0,47.0,WORKLOAD_STEP
2026-07-10 01:32:11.610325200+05:30,74.5,32,40.8,2882.38,52.24,128,308,CHAOS,70.0,47.0,WORKLOAD_STEP
2026-07-10 01:32:13.639594500+05:30,75.9,30,39.9,2872.34,52.24,127,308,CHAOS,70.0,47.0,WORKLOAD_STEP
2026-07-10 01:32:15.671789500+05:30,73.4,32,40.4,2882.38,52.24,127,308,CHAOS,70.0,47.0,WORKLOAD_STEP
2026-07-10 01:32:17.701864100+05:30,72.5,32,37.1,3053.12,52.23,126,308,CHAOS,70.0,47.0,WORKLOAD_STEP
2026-07-10 01:32:19.733719800+05:30,72.3,32,38.2,3053.12,52.24,126,308,CHAOS,70.0,47.0,WORKLOAD_STEP
2026-07-10 01:32:21.761573800+05:30,73.1,32,36.9,2882.38,52.24,126,308,CHAOS,70.0,47.0,WORKLOAD_STEP
2026-07-10 01:32:23.795787+05:30,75.5,30,36.4,2872.34,52.24,126,309,CHAOS,70.0,47.0,WORKLOAD_STEP
2026-07-10 01:32:25.827714700+05:30,75.8,30,39.2,2882.38,52.56,128,309,CHAOS,70.0,47.0,WORKLOAD_STEP
2026-07-10 01:32:27.857487100+05:30,81.1,32,41.1,2882.38,52.51,128,309,CHAOS,70.0,47.0,WORKLOAD_STEP
2026-07-10 01:32:29.887297100+05:30,73.7,30,35.4,3053.12,52.52,131,309,CHAOS,70.0,47.0,WORKLOAD_STEP
2026-07-10 01:32:31.919250500+05:30,72.0,32,38.5,3053.12,52.51,131,309,CHAOS,70.0,47.0,WORKLOAD_STEP
2026-07-10 01:32:33.952224100+05:30,72.7,32,38.5,3033.03,52.52,131,309,CHAOS,70.0,47.0,WORKLOAD_STEP
2026-07-10 01:32:35.983856200+05:30,40.4,49,40.7,3053.12,52.51,129,309,CHAOS,20.0,48.0,WORKLOAD_STEP
2026-07-10 01:32:38.043832900+05:30,28.1,49,10.2,1074.61,52.52,129,309,CHAOS,20.0,48.0,WORKLOAD_STEP
2026-07-10 01:32:40.117387600+05:30,27.3,49,10.3,1134.86,52.51,129,309,CHAOS,20.0,48.0,WORKLOAD_STEP
2026-07-10 01:32:42.166752800+05:30,29.3,49,11.9,1717.35,52.52,129,309,CHAOS,20.0,48.0,WORKLOAD_STEP
2026-07-10 01:32:44.209368200+05:30,26.9,51,10.5,1154.94,52.51,129,309,CHAOS,20.0,48.0,WORKLOAD_STEP
2026-07-10 01:32:46.273189500+05:30,25.1,52,11.0,1215.2,52.52,129,309,CHAOS,20.0,48.0,WORKLOAD_STEP
2026-07-10 01:32:48.322821600+05:30,30.8,52,12.9,1134.85,52.51,129,309,CHAOS,20.0,48.0,WORKLOAD_STEP
2026-07-10 01:32:50.364882300+05:30,27.4,52,12.3,1295.55,52.52,129,309,CHAOS,20.0,48.0,WORKLOAD_STEP
2026-07-10 01:32:52.431154800+05:30,29.3,51,11.6,1144.89,52.52,129,309,CHAOS,20.0,48.0,WORKLOAD_STEP
2026-07-10 01:32:54.464449900+05:30,29.0,51,12.3,1325.67,52.52,129,309,CHAOS,20.0,48.0,WORKLOAD_STEP
2026-07-10 01:32:56.503329900+05:30,28.4,46,12.8,1205.16,52.52,129,309,CHAOS,20.0,48.0,WORKLOAD_STEP
2026-07-10 01:32:58.565153500+05:30,24.3,51,13.6,1305.57,52.52,129,309,CHAOS,20.0,48.0,WORKLOAD_STEP
2026-07-10 01:33:00.595500600+05:30,30.4,51,12.8,1154.93,52.53,129,309,CHAOS,20.0,48.0,WORKLOAD_STEP
2026-07-10 01:33:02.627793700+05:30,28.1,51,13.9,1536.58,52.52,129,309,CHAOS,20.0,48.0,WORKLOAD_STEP
2026-07-10 01:33:04.690290900+05:30,27.1,53,12.9,1365.84,52.53,129,309,CHAOS,20.0,48.0,WORKLOAD_STEP
2026-07-10 01:33:06.729290100+05:30,26.1,53,14.0,1305.58,52.53,128,309,CHAOS,20.0,48.0,WORKLOAD_STEP
2026-07-10 01:33:08.758518300+05:30,27.0,51,15.1,1315.63,52.54,128,309,CHAOS,20.0,48.0,WORKLOAD_STEP
2026-07-10 01:33:10.828275600+05:30,24.5,50,16.3,1375.88,52.53,128,309,CHAOS,20.0,48.0,WORKLOAD_STEP
2026-07-10 01:33:12.860952500+05:30,27.9,44,15.0,1476.32,52.57,128,309,CHAOS,20.0,48.0,WORKLOAD_STEP
2026-07-10 01:33:14.893485+05:30,27.2,49,16.9,1868.01,52.5,128,309,CHAOS,50.0,49.0,WORKLOAD_STEP
2026-07-10 01:33:16.966784900+05:30,53.8,45,24.5,2159.26,52.49,128,309,CHAOS,50.0,49.0,WORKLOAD_STEP
2026-07-10 01:33:18.994152300+05:30,55.1,36,31.2,2028.69,52.49,128,309,CHAOS,50.0,49.0,WORKLOAD_STEP
2026-07-10 01:33:21.021890700+05:30,53.3,38,31.9,2842.21,52.5,128,309,CHAOS,50.0,49.0,WORKLOAD_STEP
2026-07-10 01:33:23.049552700+05:30,54.5,35,32.5,2701.6,52.49,128,309,CHAOS,50.0,49.0,WORKLOAD_STEP
2026-07-10 01:33:25.098615500+05:30,54.3,39,31.7,2701.6,52.5,129,309,CHAOS,50.0,49.0,WORKLOAD_STEP
2026-07-10 01:33:27.129761+05:30,60.2,45,33.5,2992.86,52.5,131,309,CHAOS,50.0,49.0,WORKLOAD_STEP
2026-07-10 01:33:29.158184400+05:30,53.0,38,30.9,2701.6,52.5,128,309,CHAOS,50.0,49.0,WORKLOAD_STEP
2026-07-10 01:33:31.189102500+05:30,53.6,39,33.1,2350.08,52.5,129,309,CHAOS,50.0,49.0,WORKLOAD_STEP
2026-07-10 01:33:33.218269400+05:30,52.4,40,34.0,2530.86,52.65,129,310,CHAOS,50.0,49.0,WORKLOAD_STEP
2026-07-10 01:33:35.254446300+05:30,56.1,35,33.1,2370.16,52.65,129,310,CHAOS,50.0,49.0,WORKLOAD_STEP
2026-07-10 01:33:37.286889800+05:30,55.7,32,30.8,2350.08,52.65,130,310,CHAOS,50.0,49.0,WORKLOAD_STEP
2026-07-10 01:33:39.316309500+05:30,56.1,36,33.7,2530.86,52.66,130,310,CHAOS,50.0,49.0,WORKLOAD_STEP
2026-07-10 01:33:41.354442800+05:30,53.7,40,34.5,2711.64,52.65,130,310,CHAOS,50.0,49.0,WORKLOAD_STEP
2026-07-10 01:33:43.382885+05:30,54.9,39,34.1,2701.6,52.63,129,310,CHAOS,50.0,49.0,WORKLOAD_STEP
2026-07-10 01:33:45.410860100+05:30,52.4,42,32.6,2711.64,52.62,129,310,CHAOS,50.0,49.0,WORKLOAD_STEP
2026-07-10 01:33:47.446692+05:30,57.1,34,34.0,2802.03,52.63,129,310,CHAOS,50.0,49.0,WORKLOAD_STEP
2026-07-10 01:33:49.479999700+05:30,54.4,34,33.0,2530.86,52.63,129,310,CHAOS,50.0,49.0,WORKLOAD_STEP
2026-07-10 01:33:51.510827100+05:30,55.2,34,33.9,2530.86,52.64,129,310,CHAOS,50.0,49.0,WORKLOAD_STEP
2026-07-10 01:33:53.540344500+05:30,52.7,35,34.9,2882.38,52.63,129,310,CHAOS,50.0,49.0,WORKLOAD_STEP
2026-07-10 01:33:55.581991600+05:30,54.4,32,33.2,2701.6,52.64,129,310,CHAOS,50.0,49.0,WORKLOAD_STEP
2026-07-10 01:33:57.616334500+05:30,52.3,34,34.2,2711.64,52.64,129,310,CHAOS,50.0,49.0,WORKLOAD_STEP
2026-07-10 01:33:59.643798500+05:30,55.4,34,32.5,2711.64,52.64,129,310,CHAOS,50.0,49.0,WORKLOAD_STEP
2026-07-10 01:34:01.674339800+05:30,53.9,36,34.5,2661.43,52.62,128,310,CHAOS,50.0,49.0,WORKLOAD_STEP
2026-07-10 01:34:03.701973900+05:30,54.9,42,31.4,2711.64,52.62,128,310,CHAOS,50.0,49.0,WORKLOAD_STEP
2026-07-10 01:34:05.737577300+05:30,52.1,35,31.7,2701.6,52.62,128,310,CHAOS,50.0,49.0,WORKLOAD_STEP
2026-07-10 01:34:07.771138800+05:30,53.5,34,32.2,2882.38,52.62,128,310,CHAOS,50.0,49.0,WORKLOAD_STEP
2026-07-10 01:34:09.802868+05:30,54.0,35,32.0,2711.64,52.61,128,310,CHAOS,50.0,49.0,WORKLOAD_STEP
2026-07-10 01:34:11.839051+05:30,55.4,34,34.6,2701.6,52.52,128,309,CHAOS,50.0,49.0,WORKLOAD_STEP
2026-07-10 01:34:13.867659100+05:30,56.5,34,33.7,2882.38,52.51,131,309,CHAOS,50.0,49.0,WORKLOAD_STEP
2026-07-10 01:34:15.901446500+05:30,55.5,32,34.6,2540.9,52.51,128,309,CHAOS,50.0,49.0,WORKLOAD_STEP
2026-07-10 01:34:17.937095800+05:30,54.8,35,33.0,3053.12,52.51,128,309,CHAOS,50.0,49.0,WORKLOAD_STEP
2026-07-10 01:34:19.968083200+05:30,52.8,42,33.7,2530.86,52.52,128,309,CHAOS,50.0,49.0,WORKLOAD_STEP
2026-07-10 01:34:21.997648400+05:30,54.4,35,35.5,2711.64,52.51,128,309,CHAOS,50.0,49.0,WORKLOAD_STEP
2026-07-10 01:34:24.026506600+05:30,56.0,34,32.7,2701.6,52.51,128,309,CHAOS,50.0,49.0,WORKLOAD_STEP
2026-07-10 01:34:26.061177300+05:30,54.6,34,33.5,2530.86,52.51,128,309,CHAOS,50.0,49.0,WORKLOAD_STEP
2026-07-10 01:34:28.101009800+05:30,54.2,34,33.8,2711.64,52.51,129,309,CHAOS,50.0,49.0,WORKLOAD_STEP
2026-07-10 01:34:30.131786800+05:30,56.3,32,33.4,2711.64,52.51,128,309,CHAOS,50.0,49.0,WORKLOAD_STEP
2026-07-10 01:34:32.159600500+05:30,52.4,35,34.7,2701.6,52.52,128,309,CHAOS,50.0,49.0,WORKLOAD_STEP
2026-07-10 01:34:34.189529+05:30,55.7,34,34.8,2711.64,52.52,128,309,CHAOS,50.0,49.0,WORKLOAD_STEP
2026-07-10 01:34:36.219877600+05:30,55.1,32,35.5,2350.08,52.52,128,309,CHAOS,50.0,49.0,WORKLOAD_STEP
2026-07-10 01:34:38.251348400+05:30,56.8,34,30.7,2530.86,52.52,128,309,CHAOS,50.0,49.0,WORKLOAD_STEP
2026-07-10 01:34:40.282432300+05:30,53.1,35,32.6,2711.64,52.52,128,309,CHAOS,50.0,49.0,WORKLOAD_STEP
2026-07-10 01:34:42.318713800+05:30,54.9,32,35.3,2882.38,52.52,128,309,CHAOS,50.0,49.0,WORKLOAD_STEP
2026-07-10 01:34:44.348774600+05:30,53.5,34,32.4,2540.9,52.52,128,309,CHAOS,50.0,49.0,WORKLOAD_STEP
2026-07-10 01:34:46.377062+05:30,60.4,32,34.5,2360.12,52.57,131,309,CHAOS,50.0,49.0,WORKLOAD_STEP
2026-07-10 01:34:48.410708500+05:30,55.4,34,33.2,2882.38,52.58,132,309,CHAOS,50.0,49.0,WORKLOAD_STEP
2026-07-10 01:34:50.441314300+05:30,52.5,36,32.2,2872.34,52.58,130,309,CHAOS,50.0,49.0,WORKLOAD_STEP
2026-07-10 01:34:52.468244900+05:30,53.5,34,34.9,3053.12,52.58,130,309,CHAOS,50.0,49.0,WORKLOAD_STEP
2026-07-10 01:34:54.496899+05:30,53.6,39,35.5,2530.86,52.58,130,309,CHAOS,50.0,49.0,WORKLOAD_STEP
2026-07-10 01:34:56.531101400+05:30,52.4,38,32.2,2862.3,52.57,130,309,CHAOS,50.0,49.0,WORKLOAD_STEP
2026-07-10 01:34:58.561904+05:30,54.9,34,34.1,2882.38,52.58,129,309,CHAOS,50.0,49.0,WORKLOAD_STEP
2026-07-10 01:35:00.596205+05:30,56.8,32,34.8,2681.52,52.58,129,309,CHAOS,50.0,49.0,WORKLOAD_STEP
2026-07-10 01:35:02.628929100+05:30,53.4,32,32.4,2872.34,52.58,129,309,CHAOS,50.0,49.0,WORKLOAD_STEP
2026-07-10 01:35:04.655398600+05:30,52.3,32,34.4,2540.9,52.58,129,309,CHAOS,50.0,49.0,WORKLOAD_STEP
2026-07-10 01:35:06.686926700+05:30,53.3,32,31.8,3022.99,52.58,130,309,CHAOS,50.0,49.0,WORKLOAD_STEP
2026-07-10 01:35:08.716356800+05:30,54.8,32,34.0,2882.38,52.58,130,309,CHAOS,50.0,49.0,WORKLOAD_STEP
2026-07-10 01:35:10.749594500+05:30,54.9,38,33.4,2882.38,52.58,130,309,CHAOS,50.0,49.0,WORKLOAD_STEP
2026-07-10 01:35:12.787977+05:30,57.0,32,31.1,2691.56,52.58,130,309,CHAOS,50.0,49.0,WORKLOAD_STEP
2026-07-10 01:35:14.818863100+05:30,55.4,35,33.4,2179.34,52.58,130,309,CHAOS,50.0,49.0,WORKLOAD_STEP
2026-07-10 01:35:16.845848100+05:30,53.5,32,34.6,2711.64,52.58,130,309,CHAOS,50.0,49.0,WORKLOAD_STEP
2026-07-10 01:35:18.872799800+05:30,52.1,32,33.4,2701.6,52.58,130,309,CHAOS,50.0,49.0,WORKLOAD_STEP
2026-07-10 01:35:20.906174700+05:30,54.9,34,35.7,2862.3,52.57,130,309,CHAOS,50.0,49.0,WORKLOAD_STEP
2026-07-10 01:35:22.937545300+05:30,56.7,35,33.9,3043.08,52.58,130,309,CHAOS,50.0,49.0,WORKLOAD_STEP
2026-07-10 01:35:24.969093600+05:30,57.2,39,35.1,2691.56,52.59,131,309,CHAOS,50.0,49.0,WORKLOAD_STEP
2026-07-10 01:35:27.005342900+05:30,54.5,38,36.0,2882.38,52.59,131,309,CHAOS,50.0,49.0,WORKLOAD_STEP
2026-07-10 01:35:29.032197400+05:30,54.6,32,34.1,3053.12,52.59,130,309,CHAOS,50.0,49.0,WORKLOAD_STEP
2026-07-10 01:35:31.064105600+05:30,52.5,34,33.3,2681.51,52.59,130,309,CHAOS,50.0,49.0,WORKLOAD_STEP
2026-07-10 01:35:33.100354100+05:30,54.9,34,32.8,2872.34,52.59,130,309,CHAOS,50.0,49.0,WORKLOAD_STEP
2026-07-10 01:35:35.130526300+05:30,54.9,35,33.9,2701.6,52.59,130,309,CHAOS,50.0,49.0,WORKLOAD_STEP
2026-07-10 01:35:37.158543900+05:30,55.7,32,33.2,2882.38,52.59,131,309,CHAOS,50.0,49.0,WORKLOAD_STEP
2026-07-10 01:35:39.186586900+05:30,54.2,35,33.0,2882.38,52.59,131,309,CHAOS,50.0,49.0,WORKLOAD_STEP
2026-07-10 01:35:41.221299100+05:30,55.5,32,33.3,2520.82,52.59,130,309,CHAOS,50.0,49.0,WORKLOAD_STEP
2026-07-10 01:35:43.259161700+05:30,51.9,34,34.1,3053.12,52.59,130,309,CHAOS,50.0,49.0,WORKLOAD_STEP
2026-07-10 01:35:45.286698+05:30,54.8,35,33.7,2711.64,52.63,130,309,CHAOS,50.0,49.0,WORKLOAD_STEP
2026-07-10 01:35:47.313951800+05:30,56.7,34,33.0,2540.9,52.59,130,309,CHAOS,50.0,49.0,WORKLOAD_STEP
2026-07-10 01:35:49.342094+05:30,53.1,32,31.3,2530.86,52.59,130,309,CHAOS,50.0,49.0,WORKLOAD_STEP
2026-07-10 01:35:51.373615+05:30,52.8,35,33.6,2701.6,52.59,130,309,CHAOS,50.0,49.0,WORKLOAD_STEP
2026-07-10 01:35:53.403493700+05:30,52.3,35,34.4,2169.3,52.58,130,309,CHAOS,50.0,49.0,WORKLOAD_STEP
2026-07-10 01:35:55.435590500+05:30,53.2,32,35.2,2691.55,52.59,130,309,CHAOS,50.0,49.0,WORKLOAD_STEP
2026-07-10 01:35:57.473773700+05:30,53.5,34,35.0,2520.82,52.59,129,309,CHAOS,50.0,49.0,WORKLOAD_STEP
2026-07-10 01:35:59.507694700+05:30,54.5,32,35.6,2701.6,52.59,129,309,CHAOS,50.0,49.0,WORKLOAD_STEP
2026-07-10 01:36:01.536171700+05:30,54.5,32,34.0,2711.64,52.59,129,309,CHAOS,50.0,49.0,WORKLOAD_STEP
2026-07-10 01:36:03.568021100+05:30,56.6,35,34.3,2701.6,52.59,129,309,CHAOS,50.0,49.0,WORKLOAD_STEP
2026-07-10 01:36:05.600826100+05:30,52.2,34,36.5,2179.34,52.59,129,309,CHAOS,50.0,49.0,WORKLOAD_STEP
2026-07-10 01:36:07.633168800+05:30,55.6,34,36.0,2520.82,52.59,130,309,CHAOS,50.0,49.0,WORKLOAD_STEP
2026-07-10 01:36:09.661717800+05:30,54.3,34,35.4,2530.86,52.59,130,309,CHAOS,50.0,49.0,WORKLOAD_STEP
2026-07-10 01:36:11.688959100+05:30,56.2,32,34.9,2701.6,52.59,130,309,CHAOS,50.0,49.0,WORKLOAD_STEP
2026-07-10 01:36:13.726842100+05:30,53.3,34,35.1,2701.6,52.59,130,309,CHAOS,50.0,49.0,WORKLOAD_STEP
2026-07-10 01:36:15.759368+05:30,55.4,34,35.7,2701.6,52.6,130,309,CHAOS,50.0,49.0,WORKLOAD_STEP
2026-07-10 01:36:17.787904700+05:30,52.9,35,32.2,2530.86,52.59,129,309,CHAOS,50.0,49.0,WORKLOAD_STEP
2026-07-10 01:36:19.816243400+05:30,54.2,34,34.7,2872.34,52.6,129,309,CHAOS,50.0,49.0,WORKLOAD_STEP
2026-07-10 01:36:21.848888400+05:30,55.4,34,32.6,2701.6,52.59,129,309,CHAOS,50.0,49.0,WORKLOAD_STEP
2026-07-10 01:36:23.881485700+05:30,56.6,34,31.6,2179.34,52.6,129,309,CHAOS,50.0,49.0,WORKLOAD_STEP
2026-07-10 01:36:25.915890200+05:30,55.4,32,34.3,2530.86,52.59,128,309,CHAOS,50.0,49.0,WORKLOAD_STEP
2026-07-10 01:36:27.951688600+05:30,52.8,35,33.4,2711.64,52.6,128,309,CHAOS,50.0,49.0,WORKLOAD_STEP
2026-07-10 01:36:29.980494700+05:30,53.6,32,33.2,2530.86,52.59,129,309,CHAOS,50.0,49.0,WORKLOAD_STEP
2026-07-10 01:36:32.010230+05:30,54.5,35,33.3,2530.86,52.6,129,309,CHAOS,50.0,49.0,WORKLOAD_STEP
2026-07-10 01:36:34.048703100+05:30,56.7,32,33.6,2701.6,52.59,129,309,CHAOS,90.0,50.0,WORKLOAD_STEP
2026-07-10 01:36:36.091113900+05:30,91.1,32,42.7,2872.34,52.64,129,309,CHAOS,90.0,50.0,WORKLOAD_STEP
2026-07-10 01:36:38.125537500+05:30,90.8,30,40.1,2872.34,52.6,129,309,CHAOS,90.0,50.0,WORKLOAD_STEP
2026-07-10 01:36:40.158960900+05:30,91.5,30,40.0,3053.12,52.6,129,309,CHAOS,90.0,50.0,WORKLOAD_STEP
2026-07-10 01:36:42.195124900+05:30,92.6,32,41.8,3053.12,52.6,129,309,CHAOS,90.0,50.0,WORKLOAD_STEP
2026-07-10 01:36:44.243240+05:30,91.0,30,44.1,3053.12,52.6,129,309,CHAOS,90.0,50.0,WORKLOAD_STEP
2026-07-10 01:36:46.271749300+05:30,92.0,30,44.0,3053.12,52.6,129,309,CHAOS,90.0,50.0,WORKLOAD_STEP
2026-07-10 01:36:48.310532300+05:30,92.6,30,45.0,3053.12,52.6,128,309,CHAOS,90.0,50.0,WORKLOAD_STEP
2026-07-10 01:36:50.339958400+05:30,90.5,30,43.9,3053.12,52.6,128,309,CHAOS,90.0,50.0,WORKLOAD_STEP
2026-07-10 01:36:52.376181300+05:30,92.1,30,39.9,3053.12,52.6,128,309,CHAOS,90.0,50.0,WORKLOAD_STEP
2026-07-10 01:36:54.407983300+05:30,92.0,29,40.3,3053.12,52.6,128,309,CHAOS,90.0,50.0,WORKLOAD_STEP
2026-07-10 01:36:56.436521+05:30,91.5,29,44.6,3053.12,52.6,128,309,CHAOS,90.0,50.0,WORKLOAD_STEP
2026-07-10 01:36:58.473692100+05:30,93.5,30,43.6,3053.12,52.6,128,309,CHAOS,90.0,50.0,WORKLOAD_STEP
2026-07-10 01:37:00.502517+05:30,93.2,29,46.3,3053.12,52.61,128,309,CHAOS,90.0,50.0,WORKLOAD_STEP
2026-07-10 01:37:02.536019500+05:30,93.1,29,44.8,3053.12,52.61,128,309,CHAOS,90.0,50.0,WORKLOAD_STEP
2026-07-10 01:37:04.564377900+05:30,91.2,30,41.0,3053.12,52.61,128,309,CHAOS,90.0,50.0,WORKLOAD_STEP
2026-07-10 01:37:06.592009700+05:30,91.8,30,44.2,3053.12,52.62,128,309,CHAOS,90.0,50.0,WORKLOAD_STEP
2026-07-10 01:37:08.623921500+05:30,94.0,32,40.4,3053.12,52.62,128,309,CHAOS,90.0,50.0,WORKLOAD_STEP
2026-07-10 01:37:10.651510400+05:30,93.7,29,41.3,3053.12,52.61,128,309,CHAOS,90.0,50.0,WORKLOAD_STEP
2026-07-10 01:37:12.679858100+05:30,93.4,29,40.9,3053.12,52.62,128,309,CHAOS,90.0,50.0,WORKLOAD_STEP
2026-07-10 01:37:14.714573500+05:30,91.8,29,38.9,3053.12,52.61,128,309,CHAOS,90.0,50.0,WORKLOAD_STEP
2026-07-10 01:37:16.744220200+05:30,90.9,30,38.3,3053.12,52.62,128,309,CHAOS,90.0,50.0,WORKLOAD_STEP
2026-07-10 01:37:18.772760100+05:30,91.8,30,38.4,3053.12,52.62,128,309,CHAOS,90.0,50.0,WORKLOAD_STEP
2026-07-10 01:37:20.801991700+05:30,93.2,32,41.6,3053.12,52.63,128,309,CHAOS,90.0,50.0,WORKLOAD_STEP
2026-07-10 01:37:22.836823200+05:30,96.9,30,44.7,3053.12,52.67,129,311,CHAOS,90.0,50.0,WORKLOAD_STEP
2026-07-10 01:37:24.866215100+05:30,93.4,30,40.6,3053.12,52.69,130,311,CHAOS,90.0,50.0,WORKLOAD_STEP
2026-07-10 01:37:26.893337700+05:30,92.8,29,41.6,3053.12,52.68,130,311,CHAOS,90.0,50.0,WORKLOAD_STEP
2026-07-10 01:37:28.932176200+05:30,92.6,30,40.6,3053.12,52.7,134,311,CHAOS,90.0,50.0,WORKLOAD_STEP
2026-07-10 01:37:30.962748100+05:30,92.2,30,45.8,3053.12,52.68,133,311,CHAOS,90.0,50.0,WORKLOAD_STEP
2026-07-10 01:37:32.995512700+05:30,93.3,29,42.5,3053.12,52.73,133,311,CHAOS,90.0,50.0,WORKLOAD_STEP
2026-07-10 01:37:35.037285800+05:30,93.6,32,41.5,3053.12,52.68,133,311,CHAOS,90.0,50.0,WORKLOAD_STEP
2026-07-10 01:37:37.065185400+05:30,93.7,30,40.4,3053.12,52.68,131,311,CHAOS,90.0,50.0,WORKLOAD_STEP
2026-07-10 01:37:39.094106700+05:30,91.4,30,43.9,3053.12,52.68,131,311,CHAOS,90.0,50.0,WORKLOAD_STEP
2026-07-10 01:37:41.133122400+05:30,90.9,32,40.4,3053.12,52.68,131,311,CHAOS,90.0,50.0,WORKLOAD_STEP
2026-07-10 01:37:43.161065600+05:30,92.3,30,43.2,3053.12,52.68,131,311,CHAOS,90.0,50.0,WORKLOAD_STEP
2026-07-10 01:37:45.198878500+05:30,93.2,32,44.0,3053.12,52.68,131,311,CHAOS,90.0,50.0,WORKLOAD_STEP
2026-07-10 01:37:47.232321+05:30,93.1,32,42.4,3053.12,52.68,131,311,CHAOS,90.0,50.0,WORKLOAD_STEP
2026-07-10 01:37:49.260366800+05:30,92.0,30,41.2,3053.12,52.68,131,311,CHAOS,90.0,50.0,WORKLOAD_STEP
2026-07-10 01:37:51.298980100+05:30,91.4,30,41.9,3053.12,52.68,131,311,CHAOS,90.0,50.0,WORKLOAD_STEP
2026-07-10 01:37:53.328026700+05:30,90.7,30,39.2,3053.12,52.68,131,311,CHAOS,90.0,50.0,WORKLOAD_STEP
2026-07-10 01:37:55.357054500+05:30,91.4,32,40.5,3053.12,52.68,131,311,CHAOS,90.0,50.0,WORKLOAD_STEP
2026-07-10 01:37:57.387347300+05:30,93.4,32,44.0,3053.12,52.68,133,311,CHAOS,90.0,50.0,WORKLOAD_STEP
2026-07-10 01:37:59.423160100+05:30,94.0,30,44.1,3053.12,52.68,133,311,CHAOS,90.0,50.0,WORKLOAD_STEP
2026-07-10 01:38:01.455022800+05:30,92.5,30,41.3,3053.12,52.68,133,311,CHAOS,90.0,50.0,WORKLOAD_STEP
2026-07-10 01:38:03.483748200+05:30,95.5,30,43.5,3053.12,52.65,133,311,CHAOS,90.0,50.0,WORKLOAD_STEP
2026-07-10 01:38:05.514489900+05:30,91.0,30,40.0,3053.12,52.65,133,311,CHAOS,90.0,50.0,WORKLOAD_STEP
2026-07-10 01:38:07.550939100+05:30,95.1,30,44.4,3053.12,52.91,132,311,CHAOS,90.0,50.0,WORKLOAD_STEP
2026-07-10 01:38:09.581557400+05:30,97.0,29,41.9,3053.12,52.27,132,311,CHAOS,90.0,50.0,WORKLOAD_STEP
2026-07-10 01:38:11.612568100+05:30,93.6,30,42.0,2872.34,52.26,132,311,CHAOS,90.0,50.0,WORKLOAD_STEP
2026-07-10 01:38:13.643264600+05:30,92.4,30,42.5,3053.12,52.27,132,311,CHAOS,90.0,50.0,WORKLOAD_STEP
2026-07-10 01:38:15.678155900+05:30,91.7,30,39.1,3053.12,52.27,132,311,CHAOS,90.0,50.0,WORKLOAD_STEP
2026-07-10 01:38:17.712942600+05:30,91.5,30,43.6,3053.12,52.27,132,311,CHAOS,30.0,51.0,WORKLOAD_STEP
2026-07-10 01:38:19.752240300+05:30,35.6,48,13.8,1717.36,52.29,132,311,CHAOS,30.0,51.0,WORKLOAD_STEP
2026-07-10 01:38:21.785208300+05:30,37.7,49,13.8,1817.79,52.28,132,311,CHAOS,30.0,51.0,WORKLOAD_STEP
2026-07-10 01:38:23.846381700+05:30,37.1,50,12.6,1305.59,52.29,132,309,CHAOS,30.0,51.0,WORKLOAD_STEP
2026-07-10 01:38:25.894465+05:30,39.6,50,13.6,1446.18,52.29,134,309,CHAOS,30.0,51.0,WORKLOAD_STEP
2026-07-10 01:38:27.926247200+05:30,43.9,51,13.1,1114.77,52.34,134,309,CHAOS,30.0,51.0,WORKLOAD_STEP
2026-07-10 01:38:29.986624200+05:30,37.1,51,14.2,1626.99,52.29,134,309,CHAOS,30.0,51.0,WORKLOAD_STEP
2026-07-10 01:38:32.035109200+05:30,36.1,51,15.1,1516.5,52.29,134,309,CHAOS,30.0,51.0,WORKLOAD_STEP
2026-07-10 01:38:34.064227100+05:30,39.4,50,18.0,1606.88,52.3,134,309,CHAOS,30.0,51.0,WORKLOAD_STEP
2026-07-10 01:38:36.096345900+05:30,39.1,48,16.3,1747.49,52.32,134,309,CHAOS,30.0,51.0,WORKLOAD_STEP
2026-07-10 01:38:38.152929300+05:30,43.9,44,18.1,1255.38,52.39,137,309,CHAOS,30.0,51.0,WORKLOAD_STEP
2026-07-10 01:38:40.183623300+05:30,36.5,45,20.7,1747.49,52.39,135,309,CHAOS,30.0,51.0,WORKLOAD_STEP
2026-07-10 01:38:42.212486+05:30,37.4,52,17.4,1677.2,52.4,135,309,CHAOS,30.0,51.0,WORKLOAD_STEP
2026-07-10 01:38:44.248989500+05:30,40.3,49,21.7,1697.26,52.5,135,309,CHAOS,30.0,51.0,WORKLOAD_STEP
2026-07-10 01:38:46.315368600+05:30,39.9,50,18.4,1757.53,52.52,139,309,CHAOS,30.0,51.0,WORKLOAD_STEP
2026-07-10 01:38:48.345908300+05:30,37.1,50,18.9,2088.96,52.51,139,309,CHAOS,30.0,51.0,WORKLOAD_STEP
2026-07-10 01:38:50.374632200+05:30,37.6,50,20.3,1566.71,52.51,135,309,CHAOS,30.0,51.0,WORKLOAD_STEP
2026-07-10 01:38:52.403733+05:30,33.7,48,22.3,1807.73,52.51,136,309,CHAOS,30.0,51.0,WORKLOAD_STEP
2026-07-10 01:38:54.434110500+05:30,34.8,39,24.2,2099.0,52.52,136,309,CHAOS,30.0,51.0,WORKLOAD_STEP
2026-07-10 01:38:56.468131100+05:30,35.7,44,25.3,1827.82,52.51,136,309,CHAOS,30.0,51.0,WORKLOAD_STEP
2026-07-10 01:38:58.500999100+05:30,36.8,49,23.8,1847.91,52.52,136,309,CHAOS,30.0,51.0,WORKLOAD_STEP
2026-07-10 01:39:00.539100100+05:30,34.9,39,26.5,2490.68,52.52,136,309,CHAOS,30.0,51.0,WORKLOAD_STEP
2026-07-10 01:39:02.574354500+05:30,34.5,42,25.8,2510.77,52.52,136,309,CHAOS,30.0,51.0,WORKLOAD_STEP
2026-07-10 01:39:04.605682700+05:30,32.9,42,24.9,2139.17,52.47,136,309,CHAOS,30.0,51.0,WORKLOAD_STEP
2026-07-10 01:39:06.693490100+05:30,32.9,45,26.2,2289.82,52.51,136,309,CHAOS,30.0,51.0,WORKLOAD_STEP
2026-07-10 01:39:08.742880+05:30,35.5,48,23.7,1787.65,52.5,136,309,CHAOS,30.0,51.0,WORKLOAD_STEP
2026-07-10 01:39:10.774536300+05:30,35.7,49,23.0,1817.78,52.49,136,309,CHAOS,30.0,51.0,WORKLOAD_STEP
2026-07-10 01:39:12.802669600+05:30,37.1,38,24.6,2058.82,52.49,135,309,CHAOS,30.0,51.0,WORKLOAD_STEP
2026-07-10 01:39:14.831473700+05:30,36.0,45,24.7,2219.51,52.49,136,309,CHAOS,30.0,51.0,WORKLOAD_STEP
2026-07-10 01:39:16.876999600+05:30,36.2,38,25.0,2098.99,52.49,136,309,CHAOS,30.0,51.0,WORKLOAD_STEP
2026-07-10 01:39:18.910562700+05:30,33.3,42,25.8,2169.3,52.49,136,309,CHAOS,30.0,51.0,WORKLOAD_STEP
2026-07-10 01:39:20.939936700+05:30,38.4,40,29.3,2701.6,52.48,136,309,CHAOS,30.0,51.0,WORKLOAD_STEP
2026-07-10 01:39:22.967986800+05:30,36.6,42,27.3,2641.34,52.49,136,309,CHAOS,30.0,51.0,WORKLOAD_STEP
2026-07-10 01:39:25.001318400+05:30,35.0,40,27.2,2350.08,52.49,137,309,CHAOS,30.0,51.0,WORKLOAD_STEP
2026-07-10 01:39:27.045510+05:30,83.8,40,43.2,3053.12,52.49,137,309,CHAOS,90.0,52.0,WORKLOAD_STEP
2026-07-10 01:39:29.092188900+05:30,91.8,32,45.9,2882.38,52.49,136,309,CHAOS,90.0,52.0,WORKLOAD_STEP
2026-07-10 01:39:31.130672800+05:30,92.0,32,40.0,3053.12,52.49,136,309,CHAOS,90.0,52.0,WORKLOAD_STEP
2026-07-10 01:39:33.164706800+05:30,92.3,32,42.3,3053.12,52.49,136,309,CHAOS,90.0,52.0,WORKLOAD_STEP
2026-07-10 01:39:35.204046+05:30,92.3,30,43.1,2882.38,52.49,136,309,CHAOS,90.0,52.0,WORKLOAD_STEP
2026-07-10 01:39:37.240448800+05:30,92.4,32,42.1,2882.38,52.49,136,309,CHAOS,90.0,52.0,WORKLOAD_STEP
2026-07-10 01:39:39.272419500+05:30,90.9,32,39.5,3053.12,52.49,137,309,CHAOS,90.0,52.0,WORKLOAD_STEP
2026-07-10 01:39:41.299406100+05:30,92.1,32,40.7,3053.12,52.49,137,309,CHAOS,90.0,52.0,WORKLOAD_STEP
2026-07-10 01:39:43.332559600+05:30,92.9,30,42.3,3053.12,52.49,137,309,CHAOS,90.0,52.0,WORKLOAD_STEP
2026-07-10 01:39:45.365482200+05:30,94.5,30,40.4,3053.12,52.51,137,309,CHAOS,90.0,52.0,WORKLOAD_STEP
2026-07-10 01:39:47.418865200+05:30,92.1,29,43.6,2882.38,52.48,137,309,CHAOS,30.0,53.0,WORKLOAD_STEP
2026-07-10 01:39:49.457938700+05:30,35.5,52,12.7,1395.98,52.52,137,309,CHAOS,30.0,53.0,WORKLOAD_STEP
2026-07-10 01:39:51.490887700+05:30,35.5,52,12.4,1335.72,52.47,137,309,CHAOS,30.0,53.0,WORKLOAD_STEP
2026-07-10 01:39:53.532800800+05:30,40.9,44,12.5,1225.24,52.47,137,309,CHAOS,30.0,53.0,WORKLOAD_STEP
2026-07-10 01:39:55.578918300+05:30,37.8,50,14.2,1134.85,52.47,136,309,CHAOS,30.0,53.0,WORKLOAD_STEP
2026-07-10 01:39:57.621478500+05:30,37.1,51,13.2,1576.76,52.48,136,309,CHAOS,30.0,53.0,WORKLOAD_STEP
2026-07-10 01:39:59.654473500+05:30,42.4,50,15.3,1355.81,52.48,138,309,CHAOS,30.0,53.0,WORKLOAD_STEP
2026-07-10 01:40:01.733638+05:30,43.9,51,16.6,1657.1,52.48,138,309,CHAOS,30.0,53.0,WORKLOAD_STEP
2026-07-10 01:40:03.769260900+05:30,40.2,51,14.3,1355.81,52.49,136,309,CHAOS,30.0,53.0,WORKLOAD_STEP
2026-07-10 01:40:05.808665500+05:30,36.3,50,14.3,1325.67,52.48,137,309,CHAOS,30.0,53.0,WORKLOAD_STEP
2026-07-10 01:40:07.878248800+05:30,40.1,46,17.9,1717.35,52.49,137,309,CHAOS,30.0,53.0,WORKLOAD_STEP
2026-07-10 01:40:09.907841400+05:30,36.7,46,18.5,1626.96,52.49,137,309,CHAOS,30.0,53.0,WORKLOAD_STEP
2026-07-10 01:40:11.938159300+05:30,38.9,45,18.6,1596.84,52.49,140,309,CHAOS,30.0,53.0,WORKLOAD_STEP
2026-07-10 01:40:13.990237+05:30,36.0,45,18.8,1556.66,52.46,140,309,CHAOS,30.0,53.0,WORKLOAD_STEP
2026-07-10 01:40:16.024638400+05:30,35.4,50,21.3,1857.98,52.45,138,309,CHAOS,30.0,53.0,WORKLOAD_STEP
2026-07-10 01:40:18.061901700+05:30,34.0,51,20.2,1687.22,52.44,138,309,CHAOS,30.0,53.0,WORKLOAD_STEP
2026-07-10 01:40:20.105904100+05:30,37.5,52,16.9,1365.84,52.45,138,309,CHAOS,30.0,53.0,WORKLOAD_STEP
2026-07-10 01:40:22.162136800+05:30,39.0,52,18.0,1626.97,52.44,138,309,CHAOS,30.0,53.0,WORKLOAD_STEP
2026-07-10 01:40:24.194364400+05:30,35.4,50,19.8,1647.05,52.44,138,309,CHAOS,30.0,53.0,WORKLOAD_STEP
2026-07-10 01:40:26.240525400+05:30,35.6,44,20.9,1516.49,52.44,137,309,CHAOS,30.0,53.0,WORKLOAD_STEP
2026-07-10 01:40:28.273486100+05:30,34.0,44,21.6,2319.96,52.44,137,309,CHAOS,30.0,53.0,WORKLOAD_STEP
2026-07-10 01:40:30.305050900+05:30,35.9,44,23.4,2209.48,52.44,137,309,CHAOS,30.0,53.0,WORKLOAD_STEP
2026-07-10 01:40:32.341457400+05:30,36.3,46,24.8,1908.17,52.44,137,309,CHAOS,30.0,53.0,WORKLOAD_STEP
2026-07-10 01:40:34.373676300+05:30,37.1,46,25.8,1868.0,52.44,137,309,CHAOS,30.0,53.0,WORKLOAD_STEP
2026-07-10 01:40:36.406897+05:30,34.7,42,27.3,2179.34,52.44,136,309,CHAOS,30.0,53.0,WORKLOAD_STEP
2026-07-10 01:40:38.436487400+05:30,35.5,40,26.8,1968.43,52.44,136,309,CHAOS,30.0,53.0,WORKLOAD_STEP
2026-07-10 01:40:40.465151500+05:30,33.4,42,26.3,2149.21,52.44,136,309,CHAOS,30.0,53.0,WORKLOAD_STEP
2026-07-10 01:40:42.496167500+05:30,34.7,42,27.1,2018.65,52.44,136,309,CHAOS,30.0,53.0,WORKLOAD_STEP
2026-07-10 01:40:44.523860+05:30,36.5,45,25.7,2119.08,52.44,136,309,CHAOS,30.0,53.0,WORKLOAD_STEP
2026-07-10 01:40:46.554848500+05:30,37.4,40,26.0,2470.6,52.44,138,309,CHAOS,30.0,53.0,WORKLOAD_STEP
2026-07-10 01:40:48.592688500+05:30,34.9,40,25.2,2129.12,52.44,138,309,CHAOS,30.0,53.0,WORKLOAD_STEP
2026-07-10 01:40:50.621044+05:30,33.7,42,25.1,2470.6,52.44,138,309,CHAOS,30.0,53.0,WORKLOAD_STEP
2026-07-10 01:40:52.648874600+05:30,32.9,39,26.7,2711.64,52.44,137,309,CHAOS,30.0,53.0,WORKLOAD_STEP
2026-07-10 01:40:54.677355300+05:30,33.5,42,25.6,2169.3,52.43,137,309,CHAOS,30.0,53.0,WORKLOAD_STEP
2026-07-10 01:40:56.708017400+05:30,36.4,39,27.2,2671.47,52.44,137,309,CHAOS,30.0,53.0,WORKLOAD_STEP
2026-07-10 01:40:58.738272100+05:30,35.0,39,26.1,2340.03,52.44,137,309,CHAOS,30.0,53.0,WORKLOAD_STEP
2026-07-10 01:41:00.774516+05:30,40.5,44,30.4,1888.08,52.45,137,309,CHAOS,30.0,53.0,WORKLOAD_STEP
2026-07-10 01:41:02.813309200+05:30,32.6,46,26.8,1998.56,52.44,137,309,CHAOS,30.0,53.0,WORKLOAD_STEP
2026-07-10 01:41:04.842590600+05:30,35.4,42,26.0,2340.03,52.44,137,309,CHAOS,30.0,53.0,WORKLOAD_STEP
2026-07-10 01:41:06.871237900+05:30,33.1,38,29.9,2309.91,52.45,137,309,CHAOS,30.0,53.0,WORKLOAD_STEP
2026-07-10 01:41:08.903632900+05:30,38.4,40,28.0,2289.82,52.44,138,309,CHAOS,30.0,53.0,WORKLOAD_STEP
2026-07-10 01:41:10.938968500+05:30,35.5,40,26.8,1998.56,52.45,138,309,CHAOS,30.0,53.0,WORKLOAD_STEP
2026-07-10 01:41:12.972430600+05:30,36.5,36,26.0,1948.34,52.46,138,309,CHAOS,30.0,53.0,WORKLOAD_STEP
2026-07-10 01:41:15.004379100+05:30,34.6,42,26.1,1998.56,52.45,138,309,CHAOS,30.0,53.0,WORKLOAD_STEP
2026-07-10 01:41:17.035288500+05:30,34.6,39,27.1,1998.56,52.46,138,309,CHAOS,30.0,53.0,WORKLOAD_STEP
2026-07-10 01:41:19.068088200+05:30,61.2,36,28.6,3043.08,52.46,137,309,CHAOS,60.0,54.0,WORKLOAD_STEP
2026-07-10 01:41:21.097667600+05:30,65.5,36,33.5,3053.12,52.46,137,309,CHAOS,60.0,54.0,WORKLOAD_STEP
2026-07-10 01:41:23.125677300+05:30,64.1,44,31.9,2571.04,52.45,137,308,CHAOS,60.0,54.0,WORKLOAD_STEP
2026-07-10 01:41:25.151416700+05:30,63.8,34,33.2,2741.78,52.45,138,308,CHAOS,60.0,54.0,WORKLOAD_STEP
2026-07-10 01:41:27.177978500+05:30,62.7,32,32.6,2882.38,52.45,138,308,CHAOS,60.0,54.0,WORKLOAD_STEP
2026-07-10 01:41:29.207229500+05:30,63.0,34,34.8,3033.03,52.5,137,308,CHAOS,60.0,54.0,WORKLOAD_STEP
2026-07-10 01:41:31.253711200+05:30,64.9,32,34.7,2681.51,52.45,137,308,CHAOS,60.0,54.0,WORKLOAD_STEP
2026-07-10 01:41:33.290410200+05:30,63.5,32,35.3,2711.64,52.45,137,308,CHAOS,60.0,54.0,WORKLOAD_STEP
2026-07-10 01:41:35.315600900+05:30,64.0,36,35.8,3053.12,52.45,137,308,CHAOS,60.0,54.0,WORKLOAD_STEP
2026-07-10 01:41:37.348166200+05:30,63.6,35,36.9,2902.47,52.45,137,308,CHAOS,60.0,54.0,WORKLOAD_STEP
2026-07-10 01:41:39.380838500+05:30,62.8,39,36.0,2882.38,52.46,137,308,CHAOS,60.0,54.0,WORKLOAD_STEP
2026-07-10 01:41:41.413125200+05:30,62.7,32,37.0,2701.6,52.46,137,308,CHAOS,60.0,54.0,WORKLOAD_STEP
2026-07-10 01:41:43.446322800+05:30,64.6,34,36.4,2701.6,52.46,136,308,CHAOS,60.0,54.0,WORKLOAD_STEP
2026-07-10 01:41:45.476457600+05:30,63.4,30,34.4,2872.34,52.46,136,308,CHAOS,60.0,54.0,WORKLOAD_STEP
2026-07-10 01:41:47.504804600+05:30,63.8,32,35.5,2350.08,52.46,136,308,CHAOS,60.0,54.0,WORKLOAD_STEP
2026-07-10 01:41:49.539602900+05:30,63.9,30,35.3,2350.08,52.45,136,308,CHAOS,60.0,54.0,WORKLOAD_STEP
2026-07-10 01:41:51.574771100+05:30,63.2,30,37.1,3053.12,52.46,136,308,CHAOS,60.0,54.0,WORKLOAD_STEP
2026-07-10 01:41:53.606651700+05:30,62.4,39,37.7,2882.38,52.45,136,308,CHAOS,60.0,54.0,WORKLOAD_STEP
2026-07-10 01:41:55.639149500+05:30,66.8,32,38.4,2882.38,52.45,136,308,CHAOS,60.0,54.0,WORKLOAD_STEP
2026-07-10 01:41:57.665167400+05:30,64.1,34,34.0,2691.56,52.45,136,308,CHAOS,60.0,54.0,WORKLOAD_STEP
2026-07-10 01:41:59.695518+05:30,66.8,32,37.3,2812.08,52.45,136,308,CHAOS,60.0,54.0,WORKLOAD_STEP
2026-07-10 01:42:01.723915600+05:30,63.0,32,34.7,2530.86,52.44,136,308,CHAOS,60.0,54.0,WORKLOAD_STEP
2026-07-10 01:42:03.768625200+05:30,62.3,32,36.6,2872.34,52.45,136,308,CHAOS,60.0,54.0,WORKLOAD_STEP
2026-07-10 01:42:05.798379500+05:30,61.6,32,40.0,2530.86,52.45,136,308,CHAOS,60.0,54.0,WORKLOAD_STEP
2026-07-10 01:42:07.826578400+05:30,65.2,32,38.1,2882.38,52.45,136,308,CHAOS,60.0,54.0,WORKLOAD_STEP
2026-07-10 01:42:09.854677800+05:30,65.6,32,38.3,3053.12,52.45,136,308,CHAOS,60.0,54.0,WORKLOAD_STEP
2026-07-10 01:42:11.888939100+05:30,64.4,34,35.9,3043.08,52.45,135,308,CHAOS,60.0,54.0,WORKLOAD_STEP
2026-07-10 01:42:13.923917500+05:30,63.4,32,36.8,2711.64,52.45,135,308,CHAOS,60.0,54.0,WORKLOAD_STEP
2026-07-10 01:42:15.957907100+05:30,62.7,29,34.7,2862.29,52.45,136,308,CHAOS,60.0,54.0,WORKLOAD_STEP
2026-07-10 01:42:17.988559100+05:30,61.5,30,34.8,2872.34,52.45,136,308,CHAOS,60.0,54.0,WORKLOAD_STEP
2026-07-10 01:42:20.025287700+05:30,64.7,32,36.0,2681.51,52.45,138,308,CHAOS,60.0,54.0,WORKLOAD_STEP
2026-07-10 01:42:22.056910300+05:30,65.6,32,33.8,2872.34,52.45,139,308,CHAOS,60.0,54.0,WORKLOAD_STEP
2026-07-10 01:42:24.087956300+05:30,65.8,32,35.7,3053.12,52.5,139,308,CHAOS,60.0,54.0,WORKLOAD_STEP
2026-07-10 01:42:26.116999400+05:30,65.2,39,37.2,3053.12,52.45,138,308,CHAOS,60.0,54.0,WORKLOAD_STEP
2026-07-10 01:42:28.146093600+05:30,63.9,34,34.3,2872.34,52.45,139,308,CHAOS,60.0,54.0,WORKLOAD_STEP
2026-07-10 01:42:30.172529200+05:30,63.9,32,35.0,2711.65,52.45,139,308,CHAOS,60.0,54.0,WORKLOAD_STEP
2026-07-10 01:42:32.201889300+05:30,64.8,32,37.0,3053.12,52.45,139,308,CHAOS,60.0,54.0,WORKLOAD_STEP
2026-07-10 01:42:34.243582400+05:30,62.9,32,36.8,2530.86,52.45,139,308,CHAOS,60.0,54.0,WORKLOAD_STEP
2026-07-10 01:42:36.281139900+05:30,62.5,34,36.3,2711.64,52.46,139,308,CHAOS,60.0,54.0,WORKLOAD_STEP
2026-07-10 01:42:38.312405200+05:30,62.9,34,39.2,2882.38,52.45,139,308,CHAOS,60.0,54.0,WORKLOAD_STEP
2026-07-10 01:42:40.339160600+05:30,62.3,32,34.0,3053.12,52.46,139,308,CHAOS,60.0,54.0,WORKLOAD_STEP
2026-07-10 01:42:42.370828100+05:30,64.9,34,34.3,2701.6,52.46,139,308,CHAOS,60.0,54.0,WORKLOAD_STEP
2026-07-10 01:42:44.403099500+05:30,66.3,34,36.2,3053.12,52.46,137,308,CHAOS,60.0,54.0,WORKLOAD_STEP
2026-07-10 01:42:46.433107600+05:30,65.7,34,37.7,2882.38,52.46,137,308,CHAOS,60.0,54.0,WORKLOAD_STEP
2026-07-10 01:42:48.466432700+05:30,62.4,32,38.9,2711.64,52.46,137,308,CHAOS,60.0,54.0,WORKLOAD_STEP
2026-07-10 01:42:50.501768300+05:30,63.2,30,35.9,2882.38,52.47,137,308,CHAOS,60.0,54.0,WORKLOAD_STEP
2026-07-10 01:42:52.531271700+05:30,61.9,32,36.7,2882.38,52.46,138,307,CHAOS,60.0,54.0,WORKLOAD_STEP
2026-07-10 01:42:54.561282200+05:30,65.9,32,36.7,3053.12,52.46,137,307,CHAOS,60.0,54.0,WORKLOAD_STEP
2026-07-10 01:42:56.598071100+05:30,64.3,35,33.2,2701.6,52.46,137,307,CHAOS,60.0,54.0,WORKLOAD_STEP
2026-07-10 01:42:58.630099+05:30,66.2,32,40.3,2882.38,52.49,134,307,CHAOS,60.0,54.0,WORKLOAD_STEP
2026-07-10 01:43:00.657548+05:30,62.7,32,36.3,1968.44,52.47,134,307,CHAOS,0.0,55.0,WORKLOAD_STEP
2026-07-10 01:43:02.691434400+05:30,10.0,50,9.2,1536.57,52.45,134,307,CHAOS,0.0,55.0,WORKLOAD_STEP
2026-07-10 01:43:04.750141900+05:30,7.9,51,8.8,1375.88,52.46,134,307,CHAOS,0.0,55.0,WORKLOAD_STEP
2026-07-10 01:43:06.788023900+05:30,6.4,52,8.7,1536.58,52.48,134,307,CHAOS,0.0,55.0,WORKLOAD_STEP
2026-07-10 01:43:08.838096400+05:30,8.6,52,8.8,1355.81,52.47,134,307,CHAOS,0.0,55.0,WORKLOAD_STEP
2026-07-10 01:43:10.878598900+05:30,7.2,53,8.6,1154.94,52.47,134,307,CHAOS,0.0,55.0,WORKLOAD_STEP
2026-07-10 01:43:12.918939600+05:30,9.1,53,8.6,1345.76,52.47,134,307,CHAOS,0.0,55.0,WORKLOAD_STEP
2026-07-10 01:43:14.961705800+05:30,7.5,52,8.7,1416.06,52.47,134,307,CHAOS,0.0,55.0,WORKLOAD_STEP
2026-07-10 01:43:17.004753300+05:30,11.3,55,8.6,1235.28,52.46,134,307,CHAOS,0.0,55.0,WORKLOAD_STEP
2026-07-10 01:43:19.044740+05:30,6.8,53,8.7,1335.72,52.46,134,307,CHAOS,0.0,55.0,WORKLOAD_STEP
2026-07-10 01:43:21.088089200+05:30,13.8,54,9.9,1888.08,52.48,134,307,CHAOS,0.0,55.0,WORKLOAD_STEP
2026-07-10 01:43:23.120302700+05:30,8.8,55,9.0,1235.29,52.45,133,307,CHAOS,0.0,55.0,WORKLOAD_STEP
2026-07-10 01:43:25.165473+05:30,8.7,54,9.6,1395.96,52.45,134,307,CHAOS,0.0,55.0,WORKLOAD_STEP
2026-07-10 01:43:27.210152300+05:30,9.0,55,9.9,1385.92,52.46,136,307,CHAOS,0.0,55.0,WORKLOAD_STEP
2026-07-10 01:43:29.262250+05:30,7.2,55,9.3,1406.03,52.47,135,307,CHAOS,0.0,55.0,WORKLOAD_STEP
2026-07-10 01:43:31.320530200+05:30,13.8,56,14.1,1225.24,52.56,135,308,CHAOS,0.0,55.0,WORKLOAD_STEP
2026-07-10 01:43:33.363531900+05:30,14.5,55,9.6,1737.45,52.65,136,309,CHAOS,0.0,55.0,WORKLOAD_STEP
2026-07-10 01:43:35.440556600+05:30,7.6,54,8.7,1235.29,52.68,136,309,CHAOS,0.0,55.0,WORKLOAD_STEP
2026-07-10 01:43:37.486923900+05:30,5.9,55,8.7,1225.24,52.75,136,309,CHAOS,0.0,55.0,WORKLOAD_STEP
2026-07-10 01:43:39.549822400+05:30,6.0,56,8.8,1375.89,52.7,136,309,CHAOS,0.0,55.0,WORKLOAD_STEP
2026-07-10 01:43:41.601894400+05:30,5.6,58,8.5,1265.4,52.65,136,309,CHAOS,0.0,55.0,WORKLOAD_STEP
2026-07-10 01:43:43.641375100+05:30,8.2,55,9.0,1285.5,52.66,136,309,CHAOS,0.0,55.0,WORKLOAD_STEP
2026-07-10 01:43:45.682903300+05:30,8.6,58,8.7,1345.77,52.65,136,309,CHAOS,0.0,55.0,WORKLOAD_STEP
2026-07-10 01:43:47.735114+05:30,7.9,55,8.5,1275.45,52.66,136,309,CHAOS,0.0,55.0,WORKLOAD_STEP
2026-07-10 01:43:49.776155+05:30,6.2,56,8.6,1355.79,52.66,136,309,CHAOS,0.0,55.0,WORKLOAD_STEP
2026-07-10 01:43:51.838954600+05:30,8.6,55,9.3,1195.12,52.65,136,309,CHAOS,0.0,55.0,WORKLOAD_STEP
2026-07-10 01:43:53.886767+05:30,6.5,56,8.7,1144.9,52.65,136,309,CHAOS,0.0,55.0,WORKLOAD_STEP
2026-07-10 01:43:55.936347500+05:30,9.4,55,9.2,1827.82,52.65,136,309,CHAOS,0.0,55.0,WORKLOAD_STEP
2026-07-10 01:43:57.985759600+05:30,8.9,56,8.6,1225.23,52.65,136,309,CHAOS,0.0,55.0,WORKLOAD_STEP
2026-07-10 01:44:00.029066600+05:30,7.7,56,8.9,1205.14,52.66,136,309,CHAOS,0.0,55.0,WORKLOAD_STEP
2026-07-10 01:44:02.064436+05:30,9.2,55,9.9,1677.18,52.65,136,309,CHAOS,0.0,55.0,WORKLOAD_STEP
2026-07-10 01:44:04.114993500+05:30,7.9,56,8.7,1235.29,52.64,135,309,CHAOS,0.0,55.0,WORKLOAD_STEP
2026-07-10 01:44:06.157814600+05:30,5.5,56,8.7,1426.1,52.61,135,309,CHAOS,0.0,55.0,WORKLOAD_STEP
2026-07-10 01:44:08.203647200+05:30,9.8,56,8.9,1245.32,52.64,135,309,CHAOS,0.0,55.0,WORKLOAD_STEP
2026-07-10 01:44:10.231571+05:30,7.6,56,9.0,1195.11,52.6,135,309,CHAOS,0.0,55.0,WORKLOAD_STEP
2026-07-10 01:44:12.284047+05:30,7.0,58,9.2,1245.35,52.6,135,309,CHAOS,0.0,55.0,WORKLOAD_STEP
2026-07-10 01:44:14.342442200+05:30,8.9,57,9.3,1225.24,52.53,135,308,CHAOS,0.0,55.0,WORKLOAD_STEP
2026-07-10 01:44:16.389041100+05:30,5.1,57,8.6,1265.4,52.53,135,308,CHAOS,0.0,55.0,WORKLOAD_STEP
2026-07-10 01:44:18.435204900+05:30,7.6,56,8.7,1275.47,52.53,135,308,CHAOS,0.0,55.0,WORKLOAD_STEP
2026-07-10 01:44:20.480455400+05:30,11.3,56,8.4,1195.11,52.53,134,308,CHAOS,0.0,55.0,WORKLOAD_STEP
2026-07-10 01:44:22.525185700+05:30,11.2,56,9.0,1345.77,52.52,134,308,CHAOS,0.0,55.0,WORKLOAD_STEP
2026-07-10 01:44:24.569655+05:30,7.0,57,8.5,1285.49,52.52,134,308,CHAOS,0.0,55.0,WORKLOAD_STEP
2026-07-10 01:44:26.613975300+05:30,7.7,58,9.1,1576.74,52.53,131,308,CHAOS,0.0,55.0,WORKLOAD_STEP
2026-07-10 01:44:28.662665+05:30,6.7,59,8.2,1185.07,52.53,131,308,CHAOS,0.0,55.0,WORKLOAD_STEP
2026-07-10 01:44:30.704209300+05:30,13.8,57,9.6,1195.11,52.5,131,307,CHAOS,0.0,55.0,WORKLOAD_STEP
2026-07-10 01:44:32.737524700+05:30,7.6,57,8.6,1275.45,52.47,131,307,CHAOS,0.0,55.0,WORKLOAD_STEP
2026-07-10 01:44:34.776189800+05:30,11.4,59,8.8,1265.4,52.52,131,307,CHAOS,0.0,55.0,WORKLOAD_STEP
2026-07-10 01:44:36.836706500+05:30,6.0,56,8.8,1235.27,52.48,131,307,CHAOS,0.0,55.0,WORKLOAD_STEP
2026-07-10 01:44:38.878083800+05:30,5.9,56,8.6,1305.59,52.48,131,307,CHAOS,0.0,55.0,WORKLOAD_STEP
2026-07-10 01:44:40.918795300+05:30,7.8,57,8.9,1295.53,52.48,131,307,CHAOS,0.0,55.0,WORKLOAD_STEP
2026-07-10 01:44:42.963583+05:30,9.4,56,8.5,1134.85,52.48,129,307,CHAOS,0.0,55.0,WORKLOAD_STEP
2026-07-10 01:44:44.998997700+05:30,11.2,59,9.2,1426.1,52.47,129,307,CHAOS,0.0,55.0,WORKLOAD_STEP
2026-07-10 01:44:47.037561700+05:30,12.1,57,8.7,1335.7,52.47,129,307,CHAOS,0.0,55.0,WORKLOAD_STEP
2026-07-10 01:44:49.080242700+05:30,11.8,57,8.9,1556.65,52.48,129,307,CHAOS,0.0,55.0,WORKLOAD_STEP
2026-07-10 01:44:51.123584200+05:30,8.6,57,8.6,1205.16,52.48,129,307,CHAOS,0.0,55.0,WORKLOAD_STEP
2026-07-10 01:44:53.176071600+05:30,6.6,57,8.8,1466.27,52.48,129,307,CHAOS,0.0,55.0,WORKLOAD_STEP
2026-07-10 01:44:55.225430100+05:30,7.9,59,9.0,1255.36,52.48,129,307,CHAOS,0.0,55.0,WORKLOAD_STEP
2026-07-10 01:44:57.277049700+05:30,9.6,57,9.0,1175.04,52.48,129,307,CHAOS,0.0,55.0,WORKLOAD_STEP
2026-07-10 01:44:59.336831800+05:30,8.7,58,8.9,1245.32,52.46,129,307,CHAOS,0.0,55.0,WORKLOAD_STEP
2026-07-10 01:45:01.387837700+05:30,10.2,56,8.7,1626.97,52.47,129,307,CHAOS,0.0,55.0,WORKLOAD_STEP
2026-07-10 01:45:03.420944100+05:30,5.1,59,8.6,1255.36,52.46,129,307,CHAOS,0.0,55.0,WORKLOAD_STEP
2026-07-10 01:45:05.467601700+05:30,7.6,56,9.1,1255.38,52.48,130,307,CHAOS,0.0,55.0,WORKLOAD_STEP
2026-07-10 01:45:07.511125+05:30,10.2,57,8.5,1355.79,52.49,130,307,CHAOS,0.0,55.0,WORKLOAD_STEP
2026-07-10 01:45:09.564350700+05:30,11.1,57,8.4,1325.67,52.48,130,307,CHAOS,0.0,55.0,WORKLOAD_STEP
2026-07-10 01:45:11.608590200+05:30,7.2,56,8.6,1154.93,52.48,130,307,CHAOS,0.0,55.0,WORKLOAD_STEP
2026-07-10 01:45:13.656993100+05:30,7.9,57,8.9,1335.72,52.48,131,307,CHAOS,0.0,55.0,WORKLOAD_STEP
2026-07-10 01:45:15.697129300+05:30,9.0,57,8.8,1365.84,52.48,131,307,CHAOS,0.0,55.0,WORKLOAD_STEP
2026-07-10 01:45:17.730989600+05:30,8.2,57,8.9,1255.37,52.48,129,307,CHAOS,0.0,55.0,WORKLOAD_STEP
2026-07-10 01:45:19.785712200+05:30,10.6,57,9.1,1245.33,52.49,129,307,CHAOS,0.0,55.0,WORKLOAD_STEP
2026-07-10 01:45:21.832398100+05:30,9.0,57,8.7,1235.28,52.48,129,307,CHAOS,0.0,55.0,WORKLOAD_STEP
2026-07-10 01:45:23.870458400+05:30,7.4,56,9.2,1586.78,52.49,128,307,CHAOS,0.0,55.0,WORKLOAD_STEP
2026-07-10 01:45:25.913963900+05:30,7.2,56,8.8,1345.77,52.48,129,307,CHAOS,0.0,55.0,WORKLOAD_STEP
2026-07-10 01:45:27.960413500+05:30,6.7,56,8.8,1255.36,52.49,129,307,CHAOS,0.0,55.0,WORKLOAD_STEP
2026-07-10 01:45:30.001684400+05:30,10.1,57,8.5,1426.1,52.48,128,307,CHAOS,0.0,55.0,WORKLOAD_STEP
2026-07-10 01:45:32.047628500+05:30,11.1,56,8.7,1175.01,52.53,129,307,CHAOS,0.0,55.0,WORKLOAD_STEP
2026-07-10 01:45:34.081299800+05:30,14.5,56,13.0,1245.32,52.48,129,307,CHAOS,0.0,55.0,WORKLOAD_STEP
2026-07-10 01:45:36.119855800+05:30,12.1,59,8.9,1134.85,52.49,130,307,CHAOS,0.0,55.0,WORKLOAD_STEP
2026-07-10 01:45:38.172594900+05:30,13.0,56,9.9,1195.1,52.49,131,307,CHAOS,0.0,55.0,WORKLOAD_STEP
2026-07-10 01:45:40.221038100+05:30,6.4,57,9.1,1215.2,52.51,131,307,CHAOS,0.0,55.0,WORKLOAD_STEP
2026-07-10 01:45:42.267379600+05:30,8.7,56,9.1,1235.3,52.51,131,307,CHAOS,0.0,55.0,WORKLOAD_STEP
2026-07-10 01:45:44.325237500+05:30,13.3,56,9.0,1215.19,52.51,131,307,CHAOS,0.0,55.0,WORKLOAD_STEP
2026-07-10 01:45:46.372752400+05:30,13.5,59,9.3,1345.75,52.52,130,307,CHAOS,0.0,55.0,WORKLOAD_STEP
2026-07-10 01:45:48.414540200+05:30,6.9,58,9.1,1255.36,52.52,130,307,CHAOS,0.0,55.0,WORKLOAD_STEP
2026-07-10 01:45:50.456083300+05:30,8.9,55,9.2,1285.49,52.52,130,307,CHAOS,0.0,55.0,WORKLOAD_STEP
2026-07-10 01:45:52.501637900+05:30,5.9,55,8.5,1195.11,52.52,130,307,CHAOS,0.0,55.0,WORKLOAD_STEP
2026-07-10 01:45:54.559359900+05:30,9.5,56,8.9,1355.82,52.52,130,307,CHAOS,0.0,55.0,WORKLOAD_STEP
2026-07-10 01:45:56.609248800+05:30,7.1,58,8.5,1175.02,52.51,131,307,CHAOS,0.0,55.0,WORKLOAD_STEP
2026-07-10 01:45:58.649842300+05:30,9.5,57,8.5,1315.63,52.57,131,307,CHAOS,0.0,55.0,WORKLOAD_STEP
2026-07-10 01:46:00.700901400+05:30,7.0,59,9.0,1205.16,52.53,131,307,CHAOS,0.0,55.0,WORKLOAD_STEP
2026-07-10 01:46:02.746129100+05:30,5.9,59,9.8,1285.5,52.53,130,307,CHAOS,0.0,55.0,WORKLOAD_STEP
2026-07-10 01:46:04.791709700+05:30,5.6,57,8.9,1255.37,52.52,133,307,CHAOS,0.0,55.0,WORKLOAD_STEP
2026-07-10 01:46:06.831261900+05:30,8.8,57,8.9,1295.55,52.53,130,307,CHAOS,0.0,55.0,WORKLOAD_STEP
2026-07-10 01:46:08.875801200+05:30,8.6,57,9.1,1235.28,52.53,130,307,CHAOS,0.0,55.0,WORKLOAD_STEP
2026-07-10 01:46:10.908291200+05:30,7.0,57,8.5,1164.98,52.53,130,307,CHAOS,0.0,55.0,WORKLOAD_STEP
2026-07-10 01:46:12.951124500+05:30,7.0,56,9.2,1235.29,52.52,130,307,CHAOS,0.0,55.0,WORKLOAD_STEP
2026-07-10 01:46:15.000699500+05:30,7.0,56,8.7,1205.16,52.52,130,307,CHAOS,0.0,55.0,WORKLOAD_STEP
2026-07-10 01:46:17.048189+05:30,37.8,56,11.5,1275.47,52.52,130,307,CHAOS,20.0,56.0,WORKLOAD_STEP
2026-07-10 01:46:19.084753600+05:30,27.9,53,11.0,1175.02,52.53,130,307,CHAOS,20.0,56.0,WORKLOAD_STEP
2026-07-10 01:46:21.136031+05:30,31.2,54,12.1,1817.79,52.53,130,307,CHAOS,20.0,56.0,WORKLOAD_STEP
2026-07-10 01:46:23.204168600+05:30,28.2,55,11.5,1817.8,52.53,129,307,CHAOS,20.0,56.0,WORKLOAD_STEP
2026-07-10 01:46:25.274737900+05:30,30.3,56,11.9,1325.67,52.53,129,307,CHAOS,20.0,56.0,WORKLOAD_STEP
2026-07-10 01:46:27.332735200+05:30,26.0,56,11.3,1365.85,52.53,129,307,CHAOS,20.0,56.0,WORKLOAD_STEP
2026-07-10 01:46:29.370466500+05:30,30.8,56,11.2,1566.72,52.54,129,307,CHAOS,20.0,56.0,WORKLOAD_STEP
2026-07-10 01:46:31.414637300+05:30,28.7,55,10.8,1396.0,52.53,129,307,CHAOS,20.0,56.0,WORKLOAD_STEP
2026-07-10 01:46:33.465810700+05:30,27.8,56,12.0,1195.11,52.58,129,307,CHAOS,20.0,56.0,WORKLOAD_STEP
2026-07-10 01:46:35.511328100+05:30,31.4,56,11.4,1034.43,52.53,129,307,CHAOS,20.0,56.0,WORKLOAD_STEP
2026-07-10 01:46:37.579233300+05:30,27.8,56,12.5,1295.54,52.54,129,307,CHAOS,20.0,56.0,WORKLOAD_STEP
2026-07-10 01:46:39.611440400+05:30,26.0,55,11.8,1365.84,52.53,129,307,CHAOS,20.0,56.0,WORKLOAD_STEP
2026-07-10 01:46:41.696327600+05:30,30.4,56,12.2,1807.73,52.54,129,307,CHAOS,20.0,56.0,WORKLOAD_STEP
2026-07-10 01:46:43.730585400+05:30,31.7,53,12.4,1215.19,52.54,129,307,CHAOS,20.0,56.0,WORKLOAD_STEP
2026-07-10 01:46:45.761097600+05:30,29.9,53,13.0,1606.88,52.57,129,307,CHAOS,20.0,56.0,WORKLOAD_STEP
2026-07-10 01:46:47.797916300+05:30,29.4,53,12.2,1205.14,52.57,129,307,CHAOS,20.0,56.0,WORKLOAD_STEP
2026-07-10 01:46:49.865511900+05:30,25.4,53,12.5,1285.5,52.57,128,307,CHAOS,20.0,56.0,WORKLOAD_STEP
2026-07-10 01:46:51.895211200+05:30,27.6,55,12.0,1265.4,52.57,128,307,CHAOS,20.0,56.0,WORKLOAD_STEP
2026-07-10 01:46:53.940637500+05:30,29.4,53,12.0,1164.98,52.57,128,307,CHAOS,20.0,56.0,WORKLOAD_STEP
2026-07-10 01:46:56.019603900+05:30,30.4,55,12.2,1265.41,52.57,128,307,CHAOS,20.0,56.0,WORKLOAD_STEP
2026-07-10 01:46:58.056482800+05:30,26.1,54,13.2,1164.97,52.57,128,307,CHAOS,20.0,56.0,WORKLOAD_STEP
2026-07-10 01:47:00.116649800+05:30,27.1,53,13.1,1526.55,52.58,128,307,CHAOS,20.0,56.0,WORKLOAD_STEP
2026-07-10 01:47:02.161243400+05:30,26.9,54,15.1,1395.97,52.57,128,307,CHAOS,20.0,56.0,WORKLOAD_STEP
2026-07-10 01:47:04.216325700+05:30,26.1,52,13.7,1596.84,52.57,128,307,CHAOS,20.0,56.0,WORKLOAD_STEP
2026-07-10 01:47:06.275226+05:30,27.8,54,12.4,1185.05,52.57,128,307,CHAOS,20.0,56.0,WORKLOAD_STEP
2026-07-10 01:47:08.316600100+05:30,28.3,53,13.3,1315.64,52.58,128,307,CHAOS,20.0,56.0,WORKLOAD_STEP
2026-07-10 01:47:10.381544500+05:30,27.1,53,14.8,1385.93,52.54,128,307,CHAOS,20.0,56.0,WORKLOAD_STEP
2026-07-10 01:47:12.425924800+05:30,25.6,52,14.5,1335.7,52.5,128,307,CHAOS,20.0,56.0,WORKLOAD_STEP
2026-07-10 01:47:14.470134900+05:30,26.7,51,17.8,1667.15,52.49,128,307,CHAOS,20.0,56.0,WORKLOAD_STEP
2026-07-10 01:47:16.501584500+05:30,27.2,53,16.7,1626.96,52.49,128,307,CHAOS,20.0,56.0,WORKLOAD_STEP
2026-07-10 01:47:18.542066600+05:30,30.5,52,16.0,1325.66,52.49,128,307,CHAOS,20.0,56.0,WORKLOAD_STEP
2026-07-10 01:47:20.578387400+05:30,28.8,52,15.7,1516.48,52.48,129,307,CHAOS,20.0,56.0,WORKLOAD_STEP
2026-07-10 01:47:22.637441500+05:30,31.7,53,16.0,1496.4,52.49,129,307,CHAOS,20.0,56.0,WORKLOAD_STEP
2026-07-10 01:47:24.676304700+05:30,25.6,52,12.7,1175.02,52.48,130,306,CHAOS,20.0,56.0,WORKLOAD_STEP
2026-07-10 01:47:26.724114900+05:30,24.7,53,13.8,1154.93,52.49,130,306,CHAOS,20.0,56.0,WORKLOAD_STEP
2026-07-10 01:47:28.785128500+05:30,26.1,53,14.1,1175.03,52.48,130,306,CHAOS,20.0,56.0,WORKLOAD_STEP
2026-07-10 01:47:30.814047700+05:30,28.3,52,14.9,1717.36,52.49,129,306,CHAOS,20.0,56.0,WORKLOAD_STEP
2026-07-10 01:47:32.847898800+05:30,27.5,52,14.8,1837.87,52.47,129,306,CHAOS,20.0,56.0,WORKLOAD_STEP
2026-07-10 01:47:34.881182100+05:30,26.8,51,18.6,1777.6,52.48,129,306,CHAOS,20.0,56.0,WORKLOAD_STEP
2026-07-10 01:47:36.938747900+05:30,27.2,49,17.8,1426.09,52.47,129,306,CHAOS,20.0,56.0,WORKLOAD_STEP
2026-07-10 01:47:38.970004400+05:30,23.5,45,18.9,1616.91,52.47,129,306,CHAOS,20.0,56.0,WORKLOAD_STEP
2026-07-10 01:47:41.002876800+05:30,31.2,45,17.2,1857.96,52.47,129,306,CHAOS,20.0,56.0,WORKLOAD_STEP
2026-07-10 01:47:43.072850100+05:30,36.2,50,14.1,1325.66,52.44,128,306,CHAOS,20.0,56.0,WORKLOAD_STEP
2026-07-10 01:47:45.103385900+05:30,29.0,49,15.7,1566.71,52.44,128,306,CHAOS,20.0,56.0,WORKLOAD_STEP
2026-07-10 01:47:47.133658900+05:30,26.1,50,16.4,1255.36,52.45,128,306,CHAOS,20.0,56.0,WORKLOAD_STEP
2026-07-10 01:47:49.167743900+05:30,27.4,51,16.7,1767.57,52.45,128,306,CHAOS,20.0,56.0,WORKLOAD_STEP
2026-07-10 01:47:51.216194900+05:30,30.7,51,23.8,1757.54,52.45,128,306,CHAOS,20.0,56.0,WORKLOAD_STEP
2026-07-10 01:47:53.253948700+05:30,31.6,48,19.5,1446.19,52.46,128,306,CHAOS,20.0,56.0,WORKLOAD_STEP
2026-07-10 01:47:55.293738700+05:30,26.0,49,20.5,1516.5,52.46,128,306,CHAOS,20.0,56.0,WORKLOAD_STEP
2026-07-10 01:47:57.354504700+05:30,27.8,46,21.6,1506.45,52.46,128,306,CHAOS,20.0,56.0,WORKLOAD_STEP
2026-07-10 01:47:59.405476200+05:30,22.2,49,19.8,1456.24,52.45,128,306,CHAOS,20.0,56.0,WORKLOAD_STEP
2026-07-10 01:48:01.435275+05:30,23.0,42,20.6,1817.78,52.46,128,306,CHAOS,20.0,56.0,WORKLOAD_STEP
2026-07-10 01:48:03.484041800+05:30,23.8,48,20.8,1908.17,52.46,128,306,CHAOS,20.0,56.0,WORKLOAD_STEP
2026-07-10 01:48:05.515697400+05:30,26.5,46,21.1,1737.43,52.46,128,306,CHAOS,20.0,56.0,WORKLOAD_STEP
2026-07-10 01:48:07.549814+05:30,25.7,50,20.8,1375.89,52.46,128,306,CHAOS,20.0,56.0,WORKLOAD_STEP
2026-07-10 01:48:09.579610300+05:30,24.9,48,17.1,1285.48,52.46,128,306,CHAOS,20.0,56.0,WORKLOAD_STEP
2026-07-10 01:48:11.638136600+05:30,31.2,45,16.0,1506.44,52.47,127,306,CHAOS,20.0,56.0,WORKLOAD_STEP
2026-07-10 01:48:13.677270600+05:30,24.7,45,16.8,1516.48,52.46,127,306,CHAOS,20.0,56.0,WORKLOAD_STEP
2026-07-10 01:48:15.706920+05:30,27.4,46,16.3,1466.27,52.47,127,306,CHAOS,20.0,56.0,WORKLOAD_STEP
2026-07-10 01:48:17.773925700+05:30,9.3,52,8.6,1215.21,52.46,127,306,COOLING_AFTER_CHAOS,0.0,,SESSION
2026-07-10 01:48:19.813605800+05:30,9.8,54,9.2,2038.73,52.47,127,306,COOLING_AFTER_CHAOS,0.0,,SESSION
2026-07-10 01:48:21.864805300+05:30,12.5,53,8.7,1406.02,52.47,127,306,COOLING_AFTER_CHAOS,0.0,,SESSION
2026-07-10 01:48:23.912972100+05:30,8.1,53,8.5,1295.54,52.47,127,306,COOLING_AFTER_CHAOS,0.0,,SESSION
2026-07-10 01:48:25.940222400+05:30,6.1,53,8.0,1476.32,52.47,129,306,COOLING_AFTER_CHAOS,0.0,,SESSION
2026-07-10 01:48:27.994639500+05:30,9.7,52,10.1,1355.81,52.47,130,306,COOLING_AFTER_CHAOS,0.0,,SESSION
2026-07-10 01:48:30.045946900+05:30,9.9,56,8.6,1295.54,52.45,130,306,COOLING_AFTER_CHAOS,0.0,,SESSION
2026-07-10 01:48:32.093465700+05:30,9.2,55,8.6,1416.05,52.46,130,306,COOLING_AFTER_CHAOS,0.0,,SESSION
2026-07-10 01:48:34.139017100+05:30,14.5,54,9.4,1255.37,52.46,130,306,COOLING_AFTER_CHAOS,0.0,,SESSION
2026-07-10 01:48:36.187936400+05:30,9.6,53,8.9,1195.11,52.46,130,306,COOLING_AFTER_CHAOS,0.0,,SESSION
2026-07-10 01:48:38.233600900+05:30,6.1,55,10.0,1375.9,52.53,130,306,COOLING_AFTER_CHAOS,0.0,,SESSION
2026-07-10 01:48:40.293971600+05:30,7.1,53,9.3,1134.85,52.51,129,306,COOLING_AFTER_CHAOS,0.0,,SESSION
2026-07-10 01:48:42.357805200+05:30,10.5,55,8.9,1486.36,52.51,131,306,COOLING_AFTER_CHAOS,0.0,,SESSION
2026-07-10 01:48:44.403042200+05:30,7.2,53,8.9,1295.55,52.53,131,306,COOLING_AFTER_CHAOS,0.0,,SESSION
2026-07-10 01:48:46.437455100+05:30,8.8,52,9.3,1245.31,52.52,131,306,COOLING_AFTER_CHAOS,0.0,,SESSION
2026-07-10 01:48:48.495544200+05:30,10.5,53,8.6,1406.03,52.52,131,306,COOLING_AFTER_CHAOS,0.0,,SESSION
2026-07-10 01:48:50.547197700+05:30,7.9,53,9.3,1526.52,52.52,131,306,COOLING_AFTER_CHAOS,0.0,,SESSION
2026-07-10 01:48:52.601474400+05:30,6.3,55,8.7,1235.28,52.5,131,306,COOLING_AFTER_CHAOS,0.0,,SESSION
2026-07-10 01:48:54.654961700+05:30,12.8,56,8.9,1245.31,52.55,131,306,COOLING_AFTER_CHAOS,0.0,,SESSION
2026-07-10 01:48:56.708617700+05:30,7.7,56,8.7,1255.37,52.52,130,306,COOLING_AFTER_CHAOS,0.0,,SESSION
2026-07-10 01:48:58.760012400+05:30,7.8,54,8.6,1496.41,52.52,129,306,COOLING_AFTER_CHAOS,0.0,,SESSION
2026-07-10 01:49:00.827251500+05:30,9.4,55,8.9,1195.11,52.52,129,306,COOLING_AFTER_CHAOS,0.0,,SESSION
2026-07-10 01:49:02.877293800+05:30,7.3,56,9.7,1205.15,52.52,129,306,COOLING_AFTER_CHAOS,0.0,,SESSION
2026-07-10 01:49:04.905769600+05:30,8.4,55,9.2,1285.5,52.51,129,306,COOLING_AFTER_CHAOS,0.0,,SESSION
2026-07-10 01:49:07.005774100+05:30,7.7,55,8.4,1225.24,52.52,129,306,COOLING_AFTER_CHAOS,0.0,,SESSION
2026-07-10 01:49:09.032298100+05:30,9.9,55,9.0,1295.55,52.51,129,306,COOLING_AFTER_CHAOS,0.0,,SESSION
2026-07-10 01:49:11.076460700+05:30,6.2,55,8.7,1235.28,52.51,129,306,COOLING_AFTER_CHAOS,0.0,,SESSION
2026-07-10 01:49:13.112024+05:30,8.4,56,8.8,1375.89,52.51,129,306,COOLING_AFTER_CHAOS,0.0,,SESSION
2026-07-10 01:49:15.162008800+05:30,7.7,55,8.9,1345.76,52.5,129,306,COOLING_AFTER_CHAOS,0.0,,SESSION
2026-07-10 01:49:17.201166300+05:30,7.7,56,8.5,1164.97,52.51,129,306,COOLING_AFTER_CHAOS,0.0,,SESSION
2026-07-10 01:49:19.253876900+05:30,7.6,56,9.1,1225.23,52.5,129,306,COOLING_AFTER_CHAOS,0.0,,SESSION
2026-07-10 01:49:21.310649+05:30,8.4,55,9.3,1225.25,52.51,129,306,COOLING_AFTER_CHAOS,0.0,,SESSION
2026-07-10 01:49:23.362695100+05:30,5.7,56,8.9,1426.11,52.5,129,306,COOLING_AFTER_CHAOS,0.0,,SESSION
2026-07-10 01:49:25.415429400+05:30,7.9,56,9.1,1245.33,52.51,130,306,COOLING_AFTER_CHAOS,0.0,,SESSION
2026-07-10 01:49:27.468744700+05:30,6.2,56,8.7,1365.84,52.51,130,306,COOLING_AFTER_CHAOS,0.0,,SESSION
2026-07-10 01:49:29.510505800+05:30,6.8,56,8.6,1606.88,52.51,129,306,COOLING_AFTER_CHAOS,0.0,,SESSION
2026-07-10 01:49:31.561282100+05:30,6.5,58,8.7,1305.59,52.51,129,306,COOLING_AFTER_CHAOS,0.0,,SESSION
2026-07-10 01:49:33.596847200+05:30,8.0,58,8.5,1365.84,52.51,129,306,COOLING_AFTER_CHAOS,0.0,,SESSION
2026-07-10 01:49:35.632297800+05:30,7.3,55,8.7,1195.1,52.51,129,306,COOLING_AFTER_CHAOS,0.0,,SESSION
2026-07-10 01:49:37.681017600+05:30,7.8,58,8.5,1185.06,52.51,129,306,COOLING_AFTER_CHAOS,0.0,,SESSION
2026-07-10 01:49:39.716965800+05:30,10.8,55,9.4,1245.32,52.5,129,306,COOLING_AFTER_CHAOS,0.0,,SESSION
2026-07-10 01:49:41.762293+05:30,10.2,56,8.6,1305.58,52.51,129,306,COOLING_AFTER_CHAOS,0.0,,SESSION
2026-07-10 01:49:43.800870300+05:30,9.4,58,9.0,1767.56,52.51,129,306,COOLING_AFTER_CHAOS,0.0,,SESSION
2026-07-10 01:49:45.839243300+05:30,9.2,58,9.0,1235.27,52.5,129,306,COOLING_AFTER_CHAOS,0.0,,SESSION
2026-07-10 01:49:47.889906200+05:30,5.4,56,8.7,1486.36,52.51,129,306,COOLING_AFTER_CHAOS,0.0,,SESSION
2026-07-10 01:49:49.939365600+05:30,6.2,56,8.5,1215.2,52.51,129,306,COOLING_AFTER_CHAOS,0.0,,SESSION
2026-07-10 01:49:51.981701400+05:30,8.2,56,8.3,1305.58,52.52,129,306,COOLING_AFTER_CHAOS,0.0,,SESSION
2026-07-10 01:49:54.034757800+05:30,9.6,55,8.9,1265.4,52.51,129,306,COOLING_AFTER_CHAOS,0.0,,SESSION
2026-07-10 01:49:56.075826+05:30,9.4,56,8.8,1225.24,52.51,129,306,COOLING_AFTER_CHAOS,0.0,,SESSION
2026-07-10 01:49:58.122350900+05:30,11.9,56,9.1,1325.67,52.51,129,306,COOLING_AFTER_CHAOS,0.0,,SESSION
2026-07-10 01:50:00.168833700+05:30,7.8,59,8.8,1154.95,52.52,129,306,COOLING_AFTER_CHAOS,0.0,,SESSION
2026-07-10 01:50:02.230384+05:30,8.9,56,9.4,1235.28,52.51,129,306,COOLING_AFTER_CHAOS,0.0,,SESSION
2026-07-10 01:50:04.259568400+05:30,7.1,56,9.1,1446.18,52.51,129,306,COOLING_AFTER_CHAOS,0.0,,SESSION
2026-07-10 01:50:06.315952900+05:30,11.9,59,13.6,1245.34,52.5,129,306,COOLING_AFTER_CHAOS,0.0,,SESSION
2026-07-10 01:50:08.377429500+05:30,6.4,56,8.6,1325.67,52.52,129,306,COOLING_AFTER_CHAOS,0.0,,SESSION
2026-07-10 01:50:10.411805300+05:30,9.1,56,9.1,1215.2,52.52,129,306,COOLING_AFTER_CHAOS,0.0,,SESSION
2026-07-10 01:50:12.462771400+05:30,6.3,55,8.3,1245.32,52.51,129,306,COOLING_AFTER_CHAOS,0.0,,SESSION
2026-07-10 01:50:14.515999500+05:30,8.1,54,9.1,1265.42,52.52,129,306,COOLING_AFTER_CHAOS,0.0,,SESSION
2026-07-10 01:50:16.559756800+05:30,11.2,56,8.6,1185.06,52.51,129,306,COOLING_AFTER_CHAOS,0.0,,SESSION
2026-07-10 01:50:18.619479200+05:30,8.2,58,8.8,1847.9,52.52,129,306,COOLING_AFTER_CHAOS,0.0,,SESSION
2026-07-10 01:50:20.651870100+05:30,7.4,56,8.3,1195.11,52.51,129,306,COOLING_AFTER_CHAOS,0.0,,SESSION
2026-07-10 01:50:22.703182+05:30,6.1,58,8.4,1185.06,52.56,129,306,COOLING_AFTER_CHAOS,0.0,,SESSION
2026-07-10 01:50:24.750037600+05:30,6.6,56,8.6,1255.38,52.52,129,306,COOLING_AFTER_CHAOS,0.0,,SESSION
2026-07-10 01:50:26.788256700+05:30,6.6,56,8.5,1154.94,52.51,129,306,COOLING_AFTER_CHAOS,0.0,,SESSION
2026-07-10 01:50:28.827858800+05:30,10.0,57,8.5,1235.28,52.51,129,306,COOLING_AFTER_CHAOS,0.0,,SESSION
2026-07-10 01:50:30.880592900+05:30,7.6,56,8.4,1275.46,52.51,129,306,COOLING_AFTER_CHAOS,0.0,,SESSION
2026-07-10 01:50:32.923369200+05:30,9.2,56,9.0,1395.97,52.52,129,306,COOLING_AFTER_CHAOS,0.0,,SESSION
2026-07-10 01:50:34.960340100+05:30,6.7,55,8.7,1215.19,52.51,129,306,COOLING_AFTER_CHAOS,0.0,,SESSION
2026-07-10 01:50:37.006264100+05:30,8.4,56,9.4,1195.12,52.5,129,306,COOLING_AFTER_CHAOS,0.0,,SESSION
2026-07-10 01:50:39.048621500+05:30,9.3,56,8.8,1235.3,52.47,129,306,COOLING_AFTER_CHAOS,0.0,,SESSION
2026-07-10 01:50:41.083874400+05:30,11.8,58,8.5,1305.57,52.49,129,306,COOLING_AFTER_CHAOS,0.0,,SESSION
2026-07-10 01:50:43.126947100+05:30,8.2,57,8.5,1235.29,52.48,129,306,COOLING_AFTER_CHAOS,0.0,,SESSION
2026-07-10 01:50:45.172258500+05:30,7.4,56,8.3,1275.45,52.48,129,306,COOLING_AFTER_CHAOS,0.0,,SESSION
2026-07-10 01:50:47.207349700+05:30,8.4,56,8.7,1185.08,52.48,129,306,COOLING_AFTER_CHAOS,0.0,,SESSION
2026-07-10 01:50:49.257937300+05:30,6.1,56,8.6,1225.23,52.52,129,306,COOLING_AFTER_CHAOS,0.0,,SESSION
2026-07-10 01:50:51.296744400+05:30,8.8,56,9.5,1225.23,52.48,129,306,COOLING_AFTER_CHAOS,0.0,,SESSION
2026-07-10 01:50:53.339910800+05:30,7.8,56,8.8,1215.2,52.48,129,306,COOLING_AFTER_CHAOS,0.0,,SESSION
2026-07-10 01:50:55.404777200+05:30,10.6,56,9.7,1225.24,52.48,129,306,COOLING_AFTER_CHAOS,0.0,,SESSION
2026-07-10 01:50:57.448638900+05:30,7.2,58,8.5,1235.27,52.48,129,306,COOLING_AFTER_CHAOS,0.0,,SESSION
2026-07-10 01:50:59.498948900+05:30,11.9,56,8.3,1255.37,52.48,127,306,COOLING_AFTER_CHAOS,0.0,,SESSION
2026-07-10 01:51:01.541968100+05:30,7.2,56,8.6,1084.64,52.49,127,306,COOLING_AFTER_CHAOS,0.0,,SESSION
2026-07-10 01:51:03.589340900+05:30,13.0,55,10.1,1205.15,52.49,127,306,COOLING_AFTER_CHAOS,0.0,,SESSION
2026-07-10 01:51:05.635749+05:30,9.0,56,8.7,1165.0,52.41,127,306,COOLING_AFTER_CHAOS,0.0,,SESSION
2026-07-10 01:51:07.685818500+05:30,11.9,55,9.3,1084.64,52.53,127,306,COOLING_AFTER_CHAOS,0.0,,SESSION
2026-07-10 01:51:09.727587100+05:30,6.6,55,8.7,1195.1,52.53,127,306,COOLING_AFTER_CHAOS,0.0,,SESSION
2026-07-10 01:51:11.766941300+05:30,7.0,55,9.1,1416.04,52.52,126,306,COOLING_AFTER_CHAOS,0.0,,SESSION
2026-07-10 01:51:13.811233800+05:30,5.6,57,8.6,1154.93,52.51,126,306,COOLING_AFTER_CHAOS,0.0,,SESSION
2026-07-10 01:51:15.860308+05:30,7.0,56,8.3,1235.29,52.52,126,306,COOLING_AFTER_CHAOS,0.0,,SESSION
2026-07-10 01:51:17.896306+05:30,6.9,56,8.4,1235.29,52.51,126,306,COOLING_AFTER_CHAOS,0.0,,SESSION
2026-07-10 01:51:19.939157400+05:30,6.9,56,8.6,1205.16,52.51,126,306,COOLING_AFTER_CHAOS,0.0,,SESSION
2026-07-10 01:51:21.987474600+05:30,8.4,55,8.4,1215.2,52.51,126,306,COOLING_AFTER_CHAOS,0.0,,SESSION
2026-07-10 01:51:24.035593200+05:30,9.0,57,8.5,1215.2,52.51,126,306,COOLING_AFTER_CHAOS,0.0,,SESSION
2026-07-10 01:51:26.077641+05:30,8.2,55,9.0,1215.19,52.5,127,306,COOLING_AFTER_CHAOS,0.0,,SESSION
2026-07-10 01:51:28.127670300+05:30,8.3,56,8.7,1335.72,52.51,127,306,COOLING_AFTER_CHAOS,0.0,,SESSION
2026-07-10 01:51:30.169701+05:30,12.9,58,9.0,1205.14,52.51,125,306,COOLING_AFTER_CHAOS,0.0,,SESSION
2026-07-10 01:51:32.218111900+05:30,8.9,55,8.7,1275.44,52.51,125,306,COOLING_AFTER_CHAOS,0.0,,SESSION
2026-07-10 01:51:34.256377200+05:30,11.1,55,9.2,1426.1,52.51,125,306,COOLING_AFTER_CHAOS,0.0,,SESSION
2026-07-10 01:51:36.329810+05:30,6.3,56,8.9,1084.64,52.52,125,306,COOLING_AFTER_CHAOS,0.0,,SESSION
2026-07-10 01:51:38.388403700+05:30,8.4,57,8.7,1175.02,52.53,128,306,COOLING_AFTER_CHAOS,0.0,,SESSION
2026-07-10 01:51:40.434159600+05:30,7.5,56,8.4,1416.06,52.53,128,306,COOLING_AFTER_CHAOS,0.0,,SESSION
2026-07-10 01:51:42.492026900+05:30,10.2,56,9.2,1837.87,52.53,128,306,COOLING_AFTER_CHAOS,0.0,,SESSION
2026-07-10 01:51:44.530881900+05:30,7.9,57,8.2,1195.11,52.53,128,306,COOLING_AFTER_CHAOS,0.0,,SESSION
2026-07-10 01:51:46.577950900+05:30,6.5,57,8.6,1225.24,52.57,128,306,COOLING_AFTER_CHAOS,0.0,,SESSION
2026-07-10 01:51:48.637261900+05:30,9.1,56,8.2,1235.28,52.53,128,306,COOLING_AFTER_CHAOS,0.0,,SESSION
2026-07-10 01:51:50.686128700+05:30,11.4,56,8.6,1235.29,52.53,128,306,COOLING_AFTER_CHAOS,0.0,,SESSION
2026-07-10 01:51:52.731758400+05:30,7.2,57,8.4,1395.98,52.53,128,306,COOLING_AFTER_CHAOS,0.0,,SESSION
2026-07-10 01:51:54.784087900+05:30,9.4,56,8.9,1245.32,52.52,129,306,COOLING_AFTER_CHAOS,0.0,,SESSION
2026-07-10 01:51:56.818563600+05:30,11.4,59,8.8,1255.37,52.52,127,306,COOLING_AFTER_CHAOS,0.0,,SESSION
2026-07-10 01:51:58.868896600+05:30,7.3,56,8.6,1255.37,52.54,127,306,COOLING_AFTER_CHAOS,0.0,,SESSION
2026-07-10 01:52:00.909285700+05:30,9.4,56,9.5,1335.71,52.54,127,306,COOLING_AFTER_CHAOS,0.0,,SESSION
2026-07-10 01:52:02.952875900+05:30,18.8,56,10.8,1255.37,52.51,127,306,COOLING_AFTER_CHAOS,0.0,,SESSION
2026-07-10 01:52:05.006409400+05:30,12.4,56,9.6,1466.26,52.53,127,306,COOLING_AFTER_CHAOS,0.0,,SESSION
2026-07-10 01:52:07.061595200+05:30,7.9,56,8.4,1154.95,52.51,127,306,COOLING_AFTER_CHAOS,0.0,,SESSION
2026-07-10 01:52:09.100358300+05:30,8.8,57,8.9,1385.94,52.52,127,306,COOLING_AFTER_CHAOS,0.0,,SESSION
2026-07-10 01:52:11.134713+05:30,7.7,55,8.1,1335.71,52.5,127,306,COOLING_AFTER_CHAOS,0.0,,SESSION
2026-07-10 01:52:13.183266+05:30,6.2,56,8.7,1175.04,52.52,127,306,COOLING_AFTER_CHAOS,0.0,,SESSION
2026-07-10 01:52:15.210438800+05:30,7.2,55,8.7,1134.85,52.51,127,306,COOLING_AFTER_CHAOS,0.0,,SESSION
2026-07-10 01:52:17.237651500+05:30,9.7,56,8.9,1185.07,52.56,127,306,COOLING_AFTER_CHAOS,0.0,,SESSION
2026-07-10 01:52:19.283502500+05:30,7.7,56,9.1,1345.76,52.51,129,306,COOLING_AFTER_CHAOS,0.0,,SESSION
2026-07-10 01:52:21.334458300+05:30,8.8,56,9.0,1185.07,52.5,130,306,COOLING_AFTER_CHAOS,0.0,,SESSION
2026-07-10 01:52:23.385973300+05:30,8.4,56,13.0,1235.27,52.52,130,306,COOLING_AFTER_CHAOS,0.0,,SESSION
2026-07-10 01:52:25.434224300+05:30,6.5,55,8.5,1295.53,52.52,130,306,COOLING_AFTER_CHAOS,0.0,,SESSION
2026-07-10 01:52:27.491438600+05:30,10.3,56,8.7,1195.11,52.52,133,306,COOLING_AFTER_CHAOS,0.0,,SESSION
2026-07-10 01:52:29.539738300+05:30,7.4,56,8.7,1235.29,52.52,132,306,COOLING_AFTER_CHAOS,0.0,,SESSION
2026-07-10 01:52:31.588903+05:30,14.2,57,9.2,1295.55,52.51,132,306,COOLING_AFTER_CHAOS,0.0,,SESSION
2026-07-10 01:52:33.630678500+05:30,7.3,56,9.1,1215.21,52.52,132,306,COOLING_AFTER_CHAOS,0.0,,SESSION
2026-07-10 01:52:35.674082800+05:30,9.0,56,9.1,1315.63,52.52,132,306,COOLING_AFTER_CHAOS,0.0,,SESSION
2026-07-10 01:52:37.720754500+05:30,7.2,55,8.5,1265.41,52.52,132,306,COOLING_AFTER_CHAOS,0.0,,SESSION
2026-07-10 01:52:39.773296700+05:30,7.6,56,8.8,1205.15,52.52,132,306,COOLING_AFTER_CHAOS,0.0,,SESSION
2026-07-10 01:52:41.815824+05:30,8.4,56,8.6,1275.46,52.52,133,306,COOLING_AFTER_CHAOS,0.0,,SESSION
2026-07-10 01:52:43.863004900+05:30,7.5,56,8.5,1556.67,52.53,132,306,COOLING_AFTER_CHAOS,0.0,,SESSION
2026-07-10 01:52:45.896164600+05:30,7.7,55,8.6,1225.23,52.52,132,306,COOLING_AFTER_CHAOS,0.0,,SESSION
2026-07-10 01:52:47.937509400+05:30,10.2,56,8.6,1285.51,52.52,132,306,COOLING_AFTER_CHAOS,0.0,,SESSION
2026-07-10 01:52:49.981334300+05:30,7.8,56,8.5,1225.23,52.52,132,306,COOLING_AFTER_CHAOS,0.0,,SESSION
2026-07-10 01:52:52.025229300+05:30,14.4,58,8.6,1436.15,52.52,132,307,COOLING_AFTER_CHAOS,0.0,,SESSION
2026-07-10 01:52:54.072209+05:30,13.5,59,9.2,1406.02,52.53,132,307,COOLING_AFTER_CHAOS,0.0,,SESSION
2026-07-10 01:52:56.122520400+05:30,9.0,56,8.7,1205.15,52.53,133,307,COOLING_AFTER_CHAOS,0.0,,SESSION
2026-07-10 01:52:58.173433400+05:30,9.5,56,9.0,1164.99,52.53,134,307,COOLING_AFTER_CHAOS,0.0,,SESSION
2026-07-10 01:53:00.221959100+05:30,7.5,56,8.5,1255.37,52.54,134,307,COOLING_AFTER_CHAOS,0.0,,SESSION
2026-07-10 01:53:02.264080500+05:30,9.4,55,9.0,1355.79,52.54,131,307,COOLING_AFTER_CHAOS,0.0,,SESSION
2026-07-10 01:53:04.317002500+05:30,8.0,55,10.0,1406.02,52.54,131,307,COOLING_AFTER_CHAOS,0.0,,SESSION
2026-07-10 01:53:06.354132600+05:30,11.1,56,8.8,1275.45,52.57,131,307,COOLING_AFTER_CHAOS,0.0,,SESSION
2026-07-10 01:53:08.418952600+05:30,9.8,56,8.3,1265.41,52.56,130,307,COOLING_AFTER_CHAOS,0.0,,SESSION
2026-07-10 01:53:10.474630400+05:30,9.9,55,9.2,1476.31,52.83,130,307,COOLING_AFTER_CHAOS,0.0,,SESSION
2026-07-10 01:53:12.531518300+05:30,13.5,56,9.3,1164.98,52.83,130,307,COOLING_AFTER_CHAOS,0.0,,SESSION
2026-07-10 01:53:14.583853300+05:30,11.7,56,9.6,1175.03,52.87,130,307,COOLING_AFTER_CHAOS,0.0,,SESSION
2026-07-10 01:53:16.634482400+05:30,7.5,56,8.9,1265.42,52.27,130,307,TRANSITION,0.0,1.0,WORKLOAD_STEP
2026-07-10 01:53:18.689302400+05:30,8.8,56,8.4,1255.37,52.28,130,307,TRANSITION,0.0,1.0,WORKLOAD_STEP
2026-07-10 01:53:20.738808600+05:30,8.0,56,8.9,1375.89,52.3,130,307,TRANSITION,0.0,1.0,WORKLOAD_STEP
2026-07-10 01:53:22.781315+05:30,7.2,58,8.6,1215.21,52.3,130,307,TRANSITION,0.0,1.0,WORKLOAD_STEP
2026-07-10 01:53:24.833718400+05:30,9.9,56,8.8,1205.16,52.3,131,307,TRANSITION,0.0,1.0,WORKLOAD_STEP
2026-07-10 01:53:26.879383+05:30,10.6,56,9.9,1265.4,52.41,134,308,TRANSITION,0.0,1.0,WORKLOAD_STEP
2026-07-10 01:53:28.926804+05:30,14.5,56,9.5,1134.86,52.46,135,308,TRANSITION,0.0,1.0,WORKLOAD_STEP
2026-07-10 01:53:30.982401+05:30,6.4,56,8.4,1235.27,52.48,132,308,TRANSITION,0.0,1.0,WORKLOAD_STEP
2026-07-10 01:53:33.029699500+05:30,8.8,59,9.1,1225.23,52.47,132,308,TRANSITION,0.0,1.0,WORKLOAD_STEP
2026-07-10 01:53:35.085463+05:30,8.5,56,8.3,1195.11,52.48,134,308,TRANSITION,0.0,1.0,WORKLOAD_STEP
2026-07-10 01:53:37.132025300+05:30,8.3,57,8.9,1406.0,52.48,134,308,TRANSITION,0.0,1.0,WORKLOAD_STEP
2026-07-10 01:53:39.186715800+05:30,8.3,56,8.8,1205.16,52.48,134,308,TRANSITION,0.0,1.0,WORKLOAD_STEP
2026-07-10 01:53:41.235059+05:30,8.9,58,8.7,1094.67,52.5,134,308,TRANSITION,0.0,1.0,WORKLOAD_STEP
2026-07-10 01:53:43.283287+05:30,7.7,55,9.3,1235.29,52.5,133,308,TRANSITION,0.0,1.0,WORKLOAD_STEP
2026-07-10 01:53:45.337831800+05:30,8.8,55,8.9,1667.13,52.52,133,308,TRANSITION,0.0,1.0,WORKLOAD_STEP
2026-07-10 01:53:47.371543+05:30,7.9,56,9.1,1215.2,52.52,133,308,TRANSITION,0.0,1.0,WORKLOAD_STEP
2026-07-10 01:53:49.419246+05:30,7.3,56,8.9,1235.28,52.52,133,308,TRANSITION,0.0,1.0,WORKLOAD_STEP
2026-07-10 01:53:51.469470300+05:30,11.3,57,8.7,1325.68,52.53,133,308,TRANSITION,0.0,1.0,WORKLOAD_STEP
2026-07-10 01:53:53.521399200+05:30,11.0,59,8.7,1245.32,52.54,133,308,TRANSITION,0.0,1.0,WORKLOAD_STEP
2026-07-10 01:53:55.602899300+05:30,9.0,56,8.6,1325.67,52.54,132,308,TRANSITION,0.0,1.0,WORKLOAD_STEP
2026-07-10 01:53:57.650393500+05:30,7.9,56,8.5,1195.11,52.51,132,308,TRANSITION,0.0,1.0,WORKLOAD_STEP
2026-07-10 01:53:59.699447700+05:30,7.6,56,9.0,1225.25,52.53,132,308,TRANSITION,0.0,1.0,WORKLOAD_STEP
2026-07-10 01:54:01.741061300+05:30,8.5,56,8.6,1265.42,52.53,132,308,TRANSITION,0.0,1.0,WORKLOAD_STEP
2026-07-10 01:54:03.796049200+05:30,12.9,57,10.1,1175.03,52.52,132,308,TRANSITION,0.0,1.0,WORKLOAD_STEP
2026-07-10 01:54:05.845553300+05:30,8.8,57,8.5,1235.28,52.54,130,308,TRANSITION,0.0,1.0,WORKLOAD_STEP
2026-07-10 01:54:07.892438100+05:30,8.4,55,9.4,1536.57,52.43,130,307,TRANSITION,0.0,1.0,WORKLOAD_STEP
2026-07-10 01:54:09.944193500+05:30,5.7,57,8.6,1265.4,52.42,130,307,TRANSITION,0.0,1.0,WORKLOAD_STEP
2026-07-10 01:54:11.990868300+05:30,6.6,56,8.7,1245.32,52.42,130,307,TRANSITION,0.0,1.0,WORKLOAD_STEP
2026-07-10 01:54:14.032892600+05:30,8.9,57,8.7,1205.17,52.41,130,307,TRANSITION,0.0,1.0,WORKLOAD_STEP
2026-07-10 01:54:16.068708700+05:30,8.0,58,8.6,1225.24,52.41,130,307,TRANSITION,0.0,1.0,WORKLOAD_STEP
2026-07-10 01:54:18.100951100+05:30,8.3,57,8.8,1205.16,52.41,131,307,TRANSITION,0.0,1.0,WORKLOAD_STEP
2026-07-10 01:54:20.138991600+05:30,8.2,59,8.6,1516.49,52.39,131,307,TRANSITION,0.0,1.0,WORKLOAD_STEP
2026-07-10 01:54:22.184336100+05:30,9.0,58,9.1,1245.33,52.39,131,307,TRANSITION,0.0,1.0,WORKLOAD_STEP
2026-07-10 01:54:24.224911700+05:30,7.1,56,8.7,1245.32,52.4,131,307,TRANSITION,0.0,1.0,WORKLOAD_STEP
2026-07-10 01:54:26.276281800+05:30,12.2,56,9.6,1144.91,52.4,130,307,TRANSITION,0.0,1.0,WORKLOAD_STEP
2026-07-10 01:54:28.344867600+05:30,9.3,57,8.7,1365.85,52.39,130,307,TRANSITION,0.0,1.0,WORKLOAD_STEP
2026-07-10 01:54:30.388661900+05:30,9.5,56,9.0,1345.75,52.4,130,307,TRANSITION,0.0,1.0,WORKLOAD_STEP
2026-07-10 01:54:32.419981600+05:30,10.1,58,9.7,1335.71,52.4,130,307,TRANSITION,0.0,1.0,WORKLOAD_STEP
2026-07-10 01:54:34.448275700+05:30,8.8,57,8.7,1245.32,52.4,130,307,TRANSITION,0.0,1.0,WORKLOAD_STEP
2026-07-10 01:54:36.490889400+05:30,6.4,56,8.5,1265.41,52.4,129,307,TRANSITION,0.0,1.0,WORKLOAD_STEP
2026-07-10 01:54:38.534311700+05:30,17.0,56,13.8,1185.07,52.45,129,307,TRANSITION,0.0,1.0,WORKLOAD_STEP
2026-07-10 01:54:40.593184300+05:30,7.3,56,8.5,1385.94,52.46,129,307,TRANSITION,0.0,1.0,WORKLOAD_STEP
2026-07-10 01:54:42.641975500+05:30,8.0,56,8.8,1526.52,52.47,129,307,TRANSITION,0.0,1.0,WORKLOAD_STEP
2026-07-10 01:54:44.690843500+05:30,6.0,59,8.5,1175.01,52.46,128,307,TRANSITION,0.0,1.0,WORKLOAD_STEP
2026-07-10 01:54:46.742211800+05:30,5.9,56,8.5,1215.2,52.47,128,307,TRANSITION,0.0,1.0,WORKLOAD_STEP
2026-07-10 01:54:48.790022500+05:30,6.1,56,8.6,1275.46,52.46,129,307,TRANSITION,0.0,1.0,WORKLOAD_STEP
2026-07-10 01:54:50.832596300+05:30,7.4,56,8.8,1737.46,52.47,129,307,TRANSITION,0.0,1.0,WORKLOAD_STEP
2026-07-10 01:54:52.879230600+05:30,8.7,56,8.6,1215.2,52.47,129,307,TRANSITION,0.0,1.0,WORKLOAD_STEP
2026-07-10 01:54:54.927252300+05:30,7.2,57,8.6,1235.28,52.47,129,307,TRANSITION,0.0,1.0,WORKLOAD_STEP
2026-07-10 01:54:56.978866600+05:30,8.4,59,9.1,1164.98,52.46,129,307,TRANSITION,0.0,1.0,WORKLOAD_STEP
2026-07-10 01:54:59.027874800+05:30,6.5,59,8.7,1275.45,52.46,128,307,TRANSITION,0.0,1.0,WORKLOAD_STEP
2026-07-10 01:55:01.073989500+05:30,10.1,55,9.3,1235.28,52.46,128,307,TRANSITION,0.0,1.0,WORKLOAD_STEP
2026-07-10 01:55:03.119427700+05:30,9.4,57,8.5,1225.24,52.47,128,307,TRANSITION,0.0,1.0,WORKLOAD_STEP
2026-07-10 01:55:05.161101800+05:30,9.9,59,8.6,1335.73,52.47,128,307,TRANSITION,0.0,1.0,WORKLOAD_STEP
2026-07-10 01:55:07.202270400+05:30,11.6,57,9.7,1175.01,52.49,129,307,TRANSITION,0.0,1.0,WORKLOAD_STEP
2026-07-10 01:55:09.248255700+05:30,7.1,56,9.1,1235.27,52.49,129,307,TRANSITION,0.0,1.0,WORKLOAD_STEP
2026-07-10 01:55:11.304147100+05:30,10.9,58,8.6,1426.09,52.48,129,307,TRANSITION,0.0,1.0,WORKLOAD_STEP
2026-07-10 01:55:13.348192600+05:30,8.8,57,9.1,1325.68,52.51,129,307,TRANSITION,0.0,1.0,WORKLOAD_STEP
2026-07-10 01:55:15.384854+05:30,8.3,57,8.8,1446.18,52.5,129,307,TRANSITION,0.0,1.0,WORKLOAD_STEP
2026-07-10 01:55:17.435072100+05:30,7.6,56,8.9,1305.59,52.51,128,307,TRANSITION,0.0,1.0,WORKLOAD_STEP
2026-07-10 01:55:19.490880800+05:30,8.4,56,8.5,1275.46,52.51,128,307,TRANSITION,0.0,1.0,WORKLOAD_STEP
2026-07-10 01:55:21.535280600+05:30,6.5,57,8.5,1255.36,52.5,128,307,TRANSITION,0.0,1.0,WORKLOAD_STEP
2026-07-10 01:55:23.583139100+05:30,5.6,57,8.6,1255.36,52.51,128,307,TRANSITION,0.0,1.0,WORKLOAD_STEP
2026-07-10 01:55:25.626184+05:30,6.6,57,8.4,1335.71,52.51,129,307,TRANSITION,0.0,1.0,WORKLOAD_STEP
2026-07-10 01:55:27.674389+05:30,10.3,57,8.7,1385.92,52.51,129,307,TRANSITION,0.0,1.0,WORKLOAD_STEP
2026-07-10 01:55:29.720347+05:30,8.6,58,8.4,1375.89,52.51,128,307,TRANSITION,0.0,1.0,WORKLOAD_STEP
2026-07-10 01:55:31.771782100+05:30,10.6,60,9.2,1496.4,52.51,128,307,TRANSITION,0.0,1.0,WORKLOAD_STEP
2026-07-10 01:55:33.798373400+05:30,7.6,57,8.8,1395.98,52.51,128,307,TRANSITION,0.0,1.0,WORKLOAD_STEP
2026-07-10 01:55:35.841199200+05:30,6.7,58,9.5,1235.27,52.52,128,307,TRANSITION,0.0,1.0,WORKLOAD_STEP
2026-07-10 01:55:37.882556600+05:30,6.5,57,8.5,1225.25,52.53,128,307,TRANSITION,0.0,1.0,WORKLOAD_STEP
2026-07-10 01:55:39.922256100+05:30,8.7,56,8.9,1205.16,52.52,128,307,TRANSITION,0.0,1.0,WORKLOAD_STEP
2026-07-10 01:55:41.954764800+05:30,8.1,57,8.7,1385.94,52.52,128,307,TRANSITION,0.0,1.0,WORKLOAD_STEP
2026-07-10 01:55:43.999154400+05:30,7.7,57,8.5,1345.77,52.51,128,307,TRANSITION,0.0,1.0,WORKLOAD_STEP
2026-07-10 01:55:46.054941800+05:30,7.7,57,8.7,1235.28,52.5,128,307,TRANSITION,0.0,1.0,WORKLOAD_STEP
2026-07-10 01:55:48.097210500+05:30,5.8,57,8.6,1235.28,52.51,128,307,TRANSITION,0.0,1.0,WORKLOAD_STEP
2026-07-10 01:55:50.134904100+05:30,12.1,56,9.2,1295.54,52.51,128,307,TRANSITION,0.0,1.0,WORKLOAD_STEP
2026-07-10 01:55:52.170137900+05:30,9.1,57,8.3,1205.16,52.51,128,307,TRANSITION,0.0,1.0,WORKLOAD_STEP
2026-07-10 01:55:54.205436700+05:30,10.9,59,9.5,1586.78,52.51,128,307,TRANSITION,0.0,1.0,WORKLOAD_STEP
2026-07-10 01:55:56.255395100+05:30,6.7,57,8.8,1195.12,52.51,128,307,TRANSITION,0.0,1.0,WORKLOAD_STEP
2026-07-10 01:55:58.301876+05:30,9.3,59,9.0,1486.36,52.52,128,307,TRANSITION,0.0,1.0,WORKLOAD_STEP
2026-07-10 01:56:00.348059300+05:30,6.2,57,8.9,1355.83,52.52,128,307,TRANSITION,0.0,1.0,WORKLOAD_STEP
2026-07-10 01:56:02.387337+05:30,11.4,57,9.0,1315.63,52.52,128,307,TRANSITION,0.0,1.0,WORKLOAD_STEP
2026-07-10 01:56:04.448201+05:30,9.6,58,9.6,1315.62,52.52,128,307,TRANSITION,0.0,1.0,WORKLOAD_STEP
2026-07-10 01:56:06.500303600+05:30,10.8,57,8.9,1355.78,52.52,128,307,TRANSITION,0.0,1.0,WORKLOAD_STEP
2026-07-10 01:56:08.525079300+05:30,8.4,59,8.6,1295.55,52.51,127,307,TRANSITION,0.0,1.0,WORKLOAD_STEP
2026-07-10 01:56:10.581233200+05:30,6.9,57,9.0,1225.24,52.51,126,307,TRANSITION,0.0,1.0,WORKLOAD_STEP
2026-07-10 01:56:12.622310600+05:30,7.5,56,8.7,1466.27,52.52,126,307,TRANSITION,0.0,1.0,WORKLOAD_STEP
2026-07-10 01:56:14.680947300+05:30,15.5,56,9.3,1185.08,52.63,128,308,TRANSITION,0.0,1.0,WORKLOAD_STEP
2026-07-10 01:56:16.722026400+05:30,9.4,59,8.4,1225.24,52.65,128,308,TRANSITION,0.0,1.0,WORKLOAD_STEP
2026-07-10 01:56:18.763814400+05:30,7.7,59,8.4,1275.46,52.65,128,308,TRANSITION,0.0,1.0,WORKLOAD_STEP
2026-07-10 01:56:20.805573200+05:30,9.3,58,9.1,1235.28,52.65,128,308,TRANSITION,0.0,1.0,WORKLOAD_STEP
2026-07-10 01:56:22.842723400+05:30,7.2,57,8.3,1175.02,52.64,128,308,TRANSITION,0.0,1.0,WORKLOAD_STEP
2026-07-10 01:56:24.880231200+05:30,10.6,57,9.1,1265.41,52.64,128,308,TRANSITION,0.0,1.0,WORKLOAD_STEP
2026-07-10 01:56:26.907476700+05:30,7.9,57,8.6,1235.29,52.64,131,308,TRANSITION,0.0,1.0,WORKLOAD_STEP
2026-07-10 01:56:28.958220400+05:30,7.2,61,8.8,1606.87,52.64,130,308,TRANSITION,0.0,1.0,WORKLOAD_STEP
2026-07-10 01:56:31.010311300+05:30,6.0,57,8.6,1325.67,52.63,130,308,TRANSITION,0.0,1.0,WORKLOAD_STEP
2026-07-10 01:56:33.054699+05:30,6.6,56,8.3,1215.2,52.64,131,308,TRANSITION,0.0,1.0,WORKLOAD_STEP
2026-07-10 01:56:35.087482800+05:30,9.7,59,8.5,1175.02,52.64,131,308,TRANSITION,0.0,1.0,WORKLOAD_STEP
2026-07-10 01:56:37.134014900+05:30,9.4,57,8.7,1205.15,52.68,129,308,TRANSITION,0.0,1.0,WORKLOAD_STEP
2026-07-10 01:56:39.163609300+05:30,9.3,57,8.8,1225.24,52.66,129,308,TRANSITION,0.0,1.0,WORKLOAD_STEP
2026-07-10 01:56:41.200342200+05:30,10.4,57,10.5,1215.2,52.66,129,308,TRANSITION,0.0,1.0,WORKLOAD_STEP
2026-07-10 01:56:43.249207800+05:30,10.3,58,8.8,1285.51,52.66,129,308,TRANSITION,0.0,1.0,WORKLOAD_STEP
2026-07-10 01:56:45.299091900+05:30,19.5,42,8.9,1546.62,52.63,129,308,TRANSITION,100.0,2.0,WORKLOAD_STEP
2026-07-10 01:56:47.349119300+05:30,100.0,36,45.7,3053.12,52.61,129,308,TRANSITION,100.0,2.0,WORKLOAD_STEP
2026-07-10 01:56:49.418166100+05:30,100.0,36,42.0,3053.12,52.61,129,308,TRANSITION,100.0,2.0,WORKLOAD_STEP
2026-07-10 01:56:51.491817900+05:30,100.0,35,41.4,3053.12,52.64,129,308,TRANSITION,100.0,2.0,WORKLOAD_STEP
2026-07-10 01:56:53.536832200+05:30,100.0,35,43.8,3053.12,52.64,129,308,TRANSITION,100.0,2.0,WORKLOAD_STEP
2026-07-10 01:56:55.580012600+05:30,100.0,34,44.0,3053.12,52.63,129,308,TRANSITION,100.0,2.0,WORKLOAD_STEP
2026-07-10 01:56:57.621096400+05:30,100.0,34,42.7,3053.12,52.61,129,308,TRANSITION,100.0,2.0,WORKLOAD_STEP
2026-07-10 01:56:59.691216100+05:30,100.0,34,40.7,3053.12,52.64,130,308,TRANSITION,100.0,2.0,WORKLOAD_STEP
2026-07-10 01:57:01.755904800+05:30,100.0,32,43.4,3053.12,52.63,129,308,TRANSITION,100.0,2.0,WORKLOAD_STEP
2026-07-10 01:57:03.829203300+05:30,100.0,32,44.8,3053.12,52.63,129,308,TRANSITION,100.0,2.0,WORKLOAD_STEP
2026-07-10 01:57:05.877841200+05:30,100.0,32,46.5,3053.12,52.62,129,308,TRANSITION,100.0,2.0,WORKLOAD_STEP
2026-07-10 01:57:07.928956600+05:30,100.0,32,41.7,3053.12,52.66,129,308,TRANSITION,100.0,2.0,WORKLOAD_STEP
2026-07-10 01:57:09.986551400+05:30,100.0,32,41.4,3053.12,52.64,129,308,TRANSITION,100.0,2.0,WORKLOAD_STEP
2026-07-10 01:57:12.047840900+05:30,100.0,32,43.6,3053.12,52.64,129,308,TRANSITION,100.0,2.0,WORKLOAD_STEP
2026-07-10 01:57:14.088229100+05:30,100.0,32,43.8,3053.12,52.64,129,308,TRANSITION,100.0,2.0,WORKLOAD_STEP
2026-07-10 01:57:16.150403+05:30,100.0,30,44.7,3053.12,52.66,129,308,TRANSITION,100.0,2.0,WORKLOAD_STEP
2026-07-10 01:57:18.190304+05:30,100.0,32,42.6,3053.12,52.55,127,307,TRANSITION,100.0,2.0,WORKLOAD_STEP
2026-07-10 01:57:20.234564900+05:30,100.0,30,40.6,3053.12,52.54,127,307,TRANSITION,100.0,2.0,WORKLOAD_STEP
2026-07-10 01:57:22.376977700+05:30,100.0,30,46.4,3053.12,52.55,128,307,TRANSITION,100.0,2.0,WORKLOAD_STEP
2026-07-10 01:57:24.424540900+05:30,100.0,32,45.6,3053.12,52.59,129,307,TRANSITION,100.0,2.0,WORKLOAD_STEP
2026-07-10 01:57:26.467228100+05:30,100.0,30,45.2,3053.12,52.53,129,307,TRANSITION,100.0,2.0,WORKLOAD_STEP
2026-07-10 01:57:28.519751600+05:30,100.0,30,43.6,3053.12,52.53,129,307,TRANSITION,100.0,2.0,WORKLOAD_STEP
2026-07-10 01:57:30.575089200+05:30,100.0,30,46.1,3053.12,52.54,129,307,TRANSITION,100.0,2.0,WORKLOAD_STEP
2026-07-10 01:57:32.614153600+05:30,100.0,30,42.3,3053.12,52.55,129,307,TRANSITION,100.0,2.0,WORKLOAD_STEP
2026-07-10 01:57:34.806327900+05:30,100.0,32,43.2,3053.12,52.49,129,307,TRANSITION,100.0,2.0,WORKLOAD_STEP
2026-07-10 01:57:36.875208900+05:30,100.0,30,43.7,3053.12,52.51,130,307,TRANSITION,100.0,2.0,WORKLOAD_STEP
2026-07-10 01:57:38.927669900+05:30,100.0,32,45.5,3053.12,52.49,131,306,TRANSITION,100.0,2.0,WORKLOAD_STEP
2026-07-10 01:57:40.996038700+05:30,100.0,30,45.5,3053.12,52.49,130,306,TRANSITION,100.0,2.0,WORKLOAD_STEP
2026-07-10 01:57:43.069542900+05:30,100.0,30,43.6,3053.12,52.49,130,306,TRANSITION,100.0,2.0,WORKLOAD_STEP
2026-07-10 01:57:45.131819+05:30,100.0,30,44.0,3053.12,52.5,130,306,TRANSITION,100.0,2.0,WORKLOAD_STEP
2026-07-10 01:57:47.180901900+05:30,100.0,29,41.1,3053.12,52.49,130,306,TRANSITION,100.0,2.0,WORKLOAD_STEP
2026-07-10 01:57:49.274777400+05:30,100.0,30,42.8,3053.12,52.49,130,306,TRANSITION,100.0,2.0,WORKLOAD_STEP
2026-07-10 01:57:51.323495800+05:30,100.0,30,43.8,3053.12,52.49,131,306,TRANSITION,100.0,2.0,WORKLOAD_STEP
2026-07-10 01:57:53.401362700+05:30,100.0,30,42.1,3053.12,52.5,131,306,TRANSITION,100.0,2.0,WORKLOAD_STEP
2026-07-10 01:57:55.449882+05:30,100.0,30,44.4,3053.02,52.5,131,306,TRANSITION,100.0,2.0,WORKLOAD_STEP
2026-07-10 01:57:57.504307200+05:30,100.0,32,44.2,3053.12,52.49,131,306,TRANSITION,100.0,2.0,WORKLOAD_STEP
2026-07-10 01:57:59.559980400+05:30,100.0,29,42.6,3053.12,52.5,131,306,TRANSITION,100.0,2.0,WORKLOAD_STEP
2026-07-10 01:58:01.631717500+05:30,100.0,30,43.5,3053.12,52.51,130,306,TRANSITION,100.0,2.0,WORKLOAD_STEP
2026-07-10 01:58:03.704698800+05:30,100.0,30,44.3,3053.12,52.52,130,306,TRANSITION,100.0,2.0,WORKLOAD_STEP
2026-07-10 01:58:05.766713300+05:30,100.0,30,44.0,3053.12,52.5,130,306,TRANSITION,100.0,2.0,WORKLOAD_STEP
2026-07-10 01:58:07.820003800+05:30,100.0,30,43.7,3053.12,52.52,130,306,TRANSITION,100.0,2.0,WORKLOAD_STEP
2026-07-10 01:58:09.857399100+05:30,100.0,30,42.5,3053.12,52.52,130,306,TRANSITION,100.0,2.0,WORKLOAD_STEP
2026-07-10 01:58:11.915321500+05:30,100.0,30,44.7,3053.12,52.52,130,306,TRANSITION,100.0,2.0,WORKLOAD_STEP
2026-07-10 01:58:13.986474900+05:30,100.0,30,43.1,3053.12,52.5,130,306,TRANSITION,100.0,2.0,WORKLOAD_STEP
2026-07-10 01:58:16.051889200+05:30,100.0,30,43.1,3053.12,52.54,130,306,TRANSITION,100.0,2.0,WORKLOAD_STEP
2026-07-10 01:58:18.105436800+05:30,100.0,30,44.1,3053.12,52.51,130,306,TRANSITION,100.0,2.0,WORKLOAD_STEP
2026-07-10 01:58:20.192051200+05:30,100.0,30,44.9,3053.12,52.51,130,306,TRANSITION,100.0,2.0,WORKLOAD_STEP
2026-07-10 01:58:22.255366100+05:30,100.0,29,42.8,3053.12,52.5,130,306,TRANSITION,100.0,2.0,WORKLOAD_STEP
2026-07-10 01:58:24.313035300+05:30,100.0,32,44.3,3053.12,52.52,130,306,TRANSITION,100.0,2.0,WORKLOAD_STEP
2026-07-10 01:58:26.367930600+05:30,100.0,30,42.6,3053.12,52.52,130,306,TRANSITION,100.0,2.0,WORKLOAD_STEP
2026-07-10 01:58:28.420222100+05:30,100.0,30,44.6,3053.12,52.51,130,306,TRANSITION,100.0,2.0,WORKLOAD_STEP
2026-07-10 01:58:30.474374400+05:30,100.0,30,43.7,3053.12,52.51,130,306,TRANSITION,100.0,2.0,WORKLOAD_STEP
2026-07-10 01:58:32.528744500+05:30,100.0,30,42.8,3053.12,52.51,130,306,TRANSITION,100.0,2.0,WORKLOAD_STEP
2026-07-10 01:58:34.622569600+05:30,100.0,30,42.4,3053.12,52.51,130,306,TRANSITION,100.0,2.0,WORKLOAD_STEP
2026-07-10 01:58:36.691619500+05:30,100.0,29,42.6,3053.12,52.51,130,306,TRANSITION,100.0,2.0,WORKLOAD_STEP
2026-07-10 01:58:38.741045100+05:30,100.0,29,42.8,3053.12,52.51,130,306,TRANSITION,100.0,2.0,WORKLOAD_STEP
2026-07-10 01:58:40.811253200+05:30,100.0,30,41.3,3053.12,52.52,130,306,TRANSITION,100.0,2.0,WORKLOAD_STEP
2026-07-10 01:58:42.871757700+05:30,100.0,30,44.8,3053.12,52.51,130,306,TRANSITION,100.0,2.0,WORKLOAD_STEP
2026-07-10 01:58:44.962904800+05:30,100.0,30,45.8,3053.12,52.5,130,306,TRANSITION,100.0,2.0,WORKLOAD_STEP
2026-07-10 01:58:47.008647100+05:30,100.0,29,44.4,3053.12,52.5,130,306,TRANSITION,100.0,2.0,WORKLOAD_STEP
2026-07-10 01:58:49.069897900+05:30,100.0,30,49.9,3053.12,52.51,130,306,TRANSITION,100.0,2.0,WORKLOAD_STEP
2026-07-10 01:58:51.128966400+05:30,100.0,29,44.0,3053.12,52.51,132,306,TRANSITION,100.0,2.0,WORKLOAD_STEP
2026-07-10 01:58:53.182883900+05:30,100.0,30,43.7,3053.12,52.51,132,306,TRANSITION,100.0,2.0,WORKLOAD_STEP
2026-07-10 01:58:55.258950+05:30,100.0,30,43.0,3053.12,52.51,132,306,TRANSITION,100.0,2.0,WORKLOAD_STEP
2026-07-10 01:58:57.317329400+05:30,100.0,30,42.7,3053.12,52.51,132,306,TRANSITION,100.0,2.0,WORKLOAD_STEP
2026-07-10 01:58:59.416907+05:30,100.0,30,44.3,3053.12,52.52,132,306,TRANSITION,100.0,2.0,WORKLOAD_STEP
2026-07-10 01:59:01.467668900+05:30,100.0,29,41.8,3053.12,52.52,132,306,TRANSITION,100.0,2.0,WORKLOAD_STEP
2026-07-10 01:59:03.521059200+05:30,100.0,30,43.8,3053.12,52.52,132,306,TRANSITION,100.0,2.0,WORKLOAD_STEP
2026-07-10 01:59:05.585221500+05:30,100.0,30,44.8,3053.12,52.52,132,306,TRANSITION,100.0,2.0,WORKLOAD_STEP
2026-07-10 01:59:07.637744600+05:30,100.0,29,41.0,3053.12,52.53,133,306,TRANSITION,100.0,2.0,WORKLOAD_STEP
2026-07-10 01:59:09.690495600+05:30,100.0,30,43.3,3053.12,52.52,133,306,TRANSITION,100.0,2.0,WORKLOAD_STEP
2026-07-10 01:59:11.748194700+05:30,100.0,30,43.4,3053.12,52.53,131,306,TRANSITION,100.0,2.0,WORKLOAD_STEP
2026-07-10 01:59:13.803996600+05:30,100.0,30,42.4,3053.12,52.51,131,306,TRANSITION,100.0,2.0,WORKLOAD_STEP
2026-07-10 01:59:15.866580900+05:30,100.0,30,46.1,3053.12,52.52,132,306,TRANSITION,100.0,2.0,WORKLOAD_STEP
2026-07-10 01:59:17.933036800+05:30,100.0,30,44.6,3053.12,52.51,132,306,TRANSITION,100.0,2.0,WORKLOAD_STEP
2026-07-10 01:59:20.007579100+05:30,100.0,30,43.1,3053.12,52.52,132,306,TRANSITION,100.0,2.0,WORKLOAD_STEP
2026-07-10 01:59:22.065554900+05:30,100.0,32,43.3,3053.12,52.51,132,306,TRANSITION,100.0,2.0,WORKLOAD_STEP
2026-07-10 01:59:24.107781900+05:30,100.0,32,46.3,3053.12,52.52,132,306,TRANSITION,100.0,2.0,WORKLOAD_STEP
2026-07-10 01:59:26.167364+05:30,100.0,30,44.3,3053.12,52.51,133,306,TRANSITION,100.0,2.0,WORKLOAD_STEP
2026-07-10 01:59:28.278610600+05:30,100.0,30,43.1,3053.12,52.57,133,306,TRANSITION,100.0,2.0,WORKLOAD_STEP
2026-07-10 01:59:30.370082700+05:30,100.0,30,42.0,3053.12,52.51,132,306,TRANSITION,100.0,2.0,WORKLOAD_STEP
2026-07-10 01:59:32.449788200+05:30,100.0,30,43.1,3053.12,52.53,132,306,TRANSITION,100.0,2.0,WORKLOAD_STEP
2026-07-10 01:59:34.515421100+05:30,100.0,30,41.9,3053.12,52.52,132,306,TRANSITION,100.0,2.0,WORKLOAD_STEP
2026-07-10 01:59:36.572959100+05:30,100.0,30,42.0,3053.12,52.52,131,306,TRANSITION,100.0,2.0,WORKLOAD_STEP
2026-07-10 01:59:38.625966500+05:30,100.0,30,40.1,3053.12,52.52,130,306,TRANSITION,100.0,2.0,WORKLOAD_STEP
2026-07-10 01:59:40.674837300+05:30,100.0,29,45.4,2882.38,52.52,132,306,TRANSITION,100.0,2.0,WORKLOAD_STEP
2026-07-10 01:59:42.740653300+05:30,100.0,29,42.1,3053.12,52.52,132,306,TRANSITION,100.0,2.0,WORKLOAD_STEP
2026-07-10 01:59:44.801334900+05:30,100.0,30,42.4,3053.12,52.52,130,306,TRANSITION,100.0,2.0,WORKLOAD_STEP
2026-07-10 01:59:46.859879900+05:30,100.0,29,42.0,3053.12,52.52,130,306,TRANSITION,100.0,2.0,WORKLOAD_STEP
2026-07-10 01:59:48.927459700+05:30,100.0,29,42.6,3053.12,52.52,130,306,TRANSITION,100.0,2.0,WORKLOAD_STEP
2026-07-10 01:59:50.977406600+05:30,100.0,29,44.0,3053.12,52.52,130,306,TRANSITION,100.0,2.0,WORKLOAD_STEP
2026-07-10 01:59:53.053836900+05:30,100.0,29,42.5,3053.12,52.52,130,306,TRANSITION,100.0,2.0,WORKLOAD_STEP
2026-07-10 01:59:55.152841800+05:30,100.0,29,44.2,3053.12,52.52,130,306,TRANSITION,100.0,2.0,WORKLOAD_STEP
2026-07-10 01:59:57.203042100+05:30,100.0,30,44.3,3053.12,52.51,130,306,TRANSITION,100.0,2.0,WORKLOAD_STEP
2026-07-10 01:59:59.252477200+05:30,100.0,29,41.8,3053.12,52.51,129,306,TRANSITION,100.0,2.0,WORKLOAD_STEP
2026-07-10 02:00:01.318590500+05:30,100.0,30,43.4,3053.12,52.51,129,306,TRANSITION,100.0,2.0,WORKLOAD_STEP
2026-07-10 02:00:03.373859500+05:30,100.0,30,40.8,3053.12,52.52,129,306,TRANSITION,100.0,2.0,WORKLOAD_STEP
2026-07-10 02:00:05.443303500+05:30,100.0,30,46.5,3053.12,52.52,129,306,TRANSITION,100.0,2.0,WORKLOAD_STEP
2026-07-10 02:00:07.511135300+05:30,100.0,30,43.8,3053.12,52.52,129,306,TRANSITION,100.0,2.0,WORKLOAD_STEP
2026-07-10 02:00:09.556667700+05:30,100.0,29,42.1,3053.12,52.52,129,306,TRANSITION,100.0,2.0,WORKLOAD_STEP
2026-07-10 02:00:11.610130600+05:30,100.0,30,45.4,3053.12,52.53,129,306,TRANSITION,100.0,2.0,WORKLOAD_STEP
2026-07-10 02:00:13.667019800+05:30,100.0,32,44.4,3053.12,52.52,129,306,TRANSITION,100.0,2.0,WORKLOAD_STEP
2026-07-10 02:00:15.730838+05:30,100.0,30,43.1,3053.12,52.52,129,306,TRANSITION,100.0,3.0,WORKLOAD_STEP
2026-07-10 02:00:17.776210400+05:30,100.0,30,43.4,3053.12,52.52,129,306,TRANSITION,100.0,3.0,WORKLOAD_STEP
2026-07-10 02:00:19.832899200+05:30,100.0,30,43.4,3053.12,52.54,129,306,TRANSITION,100.0,3.0,WORKLOAD_STEP
2026-07-10 02:00:21.891102200+05:30,100.0,30,44.0,3053.12,52.52,129,306,TRANSITION,100.0,3.0,WORKLOAD_STEP
2026-07-10 02:00:23.960053800+05:30,100.0,29,43.7,3053.12,52.54,129,306,TRANSITION,100.0,3.0,WORKLOAD_STEP
2026-07-10 02:00:26.003402700+05:30,100.0,29,42.9,3053.12,52.52,129,306,TRANSITION,100.0,3.0,WORKLOAD_STEP
2026-07-10 02:00:28.051432+05:30,100.0,29,43.4,3053.12,52.52,129,305,TRANSITION,100.0,3.0,WORKLOAD_STEP
2026-07-10 02:00:30.103929900+05:30,100.0,29,42.3,3053.12,52.51,129,305,TRANSITION,100.0,3.0,WORKLOAD_STEP
2026-07-10 02:00:32.175834100+05:30,100.0,29,42.8,3053.12,52.56,129,305,TRANSITION,100.0,3.0,WORKLOAD_STEP
2026-07-10 02:00:34.235056500+05:30,100.0,30,44.5,3053.12,52.5,129,305,TRANSITION,100.0,3.0,WORKLOAD_STEP
2026-07-10 02:00:36.270107300+05:30,100.0,29,41.4,3053.12,52.51,129,305,TRANSITION,100.0,3.0,WORKLOAD_STEP
2026-07-10 02:00:38.338666900+05:30,100.0,30,44.0,3053.12,52.51,129,305,TRANSITION,100.0,3.0,WORKLOAD_STEP
2026-07-10 02:00:40.386798+05:30,100.0,30,43.4,3053.12,52.51,129,305,TRANSITION,100.0,3.0,WORKLOAD_STEP
2026-07-10 02:00:42.438433600+05:30,100.0,30,43.3,3053.12,52.51,129,305,TRANSITION,100.0,3.0,WORKLOAD_STEP
2026-07-10 02:00:44.504299100+05:30,100.0,29,43.6,3053.12,52.51,129,305,TRANSITION,100.0,3.0,WORKLOAD_STEP
2026-07-10 02:00:46.568119400+05:30,100.0,29,43.4,3053.12,52.51,129,305,TRANSITION,100.0,3.0,WORKLOAD_STEP
2026-07-10 02:00:48.640925900+05:30,100.0,32,42.5,3053.12,52.51,129,305,TRANSITION,100.0,3.0,WORKLOAD_STEP
2026-07-10 02:00:50.713399200+05:30,100.0,30,43.4,3053.12,52.51,129,305,TRANSITION,100.0,3.0,WORKLOAD_STEP
2026-07-10 02:00:52.782453700+05:30,100.0,30,44.5,3053.12,52.51,129,305,TRANSITION,100.0,3.0,WORKLOAD_STEP
2026-07-10 02:00:54.894073100+05:30,100.0,30,42.1,3053.12,52.52,129,305,TRANSITION,100.0,3.0,WORKLOAD_STEP
2026-07-10 02:00:56.972231200+05:30,100.0,29,41.6,3053.12,52.5,129,305,TRANSITION,100.0,3.0,WORKLOAD_STEP
2026-07-10 02:00:59.066978300+05:30,100.0,32,43.8,3053.12,52.5,129,305,TRANSITION,100.0,3.0,WORKLOAD_STEP
2026-07-10 02:01:01.149939700+05:30,100.0,29,45.1,3053.12,52.5,129,305,TRANSITION,100.0,3.0,WORKLOAD_STEP
2026-07-10 02:01:03.205589200+05:30,100.0,29,43.2,3053.12,52.5,129,305,TRANSITION,100.0,3.0,WORKLOAD_STEP
2026-07-10 02:01:05.347770900+05:30,100.0,30,47.2,3053.12,52.51,129,305,TRANSITION,100.0,3.0,WORKLOAD_STEP
2026-07-10 02:01:07.420516600+05:30,100.0,30,44.0,3053.12,52.5,129,305,TRANSITION,100.0,3.0,WORKLOAD_STEP
2026-07-10 02:01:09.496745800+05:30,100.0,30,41.3,3053.12,52.5,129,305,TRANSITION,100.0,3.0,WORKLOAD_STEP
2026-07-10 02:01:11.564986500+05:30,100.0,30,42.2,3053.12,52.5,128,305,TRANSITION,100.0,3.0,WORKLOAD_STEP
2026-07-10 02:01:13.608375900+05:30,100.0,30,44.1,3053.12,52.5,128,305,TRANSITION,100.0,3.0,WORKLOAD_STEP
2026-07-10 02:01:15.648300100+05:30,100.0,30,44.3,3053.12,52.51,128,305,TRANSITION,100.0,3.0,WORKLOAD_STEP
2026-07-10 02:01:17.715633200+05:30,100.0,30,40.5,3053.12,52.5,128,305,TRANSITION,100.0,3.0,WORKLOAD_STEP
2026-07-10 02:01:19.778054+05:30,100.0,30,42.4,3053.12,52.5,128,305,TRANSITION,100.0,3.0,WORKLOAD_STEP
2026-07-10 02:01:21.835132800+05:30,100.0,30,41.2,3053.12,52.49,128,305,TRANSITION,100.0,3.0,WORKLOAD_STEP
2026-07-10 02:01:23.894486400+05:30,100.0,30,44.1,3053.12,52.5,127,305,TRANSITION,100.0,3.0,WORKLOAD_STEP
2026-07-10 02:01:25.959697500+05:30,100.0,30,42.4,3053.12,52.5,128,305,TRANSITION,100.0,3.0,WORKLOAD_STEP
2026-07-10 02:01:28.019295200+05:30,100.0,30,41.8,3053.12,52.51,128,305,TRANSITION,100.0,3.0,WORKLOAD_STEP
2026-07-10 02:01:30.132697700+05:30,100.0,30,41.2,3053.12,52.49,127,305,TRANSITION,100.0,3.0,WORKLOAD_STEP
2026-07-10 02:01:32.189317700+05:30,100.0,30,44.8,3053.12,52.5,127,305,TRANSITION,100.0,3.0,WORKLOAD_STEP
2026-07-10 02:01:34.252579700+05:30,100.0,30,44.5,3053.12,52.49,127,305,TRANSITION,100.0,3.0,WORKLOAD_STEP
2026-07-10 02:01:36.309492100+05:30,100.0,30,43.0,3053.12,52.5,127,305,TRANSITION,100.0,3.0,WORKLOAD_STEP
2026-07-10 02:01:38.359468200+05:30,100.0,30,40.8,3053.12,52.49,127,305,TRANSITION,100.0,3.0,WORKLOAD_STEP
2026-07-10 02:01:40.407713100+05:30,88.8,50,44.0,2390.27,52.5,127,305,TRANSITION,0.0,4.0,WORKLOAD_STEP
2026-07-10 02:01:42.490985300+05:30,4.5,51,9.2,1526.53,52.5,127,305,TRANSITION,0.0,4.0,WORKLOAD_STEP
2026-07-10 02:01:44.542123900+05:30,5.5,52,8.7,1295.54,52.5,127,305,TRANSITION,0.0,4.0,WORKLOAD_STEP
2026-07-10 02:01:46.585224800+05:30,10.1,52,8.8,1265.42,52.49,127,305,TRANSITION,0.0,4.0,WORKLOAD_STEP
2026-07-10 02:01:48.612726400+05:30,10.4,55,8.5,1295.54,52.5,128,305,TRANSITION,0.0,4.0,WORKLOAD_STEP
2026-07-10 02:01:50.651803400+05:30,8.1,54,8.7,1295.55,52.52,128,305,TRANSITION,0.0,4.0,WORKLOAD_STEP
2026-07-10 02:01:52.698794600+05:30,7.8,54,8.4,1205.15,52.51,128,305,TRANSITION,0.0,4.0,WORKLOAD_STEP
2026-07-10 02:01:54.737615800+05:30,13.6,54,11.9,1315.62,52.6,132,306,TRANSITION,0.0,4.0,WORKLOAD_STEP
2026-07-10 02:01:56.815434500+05:30,14.8,54,11.0,1586.78,52.56,131,305,TRANSITION,0.0,4.0,WORKLOAD_STEP
2026-07-10 02:01:58.860382600+05:30,14.6,56,10.1,1426.09,52.57,130,305,TRANSITION,0.0,4.0,WORKLOAD_STEP
2026-07-10 02:02:00.906978300+05:30,8.1,56,8.7,1205.16,52.57,130,305,TRANSITION,0.0,4.0,WORKLOAD_STEP
2026-07-10 02:02:02.950152600+05:30,11.0,55,8.8,1737.44,52.57,130,305,TRANSITION,0.0,4.0,WORKLOAD_STEP
2026-07-10 02:02:05.004542800+05:30,6.6,55,9.0,1195.1,52.71,128,309,TRANSITION,0.0,4.0,WORKLOAD_STEP
2026-07-10 02:02:07.029531200+05:30,11.4,55,9.7,1365.85,52.73,128,308,TRANSITION,0.0,4.0,WORKLOAD_STEP
2026-07-10 02:02:09.062896100+05:30,8.9,56,8.5,1225.24,52.65,128,308,TRANSITION,0.0,4.0,WORKLOAD_STEP
2026-07-10 02:02:11.112511500+05:30,11.5,56,8.6,1265.4,52.65,128,308,TRANSITION,0.0,4.0,WORKLOAD_STEP
2026-07-10 02:02:13.157190900+05:30,9.7,56,8.9,1235.28,52.68,128,308,TRANSITION,0.0,4.0,WORKLOAD_STEP
2026-07-10 02:02:15.185755900+05:30,7.7,56,8.5,1466.28,52.67,128,308,TRANSITION,0.0,4.0,WORKLOAD_STEP
2026-07-10 02:02:17.231740800+05:30,13.0,56,9.3,1275.46,52.67,127,308,TRANSITION,0.0,4.0,WORKLOAD_STEP
2026-07-10 02:02:19.271073600+05:30,9.3,56,8.5,1385.92,52.67,127,308,TRANSITION,0.0,4.0,WORKLOAD_STEP
2026-07-10 02:02:21.318769600+05:30,9.6,55,9.4,1667.13,52.69,127,308,TRANSITION,0.0,4.0,WORKLOAD_STEP
2026-07-10 02:02:23.360623400+05:30,11.0,56,8.7,1295.53,52.7,127,308,TRANSITION,0.0,4.0,WORKLOAD_STEP
2026-07-10 02:02:25.398954700+05:30,11.1,56,9.1,1144.89,52.68,127,308,TRANSITION,0.0,4.0,WORKLOAD_STEP
2026-07-10 02:02:27.485800200+05:30,10.2,56,8.8,1205.16,52.69,127,309,TRANSITION,0.0,4.0,WORKLOAD_STEP
2026-07-10 02:02:29.529688+05:30,9.1,55,9.0,1154.93,52.7,129,309,TRANSITION,0.0,4.0,WORKLOAD_STEP
2026-07-10 02:02:31.580008+05:30,7.9,56,8.8,1215.19,52.73,133,309,TRANSITION,0.0,4.0,WORKLOAD_STEP
2026-07-10 02:02:33.609317200+05:30,9.2,57,9.1,1476.31,52.77,134,309,TRANSITION,0.0,4.0,WORKLOAD_STEP
2026-07-10 02:02:35.644837900+05:30,9.7,56,8.8,1395.96,52.72,133,309,TRANSITION,0.0,4.0,WORKLOAD_STEP
2026-07-10 02:02:37.672412300+05:30,8.2,56,8.7,1235.28,52.7,133,309,TRANSITION,0.0,4.0,WORKLOAD_STEP
2026-07-10 02:02:39.717018500+05:30,8.7,56,8.5,1225.24,52.69,134,309,TRANSITION,0.0,4.0,WORKLOAD_STEP
2026-07-10 02:02:41.769341300+05:30,8.9,58,8.7,1164.98,52.67,134,309,TRANSITION,0.0,4.0,WORKLOAD_STEP
2026-07-10 02:02:43.815084+05:30,10.6,57,8.3,1255.37,52.69,134,309,TRANSITION,0.0,4.0,WORKLOAD_STEP
2026-07-10 02:02:45.852372200+05:30,7.6,56,8.8,1285.51,52.68,132,308,TRANSITION,0.0,4.0,WORKLOAD_STEP
2026-07-10 02:02:47.904030500+05:30,14.3,56,8.8,1335.72,52.69,132,308,TRANSITION,0.0,4.0,WORKLOAD_STEP
2026-07-10 02:02:49.947330500+05:30,7.8,56,8.5,1164.97,52.7,132,308,TRANSITION,0.0,4.0,WORKLOAD_STEP
2026-07-10 02:02:51.986834300+05:30,8.8,58,9.2,1375.89,52.69,132,307,TRANSITION,0.0,4.0,WORKLOAD_STEP
2026-07-10 02:02:54.039980300+05:30,8.7,57,8.7,1406.02,52.7,132,307,TRANSITION,0.0,4.0,WORKLOAD_STEP
2026-07-10 02:02:56.073527600+05:30,6.6,56,9.0,1235.27,52.69,132,307,TRANSITION,0.0,4.0,WORKLOAD_STEP
2026-07-10 02:02:58.131051800+05:30,8.2,57,8.4,1165.0,52.67,131,307,TRANSITION,0.0,4.0,WORKLOAD_STEP
2026-07-10 02:03:00.181997900+05:30,8.0,56,8.6,1104.72,52.69,131,307,TRANSITION,0.0,4.0,WORKLOAD_STEP
2026-07-10 02:03:02.227551300+05:30,9.6,56,8.4,1345.76,52.69,131,307,TRANSITION,0.0,4.0,WORKLOAD_STEP
2026-07-10 02:03:04.267768700+05:30,11.0,57,8.6,1235.28,52.73,131,307,TRANSITION,0.0,4.0,WORKLOAD_STEP
2026-07-10 02:03:06.299373900+05:30,8.8,56,9.6,1144.9,52.62,131,305,TRANSITION,0.0,4.0,WORKLOAD_STEP
2026-07-10 02:03:08.336433100+05:30,13.7,56,12.5,1255.36,52.64,131,305,TRANSITION,0.0,4.0,WORKLOAD_STEP
2026-07-10 02:03:10.378569900+05:30,8.2,56,9.2,1215.19,52.61,131,305,TRANSITION,0.0,4.0,WORKLOAD_STEP
2026-07-10 02:03:12.430873700+05:30,6.9,57,8.8,1044.47,52.6,131,305,TRANSITION,0.0,4.0,WORKLOAD_STEP
2026-07-10 02:03:14.514564500+05:30,6.9,56,9.7,1275.44,52.6,131,305,TRANSITION,0.0,4.0,WORKLOAD_STEP
2026-07-10 02:03:16.568104400+05:30,6.3,56,8.7,1245.32,52.63,131,305,TRANSITION,0.0,4.0,WORKLOAD_STEP
2026-07-10 02:03:18.618929400+05:30,8.8,57,8.9,1245.32,52.63,131,305,TRANSITION,0.0,4.0,WORKLOAD_STEP
2026-07-10 02:03:20.672057500+05:30,30.4,55,10.4,1154.94,52.63,131,305,TRANSITION,20.0,5.0,WORKLOAD_STEP
2026-07-10 02:03:22.738717800+05:30,30.7,55,11.6,1154.94,52.64,131,305,TRANSITION,20.0,5.0,WORKLOAD_STEP
2026-07-10 02:03:24.770702900+05:30,26.6,56,10.5,1325.67,52.63,131,305,TRANSITION,20.0,5.0,WORKLOAD_STEP
2026-07-10 02:03:26.816216300+05:30,30.8,56,11.9,1476.33,52.65,133,306,TRANSITION,20.0,5.0,WORKLOAD_STEP
2026-07-10 02:03:28.878363700+05:30,29.5,56,11.4,1144.9,52.66,133,306,TRANSITION,20.0,5.0,WORKLOAD_STEP
2026-07-10 02:03:30.910857300+05:30,25.5,56,10.6,1164.98,52.66,130,306,TRANSITION,20.0,5.0,WORKLOAD_STEP
2026-07-10 02:03:32.951925+05:30,31.3,58,11.6,1164.98,52.66,130,306,TRANSITION,20.0,5.0,WORKLOAD_STEP
2026-07-10 02:03:35.019858600+05:30,28.3,55,10.9,1295.54,52.66,130,306,TRANSITION,20.0,5.0,WORKLOAD_STEP
2026-07-10 02:03:37.051307600+05:30,31.4,55,11.1,1175.02,52.67,132,306,TRANSITION,20.0,5.0,WORKLOAD_STEP
2026-07-10 02:03:39.093061600+05:30,34.3,55,11.3,1144.89,52.81,132,307,TRANSITION,20.0,5.0,WORKLOAD_STEP
2026-07-10 02:03:41.158491+05:30,29.9,56,11.4,1255.37,52.82,132,307,TRANSITION,20.0,5.0,WORKLOAD_STEP
2026-07-10 02:03:43.187264900+05:30,28.2,55,10.9,1305.59,52.82,132,307,TRANSITION,20.0,5.0,WORKLOAD_STEP
2026-07-10 02:03:45.227424400+05:30,34.1,58,11.8,1456.24,52.81,132,307,TRANSITION,20.0,5.0,WORKLOAD_STEP
2026-07-10 02:03:47.283191800+05:30,29.1,57,12.1,1335.71,52.81,132,307,TRANSITION,20.0,5.0,WORKLOAD_STEP
2026-07-10 02:03:49.315715400+05:30,27.9,55,12.7,1586.8,52.82,132,307,TRANSITION,20.0,5.0,WORKLOAD_STEP
2026-07-10 02:03:51.349986900+05:30,26.2,52,12.1,1506.45,52.81,132,307,TRANSITION,20.0,5.0,WORKLOAD_STEP
2026-07-10 02:03:53.414370+05:30,30.3,55,12.6,1275.47,52.82,132,307,TRANSITION,20.0,5.0,WORKLOAD_STEP
2026-07-10 02:03:55.463690500+05:30,27.3,53,12.6,1175.03,52.81,132,307,TRANSITION,20.0,5.0,WORKLOAD_STEP
2026-07-10 02:03:57.516756800+05:30,28.6,56,12.0,1164.98,52.86,132,307,TRANSITION,20.0,5.0,WORKLOAD_STEP
2026-07-10 02:03:59.574820500+05:30,30.0,55,12.6,1175.01,52.81,132,307,TRANSITION,20.0,5.0,WORKLOAD_STEP
2026-07-10 02:04:01.627447800+05:30,28.3,56,12.8,1436.14,52.81,132,307,TRANSITION,20.0,5.0,WORKLOAD_STEP
2026-07-10 02:04:03.692201+05:30,26.0,52,12.3,1355.8,52.81,132,307,TRANSITION,20.0,5.0,WORKLOAD_STEP
2026-07-10 02:04:05.724080200+05:30,27.7,51,15.0,1355.8,52.82,132,307,TRANSITION,20.0,5.0,WORKLOAD_STEP
2026-07-10 02:04:07.757538+05:30,25.7,49,13.7,1365.84,52.8,131,307,TRANSITION,20.0,5.0,WORKLOAD_STEP
2026-07-10 02:04:09.817281+05:30,26.7,48,14.5,1416.05,52.79,131,307,TRANSITION,20.0,5.0,WORKLOAD_STEP
2026-07-10 02:04:11.845258900+05:30,29.9,49,15.0,1737.44,52.79,131,307,TRANSITION,20.0,5.0,WORKLOAD_STEP
2026-07-10 02:04:13.875809800+05:30,24.2,50,19.3,1747.49,52.79,131,307,TRANSITION,20.0,5.0,WORKLOAD_STEP
2026-07-10 02:04:15.928618300+05:30,28.1,51,16.4,1677.18,52.79,131,307,TRANSITION,20.0,5.0,WORKLOAD_STEP
2026-07-10 02:04:17.971346+05:30,42.5,52,20.7,1385.93,52.84,131,309,TRANSITION,20.0,5.0,WORKLOAD_STEP
2026-07-10 02:04:20.004580+05:30,25.7,52,19.4,2309.89,52.83,131,309,TRANSITION,20.0,5.0,WORKLOAD_STEP
2026-07-10 02:04:22.033957600+05:30,28.0,52,15.1,1205.15,52.82,131,309,TRANSITION,20.0,5.0,WORKLOAD_STEP
2026-07-10 02:04:24.094421200+05:30,28.0,53,14.6,1647.05,52.82,131,309,TRANSITION,20.0,5.0,WORKLOAD_STEP
2026-07-10 02:04:26.136344+05:30,27.3,52,13.4,1677.19,52.82,131,309,TRANSITION,20.0,5.0,WORKLOAD_STEP
2026-07-10 02:04:28.164436+05:30,30.0,52,14.5,1355.8,52.86,131,309,TRANSITION,20.0,5.0,WORKLOAD_STEP
2026-07-10 02:04:30.209430400+05:30,26.8,52,15.3,1345.75,52.81,130,309,TRANSITION,20.0,5.0,WORKLOAD_STEP
2026-07-10 02:04:32.280411400+05:30,32.7,54,14.6,1355.79,52.82,129,310,TRANSITION,20.0,5.0,WORKLOAD_STEP
2026-07-10 02:04:34.311919700+05:30,30.9,52,16.1,1516.48,52.79,129,310,TRANSITION,20.0,5.0,WORKLOAD_STEP
2026-07-10 02:04:36.348463700+05:30,30.2,51,21.4,1345.75,52.8,129,310,TRANSITION,20.0,5.0,WORKLOAD_STEP
2026-07-10 02:04:38.401032500+05:30,29.6,52,14.7,1406.01,52.8,129,310,TRANSITION,20.0,5.0,WORKLOAD_STEP
2026-07-10 02:04:40.439995+05:30,25.1,49,15.6,1215.18,52.8,129,310,TRANSITION,20.0,5.0,WORKLOAD_STEP
2026-07-10 02:04:42.501793800+05:30,27.1,49,16.5,1446.18,52.8,129,310,TRANSITION,20.0,5.0,WORKLOAD_STEP
2026-07-10 02:04:44.545984900+05:30,27.3,50,19.2,1225.24,52.8,129,310,TRANSITION,20.0,5.0,WORKLOAD_STEP
2026-07-10 02:04:46.593328200+05:30,31.8,49,15.6,2028.7,52.8,130,310,TRANSITION,20.0,5.0,WORKLOAD_STEP
2026-07-10 02:04:48.648741200+05:30,26.8,49,15.8,1556.66,52.79,129,310,TRANSITION,20.0,5.0,WORKLOAD_STEP
2026-07-10 02:04:50.682683+05:30,25.6,51,16.4,1747.48,52.8,129,310,TRANSITION,20.0,5.0,WORKLOAD_STEP
2026-07-10 02:04:52.712267600+05:30,25.6,48,19.1,1918.22,52.8,129,310,TRANSITION,20.0,5.0,WORKLOAD_STEP
2026-07-10 02:04:54.747876500+05:30,23.2,50,20.6,2008.61,52.84,129,310,TRANSITION,20.0,5.0,WORKLOAD_STEP
2026-07-10 02:04:56.801052300+05:30,27.8,50,21.0,1667.13,52.79,129,310,TRANSITION,20.0,5.0,WORKLOAD_STEP
2026-07-10 02:04:58.835855400+05:30,26.3,50,21.0,1717.35,52.79,128,310,TRANSITION,20.0,5.0,WORKLOAD_STEP
2026-07-10 02:05:00.867327600+05:30,26.8,46,20.0,1928.27,52.79,128,310,TRANSITION,20.0,5.0,WORKLOAD_STEP
2026-07-10 02:05:02.911293+05:30,25.1,48,18.6,2360.12,52.8,128,310,TRANSITION,20.0,5.0,WORKLOAD_STEP
2026-07-10 02:05:04.959855900+05:30,25.0,46,21.0,1928.25,52.8,128,310,TRANSITION,20.0,5.0,WORKLOAD_STEP
2026-07-10 02:05:06.989538+05:30,22.8,44,20.2,1998.56,52.79,128,310,TRANSITION,20.0,5.0,WORKLOAD_STEP
2026-07-10 02:05:09.017439300+05:30,31.3,49,18.6,1335.71,52.79,128,310,TRANSITION,20.0,5.0,WORKLOAD_STEP
2026-07-10 02:05:11.054835100+05:30,26.8,46,18.7,1857.96,52.79,128,310,TRANSITION,20.0,5.0,WORKLOAD_STEP
2026-07-10 02:05:13.096337+05:30,41.1,52,16.0,1707.33,52.19,128,310,TRANSITION,20.0,5.0,WORKLOAD_STEP
2026-07-10 02:05:15.125541100+05:30,25.1,49,19.9,1908.18,52.16,127,310,TRANSITION,20.0,5.0,WORKLOAD_STEP
2026-07-10 02:05:17.166658800+05:30,81.6,35,30.8,2882.38,52.16,127,309,TRANSITION,80.0,6.0,WORKLOAD_STEP
2026-07-10 02:05:19.194987400+05:30,80.8,35,37.5,2852.25,52.14,127,308,TRANSITION,80.0,6.0,WORKLOAD_STEP
2026-07-10 02:05:21.221544200+05:30,82.8,35,38.6,2882.38,52.14,127,308,TRANSITION,80.0,6.0,WORKLOAD_STEP
2026-07-10 02:05:23.248946100+05:30,81.3,36,36.9,3053.12,52.13,127,308,TRANSITION,80.0,6.0,WORKLOAD_STEP
2026-07-10 02:05:25.284305500+05:30,82.4,35,35.8,3053.12,52.14,128,308,TRANSITION,80.0,6.0,WORKLOAD_STEP
2026-07-10 02:05:27.311638500+05:30,82.7,38,39.3,3053.12,52.13,128,308,TRANSITION,80.0,6.0,WORKLOAD_STEP
2026-07-10 02:05:29.341851100+05:30,81.2,32,37.2,2701.6,52.13,127,308,TRANSITION,80.0,6.0,WORKLOAD_STEP
2026-07-10 02:05:31.372726400+05:30,82.2,32,39.7,2882.38,52.12,127,308,TRANSITION,80.0,6.0,WORKLOAD_STEP
2026-07-10 02:05:33.408458600+05:30,82.2,32,39.2,3053.12,52.16,127,308,TRANSITION,80.0,6.0,WORKLOAD_STEP
2026-07-10 02:05:35.475586900+05:30,82.1,30,40.9,3053.12,52.12,127,308,TRANSITION,80.0,6.0,WORKLOAD_STEP
2026-07-10 02:05:37.512747+05:30,81.0,32,41.8,2882.38,52.12,127,308,TRANSITION,80.0,6.0,WORKLOAD_STEP
2026-07-10 02:05:39.540535600+05:30,83.7,32,35.3,3053.12,52.12,127,308,TRANSITION,80.0,6.0,WORKLOAD_STEP
2026-07-10 02:05:41.567961800+05:30,82.2,32,40.0,3053.12,52.12,127,308,TRANSITION,80.0,6.0,WORKLOAD_STEP
2026-07-10 02:05:43.597837+05:30,84.2,30,40.3,3053.12,52.12,127,308,TRANSITION,80.0,6.0,WORKLOAD_STEP
2026-07-10 02:05:45.628750600+05:30,84.9,30,40.3,3053.12,52.12,126,308,TRANSITION,80.0,6.0,WORKLOAD_STEP
2026-07-10 02:05:47.667234600+05:30,83.9,30,42.3,3053.12,52.12,126,308,TRANSITION,80.0,6.0,WORKLOAD_STEP
2026-07-10 02:05:49.696967400+05:30,81.6,30,40.4,3053.12,52.12,126,308,TRANSITION,80.0,6.0,WORKLOAD_STEP
2026-07-10 02:05:51.727000500+05:30,81.6,30,37.8,3053.12,52.12,126,308,TRANSITION,80.0,6.0,WORKLOAD_STEP
2026-07-10 02:05:53.756528200+05:30,82.1,30,40.6,2882.38,52.12,126,308,TRANSITION,80.0,6.0,WORKLOAD_STEP
2026-07-10 02:05:55.785645600+05:30,84.4,30,38.6,3053.12,52.12,126,308,TRANSITION,80.0,6.0,WORKLOAD_STEP
2026-07-10 02:05:57.813566800+05:30,84.0,34,38.0,3053.12,52.12,126,308,TRANSITION,80.0,6.0,WORKLOAD_STEP
2026-07-10 02:05:59.843755100+05:30,87.1,28,40.8,3053.12,52.12,126,308,TRANSITION,80.0,6.0,WORKLOAD_STEP
2026-07-10 02:06:01.870447600+05:30,82.1,32,41.6,3053.12,52.12,126,307,TRANSITION,80.0,6.0,WORKLOAD_STEP
2026-07-10 02:06:03.905648900+05:30,82.4,30,39.1,3053.12,52.11,126,307,TRANSITION,80.0,6.0,WORKLOAD_STEP
2026-07-10 02:06:05.934773800+05:30,82.3,29,40.1,3053.12,52.11,126,307,TRANSITION,80.0,6.0,WORKLOAD_STEP
2026-07-10 02:06:07.963803400+05:30,86.3,30,42.6,3053.12,52.12,126,307,TRANSITION,80.0,6.0,WORKLOAD_STEP
2026-07-10 02:06:09.993182100+05:30,84.2,29,41.1,3053.12,52.12,126,307,TRANSITION,80.0,6.0,WORKLOAD_STEP
2026-07-10 02:06:12.023893300+05:30,84.9,30,42.3,3053.12,52.11,126,307,TRANSITION,80.0,6.0,WORKLOAD_STEP
2026-07-10 02:06:14.056448400+05:30,86.0,29,43.7,2932.6,52.09,126,307,TRANSITION,80.0,6.0,WORKLOAD_STEP
2026-07-10 02:06:16.086074900+05:30,83.5,32,39.9,3053.12,52.09,126,307,TRANSITION,80.0,6.0,WORKLOAD_STEP
2026-07-10 02:06:18.124439100+05:30,82.5,30,39.4,3053.12,52.09,126,307,TRANSITION,80.0,6.0,WORKLOAD_STEP
2026-07-10 02:06:20.154310500+05:30,85.1,30,37.0,2882.38,52.1,126,307,TRANSITION,80.0,6.0,WORKLOAD_STEP
2026-07-10 02:06:22.185255500+05:30,84.7,30,39.6,3053.12,52.09,125,307,TRANSITION,80.0,6.0,WORKLOAD_STEP
2026-07-10 02:06:24.212210900+05:30,84.0,32,41.9,3053.12,52.1,125,307,TRANSITION,80.0,6.0,WORKLOAD_STEP
2026-07-10 02:06:26.242650600+05:30,81.6,32,38.9,2882.38,52.13,127,307,TRANSITION,80.0,6.0,WORKLOAD_STEP
2026-07-10 02:06:28.270868800+05:30,82.0,32,39.0,3053.12,52.13,127,306,TRANSITION,80.0,6.0,WORKLOAD_STEP
2026-07-10 02:06:30.297975400+05:30,82.6,32,43.0,3053.12,52.12,127,306,TRANSITION,80.0,6.0,WORKLOAD_STEP
2026-07-10 02:06:32.330523600+05:30,85.2,32,41.3,3053.12,52.12,127,306,TRANSITION,80.0,6.0,WORKLOAD_STEP
2026-07-10 02:06:34.365270300+05:30,83.6,30,40.6,3053.12,52.11,127,306,TRANSITION,80.0,6.0,WORKLOAD_STEP
2026-07-10 02:06:36.397549900+05:30,83.3,30,43.3,3053.12,52.11,127,306,TRANSITION,80.0,6.0,WORKLOAD_STEP
2026-07-10 02:06:38.426535400+05:30,81.9,29,44.0,3053.12,52.1,127,306,TRANSITION,80.0,6.0,WORKLOAD_STEP
2026-07-10 02:06:40.456691900+05:30,83.2,30,39.7,3053.12,52.11,127,306,TRANSITION,80.0,6.0,WORKLOAD_STEP
2026-07-10 02:06:42.511144+05:30,83.8,32,39.2,3053.12,52.1,127,306,TRANSITION,80.0,7.0,WORKLOAD_STEP
2026-07-10 02:06:44.569768800+05:30,81.7,30,39.1,2711.64,52.15,127,306,TRANSITION,80.0,7.0,WORKLOAD_STEP
2026-07-10 02:06:46.598331800+05:30,81.5,30,41.0,3053.12,52.1,127,306,TRANSITION,80.0,7.0,WORKLOAD_STEP
2026-07-10 02:06:48.631539500+05:30,81.0,32,39.8,2872.34,52.1,127,306,TRANSITION,80.0,7.0,WORKLOAD_STEP
2026-07-10 02:06:50.688923400+05:30,81.0,32,37.6,3053.12,52.1,127,306,TRANSITION,80.0,7.0,WORKLOAD_STEP
2026-07-10 02:06:52.715281600+05:30,83.4,34,39.0,2872.34,52.1,127,306,TRANSITION,80.0,7.0,WORKLOAD_STEP
2026-07-10 02:06:54.742255100+05:30,85.7,29,40.6,3053.12,52.1,127,306,TRANSITION,80.0,7.0,WORKLOAD_STEP
2026-07-10 02:06:56.770435500+05:30,83.9,32,39.7,2882.38,52.1,127,306,TRANSITION,80.0,7.0,WORKLOAD_STEP
2026-07-10 02:06:58.800923600+05:30,83.5,32,41.0,2872.34,52.1,127,306,TRANSITION,80.0,7.0,WORKLOAD_STEP
2026-07-10 02:07:00.837606700+05:30,81.5,30,40.6,3053.12,52.1,127,306,TRANSITION,80.0,7.0,WORKLOAD_STEP
2026-07-10 02:07:02.864587700+05:30,83.3,29,41.2,3053.12,52.1,127,306,TRANSITION,80.0,7.0,WORKLOAD_STEP
2026-07-10 02:07:04.901921500+05:30,81.2,29,37.3,2872.34,52.11,127,306,TRANSITION,80.0,7.0,WORKLOAD_STEP
2026-07-10 02:07:06.928421800+05:30,86.3,32,42.2,3053.12,52.11,127,306,TRANSITION,80.0,7.0,WORKLOAD_STEP
2026-07-10 02:07:08.959638800+05:30,84.7,30,37.2,3053.12,52.11,127,306,TRANSITION,80.0,7.0,WORKLOAD_STEP
2026-07-10 02:07:10.990890300+05:30,84.8,32,44.3,3053.12,52.1,127,306,TRANSITION,80.0,7.0,WORKLOAD_STEP
2026-07-10 02:07:13.022852400+05:30,83.0,30,41.4,3053.12,52.11,127,306,TRANSITION,80.0,7.0,WORKLOAD_STEP
2026-07-10 02:07:15.050877900+05:30,83.1,32,41.1,2882.38,52.1,127,306,TRANSITION,80.0,7.0,WORKLOAD_STEP
2026-07-10 02:07:17.079680100+05:30,81.4,32,38.5,3053.12,52.1,127,306,TRANSITION,80.0,7.0,WORKLOAD_STEP
2026-07-10 02:07:19.108115600+05:30,85.9,30,41.0,2882.38,52.1,127,306,TRANSITION,80.0,7.0,WORKLOAD_STEP
2026-07-10 02:07:21.145919500+05:30,88.0,30,41.7,3053.12,52.1,127,306,TRANSITION,80.0,7.0,WORKLOAD_STEP
2026-07-10 02:07:23.174126400+05:30,84.6,32,41.2,3053.12,52.1,127,306,TRANSITION,80.0,7.0,WORKLOAD_STEP
2026-07-10 02:07:25.209104200+05:30,27.6,52,10.3,1175.02,52.11,128,306,TRANSITION,20.0,8.0,WORKLOAD_STEP
2026-07-10 02:07:27.257965600+05:30,29.4,50,10.9,1365.84,52.1,128,306,TRANSITION,20.0,8.0,WORKLOAD_STEP
2026-07-10 02:07:29.299810+05:30,26.2,51,10.9,1164.98,52.1,128,306,TRANSITION,20.0,8.0,WORKLOAD_STEP
2026-07-10 02:07:31.368068200+05:30,31.5,50,12.6,1245.33,52.11,128,306,TRANSITION,20.0,8.0,WORKLOAD_STEP
2026-07-10 02:07:33.400840100+05:30,28.5,51,12.2,1255.37,52.11,126,306,TRANSITION,20.0,8.0,WORKLOAD_STEP
2026-07-10 02:07:35.476422100+05:30,30.4,54,14.0,1446.19,52.13,126,306,TRANSITION,20.0,8.0,WORKLOAD_STEP
2026-07-10 02:07:37.524761+05:30,27.8,55,12.1,1305.58,52.12,126,306,TRANSITION,20.0,8.0,WORKLOAD_STEP
2026-07-10 02:07:39.577756500+05:30,25.6,51,14.2,1355.81,52.13,126,306,TRANSITION,20.0,8.0,WORKLOAD_STEP
2026-07-10 02:07:41.636382800+05:30,28.7,50,12.6,1526.54,52.13,126,306,TRANSITION,20.0,8.0,WORKLOAD_STEP
2026-07-10 02:07:43.659662300+05:30,28.7,48,13.8,1114.77,52.13,126,306,TRANSITION,20.0,8.0,WORKLOAD_STEP
2026-07-10 02:07:45.692700500+05:30,28.3,52,13.8,1225.24,52.13,127,306,TRANSITION,20.0,8.0,WORKLOAD_STEP
2026-07-10 02:07:47.754641500+05:30,30.3,52,11.9,1114.76,52.13,127,306,TRANSITION,20.0,8.0,WORKLOAD_STEP
2026-07-10 02:07:49.793585100+05:30,29.1,53,12.0,1496.4,52.12,127,306,TRANSITION,20.0,8.0,WORKLOAD_STEP
2026-07-10 02:07:51.831359200+05:30,27.2,53,13.8,1245.32,52.13,127,307,TRANSITION,20.0,8.0,WORKLOAD_STEP
2026-07-10 02:07:53.894973200+05:30,26.5,52,14.8,1285.5,52.14,127,307,TRANSITION,20.0,8.0,WORKLOAD_STEP
2026-07-10 02:07:55.931670100+05:30,27.3,52,14.3,1295.54,52.14,128,307,TRANSITION,20.0,8.0,WORKLOAD_STEP
2026-07-10 02:07:57.961333+05:30,28.6,54,14.9,1124.8,52.15,130,307,TRANSITION,20.0,8.0,WORKLOAD_STEP
2026-07-10 02:07:59.995252900+05:30,26.4,50,14.3,1355.8,52.14,130,307,TRANSITION,20.0,8.0,WORKLOAD_STEP
2026-07-10 02:08:02.049892500+05:30,24.9,45,16.3,1536.59,52.15,130,307,TRANSITION,20.0,8.0,WORKLOAD_STEP
2026-07-10 02:08:04.085685700+05:30,25.1,50,16.2,1807.74,52.11,130,307,TRANSITION,20.0,8.0,WORKLOAD_STEP
2026-07-10 02:08:06.123191300+05:30,26.2,52,15.7,1285.5,52.15,130,307,TRANSITION,20.0,8.0,WORKLOAD_STEP
2026-07-10 02:08:08.155886400+05:30,29.6,50,15.6,1506.45,52.1,129,307,TRANSITION,20.0,8.0,WORKLOAD_STEP
2026-07-10 02:08:10.215095500+05:30,26.5,51,13.5,1355.8,52.1,129,307,TRANSITION,20.0,8.0,WORKLOAD_STEP
2026-07-10 02:08:12.245387500+05:30,31.6,51,17.3,1566.7,52.14,129,307,TRANSITION,20.0,8.0,WORKLOAD_STEP
2026-07-10 02:08:14.283468900+05:30,27.8,50,17.9,1727.4,52.11,128,307,TRANSITION,20.0,8.0,WORKLOAD_STEP
2026-07-10 02:08:16.334723600+05:30,30.6,52,15.2,1918.22,52.38,128,307,TRANSITION,20.0,8.0,WORKLOAD_STEP
2026-07-10 02:08:18.365564600+05:30,33.4,50,12.9,1375.89,52.38,128,307,TRANSITION,20.0,8.0,WORKLOAD_STEP
2026-07-10 02:08:20.404044400+05:30,33.3,50,14.0,1536.58,51.8,128,307,TRANSITION,20.0,8.0,WORKLOAD_STEP
2026-07-10 02:08:22.475745200+05:30,26.2,52,19.5,1195.11,51.8,128,307,TRANSITION,20.0,8.0,WORKLOAD_STEP
2026-07-10 02:08:24.512925900+05:30,47.7,53,17.7,1325.68,51.82,128,307,TRANSITION,40.0,9.0,WORKLOAD_STEP
2026-07-10 02:08:26.564815100+05:30,46.9,49,15.4,1757.52,51.81,128,307,TRANSITION,40.0,9.0,WORKLOAD_STEP
2026-07-10 02:08:28.592938800+05:30,46.3,49,20.0,1586.79,51.82,128,307,TRANSITION,40.0,9.0,WORKLOAD_STEP
2026-07-10 02:08:30.625942300+05:30,46.6,45,19.5,2249.65,51.82,128,307,TRANSITION,40.0,9.0,WORKLOAD_STEP
2026-07-10 02:08:32.673288900+05:30,49.2,50,21.9,1737.45,51.82,128,307,TRANSITION,40.0,9.0,WORKLOAD_STEP
2026-07-10 02:08:34.706713400+05:30,47.1,48,25.2,2450.52,51.84,128,307,TRANSITION,40.0,9.0,WORKLOAD_STEP
2026-07-10 02:08:36.738988100+05:30,45.5,49,24.3,2109.04,51.9,128,307,TRANSITION,40.0,9.0,WORKLOAD_STEP
2026-07-10 02:08:38.775215300+05:30,42.9,46,27.2,2400.29,51.87,129,307,TRANSITION,40.0,9.0,WORKLOAD_STEP
2026-07-10 02:08:40.805564300+05:30,42.2,38,29.1,2611.21,51.88,129,307,TRANSITION,40.0,9.0,WORKLOAD_STEP
2026-07-10 02:08:42.841099700+05:30,44.8,39,30.9,2530.86,51.89,129,307,TRANSITION,40.0,9.0,WORKLOAD_STEP
2026-07-10 02:08:44.873990400+05:30,46.2,38,25.9,2179.35,51.89,129,307,TRANSITION,40.0,9.0,WORKLOAD_STEP
2026-07-10 02:08:46.907975500+05:30,43.7,39,23.1,2520.82,51.9,129,307,TRANSITION,40.0,9.0,WORKLOAD_STEP
2026-07-10 02:08:48.938820500+05:30,45.3,44,25.7,2309.91,51.97,129,307,TRANSITION,40.0,9.0,WORKLOAD_STEP
2026-07-10 02:08:50.968940300+05:30,44.8,45,27.2,2520.82,51.98,131,307,TRANSITION,40.0,9.0,WORKLOAD_STEP
2026-07-10 02:08:53.003372500+05:30,41.7,42,29.7,2360.12,51.98,131,307,TRANSITION,40.0,9.0,WORKLOAD_STEP
2026-07-10 02:08:55.033832+05:30,47.3,35,30.6,2530.86,51.98,131,307,TRANSITION,40.0,9.0,WORKLOAD_STEP
2026-07-10 02:08:57.064193300+05:30,58.5,32,35.4,2872.34,51.99,131,307,TRANSITION,90.0,10.0,WORKLOAD_STEP
2026-07-10 02:08:59.094235700+05:30,90.1,32,39.2,3043.08,51.99,131,307,TRANSITION,90.0,10.0,WORKLOAD_STEP
2026-07-10 02:09:01.122198100+05:30,90.4,30,39.7,3053.12,52.0,131,307,TRANSITION,90.0,10.0,WORKLOAD_STEP
2026-07-10 02:09:03.149368800+05:30,91.4,32,41.6,3053.12,52.02,131,307,TRANSITION,90.0,10.0,WORKLOAD_STEP
2026-07-10 02:09:05.182757800+05:30,92.6,30,39.7,3043.08,52.28,131,307,TRANSITION,90.0,10.0,WORKLOAD_STEP
2026-07-10 02:09:07.220239800+05:30,94.7,29,43.9,3053.12,52.28,131,307,TRANSITION,90.0,10.0,WORKLOAD_STEP
2026-07-10 02:09:09.254638200+05:30,92.9,30,40.2,3053.12,52.28,131,307,TRANSITION,90.0,10.0,WORKLOAD_STEP
2026-07-10 02:09:11.282609500+05:30,92.9,30,42.2,3053.12,52.27,131,307,TRANSITION,90.0,10.0,WORKLOAD_STEP
2026-07-10 02:09:13.311374100+05:30,91.6,29,44.6,2872.34,52.27,131,307,TRANSITION,90.0,10.0,WORKLOAD_STEP
2026-07-10 02:09:15.342132300+05:30,91.9,29,45.4,3053.12,52.28,131,307,TRANSITION,90.0,10.0,WORKLOAD_STEP
2026-07-10 02:09:17.373232600+05:30,91.7,29,45.8,3053.12,52.28,131,307,TRANSITION,90.0,10.0,WORKLOAD_STEP
2026-07-10 02:09:19.404704500+05:30,94.3,29,39.5,3053.12,52.28,131,307,TRANSITION,90.0,10.0,WORKLOAD_STEP
2026-07-10 02:09:21.433457300+05:30,92.6,32,41.6,3053.12,52.28,131,307,TRANSITION,90.0,10.0,WORKLOAD_STEP
2026-07-10 02:09:23.485386+05:30,92.2,29,40.6,3053.12,52.28,131,307,TRANSITION,90.0,10.0,WORKLOAD_STEP
2026-07-10 02:09:25.515519400+05:30,91.9,29,42.6,3053.12,52.27,132,307,TRANSITION,90.0,10.0,WORKLOAD_STEP
2026-07-10 02:09:27.547530+05:30,92.8,29,37.0,2882.38,52.27,132,307,TRANSITION,90.0,10.0,WORKLOAD_STEP
2026-07-10 02:09:29.574293800+05:30,92.7,29,42.7,3053.12,52.27,131,307,TRANSITION,90.0,10.0,WORKLOAD_STEP
2026-07-10 02:09:31.603272100+05:30,92.7,29,37.4,3053.12,52.32,131,307,TRANSITION,90.0,10.0,WORKLOAD_STEP
2026-07-10 02:09:33.632085600+05:30,92.6,29,44.6,3053.12,52.27,131,307,TRANSITION,90.0,10.0,WORKLOAD_STEP
2026-07-10 02:09:35.661069500+05:30,91.3,29,45.5,2882.38,52.27,131,307,TRANSITION,90.0,10.0,WORKLOAD_STEP
2026-07-10 02:09:37.696614+05:30,90.3,29,41.9,3053.12,52.28,132,307,TRANSITION,90.0,10.0,WORKLOAD_STEP
2026-07-10 02:09:39.740501500+05:30,92.0,29,44.3,3053.12,52.28,130,307,TRANSITION,90.0,10.0,WORKLOAD_STEP
2026-07-10 02:09:41.769637+05:30,93.5,29,39.8,3053.12,52.28,130,307,TRANSITION,90.0,10.0,WORKLOAD_STEP
2026-07-10 02:09:43.798754500+05:30,93.2,30,42.9,3053.12,52.28,130,307,TRANSITION,90.0,10.0,WORKLOAD_STEP
2026-07-10 02:09:45.826721900+05:30,92.6,29,42.4,3053.12,52.28,130,307,TRANSITION,90.0,10.0,WORKLOAD_STEP
2026-07-10 02:09:47.856981+05:30,91.3,32,42.9,3053.12,52.28,130,307,TRANSITION,90.0,10.0,WORKLOAD_STEP
2026-07-10 02:09:49.885706700+05:30,91.7,29,40.8,3053.12,52.28,130,307,TRANSITION,90.0,10.0,WORKLOAD_STEP
2026-07-10 02:09:51.917390300+05:30,92.3,30,43.5,3053.12,52.29,130,307,TRANSITION,90.0,10.0,WORKLOAD_STEP
2026-07-10 02:09:53.959889500+05:30,93.5,29,41.8,3053.12,52.29,130,307,TRANSITION,90.0,10.0,WORKLOAD_STEP
2026-07-10 02:09:55.993166600+05:30,92.7,29,42.3,3053.12,52.29,129,307,TRANSITION,90.0,10.0,WORKLOAD_STEP
2026-07-10 02:09:58.026149500+05:30,93.0,30,43.2,3053.12,52.29,129,307,TRANSITION,90.0,10.0,WORKLOAD_STEP
2026-07-10 02:10:00.059987400+05:30,91.0,29,39.9,3053.12,52.3,129,307,TRANSITION,90.0,10.0,WORKLOAD_STEP
2026-07-10 02:10:02.099309800+05:30,92.5,29,41.8,3053.12,52.3,129,307,TRANSITION,90.0,10.0,WORKLOAD_STEP
2026-07-10 02:10:04.127179700+05:30,91.2,29,42.3,3053.12,52.3,129,307,TRANSITION,90.0,10.0,WORKLOAD_STEP
2026-07-10 02:10:06.156813100+05:30,93.7,30,42.9,3053.12,52.3,129,307,TRANSITION,90.0,10.0,WORKLOAD_STEP
2026-07-10 02:10:08.184062300+05:30,93.1,30,41.7,3053.12,52.31,129,307,TRANSITION,90.0,10.0,WORKLOAD_STEP
2026-07-10 02:10:10.218258200+05:30,94.0,29,40.6,3053.12,52.31,129,307,TRANSITION,90.0,10.0,WORKLOAD_STEP
2026-07-10 02:10:12.250635800+05:30,92.2,29,42.5,3053.12,52.31,129,307,TRANSITION,90.0,10.0,WORKLOAD_STEP
2026-07-10 02:10:14.277364600+05:30,93.0,29,40.6,3053.12,52.32,129,307,TRANSITION,90.0,10.0,WORKLOAD_STEP
2026-07-10 02:10:16.306745900+05:30,92.0,29,40.7,3053.12,52.31,129,307,TRANSITION,90.0,10.0,WORKLOAD_STEP
2026-07-10 02:10:18.333892600+05:30,93.5,29,41.7,3053.12,52.32,129,307,TRANSITION,90.0,10.0,WORKLOAD_STEP
2026-07-10 02:10:20.365893100+05:30,93.4,29,41.0,3053.12,52.31,129,307,TRANSITION,90.0,10.0,WORKLOAD_STEP
2026-07-10 02:10:22.393693200+05:30,92.1,30,42.6,3053.12,52.32,130,307,TRANSITION,90.0,10.0,WORKLOAD_STEP
2026-07-10 02:10:24.428769700+05:30,92.8,29,38.9,3053.12,52.32,130,307,TRANSITION,90.0,10.0,WORKLOAD_STEP
2026-07-10 02:10:26.456751200+05:30,91.9,29,40.4,3053.12,52.32,130,307,TRANSITION,90.0,10.0,WORKLOAD_STEP
2026-07-10 02:10:28.491449700+05:30,93.5,29,43.9,3053.12,52.32,130,307,TRANSITION,90.0,10.0,WORKLOAD_STEP
2026-07-10 02:10:30.518897200+05:30,93.9,29,44.1,3053.12,52.32,130,307,TRANSITION,90.0,10.0,WORKLOAD_STEP
2026-07-10 02:10:32.547426500+05:30,92.9,30,43.0,3053.12,52.32,130,307,TRANSITION,90.0,10.0,WORKLOAD_STEP
2026-07-10 02:10:34.574005900+05:30,95.5,29,41.3,3053.12,52.33,130,307,TRANSITION,90.0,10.0,WORKLOAD_STEP
2026-07-10 02:10:36.612389100+05:30,92.7,29,41.3,3053.12,52.3,130,307,TRANSITION,90.0,10.0,WORKLOAD_STEP
2026-07-10 02:10:38.641870300+05:30,91.5,29,42.1,3053.12,52.3,130,307,TRANSITION,90.0,10.0,WORKLOAD_STEP
2026-07-10 02:10:40.676079800+05:30,92.7,30,42.6,3053.12,52.3,130,307,TRANSITION,90.0,10.0,WORKLOAD_STEP
2026-07-10 02:10:42.711529600+05:30,93.5,29,40.2,3053.12,52.31,130,307,TRANSITION,90.0,10.0,WORKLOAD_STEP
2026-07-10 02:10:44.742142+05:30,93.0,30,43.4,3053.12,52.31,130,307,TRANSITION,90.0,10.0,WORKLOAD_STEP
2026-07-10 02:10:46.773989300+05:30,91.2,30,41.2,3053.12,52.31,130,307,TRANSITION,90.0,10.0,WORKLOAD_STEP
2026-07-10 02:10:48.812637300+05:30,91.2,29,37.7,3053.12,52.31,130,307,TRANSITION,90.0,10.0,WORKLOAD_STEP
2026-07-10 02:10:50.840742100+05:30,91.9,29,43.3,3053.12,52.31,129,307,TRANSITION,90.0,10.0,WORKLOAD_STEP
2026-07-10 02:10:52.873200700+05:30,94.9,29,43.0,3053.12,52.31,129,307,TRANSITION,90.0,10.0,WORKLOAD_STEP
2026-07-10 02:10:54.904643700+05:30,93.0,30,42.1,3053.12,52.32,129,307,TRANSITION,90.0,10.0,WORKLOAD_STEP
2026-07-10 02:10:56.938673500+05:30,92.2,29,42.2,3053.12,52.32,129,307,TRANSITION,90.0,10.0,WORKLOAD_STEP
2026-07-10 02:10:58.970022700+05:30,91.5,29,48.0,3053.12,52.32,129,307,TRANSITION,90.0,10.0,WORKLOAD_STEP
2026-07-10 02:11:00.996094800+05:30,91.5,28,42.8,3053.12,52.33,129,307,TRANSITION,90.0,10.0,WORKLOAD_STEP
2026-07-10 02:11:03.024092800+05:30,91.0,30,46.8,3053.12,52.33,129,307,TRANSITION,90.0,10.0,WORKLOAD_STEP
2026-07-10 02:11:05.055311600+05:30,93.5,30,43.6,3053.12,52.32,129,307,TRANSITION,90.0,10.0,WORKLOAD_STEP
2026-07-10 02:11:07.083289300+05:30,93.4,30,40.9,3053.12,52.33,129,307,TRANSITION,90.0,10.0,WORKLOAD_STEP
2026-07-10 02:11:09.114295100+05:30,94.1,29,42.5,3053.12,52.32,129,307,TRANSITION,90.0,10.0,WORKLOAD_STEP
2026-07-10 02:11:11.150153100+05:30,92.2,29,38.4,3053.12,52.33,129,307,TRANSITION,90.0,10.0,WORKLOAD_STEP
2026-07-10 02:11:13.180660100+05:30,92.5,29,37.6,3053.12,52.32,129,307,TRANSITION,90.0,10.0,WORKLOAD_STEP
2026-07-10 02:11:15.208975500+05:30,91.4,29,39.9,3053.12,52.33,129,307,TRANSITION,90.0,10.0,WORKLOAD_STEP
2026-07-10 02:11:17.238757200+05:30,93.5,30,44.8,3053.12,52.32,129,307,TRANSITION,90.0,10.0,WORKLOAD_STEP
2026-07-10 02:11:19.265879700+05:30,93.5,30,43.7,3053.12,52.33,128,307,TRANSITION,90.0,10.0,WORKLOAD_STEP
2026-07-10 02:11:21.293161900+05:30,93.9,30,41.5,3053.12,52.32,128,307,TRANSITION,90.0,10.0,WORKLOAD_STEP
2026-07-10 02:11:23.325117500+05:30,92.1,29,39.6,3053.12,52.33,128,307,TRANSITION,90.0,10.0,WORKLOAD_STEP
2026-07-10 02:11:25.353614700+05:30,91.6,29,43.3,3053.12,52.33,129,307,TRANSITION,90.0,10.0,WORKLOAD_STEP
2026-07-10 02:11:27.390608500+05:30,92.1,29,40.8,2882.38,52.33,129,307,TRANSITION,90.0,10.0,WORKLOAD_STEP
2026-07-10 02:11:29.420140100+05:30,93.8,30,44.6,3053.12,52.34,128,307,TRANSITION,90.0,10.0,WORKLOAD_STEP
2026-07-10 02:11:31.446086600+05:30,93.4,30,39.2,3053.12,52.33,128,307,TRANSITION,90.0,10.0,WORKLOAD_STEP
2026-07-10 02:11:33.493207900+05:30,92.6,29,41.2,3053.12,52.3,128,307,TRANSITION,90.0,10.0,WORKLOAD_STEP
2026-07-10 02:11:35.525500700+05:30,91.8,30,42.4,3053.12,52.3,128,307,TRANSITION,90.0,10.0,WORKLOAD_STEP
2026-07-10 02:11:37.555481500+05:30,92.8,29,39.9,2882.38,52.3,128,307,TRANSITION,90.0,10.0,WORKLOAD_STEP
2026-07-10 02:11:39.586859600+05:30,92.0,29,43.4,3053.12,52.3,128,307,TRANSITION,90.0,10.0,WORKLOAD_STEP
2026-07-10 02:11:41.629695600+05:30,94.4,29,41.7,3053.12,52.31,128,307,TRANSITION,90.0,10.0,WORKLOAD_STEP
2026-07-10 02:11:43.659361900+05:30,92.8,29,41.3,3053.12,52.3,128,307,TRANSITION,90.0,10.0,WORKLOAD_STEP
2026-07-10 02:11:45.688330100+05:30,92.9,29,40.9,3053.12,52.31,127,307,TRANSITION,90.0,10.0,WORKLOAD_STEP
2026-07-10 02:11:47.721307300+05:30,91.8,29,40.3,3053.12,52.3,127,307,TRANSITION,90.0,10.0,WORKLOAD_STEP
2026-07-10 02:11:49.750781300+05:30,91.0,29,40.5,3053.12,52.31,127,307,TRANSITION,90.0,10.0,WORKLOAD_STEP
2026-07-10 02:11:51.778609700+05:30,91.2,30,39.9,3053.12,52.3,127,307,TRANSITION,90.0,10.0,WORKLOAD_STEP
2026-07-10 02:11:53.805547700+05:30,94.7,29,40.1,3043.08,52.31,127,307,TRANSITION,90.0,10.0,WORKLOAD_STEP
2026-07-10 02:11:55.833521100+05:30,92.7,29,43.8,3053.12,52.3,127,307,TRANSITION,90.0,10.0,WORKLOAD_STEP
2026-07-10 02:11:57.874053800+05:30,92.1,29,43.2,3053.12,52.35,127,307,TRANSITION,90.0,10.0,WORKLOAD_STEP
2026-07-10 02:11:59.901430900+05:30,91.1,30,39.5,3053.12,52.3,127,307,TRANSITION,90.0,10.0,WORKLOAD_STEP
2026-07-10 02:12:01.930414800+05:30,91.9,29,46.3,3053.12,52.3,127,307,TRANSITION,90.0,10.0,WORKLOAD_STEP
2026-07-10 02:12:03.967067200+05:30,92.3,28,44.4,3053.12,52.31,127,307,TRANSITION,90.0,10.0,WORKLOAD_STEP
2026-07-10 02:12:05.998013700+05:30,93.1,29,42.4,3053.12,52.31,127,307,TRANSITION,90.0,10.0,WORKLOAD_STEP
2026-07-10 02:12:08.028098700+05:30,93.7,29,44.5,3053.12,52.31,127,307,TRANSITION,90.0,10.0,WORKLOAD_STEP
2026-07-10 02:12:10.059608700+05:30,91.7,29,41.6,3053.12,52.3,127,307,TRANSITION,90.0,10.0,WORKLOAD_STEP
2026-07-10 02:12:12.089898900+05:30,91.8,29,40.0,3053.12,52.38,128,307,TRANSITION,90.0,10.0,WORKLOAD_STEP
2026-07-10 02:12:14.123189+05:30,92.1,29,43.4,2701.6,52.31,128,307,TRANSITION,90.0,11.0,WORKLOAD_STEP
2026-07-10 02:12:16.153651400+05:30,91.8,29,43.1,3053.12,52.31,128,307,TRANSITION,90.0,11.0,WORKLOAD_STEP
2026-07-10 02:12:18.187937200+05:30,92.7,30,38.0,2882.38,52.31,128,307,TRANSITION,90.0,11.0,WORKLOAD_STEP
2026-07-10 02:12:20.220536400+05:30,93.8,29,42.2,3053.12,52.31,128,307,TRANSITION,90.0,11.0,WORKLOAD_STEP
2026-07-10 02:12:22.249476600+05:30,91.1,30,42.6,3053.12,52.31,128,307,TRANSITION,90.0,11.0,WORKLOAD_STEP
2026-07-10 02:12:24.279981500+05:30,92.1,30,38.4,3053.12,52.31,128,307,TRANSITION,90.0,11.0,WORKLOAD_STEP
2026-07-10 02:12:26.306616+05:30,90.8,29,41.3,3053.12,52.31,128,307,TRANSITION,90.0,11.0,WORKLOAD_STEP
2026-07-10 02:12:28.342980100+05:30,93.3,29,43.1,3053.12,52.31,127,307,TRANSITION,90.0,11.0,WORKLOAD_STEP
2026-07-10 02:12:30.370867400+05:30,94.1,29,42.5,3053.12,52.31,127,307,TRANSITION,90.0,11.0,WORKLOAD_STEP
2026-07-10 02:12:32.400042200+05:30,94.2,29,41.2,3053.12,52.31,127,307,TRANSITION,90.0,11.0,WORKLOAD_STEP
2026-07-10 02:12:34.431926500+05:30,91.5,29,42.4,3053.12,52.31,127,307,TRANSITION,90.0,11.0,WORKLOAD_STEP
2026-07-10 02:12:36.463002300+05:30,91.4,29,39.3,3053.12,52.31,127,307,TRANSITION,90.0,11.0,WORKLOAD_STEP
2026-07-10 02:12:38.500627300+05:30,90.7,30,43.5,3053.12,52.31,127,307,TRANSITION,90.0,11.0,WORKLOAD_STEP
2026-07-10 02:12:40.530786400+05:30,93.9,30,42.8,3053.12,52.32,126,307,TRANSITION,90.0,11.0,WORKLOAD_STEP
2026-07-10 02:12:42.558835100+05:30,91.3,29,39.2,3053.12,52.32,126,307,TRANSITION,90.0,11.0,WORKLOAD_STEP
2026-07-10 02:12:44.595507700+05:30,92.7,29,38.7,3053.12,52.32,126,307,TRANSITION,90.0,11.0,WORKLOAD_STEP
2026-07-10 02:12:46.632046300+05:30,91.5,29,43.5,3053.12,52.32,126,307,TRANSITION,90.0,11.0,WORKLOAD_STEP
2026-07-10 02:12:48.663392+05:30,92.1,30,40.7,3053.12,52.33,126,307,TRANSITION,90.0,11.0,WORKLOAD_STEP
2026-07-10 02:12:50.690902200+05:30,90.5,28,43.5,3053.12,52.32,126,307,TRANSITION,90.0,11.0,WORKLOAD_STEP
2026-07-10 02:12:52.724112200+05:30,93.8,32,43.9,3053.12,52.33,126,307,TRANSITION,90.0,11.0,WORKLOAD_STEP
2026-07-10 02:12:54.756387+05:30,93.5,30,42.6,3053.12,52.32,126,307,TRANSITION,90.0,11.0,WORKLOAD_STEP
2026-07-10 02:12:56.784158300+05:30,92.5,29,44.3,3053.12,52.33,126,307,TRANSITION,90.0,11.0,WORKLOAD_STEP
2026-07-10 02:12:58.818482900+05:30,92.9,29,38.9,3053.12,52.32,127,307,TRANSITION,90.0,11.0,WORKLOAD_STEP
2026-07-10 02:13:00.850885900+05:30,91.5,30,42.7,3053.12,52.33,127,307,TRANSITION,90.0,11.0,WORKLOAD_STEP
2026-07-10 02:13:02.880845300+05:30,91.5,28,42.3,3053.12,52.33,127,307,TRANSITION,90.0,11.0,WORKLOAD_STEP
2026-07-10 02:13:04.910983200+05:30,93.2,29,42.6,3053.12,52.34,127,307,TRANSITION,90.0,11.0,WORKLOAD_STEP
2026-07-10 02:13:06.947034700+05:30,93.4,29,42.3,3053.12,52.33,127,307,TRANSITION,90.0,11.0,WORKLOAD_STEP
2026-07-10 02:13:08.976459300+05:30,92.6,29,40.4,3053.12,52.34,127,307,TRANSITION,90.0,11.0,WORKLOAD_STEP
2026-07-10 02:13:11.005355+05:30,91.3,29,42.6,3053.12,52.33,127,307,TRANSITION,90.0,11.0,WORKLOAD_STEP
2026-07-10 02:13:13.033909900+05:30,90.9,29,44.5,3053.12,52.33,127,307,TRANSITION,90.0,11.0,WORKLOAD_STEP
2026-07-10 02:13:15.078729200+05:30,91.1,30,39.6,3053.12,52.33,127,307,TRANSITION,90.0,11.0,WORKLOAD_STEP
2026-07-10 02:13:17.105819200+05:30,47.5,44,15.1,1476.32,52.33,127,307,TRANSITION,40.0,12.0,WORKLOAD_STEP
2026-07-10 02:13:19.134450100+05:30,47.9,42,14.5,1687.24,52.33,127,307,TRANSITION,40.0,12.0,WORKLOAD_STEP
2026-07-10 02:13:21.195810100+05:30,46.9,48,16.1,1345.76,52.34,127,307,TRANSITION,40.0,12.0,WORKLOAD_STEP
2026-07-10 02:13:23.225128200+05:30,48.2,46,20.5,2018.65,52.34,127,307,TRANSITION,40.0,12.0,WORKLOAD_STEP
2026-07-10 02:13:25.264671300+05:30,43.6,48,20.5,1616.92,52.34,128,307,TRANSITION,40.0,12.0,WORKLOAD_STEP
2026-07-10 02:13:27.295656200+05:30,47.8,46,26.6,1827.83,52.34,129,307,TRANSITION,40.0,12.0,WORKLOAD_STEP
2026-07-10 02:13:29.335018500+05:30,45.4,40,26.8,1898.13,52.34,128,307,TRANSITION,40.0,12.0,WORKLOAD_STEP
2026-07-10 02:13:31.364585400+05:30,47.5,47,26.0,2058.82,52.34,126,307,TRANSITION,40.0,12.0,WORKLOAD_STEP
2026-07-10 02:13:33.397005500+05:30,45.6,45,29.1,2340.04,52.34,126,307,TRANSITION,40.0,12.0,WORKLOAD_STEP
2026-07-10 02:13:35.453802+05:30,43.8,40,28.7,2470.61,52.35,126,307,TRANSITION,40.0,12.0,WORKLOAD_STEP
2026-07-10 02:13:37.487363600+05:30,41.9,36,27.5,2540.9,52.34,126,307,TRANSITION,40.0,12.0,WORKLOAD_STEP
2026-07-10 02:13:39.515908+05:30,49.8,36,32.2,2460.56,52.51,127,308,TRANSITION,40.0,12.0,WORKLOAD_STEP
2026-07-10 02:13:41.551405900+05:30,45.1,40,28.1,2852.25,52.51,127,308,TRANSITION,40.0,12.0,WORKLOAD_STEP
2026-07-10 02:13:43.580638+05:30,46.3,44,28.9,2279.78,52.51,127,308,TRANSITION,40.0,12.0,WORKLOAD_STEP
2026-07-10 02:13:45.628091400+05:30,45.1,46,25.4,2119.08,52.5,127,308,TRANSITION,40.0,12.0,WORKLOAD_STEP
2026-07-10 02:13:47.657899600+05:30,45.7,45,29.3,2741.78,52.51,127,308,TRANSITION,40.0,12.0,WORKLOAD_STEP
2026-07-10 02:13:49.686344800+05:30,43.5,45,27.0,1938.3,52.51,127,308,TRANSITION,40.0,12.0,WORKLOAD_STEP
2026-07-10 02:13:51.715595700+05:30,47.3,38,29.2,2400.29,52.51,127,308,TRANSITION,40.0,12.0,WORKLOAD_STEP
2026-07-10 02:13:53.753626300+05:30,48.2,38,30.2,2380.21,52.5,127,308,TRANSITION,40.0,12.0,WORKLOAD_STEP
2026-07-10 02:13:55.786614200+05:30,44.0,36,29.5,2149.21,52.51,127,308,TRANSITION,40.0,12.0,WORKLOAD_STEP
2026-07-10 02:13:57.817259600+05:30,43.7,42,31.7,2701.6,52.5,127,308,TRANSITION,40.0,12.0,WORKLOAD_STEP
2026-07-10 02:13:59.853257100+05:30,42.4,42,28.7,1968.43,52.51,127,308,TRANSITION,40.0,12.0,WORKLOAD_STEP
2026-07-10 02:14:01.882457900+05:30,43.4,45,28.3,2219.51,52.51,127,308,TRANSITION,40.0,12.0,WORKLOAD_STEP
2026-07-10 02:14:03.908318500+05:30,45.9,45,26.6,2370.16,52.51,127,308,TRANSITION,40.0,12.0,WORKLOAD_STEP
2026-07-10 02:14:05.947348300+05:30,46.8,39,25.4,1817.78,52.51,127,308,TRANSITION,40.0,12.0,WORKLOAD_STEP
2026-07-10 02:14:07.982089800+05:30,45.3,36,28.6,2601.16,52.52,127,308,TRANSITION,40.0,12.0,WORKLOAD_STEP
2026-07-10 02:14:10.013736600+05:30,46.6,38,30.8,2530.86,52.49,126,308,TRANSITION,40.0,12.0,WORKLOAD_STEP
2026-07-10 02:14:12.041045300+05:30,44.7,35,31.8,2179.34,52.49,126,308,TRANSITION,40.0,12.0,WORKLOAD_STEP
2026-07-10 02:14:14.086961+05:30,45.1,39,30.9,3012.95,52.49,126,308,TRANSITION,40.0,12.0,WORKLOAD_STEP
2026-07-10 02:14:16.126313300+05:30,45.3,44,30.3,2420.39,52.49,126,308,TRANSITION,40.0,12.0,WORKLOAD_STEP
2026-07-10 02:14:18.160084+05:30,47.8,45,27.9,2209.47,52.49,126,308,TRANSITION,40.0,12.0,WORKLOAD_STEP
2026-07-10 02:14:20.190061100+05:30,43.8,39,23.1,2360.13,52.41,126,307,TRANSITION,40.0,12.0,WORKLOAD_STEP
2026-07-10 02:14:22.225469800+05:30,46.2,39,29.6,2450.52,52.47,126,308,TRANSITION,40.0,12.0,WORKLOAD_STEP
2026-07-10 02:14:24.253600900+05:30,42.8,38,30.6,2711.64,52.47,126,308,TRANSITION,40.0,12.0,WORKLOAD_STEP
2026-07-10 02:14:26.283274200+05:30,43.4,40,28.6,2329.99,52.46,126,308,TRANSITION,40.0,12.0,WORKLOAD_STEP
2026-07-10 02:14:28.318921200+05:30,47.9,40,29.6,2882.38,52.46,126,308,TRANSITION,40.0,12.0,WORKLOAD_STEP
2026-07-10 02:14:30.346629200+05:30,45.0,39,29.4,2360.12,52.47,126,308,TRANSITION,40.0,12.0,WORKLOAD_STEP
2026-07-10 02:14:32.377013700+05:30,44.7,39,32.2,2340.04,52.48,126,309,TRANSITION,40.0,12.0,WORKLOAD_STEP
2026-07-10 02:14:34.405632400+05:30,54.7,36,34.5,2872.34,52.48,126,309,TRANSITION,80.0,13.0,WORKLOAD_STEP
2026-07-10 02:14:36.435875200+05:30,82.6,32,42.2,3053.12,52.48,126,309,TRANSITION,80.0,13.0,WORKLOAD_STEP
2026-07-10 02:14:38.464902200+05:30,84.2,32,38.3,2701.6,52.51,126,309,TRANSITION,80.0,13.0,WORKLOAD_STEP
2026-07-10 02:14:40.501773200+05:30,84.8,32,40.8,3053.12,52.5,126,309,TRANSITION,80.0,13.0,WORKLOAD_STEP
2026-07-10 02:14:42.532521600+05:30,84.1,30,41.6,3022.99,52.55,126,309,TRANSITION,80.0,13.0,WORKLOAD_STEP
2026-07-10 02:14:44.558789500+05:30,81.6,32,40.3,2872.34,52.5,126,309,TRANSITION,80.0,13.0,WORKLOAD_STEP
2026-07-10 02:14:46.596878700+05:30,81.7,32,38.8,3053.12,52.5,126,309,TRANSITION,80.0,13.0,WORKLOAD_STEP
2026-07-10 02:14:48.626856400+05:30,82.0,34,42.1,3053.12,52.5,126,309,TRANSITION,80.0,13.0,WORKLOAD_STEP
2026-07-10 02:14:50.657019800+05:30,84.1,32,40.6,2711.64,52.5,126,309,TRANSITION,80.0,13.0,WORKLOAD_STEP
2026-07-10 02:14:52.686051400+05:30,83.7,32,39.1,2530.86,52.5,126,309,TRANSITION,80.0,13.0,WORKLOAD_STEP
2026-07-10 02:14:54.720396600+05:30,83.9,32,40.0,2882.38,52.5,126,309,TRANSITION,80.0,13.0,WORKLOAD_STEP
2026-07-10 02:14:56.752702300+05:30,83.6,32,40.1,2872.34,52.47,126,309,TRANSITION,80.0,13.0,WORKLOAD_STEP
2026-07-10 02:14:58.779457100+05:30,81.1,30,40.9,3053.12,52.47,126,309,TRANSITION,80.0,13.0,WORKLOAD_STEP
2026-07-10 02:15:00.812030500+05:30,80.1,32,42.4,2882.38,52.48,126,309,TRANSITION,80.0,13.0,WORKLOAD_STEP
2026-07-10 02:15:02.847009700+05:30,83.7,32,39.0,3053.12,52.48,126,309,TRANSITION,80.0,13.0,WORKLOAD_STEP
2026-07-10 02:15:04.876060600+05:30,42.3,52,14.1,1797.71,52.48,126,309,TRANSITION,30.0,14.0,WORKLOAD_STEP
2026-07-10 02:15:06.939231500+05:30,38.3,49,12.5,1345.77,52.48,128,309,TRANSITION,30.0,14.0,WORKLOAD_STEP
2026-07-10 02:15:08.989484800+05:30,39.9,39,16.5,1205.15,52.47,128,309,TRANSITION,30.0,14.0,WORKLOAD_STEP
2026-07-10 02:15:11.023635200+05:30,36.0,50,12.2,1315.63,52.47,128,309,TRANSITION,30.0,14.0,WORKLOAD_STEP
2026-07-10 02:15:13.081398600+05:30,39.5,50,13.1,1134.85,52.47,128,309,TRANSITION,30.0,14.0,WORKLOAD_STEP
2026-07-10 02:15:15.127045+05:30,37.7,51,13.6,1586.8,52.47,128,309,TRANSITION,30.0,14.0,WORKLOAD_STEP
2026-07-10 02:15:17.165557100+05:30,39.1,51,14.4,1727.4,52.48,128,309,TRANSITION,30.0,14.0,WORKLOAD_STEP
2026-07-10 02:15:19.230338600+05:30,37.3,50,14.7,1476.32,52.47,128,309,TRANSITION,30.0,14.0,WORKLOAD_STEP
2026-07-10 02:15:21.267894500+05:30,36.7,52,15.0,1757.54,52.48,128,309,TRANSITION,30.0,14.0,WORKLOAD_STEP
2026-07-10 02:15:23.297333+05:30,35.6,49,16.8,1888.1,52.42,128,308,TRANSITION,30.0,14.0,WORKLOAD_STEP
2026-07-10 02:15:25.338241600+05:30,35.0,50,18.9,1486.36,52.42,129,308,TRANSITION,30.0,14.0,WORKLOAD_STEP
2026-07-10 02:15:27.383994200+05:30,39.7,45,20.7,1667.14,52.43,129,308,TRANSITION,30.0,14.0,WORKLOAD_STEP
2026-07-10 02:15:29.415775600+05:30,36.2,38,24.7,2259.69,52.39,127,308,TRANSITION,30.0,14.0,WORKLOAD_STEP
2026-07-10 02:15:31.443267700+05:30,38.6,39,24.6,1928.25,52.39,127,308,TRANSITION,30.0,14.0,WORKLOAD_STEP
2026-07-10 02:15:33.480468900+05:30,34.0,50,23.4,2038.74,52.38,127,308,TRANSITION,30.0,14.0,WORKLOAD_STEP
2026-07-10 02:15:35.538161600+05:30,34.9,48,18.9,1817.8,52.38,127,308,TRANSITION,30.0,14.0,WORKLOAD_STEP
2026-07-10 02:15:37.567342700+05:30,34.8,42,18.3,1486.36,52.38,128,308,TRANSITION,30.0,14.0,WORKLOAD_STEP
2026-07-10 02:15:39.595022600+05:30,38.3,42,23.0,2219.52,52.39,128,308,TRANSITION,30.0,14.0,WORKLOAD_STEP
2026-07-10 02:15:41.628598900+05:30,35.5,52,18.7,1707.32,52.38,128,308,TRANSITION,30.0,15.0,WORKLOAD_STEP
2026-07-10 02:15:43.661141700+05:30,39.0,51,14.4,1416.06,52.39,128,308,TRANSITION,30.0,15.0,WORKLOAD_STEP
2026-07-10 02:15:45.691933100+05:30,35.3,46,12.9,1345.76,52.38,128,308,TRANSITION,30.0,15.0,WORKLOAD_STEP
2026-07-10 02:15:47.749927900+05:30,38.0,50,13.8,1325.69,52.38,128,308,TRANSITION,30.0,15.0,WORKLOAD_STEP
2026-07-10 02:15:49.814937600+05:30,34.5,51,12.3,1365.83,52.37,128,308,TRANSITION,30.0,15.0,WORKLOAD_STEP
2026-07-10 02:15:51.845633300+05:30,40.8,44,14.1,1677.19,52.38,128,308,TRANSITION,30.0,15.0,WORKLOAD_STEP
2026-07-10 02:15:53.911065300+05:30,41.8,51,13.4,1486.37,52.37,128,308,TRANSITION,30.0,15.0,WORKLOAD_STEP
2026-07-10 02:15:55.945940200+05:30,40.9,51,13.6,1556.66,52.41,129,308,TRANSITION,30.0,15.0,WORKLOAD_STEP
2026-07-10 02:15:57.975472400+05:30,39.1,52,13.5,1325.67,52.37,129,308,TRANSITION,30.0,15.0,WORKLOAD_STEP
2026-07-10 02:16:00.027198300+05:30,37.4,50,13.8,1315.63,52.37,129,308,TRANSITION,30.0,15.0,WORKLOAD_STEP
2026-07-10 02:16:02.078823+05:30,35.1,44,16.3,2109.05,52.36,129,307,TRANSITION,30.0,15.0,WORKLOAD_STEP
2026-07-10 02:16:04.115009300+05:30,37.3,40,17.8,1988.53,52.37,129,307,TRANSITION,30.0,15.0,WORKLOAD_STEP
2026-07-10 02:16:06.156146600+05:30,39.7,50,17.2,1365.85,52.37,129,307,TRANSITION,30.0,15.0,WORKLOAD_STEP
2026-07-10 02:16:08.207416300+05:30,37.5,51,16.4,1416.06,52.38,129,307,TRANSITION,30.0,15.0,WORKLOAD_STEP
2026-07-10 02:16:10.239649600+05:30,39.5,51,15.5,1697.28,52.37,129,307,TRANSITION,30.0,15.0,WORKLOAD_STEP
2026-07-10 02:16:12.270673600+05:30,35.2,51,13.5,1385.93,52.38,129,307,TRANSITION,30.0,15.0,WORKLOAD_STEP
2026-07-10 02:16:14.338935700+05:30,38.8,52,13.9,1335.72,52.37,129,307,TRANSITION,30.0,15.0,WORKLOAD_STEP
2026-07-10 02:16:16.373258600+05:30,38.7,49,15.0,1355.8,52.38,129,307,TRANSITION,30.0,15.0,WORKLOAD_STEP
2026-07-10 02:16:18.413689800+05:30,37.7,49,14.6,1255.38,52.38,129,307,TRANSITION,30.0,15.0,WORKLOAD_STEP
2026-07-10 02:16:20.457594900+05:30,34.8,42,18.0,1626.96,52.38,129,307,TRANSITION,30.0,15.0,WORKLOAD_STEP
2026-07-10 02:16:22.489406400+05:30,38.6,50,16.8,1596.85,52.38,128,307,TRANSITION,30.0,15.0,WORKLOAD_STEP
2026-07-10 02:16:24.538015800+05:30,33.2,42,18.2,2129.13,52.38,128,307,TRANSITION,30.0,15.0,WORKLOAD_STEP
2026-07-10 02:16:26.576893800+05:30,36.3,42,20.7,2139.17,52.38,129,307,TRANSITION,30.0,15.0,WORKLOAD_STEP
2026-07-10 02:16:28.629595900+05:30,36.5,44,22.9,2350.08,52.37,129,307,TRANSITION,30.0,15.0,WORKLOAD_STEP
2026-07-10 02:16:30.657924500+05:30,35.2,44,25.1,2611.21,52.37,129,307,TRANSITION,30.0,15.0,WORKLOAD_STEP
2026-07-10 02:16:32.689157600+05:30,33.6,46,24.9,1817.8,52.37,129,307,TRANSITION,30.0,15.0,WORKLOAD_STEP
2026-07-10 02:16:34.729208600+05:30,35.5,42,24.0,1827.82,52.38,129,307,TRANSITION,30.0,15.0,WORKLOAD_STEP
2026-07-10 02:16:36.757289400+05:30,33.3,42,20.8,2179.34,52.38,129,307,TRANSITION,30.0,15.0,WORKLOAD_STEP
2026-07-10 02:16:38.793938700+05:30,50.0,35,32.0,2882.38,52.37,129,307,TRANSITION,80.0,16.0,WORKLOAD_STEP
2026-07-10 02:16:40.820602100+05:30,83.8,32,37.6,2882.38,52.38,129,307,TRANSITION,80.0,16.0,WORKLOAD_STEP
2026-07-10 02:16:42.851514+05:30,81.2,32,36.2,3053.12,52.38,129,307,TRANSITION,80.0,16.0,WORKLOAD_STEP
2026-07-10 02:16:44.892936500+05:30,83.4,32,37.3,3043.08,52.38,129,307,TRANSITION,80.0,16.0,WORKLOAD_STEP
2026-07-10 02:16:46.921068400+05:30,80.6,32,37.9,3053.12,52.38,129,307,TRANSITION,80.0,16.0,WORKLOAD_STEP
2026-07-10 02:16:48.961063400+05:30,83.6,32,40.3,3053.12,52.38,129,307,TRANSITION,80.0,16.0,WORKLOAD_STEP
2026-07-10 02:16:50.985462300+05:30,83.4,32,38.1,2872.34,52.38,129,307,TRANSITION,80.0,16.0,WORKLOAD_STEP
2026-07-10 02:16:53.016283800+05:30,83.1,32,42.0,3053.12,52.38,129,307,TRANSITION,80.0,16.0,WORKLOAD_STEP
2026-07-10 02:16:55.045844200+05:30,83.0,34,41.0,3053.12,52.38,130,307,TRANSITION,80.0,16.0,WORKLOAD_STEP
2026-07-10 02:16:57.079042600+05:30,82.4,30,41.2,3053.12,52.38,130,307,TRANSITION,80.0,16.0,WORKLOAD_STEP
2026-07-10 02:16:59.110266200+05:30,81.6,29,40.2,2701.6,52.38,130,307,TRANSITION,80.0,16.0,WORKLOAD_STEP
2026-07-10 02:17:01.138483400+05:30,81.4,30,42.0,3053.12,52.37,130,307,TRANSITION,80.0,16.0,WORKLOAD_STEP
2026-07-10 02:17:03.172944800+05:30,83.0,29,40.9,3053.12,52.38,130,307,TRANSITION,80.0,16.0,WORKLOAD_STEP
2026-07-10 02:17:05.205861300+05:30,81.6,30,39.6,2882.38,52.39,130,307,TRANSITION,80.0,16.0,WORKLOAD_STEP
2026-07-10 02:17:07.239336600+05:30,87.0,32,39.8,3053.12,52.38,130,307,TRANSITION,80.0,16.0,WORKLOAD_STEP
2026-07-10 02:17:09.281835300+05:30,84.9,32,40.5,3053.12,52.39,130,307,TRANSITION,80.0,16.0,WORKLOAD_STEP
2026-07-10 02:17:11.311916700+05:30,81.3,29,42.2,3053.12,52.37,130,307,TRANSITION,80.0,16.0,WORKLOAD_STEP
2026-07-10 02:17:13.342648200+05:30,83.0,32,38.9,3053.12,52.38,130,307,TRANSITION,80.0,16.0,WORKLOAD_STEP
2026-07-10 02:17:15.369985700+05:30,84.5,29,40.5,3053.12,52.38,130,307,TRANSITION,80.0,16.0,WORKLOAD_STEP
2026-07-10 02:17:17.401209+05:30,84.0,30,38.1,2882.38,52.42,130,307,TRANSITION,80.0,16.0,WORKLOAD_STEP
2026-07-10 02:17:19.431028100+05:30,83.4,32,41.6,3053.12,52.38,130,307,TRANSITION,80.0,16.0,WORKLOAD_STEP
2026-07-10 02:17:21.466700+05:30,83.0,30,41.1,3053.12,52.37,130,307,TRANSITION,80.0,16.0,WORKLOAD_STEP
2026-07-10 02:17:23.493401600+05:30,83.2,32,41.7,3053.12,52.38,130,307,TRANSITION,80.0,16.0,WORKLOAD_STEP
2026-07-10 02:17:25.531889700+05:30,84.7,32,39.9,3053.12,52.38,131,307,TRANSITION,80.0,16.0,WORKLOAD_STEP
2026-07-10 02:17:27.571878100+05:30,84.5,30,36.2,3053.12,52.38,131,307,TRANSITION,80.0,16.0,WORKLOAD_STEP
2026-07-10 02:17:29.603714400+05:30,84.6,30,40.6,3053.12,52.38,129,307,TRANSITION,80.0,16.0,WORKLOAD_STEP
2026-07-10 02:17:31.631542+05:30,82.3,30,40.2,3053.12,52.38,129,307,TRANSITION,80.0,16.0,WORKLOAD_STEP
2026-07-10 02:17:33.661213800+05:30,81.1,30,40.2,3053.12,52.39,129,307,TRANSITION,80.0,16.0,WORKLOAD_STEP
2026-07-10 02:17:35.697029700+05:30,81.9,32,41.8,3053.12,52.38,129,307,TRANSITION,80.0,16.0,WORKLOAD_STEP
2026-07-10 02:17:37.733073600+05:30,84.4,32,42.3,3053.12,52.37,129,307,TRANSITION,80.0,16.0,WORKLOAD_STEP
2026-07-10 02:17:39.767158800+05:30,86.0,30,42.3,2872.34,52.37,129,307,TRANSITION,80.0,16.0,WORKLOAD_STEP
2026-07-10 02:17:41.794423600+05:30,83.1,29,39.9,3053.12,52.37,130,307,TRANSITION,80.0,16.0,WORKLOAD_STEP
2026-07-10 02:17:43.823714500+05:30,83.5,32,38.0,2882.38,52.37,128,307,TRANSITION,80.0,16.0,WORKLOAD_STEP
2026-07-10 02:17:45.852010700+05:30,83.1,30,39.9,3053.12,52.37,126,307,TRANSITION,80.0,16.0,WORKLOAD_STEP
2026-07-10 02:17:47.884459100+05:30,81.9,32,42.9,2882.38,52.37,126,307,TRANSITION,80.0,16.0,WORKLOAD_STEP
2026-07-10 02:17:49.915290400+05:30,84.5,32,40.7,3053.12,52.37,126,307,TRANSITION,80.0,16.0,WORKLOAD_STEP
2026-07-10 02:17:51.949737500+05:30,84.4,32,39.1,3053.12,52.38,126,306,TRANSITION,80.0,16.0,WORKLOAD_STEP
2026-07-10 02:17:53.978696500+05:30,82.3,29,38.2,2872.34,52.37,126,306,TRANSITION,80.0,16.0,WORKLOAD_STEP
2026-07-10 02:17:56.007845700+05:30,82.7,29,38.9,3053.12,52.38,126,306,TRANSITION,80.0,16.0,WORKLOAD_STEP
2026-07-10 02:17:58.039512400+05:30,81.7,30,41.0,3053.12,52.37,126,306,TRANSITION,80.0,16.0,WORKLOAD_STEP
2026-07-10 02:18:00.066366200+05:30,82.8,32,42.1,3053.12,52.39,126,306,TRANSITION,80.0,16.0,WORKLOAD_STEP
2026-07-10 02:18:02.094297700+05:30,82.6,32,39.9,3053.12,52.38,126,306,TRANSITION,80.0,16.0,WORKLOAD_STEP
2026-07-10 02:18:04.124965300+05:30,85.5,29,39.9,2872.34,52.38,126,306,TRANSITION,80.0,16.0,WORKLOAD_STEP
2026-07-10 02:18:06.162925800+05:30,83.0,32,39.8,3053.12,52.38,126,306,TRANSITION,80.0,16.0,WORKLOAD_STEP
2026-07-10 02:18:08.190958800+05:30,82.3,30,40.3,2882.38,52.39,126,306,TRANSITION,80.0,16.0,WORKLOAD_STEP
2026-07-10 02:18:10.217388200+05:30,81.5,30,37.5,3053.12,52.38,126,306,TRANSITION,80.0,16.0,WORKLOAD_STEP
2026-07-10 02:18:12.249309800+05:30,81.5,32,39.0,2882.38,52.39,126,306,TRANSITION,80.0,16.0,WORKLOAD_STEP
2026-07-10 02:18:14.278647800+05:30,84.8,30,38.1,3053.12,52.38,126,306,TRANSITION,80.0,16.0,WORKLOAD_STEP
2026-07-10 02:18:16.311481300+05:30,84.5,32,43.3,3053.12,52.39,126,306,TRANSITION,80.0,16.0,WORKLOAD_STEP
2026-07-10 02:18:18.340502900+05:30,83.3,29,40.4,3053.12,52.38,126,306,TRANSITION,80.0,16.0,WORKLOAD_STEP
2026-07-10 02:18:20.368483600+05:30,82.6,32,39.8,3053.12,52.39,126,306,TRANSITION,80.0,16.0,WORKLOAD_STEP
2026-07-10 02:18:22.403086600+05:30,82.8,32,41.3,3053.12,52.38,126,306,TRANSITION,80.0,16.0,WORKLOAD_STEP
2026-07-10 02:18:24.430209500+05:30,88.3,29,39.6,3053.12,52.37,126,306,TRANSITION,100.0,17.0,WORKLOAD_STEP
2026-07-10 02:18:26.521646800+05:30,100.0,29,41.2,3053.12,52.37,126,306,TRANSITION,100.0,17.0,WORKLOAD_STEP
2026-07-10 02:18:28.611426+05:30,100.0,29,44.3,3053.12,52.4,126,306,TRANSITION,100.0,17.0,WORKLOAD_STEP
2026-07-10 02:18:30.656907600+05:30,100.0,30,43.1,3053.12,52.37,127,306,TRANSITION,100.0,17.0,WORKLOAD_STEP
2026-07-10 02:18:32.774729700+05:30,100.0,30,44.4,3053.12,52.32,127,306,TRANSITION,100.0,17.0,WORKLOAD_STEP
2026-07-10 02:18:34.823868400+05:30,100.0,30,42.0,3053.12,52.34,127,306,TRANSITION,100.0,17.0,WORKLOAD_STEP
2026-07-10 02:18:36.895856+05:30,100.0,30,43.3,3053.12,52.34,127,306,TRANSITION,100.0,17.0,WORKLOAD_STEP
2026-07-10 02:18:38.956605300+05:30,100.0,30,43.6,3053.12,52.32,127,306,TRANSITION,100.0,17.0,WORKLOAD_STEP
2026-07-10 02:18:41.025399400+05:30,100.0,29,41.9,3053.12,52.33,127,306,TRANSITION,100.0,17.0,WORKLOAD_STEP
2026-07-10 02:18:43.082615600+05:30,100.0,30,40.9,3053.12,52.35,127,306,TRANSITION,100.0,17.0,WORKLOAD_STEP
2026-07-10 02:18:45.137895800+05:30,100.0,32,43.6,3053.12,52.34,127,306,TRANSITION,100.0,17.0,WORKLOAD_STEP
2026-07-10 02:18:47.208432100+05:30,100.0,29,44.9,3053.12,52.33,127,306,TRANSITION,100.0,17.0,WORKLOAD_STEP
2026-07-10 02:18:49.267944600+05:30,100.0,30,43.2,3053.12,52.32,127,306,TRANSITION,100.0,17.0,WORKLOAD_STEP
2026-07-10 02:18:51.324263200+05:30,100.0,29,45.8,3053.12,52.32,129,306,TRANSITION,100.0,17.0,WORKLOAD_STEP
2026-07-10 02:18:53.403889300+05:30,100.0,30,43.5,3053.12,52.34,129,306,TRANSITION,100.0,17.0,WORKLOAD_STEP
2026-07-10 02:18:55.452442200+05:30,100.0,30,42.6,3053.12,52.32,129,306,TRANSITION,100.0,17.0,WORKLOAD_STEP
2026-07-10 02:18:57.514815700+05:30,100.0,29,43.2,3053.12,52.32,129,306,TRANSITION,100.0,17.0,WORKLOAD_STEP
2026-07-10 02:18:59.577054300+05:30,100.0,29,42.8,3053.12,52.32,128,306,TRANSITION,100.0,17.0,WORKLOAD_STEP
2026-07-10 02:19:01.661484900+05:30,100.0,30,41.9,3053.12,52.33,127,306,TRANSITION,100.0,17.0,WORKLOAD_STEP
2026-07-10 02:19:03.751185500+05:30,100.0,30,45.0,3053.12,52.32,127,306,TRANSITION,100.0,17.0,WORKLOAD_STEP
2026-07-10 02:19:05.821674800+05:30,100.0,29,43.1,3053.12,52.32,127,306,TRANSITION,100.0,17.0,WORKLOAD_STEP
2026-07-10 02:19:07.882964700+05:30,100.0,30,43.1,3053.12,52.33,127,306,TRANSITION,100.0,17.0,WORKLOAD_STEP
2026-07-10 02:19:09.981705500+05:30,100.0,29,45.0,3053.12,52.33,127,306,TRANSITION,100.0,17.0,WORKLOAD_STEP
2026-07-10 02:19:12.073711400+05:30,100.0,30,41.2,3053.12,52.32,127,306,TRANSITION,100.0,17.0,WORKLOAD_STEP
2026-07-10 02:19:14.116359100+05:30,100.0,29,42.8,3053.12,52.31,127,306,TRANSITION,100.0,17.0,WORKLOAD_STEP
2026-07-10 02:19:16.171458400+05:30,100.0,29,42.3,3053.12,52.32,127,306,TRANSITION,100.0,17.0,WORKLOAD_STEP
2026-07-10 02:19:18.253395700+05:30,100.0,30,43.3,3053.12,52.32,128,306,TRANSITION,100.0,17.0,WORKLOAD_STEP
2026-07-10 02:19:20.302597600+05:30,100.0,29,42.7,3053.12,52.33,128,306,TRANSITION,100.0,17.0,WORKLOAD_STEP
2026-07-10 02:19:22.381309100+05:30,100.0,29,42.8,3053.12,52.31,128,306,TRANSITION,100.0,17.0,WORKLOAD_STEP
2026-07-10 02:19:24.440276600+05:30,100.0,30,40.2,3053.12,52.32,129,306,TRANSITION,100.0,17.0,WORKLOAD_STEP
2026-07-10 02:19:26.486782300+05:30,100.0,29,42.2,3053.12,52.31,129,306,TRANSITION,100.0,17.0,WORKLOAD_STEP
2026-07-10 02:19:28.530657500+05:30,100.0,29,43.9,3053.12,52.33,129,306,TRANSITION,100.0,17.0,WORKLOAD_STEP
2026-07-10 02:19:30.565568500+05:30,100.0,29,41.5,3053.12,52.31,128,306,TRANSITION,100.0,17.0,WORKLOAD_STEP
2026-07-10 02:19:32.637782400+05:30,100.0,29,43.4,3053.12,52.35,128,306,TRANSITION,100.0,17.0,WORKLOAD_STEP
2026-07-10 02:19:34.691257800+05:30,100.0,30,42.3,3053.12,52.32,128,306,TRANSITION,100.0,17.0,WORKLOAD_STEP
2026-07-10 02:19:36.754292100+05:30,100.0,30,44.8,3053.12,52.33,128,306,TRANSITION,100.0,17.0,WORKLOAD_STEP
2026-07-10 02:19:38.798231900+05:30,100.0,29,43.8,3053.12,52.32,127,306,TRANSITION,100.0,17.0,WORKLOAD_STEP
2026-07-10 02:19:40.852530100+05:30,100.0,30,44.7,3053.12,52.31,127,306,TRANSITION,100.0,17.0,WORKLOAD_STEP
2026-07-10 02:19:42.910598900+05:30,100.0,29,41.9,3053.12,52.32,127,306,TRANSITION,100.0,17.0,WORKLOAD_STEP
2026-07-10 02:19:44.982840700+05:30,100.0,29,42.4,3053.12,52.32,127,306,TRANSITION,100.0,17.0,WORKLOAD_STEP
2026-07-10 02:19:47.032599600+05:30,100.0,30,40.8,3053.12,52.32,127,306,TRANSITION,100.0,17.0,WORKLOAD_STEP
2026-07-10 02:19:49.081145+05:30,100.0,29,43.3,3053.12,52.32,127,306,TRANSITION,100.0,17.0,WORKLOAD_STEP
2026-07-10 02:19:51.148857700+05:30,100.0,29,43.7,3053.12,52.32,127,306,TRANSITION,100.0,17.0,WORKLOAD_STEP
2026-07-10 02:19:53.235279700+05:30,100.0,29,42.0,3053.12,52.32,127,306,TRANSITION,100.0,17.0,WORKLOAD_STEP
2026-07-10 02:19:55.323851+05:30,100.0,30,45.3,3053.12,52.32,127,306,TRANSITION,100.0,17.0,WORKLOAD_STEP
2026-07-10 02:19:57.394708+05:30,100.0,29,45.3,3053.12,52.3,127,306,TRANSITION,100.0,17.0,WORKLOAD_STEP
2026-07-10 02:19:59.485788300+05:30,81.2,44,24.1,2279.79,52.33,127,306,TRANSITION,50.0,18.0,WORKLOAD_STEP
2026-07-10 02:20:01.515622200+05:30,56.3,35,28.7,2370.16,52.33,127,306,TRANSITION,50.0,18.0,WORKLOAD_STEP
2026-07-10 02:20:03.543258600+05:30,56.8,38,31.2,2510.77,52.32,127,306,TRANSITION,50.0,18.0,WORKLOAD_STEP
2026-07-10 02:20:05.573991800+05:30,53.7,39,32.1,2701.6,52.32,127,306,TRANSITION,50.0,18.0,WORKLOAD_STEP
2026-07-10 02:20:07.611915+05:30,55.7,32,29.8,2520.81,52.33,127,306,TRANSITION,50.0,18.0,WORKLOAD_STEP
2026-07-10 02:20:09.641713900+05:30,55.4,32,30.3,2701.6,52.31,127,306,TRANSITION,50.0,18.0,WORKLOAD_STEP
2026-07-10 02:20:11.678801400+05:30,53.9,34,32.0,2500.73,52.33,127,306,TRANSITION,50.0,18.0,WORKLOAD_STEP
2026-07-10 02:20:13.705491100+05:30,54.2,36,35.7,2540.9,52.32,127,306,TRANSITION,50.0,18.0,WORKLOAD_STEP
2026-07-10 02:20:15.737171600+05:30,57.0,39,33.4,3053.12,52.33,127,306,TRANSITION,50.0,18.0,WORKLOAD_STEP
2026-07-10 02:20:17.771948100+05:30,53.6,36,33.3,3053.12,52.32,127,306,TRANSITION,50.0,18.0,WORKLOAD_STEP
2026-07-10 02:20:19.803180900+05:30,55.1,36,33.5,2862.3,52.33,127,306,TRANSITION,50.0,18.0,WORKLOAD_STEP
2026-07-10 02:20:21.831691400+05:30,52.1,35,31.7,2530.86,52.32,127,306,TRANSITION,50.0,18.0,WORKLOAD_STEP
2026-07-10 02:20:23.861575700+05:30,53.5,34,32.0,2701.6,52.33,127,306,TRANSITION,50.0,18.0,WORKLOAD_STEP
2026-07-10 02:20:25.890324900+05:30,54.5,34,32.1,2319.95,52.32,127,306,TRANSITION,50.0,18.0,WORKLOAD_STEP
2026-07-10 02:20:27.924680100+05:30,54.9,32,32.1,2520.82,52.36,127,306,TRANSITION,50.0,18.0,WORKLOAD_STEP
2026-07-10 02:20:29.956014800+05:30,53.5,38,35.0,2701.6,52.32,127,306,TRANSITION,50.0,18.0,WORKLOAD_STEP
2026-07-10 02:20:31.983294800+05:30,52.2,36,33.8,2691.56,52.32,127,306,TRANSITION,50.0,18.0,WORKLOAD_STEP
2026-07-10 02:20:34.010971100+05:30,52.5,36,32.2,3053.12,52.32,127,306,TRANSITION,50.0,18.0,WORKLOAD_STEP
2026-07-10 02:20:36.036696800+05:30,54.3,36,33.1,2340.04,52.32,127,306,TRANSITION,50.0,18.0,WORKLOAD_STEP
2026-07-10 02:20:38.062975700+05:30,54.9,34,30.2,2691.56,52.32,127,306,TRANSITION,50.0,18.0,WORKLOAD_STEP
2026-07-10 02:20:40.093300800+05:30,54.4,49,22.4,1375.88,52.32,127,306,TRANSITION,50.0,19.0,WORKLOAD_STEP
2026-07-10 02:20:42.169918100+05:30,54.6,45,28.3,2701.6,52.32,127,306,TRANSITION,50.0,19.0,WORKLOAD_STEP
2026-07-10 02:20:44.202416600+05:30,52.9,38,33.2,2400.29,52.32,127,306,TRANSITION,50.0,19.0,WORKLOAD_STEP
2026-07-10 02:20:46.229739300+05:30,55.1,36,29.4,2480.65,52.32,127,306,TRANSITION,50.0,19.0,WORKLOAD_STEP
2026-07-10 02:20:48.257265200+05:30,53.5,35,30.7,2430.43,52.32,127,306,TRANSITION,50.0,19.0,WORKLOAD_STEP
2026-07-10 02:20:50.284558600+05:30,56.5,36,33.5,2520.82,52.32,127,306,TRANSITION,50.0,19.0,WORKLOAD_STEP
2026-07-10 02:20:52.313127300+05:30,52.9,38,29.8,3053.12,52.32,127,306,TRANSITION,50.0,19.0,WORKLOAD_STEP
2026-07-10 02:20:54.346256600+05:30,53.9,42,32.3,2299.87,52.32,127,306,TRANSITION,50.0,19.0,WORKLOAD_STEP
2026-07-10 02:20:56.379847+05:30,53.5,45,31.0,3043.08,52.33,127,306,TRANSITION,50.0,19.0,WORKLOAD_STEP
2026-07-10 02:20:58.417200700+05:30,54.0,45,34.1,2530.86,52.33,127,306,TRANSITION,50.0,19.0,WORKLOAD_STEP
2026-07-10 02:21:00.442578800+05:30,54.8,36,32.8,2882.38,52.33,127,306,TRANSITION,50.0,19.0,WORKLOAD_STEP
2026-07-10 02:21:02.469896900+05:30,56.4,38,32.7,2701.6,52.33,127,306,TRANSITION,50.0,19.0,WORKLOAD_STEP
2026-07-10 02:21:04.508990400+05:30,53.1,34,30.5,2500.73,52.33,127,306,TRANSITION,50.0,19.0,WORKLOAD_STEP
2026-07-10 02:21:06.541153200+05:30,53.6,35,32.3,2711.64,52.34,127,306,TRANSITION,50.0,19.0,WORKLOAD_STEP
2026-07-10 02:21:08.569032500+05:30,51.4,35,33.5,2822.12,52.33,127,306,TRANSITION,50.0,19.0,WORKLOAD_STEP
2026-07-10 02:21:10.598626500+05:30,53.9,36,33.8,2882.38,52.34,127,306,TRANSITION,50.0,19.0,WORKLOAD_STEP
2026-07-10 02:21:12.639728700+05:30,55.3,32,32.4,2872.34,52.33,127,306,TRANSITION,50.0,19.0,WORKLOAD_STEP
2026-07-10 02:21:14.667756700+05:30,56.6,36,32.0,2701.6,52.34,127,306,TRANSITION,50.0,19.0,WORKLOAD_STEP
2026-07-10 02:21:16.698599300+05:30,53.9,36,34.9,2530.86,52.33,128,306,TRANSITION,50.0,19.0,WORKLOAD_STEP
2026-07-10 02:21:18.734719400+05:30,52.3,34,32.1,2370.16,52.38,128,306,TRANSITION,50.0,19.0,WORKLOAD_STEP
2026-07-10 02:21:20.761886100+05:30,52.2,34,33.0,2711.64,52.33,128,306,TRANSITION,50.0,19.0,WORKLOAD_STEP
2026-07-10 02:21:22.788571800+05:30,52.1,32,31.4,2701.6,52.33,126,306,TRANSITION,50.0,19.0,WORKLOAD_STEP
2026-07-10 02:21:24.819105100+05:30,54.1,39,33.7,3053.12,52.34,127,306,TRANSITION,50.0,19.0,WORKLOAD_STEP
2026-07-10 02:21:26.851246100+05:30,54.9,36,33.9,2701.6,52.34,127,306,TRANSITION,50.0,19.0,WORKLOAD_STEP
2026-07-10 02:21:28.889916900+05:30,56.1,38,34.3,2681.52,52.34,127,306,TRANSITION,50.0,19.0,WORKLOAD_STEP
2026-07-10 02:21:30.918957400+05:30,53.2,42,33.3,2701.6,52.35,126,306,TRANSITION,50.0,19.0,WORKLOAD_STEP
2026-07-10 02:21:32.947950100+05:30,52.5,36,31.1,2711.64,52.35,126,306,TRANSITION,50.0,19.0,WORKLOAD_STEP
2026-07-10 02:21:34.976794+05:30,52.3,32,36.6,2711.64,52.35,126,306,TRANSITION,50.0,19.0,WORKLOAD_STEP
2026-07-10 02:21:37.006791100+05:30,57.4,32,30.6,2882.38,52.36,127,306,TRANSITION,50.0,19.0,WORKLOAD_STEP
2026-07-10 02:21:39.035208400+05:30,53.8,35,34.3,2701.6,52.37,127,306,TRANSITION,50.0,19.0,WORKLOAD_STEP
2026-07-10 02:21:41.064242600+05:30,55.2,36,32.0,2701.6,52.37,127,306,TRANSITION,50.0,19.0,WORKLOAD_STEP
2026-07-10 02:21:43.093237700+05:30,73.6,32,35.8,3053.12,52.37,127,306,TRANSITION,100.0,20.0,WORKLOAD_STEP
2026-07-10 02:21:45.171277900+05:30,100.0,32,42.2,3053.12,52.36,127,306,TRANSITION,100.0,20.0,WORKLOAD_STEP
2026-07-10 02:21:47.208495+05:30,100.0,32,42.4,3053.12,52.38,126,306,TRANSITION,100.0,20.0,WORKLOAD_STEP
2026-07-10 02:21:49.292290100+05:30,100.0,32,43.8,3053.12,52.38,126,306,TRANSITION,100.0,20.0,WORKLOAD_STEP
2026-07-10 02:21:51.372815900+05:30,100.0,30,40.9,3053.12,52.37,126,306,TRANSITION,100.0,20.0,WORKLOAD_STEP
2026-07-10 02:21:53.427481+05:30,100.0,30,42.3,3053.12,52.38,126,306,TRANSITION,100.0,20.0,WORKLOAD_STEP
2026-07-10 02:21:55.474778200+05:30,100.0,30,44.8,3053.12,52.38,126,306,TRANSITION,100.0,20.0,WORKLOAD_STEP
2026-07-10 02:21:57.535715100+05:30,100.0,32,42.0,3053.12,52.39,126,306,TRANSITION,100.0,20.0,WORKLOAD_STEP
2026-07-10 02:21:59.620265600+05:30,100.0,30,40.6,3053.12,52.38,126,306,TRANSITION,100.0,20.0,WORKLOAD_STEP
2026-07-10 02:22:01.674701100+05:30,100.0,30,44.8,3053.12,52.38,126,306,TRANSITION,100.0,20.0,WORKLOAD_STEP
2026-07-10 02:22:03.752820300+05:30,100.0,30,42.8,3053.12,52.39,126,306,TRANSITION,100.0,20.0,WORKLOAD_STEP
2026-07-10 02:22:05.827414+05:30,100.0,30,39.8,3053.12,52.41,126,306,TRANSITION,100.0,20.0,WORKLOAD_STEP
2026-07-10 02:22:07.874152600+05:30,100.0,30,41.0,3053.12,52.39,126,306,TRANSITION,100.0,20.0,WORKLOAD_STEP
2026-07-10 02:22:09.947986100+05:30,100.0,32,46.6,3053.12,52.44,126,306,TRANSITION,100.0,20.0,WORKLOAD_STEP
2026-07-10 02:22:12.014142300+05:30,100.0,29,41.9,2882.38,52.38,126,306,TRANSITION,100.0,20.0,WORKLOAD_STEP
2026-07-10 02:22:14.063195600+05:30,100.0,30,44.5,3053.12,52.39,126,306,TRANSITION,100.0,20.0,WORKLOAD_STEP
2026-07-10 02:22:16.116849300+05:30,80.6,49,31.5,1255.36,52.39,126,306,TRANSITION,0.0,21.0,WORKLOAD_STEP
2026-07-10 02:22:18.163663200+05:30,6.2,51,8.5,1245.33,52.39,126,306,TRANSITION,0.0,21.0,WORKLOAD_STEP
2026-07-10 02:22:20.206097900+05:30,6.4,52,8.9,1335.71,52.38,126,306,TRANSITION,0.0,21.0,WORKLOAD_STEP
2026-07-10 02:22:22.253730100+05:30,5.5,51,8.6,1195.11,52.44,126,308,TRANSITION,0.0,21.0,WORKLOAD_STEP
2026-07-10 02:22:24.289037400+05:30,14.7,52,9.4,1395.98,52.45,126,308,TRANSITION,0.0,21.0,WORKLOAD_STEP
2026-07-10 02:22:26.329476700+05:30,14.9,56,8.7,1215.19,52.45,126,308,TRANSITION,0.0,21.0,WORKLOAD_STEP
2026-07-10 02:22:28.373454200+05:30,11.3,52,9.4,1205.16,52.45,128,308,TRANSITION,0.0,21.0,WORKLOAD_STEP
2026-07-10 02:22:30.425970400+05:30,6.8,52,8.6,1355.81,52.46,128,308,TRANSITION,0.0,21.0,WORKLOAD_STEP
2026-07-10 02:22:32.473672600+05:30,9.3,52,8.9,1285.49,52.44,126,308,TRANSITION,0.0,21.0,WORKLOAD_STEP
2026-07-10 02:22:34.517285200+05:30,10.3,54,8.6,1285.5,52.45,126,308,TRANSITION,0.0,21.0,WORKLOAD_STEP
2026-07-10 02:22:36.556486+05:30,12.7,53,9.0,1215.2,52.45,126,308,TRANSITION,0.0,21.0,WORKLOAD_STEP
2026-07-10 02:22:38.603070100+05:30,9.8,55,8.9,1225.23,52.46,126,308,TRANSITION,0.0,21.0,WORKLOAD_STEP
2026-07-10 02:22:40.654768400+05:30,12.6,55,9.0,1164.98,52.48,126,308,TRANSITION,0.0,21.0,WORKLOAD_STEP
2026-07-10 02:22:42.705658100+05:30,6.1,55,9.0,1215.19,52.45,126,308,TRANSITION,0.0,21.0,WORKLOAD_STEP
2026-07-10 02:22:44.757497100+05:30,8.1,55,8.6,1406.02,52.47,126,308,TRANSITION,0.0,21.0,WORKLOAD_STEP
2026-07-10 02:22:46.809027100+05:30,5.5,53,8.7,1375.88,52.46,126,308,TRANSITION,0.0,21.0,WORKLOAD_STEP
2026-07-10 02:22:48.859984100+05:30,10.3,55,8.5,1416.06,52.46,126,308,TRANSITION,0.0,21.0,WORKLOAD_STEP
2026-07-10 02:22:50.915041800+05:30,7.0,56,8.4,1255.36,52.44,126,308,TRANSITION,0.0,21.0,WORKLOAD_STEP
2026-07-10 02:22:52.978701800+05:30,7.8,56,8.4,1285.49,52.48,126,309,TRANSITION,0.0,21.0,WORKLOAD_STEP
2026-07-10 02:22:55.018011100+05:30,9.4,58,8.5,1215.2,52.48,126,309,TRANSITION,0.0,21.0,WORKLOAD_STEP
2026-07-10 02:22:57.064612500+05:30,7.8,55,8.6,1225.26,52.48,128,309,TRANSITION,0.0,21.0,WORKLOAD_STEP
2026-07-10 02:22:59.116062100+05:30,8.0,58,9.2,1275.45,52.48,128,309,TRANSITION,0.0,21.0,WORKLOAD_STEP
2026-07-10 02:23:01.151516400+05:30,10.7,58,8.5,1245.32,52.46,128,309,TRANSITION,0.0,21.0,WORKLOAD_STEP
2026-07-10 02:23:03.201615900+05:30,11.0,56,9.0,1707.31,52.48,128,309,TRANSITION,0.0,21.0,WORKLOAD_STEP
2026-07-10 02:23:05.251478200+05:30,5.8,56,8.7,1265.42,52.48,128,309,TRANSITION,0.0,21.0,WORKLOAD_STEP
2026-07-10 02:23:07.293397100+05:30,6.4,56,8.5,1235.28,52.47,127,309,TRANSITION,0.0,21.0,WORKLOAD_STEP
2026-07-10 02:23:09.340316200+05:30,6.2,56,8.2,1265.42,52.47,127,309,TRANSITION,0.0,21.0,WORKLOAD_STEP
2026-07-10 02:23:11.386705400+05:30,12.2,58,8.4,1215.2,52.51,127,309,TRANSITION,0.0,21.0,WORKLOAD_STEP
2026-07-10 02:23:13.419532400+05:30,10.5,55,8.4,1245.32,52.48,127,309,TRANSITION,0.0,21.0,WORKLOAD_STEP
2026-07-10 02:23:15.466280200+05:30,9.5,55,8.5,1275.46,52.47,127,309,TRANSITION,0.0,21.0,WORKLOAD_STEP
2026-07-10 02:23:17.500789400+05:30,12.5,56,8.8,1255.36,52.46,127,309,TRANSITION,0.0,21.0,WORKLOAD_STEP
2026-07-10 02:23:19.543895+05:30,10.3,55,9.0,1235.29,52.47,127,309,TRANSITION,0.0,21.0,WORKLOAD_STEP
2026-07-10 02:23:21.593718800+05:30,11.7,57,10.3,1395.97,52.74,127,309,TRANSITION,0.0,21.0,WORKLOAD_STEP
2026-07-10 02:23:23.637304300+05:30,12.3,56,10.0,1144.89,52.68,127,307,TRANSITION,0.0,21.0,WORKLOAD_STEP
2026-07-10 02:23:25.687011700+05:30,14.8,56,11.1,1536.57,52.12,128,307,TRANSITION,0.0,21.0,WORKLOAD_STEP
2026-07-10 02:23:27.732490600+05:30,9.0,57,11.1,1416.05,52.1,130,307,TRANSITION,0.0,21.0,WORKLOAD_STEP
2026-07-10 02:23:29.772056800+05:30,12.5,56,9.2,1255.36,52.12,127,307,TRANSITION,0.0,21.0,WORKLOAD_STEP
2026-07-10 02:23:31.824189100+05:30,9.5,55,8.6,1164.99,52.13,127,307,TRANSITION,0.0,21.0,WORKLOAD_STEP
2026-07-10 02:23:33.867529800+05:30,8.7,54,9.1,1325.66,52.14,127,307,TRANSITION,0.0,21.0,WORKLOAD_STEP
2026-07-10 02:23:35.909365800+05:30,9.9,55,8.5,1365.84,52.14,127,307,TRANSITION,0.0,21.0,WORKLOAD_STEP
2026-07-10 02:23:37.961042300+05:30,7.3,58,8.7,1255.36,52.21,127,307,TRANSITION,0.0,21.0,WORKLOAD_STEP
2026-07-10 02:23:39.994378400+05:30,7.5,59,8.7,1355.79,52.17,127,307,TRANSITION,0.0,21.0,WORKLOAD_STEP
2026-07-10 02:23:42.042133600+05:30,8.5,56,8.5,1506.46,52.18,127,307,TRANSITION,0.0,21.0,WORKLOAD_STEP
2026-07-10 02:23:44.087692400+05:30,7.9,55,10.5,1395.98,52.42,127,315,TRANSITION,0.0,21.0,WORKLOAD_STEP
2026-07-10 02:23:46.120065700+05:30,14.8,54,15.4,1797.69,52.57,126,314,TRANSITION,0.0,21.0,WORKLOAD_STEP
2026-07-10 02:23:48.155267900+05:30,15.9,56,13.7,1596.83,52.45,126,314,TRANSITION,0.0,21.0,WORKLOAD_STEP
2026-07-10 02:23:50.181561+05:30,12.2,51,14.0,1606.87,52.52,126,314,TRANSITION,0.0,21.0,WORKLOAD_STEP
2026-07-10 02:23:52.210792200+05:30,14.2,53,14.7,1787.65,52.45,126,314,TRANSITION,0.0,21.0,WORKLOAD_STEP
2026-07-10 02:23:54.238716200+05:30,10.6,51,14.2,1697.26,52.54,126,314,TRANSITION,0.0,21.0,WORKLOAD_STEP
2026-07-10 02:23:56.266487100+05:30,11.5,54,11.0,1556.65,52.42,127,310,TRANSITION,0.0,21.0,WORKLOAD_STEP
2026-07-10 02:23:58.315265700+05:30,5.9,56,8.6,1245.33,52.43,127,310,TRANSITION,0.0,21.0,WORKLOAD_STEP
2026-07-10 02:24:00.363449500+05:30,8.0,56,8.7,1456.23,52.46,127,310,TRANSITION,0.0,21.0,WORKLOAD_STEP
2026-07-10 02:24:02.422383+05:30,9.6,56,8.7,1406.02,52.46,127,310,TRANSITION,0.0,21.0,WORKLOAD_STEP
2026-07-10 02:24:04.461615700+05:30,7.7,56,8.4,1245.32,52.46,127,310,TRANSITION,0.0,21.0,WORKLOAD_STEP
2026-07-10 02:24:06.487789600+05:30,6.3,56,8.7,1265.42,52.47,127,310,TRANSITION,0.0,21.0,WORKLOAD_STEP
2026-07-10 02:24:08.530429100+05:30,5.5,55,8.7,1385.93,52.48,127,310,TRANSITION,0.0,21.0,WORKLOAD_STEP
2026-07-10 02:24:10.571791800+05:30,7.8,53,9.9,1827.84,52.45,127,310,TRANSITION,0.0,21.0,WORKLOAD_STEP
2026-07-10 02:24:12.637260600+05:30,7.6,56,9.1,1355.83,52.47,127,310,TRANSITION,0.0,21.0,WORKLOAD_STEP
2026-07-10 02:24:14.721145200+05:30,7.3,56,9.4,1426.1,52.46,127,310,TRANSITION,0.0,21.0,WORKLOAD_STEP
2026-07-10 02:24:16.753868700+05:30,8.3,56,8.6,1215.2,52.46,127,310,TRANSITION,0.0,21.0,WORKLOAD_STEP
2026-07-10 02:24:18.810159900+05:30,8.7,56,8.4,1185.08,52.44,127,310,TRANSITION,0.0,21.0,WORKLOAD_STEP
2026-07-10 02:24:20.858128500+05:30,6.0,56,8.3,1275.45,52.43,127,310,TRANSITION,0.0,21.0,WORKLOAD_STEP
2026-07-10 02:24:22.917155+05:30,11.2,56,8.8,1154.95,52.46,127,310,TRANSITION,0.0,21.0,WORKLOAD_STEP
2026-07-10 02:24:24.962349800+05:30,7.2,58,8.3,1235.28,52.44,126,310,TRANSITION,0.0,21.0,WORKLOAD_STEP
2026-07-10 02:24:27.004803500+05:30,10.0,55,9.2,1677.18,52.45,126,310,TRANSITION,0.0,21.0,WORKLOAD_STEP
2026-07-10 02:24:29.045076200+05:30,9.1,56,8.4,1325.68,52.46,126,310,TRANSITION,0.0,21.0,WORKLOAD_STEP
2026-07-10 02:24:31.074644400+05:30,100.0,35,30.3,3053.12,52.46,129,310,TRANSITION,100.0,22.0,WORKLOAD_STEP
2026-07-10 02:24:33.152915400+05:30,100.0,35,40.9,3053.12,52.47,129,311,TRANSITION,100.0,22.0,WORKLOAD_STEP
2026-07-10 02:24:35.239851300+05:30,100.0,35,41.4,3043.08,52.49,129,311,TRANSITION,100.0,22.0,WORKLOAD_STEP
2026-07-10 02:24:37.347833500+05:30,100.0,34,42.2,3053.12,52.46,129,311,TRANSITION,100.0,22.0,WORKLOAD_STEP
2026-07-10 02:24:39.423694600+05:30,100.0,34,41.1,3053.12,52.47,129,311,TRANSITION,100.0,22.0,WORKLOAD_STEP
2026-07-10 02:24:41.504329900+05:30,100.0,32,40.2,3053.12,52.48,129,311,TRANSITION,100.0,22.0,WORKLOAD_STEP
2026-07-10 02:24:43.574869700+05:30,100.0,32,43.0,3053.12,52.49,129,311,TRANSITION,100.0,22.0,WORKLOAD_STEP
2026-07-10 02:24:45.675217800+05:30,100.0,32,43.0,3053.12,52.47,129,311,TRANSITION,100.0,22.0,WORKLOAD_STEP
2026-07-10 02:24:47.747713+05:30,100.0,32,43.5,3053.12,52.46,129,311,TRANSITION,100.0,22.0,WORKLOAD_STEP
2026-07-10 02:24:49.821576400+05:30,100.0,32,42.9,3053.12,52.46,129,311,TRANSITION,100.0,22.0,WORKLOAD_STEP
2026-07-10 02:24:51.905486400+05:30,100.0,32,42.0,3053.12,52.48,129,311,TRANSITION,100.0,22.0,WORKLOAD_STEP
2026-07-10 02:24:53.952135300+05:30,100.0,32,43.6,3053.12,52.47,129,311,TRANSITION,100.0,22.0,WORKLOAD_STEP
2026-07-10 02:24:56.010525500+05:30,100.0,30,42.2,3053.12,52.37,129,310,TRANSITION,100.0,22.0,WORKLOAD_STEP
2026-07-10 02:24:58.069362400+05:30,100.0,30,43.0,3053.12,52.37,129,310,TRANSITION,100.0,22.0,WORKLOAD_STEP
2026-07-10 02:25:00.121325100+05:30,100.0,30,41.9,3053.12,52.39,129,310,TRANSITION,100.0,22.0,WORKLOAD_STEP
2026-07-10 02:25:02.176174900+05:30,100.0,30,43.0,3053.12,52.45,129,310,TRANSITION,100.0,22.0,WORKLOAD_STEP
2026-07-10 02:25:04.257530300+05:30,100.0,30,43.6,3053.12,52.45,129,310,TRANSITION,100.0,22.0,WORKLOAD_STEP
2026-07-10 02:25:06.333143800+05:30,100.0,29,39.7,3053.12,52.44,129,310,TRANSITION,100.0,22.0,WORKLOAD_STEP
2026-07-10 02:25:08.399897700+05:30,100.0,30,42.0,3053.12,52.44,129,310,TRANSITION,100.0,22.0,WORKLOAD_STEP
2026-07-10 02:25:10.491797900+05:30,100.0,29,42.0,3053.12,52.47,130,310,TRANSITION,100.0,22.0,WORKLOAD_STEP
2026-07-10 02:25:12.537502800+05:30,100.0,30,42.2,3053.12,52.46,130,310,TRANSITION,100.0,22.0,WORKLOAD_STEP
2026-07-10 02:25:14.600457400+05:30,100.0,29,42.5,3053.12,52.45,130,310,TRANSITION,100.0,22.0,WORKLOAD_STEP
2026-07-10 02:25:16.671239900+05:30,100.0,29,42.1,3053.12,52.47,130,310,TRANSITION,100.0,22.0,WORKLOAD_STEP
2026-07-10 02:25:18.732290200+05:30,100.0,30,44.2,3053.12,52.47,130,310,TRANSITION,100.0,22.0,WORKLOAD_STEP
2026-07-10 02:25:20.802300100+05:30,100.0,30,43.0,3053.12,52.46,130,310,TRANSITION,100.0,22.0,WORKLOAD_STEP
2026-07-10 02:25:22.878974300+05:30,100.0,30,42.4,3053.12,52.45,130,310,TRANSITION,100.0,22.0,WORKLOAD_STEP
2026-07-10 02:25:24.955465900+05:30,100.0,30,42.4,3053.12,52.46,131,310,TRANSITION,100.0,22.0,WORKLOAD_STEP
2026-07-10 02:25:26.994747200+05:30,100.0,30,43.2,3053.12,52.43,131,309,TRANSITION,100.0,22.0,WORKLOAD_STEP
2026-07-10 02:25:29.053136300+05:30,100.0,32,41.8,3053.12,52.43,131,309,TRANSITION,100.0,22.0,WORKLOAD_STEP
2026-07-10 02:25:31.126930900+05:30,100.0,30,40.8,3053.12,52.41,130,309,TRANSITION,100.0,22.0,WORKLOAD_STEP
2026-07-10 02:25:33.171288400+05:30,100.0,30,43.6,3053.12,52.41,130,309,TRANSITION,100.0,22.0,WORKLOAD_STEP
2026-07-10 02:25:35.228072200+05:30,100.0,30,43.1,3053.12,52.41,130,309,TRANSITION,100.0,22.0,WORKLOAD_STEP
2026-07-10 02:25:37.327218100+05:30,100.0,30,44.7,3053.12,52.42,130,309,TRANSITION,100.0,22.0,WORKLOAD_STEP
2026-07-10 02:25:39.375728500+05:30,100.0,29,44.2,3053.12,52.39,130,309,TRANSITION,100.0,22.0,WORKLOAD_STEP
2026-07-10 02:25:41.416193100+05:30,100.0,30,42.7,3053.12,52.41,130,309,TRANSITION,100.0,22.0,WORKLOAD_STEP
2026-07-10 02:25:43.472074300+05:30,100.0,29,43.4,3053.12,52.4,130,309,TRANSITION,100.0,22.0,WORKLOAD_STEP
2026-07-10 02:25:45.523934900+05:30,100.0,30,43.0,3053.12,52.4,130,309,TRANSITION,100.0,22.0,WORKLOAD_STEP
2026-07-10 02:25:47.566870100+05:30,100.0,30,44.9,3053.12,52.42,130,309,TRANSITION,100.0,22.0,WORKLOAD_STEP
2026-07-10 02:25:49.629321100+05:30,100.0,29,44.1,3053.12,52.43,130,309,TRANSITION,100.0,22.0,WORKLOAD_STEP
2026-07-10 02:25:51.686155900+05:30,100.0,30,44.4,3053.12,52.43,130,309,TRANSITION,100.0,22.0,WORKLOAD_STEP
2026-07-10 02:25:53.780505700+05:30,100.0,30,42.3,3053.12,52.43,130,309,TRANSITION,100.0,22.0,WORKLOAD_STEP
2026-07-10 02:25:55.830656500+05:30,100.0,29,44.3,3053.12,52.42,130,309,TRANSITION,100.0,22.0,WORKLOAD_STEP
2026-07-10 02:25:57.882710100+05:30,100.0,30,43.8,3053.12,52.43,130,309,TRANSITION,100.0,22.0,WORKLOAD_STEP
2026-07-10 02:25:59.944438500+05:30,100.0,30,42.4,3053.12,52.45,130,309,TRANSITION,100.0,22.0,WORKLOAD_STEP
2026-07-10 02:26:02.091498100+05:30,100.0,30,45.0,3053.12,52.36,130,309,TRANSITION,100.0,22.0,WORKLOAD_STEP
2026-07-10 02:26:04.138318400+05:30,100.0,30,42.3,3053.12,52.37,130,309,TRANSITION,100.0,22.0,WORKLOAD_STEP
2026-07-10 02:26:06.192625300+05:30,100.0,30,44.1,3053.12,52.37,130,309,TRANSITION,100.0,22.0,WORKLOAD_STEP
2026-07-10 02:26:08.261054600+05:30,100.0,29,42.5,3053.12,52.37,130,309,TRANSITION,100.0,22.0,WORKLOAD_STEP
2026-07-10 02:26:10.314304100+05:30,100.0,29,44.2,3053.12,52.37,130,309,TRANSITION,100.0,22.0,WORKLOAD_STEP
2026-07-10 02:26:12.410335300+05:30,100.0,29,47.0,3053.12,52.37,130,309,TRANSITION,100.0,22.0,WORKLOAD_STEP
2026-07-10 02:26:14.484429200+05:30,100.0,29,43.4,3053.12,52.37,132,309,TRANSITION,100.0,22.0,WORKLOAD_STEP
2026-07-10 02:26:16.535933900+05:30,100.0,30,45.3,3053.12,52.37,132,309,TRANSITION,100.0,22.0,WORKLOAD_STEP
2026-07-10 02:26:18.624895+05:30,100.0,29,41.6,3053.12,52.37,132,309,TRANSITION,100.0,22.0,WORKLOAD_STEP
2026-07-10 02:26:20.690809400+05:30,100.0,28,44.7,3053.12,52.37,132,309,TRANSITION,100.0,22.0,WORKLOAD_STEP
2026-07-10 02:26:22.760536500+05:30,100.0,29,44.6,3053.12,52.36,132,309,TRANSITION,100.0,22.0,WORKLOAD_STEP
2026-07-10 02:26:24.828531700+05:30,100.0,30,45.0,3053.12,52.38,132,309,TRANSITION,100.0,22.0,WORKLOAD_STEP
2026-07-10 02:26:26.930528800+05:30,100.0,30,43.7,3053.12,52.37,132,309,TRANSITION,100.0,22.0,WORKLOAD_STEP
2026-07-10 02:26:28.986313500+05:30,100.0,29,43.8,3053.12,52.38,131,309,TRANSITION,100.0,22.0,WORKLOAD_STEP
2026-07-10 02:26:31.044878200+05:30,100.0,30,42.1,3053.12,52.37,131,309,TRANSITION,100.0,22.0,WORKLOAD_STEP
2026-07-10 02:26:33.079738900+05:30,100.0,29,40.6,3053.12,52.38,130,309,TRANSITION,100.0,22.0,WORKLOAD_STEP
2026-07-10 02:26:35.134849200+05:30,100.0,30,43.1,3053.12,52.37,130,309,TRANSITION,100.0,22.0,WORKLOAD_STEP
2026-07-10 02:26:37.199864400+05:30,100.0,32,44.3,3053.12,52.38,130,309,TRANSITION,100.0,22.0,WORKLOAD_STEP
2026-07-10 02:26:39.250472+05:30,100.0,30,43.0,3053.12,52.37,130,309,TRANSITION,100.0,22.0,WORKLOAD_STEP
2026-07-10 02:26:41.316959+05:30,100.0,29,43.9,3053.12,52.38,130,309,TRANSITION,100.0,22.0,WORKLOAD_STEP
2026-07-10 02:26:43.391131+05:30,100.0,29,44.1,3053.12,52.37,131,309,TRANSITION,100.0,22.0,WORKLOAD_STEP
2026-07-10 02:26:45.432663900+05:30,100.0,29,44.1,3053.12,52.43,129,309,TRANSITION,100.0,22.0,WORKLOAD_STEP
2026-07-10 02:26:47.518219200+05:30,100.0,29,42.7,3053.12,52.38,129,309,TRANSITION,100.0,22.0,WORKLOAD_STEP
2026-07-10 02:26:49.593033900+05:30,100.0,29,45.4,3053.12,52.39,129,309,TRANSITION,100.0,22.0,WORKLOAD_STEP
2026-07-10 02:26:51.699321100+05:30,100.0,30,42.7,3053.12,52.38,129,309,TRANSITION,100.0,22.0,WORKLOAD_STEP
2026-07-10 02:26:53.746560+05:30,100.0,29,42.2,3053.12,52.38,129,309,TRANSITION,100.0,22.0,WORKLOAD_STEP
2026-07-10 02:26:55.854802+05:30,100.0,29,44.2,3053.12,52.39,129,309,TRANSITION,100.0,22.0,WORKLOAD_STEP
2026-07-10 02:26:57.917864800+05:30,100.0,29,41.9,3053.12,52.39,129,309,TRANSITION,100.0,22.0,WORKLOAD_STEP
2026-07-10 02:26:59.961919200+05:30,100.0,29,45.2,3053.12,52.38,129,309,TRANSITION,100.0,22.0,WORKLOAD_STEP
2026-07-10 02:27:02.009403200+05:30,100.0,29,43.3,3053.12,52.38,129,309,TRANSITION,100.0,22.0,WORKLOAD_STEP
2026-07-10 02:27:04.069266700+05:30,100.0,30,42.3,3053.12,52.38,129,309,TRANSITION,100.0,22.0,WORKLOAD_STEP
2026-07-10 02:27:06.123849200+05:30,100.0,29,40.5,3053.12,52.39,129,309,TRANSITION,100.0,22.0,WORKLOAD_STEP
2026-07-10 02:27:08.191186800+05:30,100.0,29,41.1,3053.12,52.39,129,309,TRANSITION,100.0,22.0,WORKLOAD_STEP
2026-07-10 02:27:10.256259300+05:30,100.0,30,43.4,3053.12,52.39,129,309,TRANSITION,100.0,22.0,WORKLOAD_STEP
2026-07-10 02:27:12.335269200+05:30,100.0,29,43.2,3053.12,52.39,128,309,TRANSITION,100.0,22.0,WORKLOAD_STEP
2026-07-10 02:27:14.420871500+05:30,100.0,29,42.4,3053.12,52.4,128,309,TRANSITION,100.0,22.0,WORKLOAD_STEP
2026-07-10 02:27:16.504165300+05:30,100.0,30,43.1,3043.08,52.41,128,309,TRANSITION,100.0,22.0,WORKLOAD_STEP
2026-07-10 02:27:18.577450900+05:30,100.0,30,42.9,3053.12,52.39,128,309,TRANSITION,100.0,22.0,WORKLOAD_STEP
2026-07-10 02:27:20.645218800+05:30,100.0,30,42.5,3053.12,52.39,128,309,TRANSITION,100.0,22.0,WORKLOAD_STEP
2026-07-10 02:27:22.713760700+05:30,100.0,29,45.7,3053.12,52.41,128,309,TRANSITION,100.0,22.0,WORKLOAD_STEP
2026-07-10 02:27:24.801920400+05:30,100.0,29,41.8,3053.12,52.4,129,309,TRANSITION,100.0,22.0,WORKLOAD_STEP
2026-07-10 02:27:26.857007100+05:30,100.0,30,42.6,3053.12,52.39,129,309,TRANSITION,100.0,22.0,WORKLOAD_STEP
2026-07-10 02:27:28.895180300+05:30,100.0,30,44.0,3053.12,52.4,129,309,TRANSITION,100.0,22.0,WORKLOAD_STEP
2026-07-10 02:27:30.965089+05:30,100.0,30,41.4,3053.12,52.39,128,309,TRANSITION,100.0,22.0,WORKLOAD_STEP
2026-07-10 02:27:33.022146+05:30,100.0,29,42.2,3053.12,52.4,128,309,TRANSITION,100.0,22.0,WORKLOAD_STEP
2026-07-10 02:27:35.073902500+05:30,100.0,30,42.3,3053.12,52.39,128,309,TRANSITION,100.0,22.0,WORKLOAD_STEP
2026-07-10 02:27:37.133849700+05:30,100.0,28,44.1,3053.12,52.42,129,309,TRANSITION,100.0,23.0,WORKLOAD_STEP
2026-07-10 02:27:39.188089400+05:30,100.0,30,48.5,3053.12,52.41,129,309,TRANSITION,100.0,23.0,WORKLOAD_STEP
2026-07-10 02:27:41.246106100+05:30,100.0,30,42.6,3053.12,52.41,129,309,TRANSITION,100.0,23.0,WORKLOAD_STEP
2026-07-10 02:27:43.306119500+05:30,100.0,29,43.6,3053.12,52.41,129,309,TRANSITION,100.0,23.0,WORKLOAD_STEP
2026-07-10 02:27:45.389865500+05:30,100.0,30,43.1,3053.12,52.44,129,309,TRANSITION,100.0,23.0,WORKLOAD_STEP
2026-07-10 02:27:47.446839400+05:30,100.0,29,43.6,3053.12,52.41,129,309,TRANSITION,100.0,23.0,WORKLOAD_STEP
2026-07-10 02:27:49.506780900+05:30,100.0,29,43.0,3053.12,52.42,129,309,TRANSITION,100.0,23.0,WORKLOAD_STEP
2026-07-10 02:27:51.580632100+05:30,100.0,29,43.6,3053.12,52.41,129,309,TRANSITION,100.0,23.0,WORKLOAD_STEP
2026-07-10 02:27:53.630962600+05:30,100.0,30,41.3,3053.12,52.46,129,309,TRANSITION,100.0,23.0,WORKLOAD_STEP
2026-07-10 02:27:55.764794300+05:30,100.0,29,43.1,3053.12,52.41,129,309,TRANSITION,100.0,23.0,WORKLOAD_STEP
2026-07-10 02:27:57.818829200+05:30,100.0,30,42.8,3053.12,52.41,129,309,TRANSITION,100.0,23.0,WORKLOAD_STEP
2026-07-10 02:27:59.876901800+05:30,100.0,30,44.1,3053.12,52.41,129,309,TRANSITION,100.0,23.0,WORKLOAD_STEP
2026-07-10 02:28:01.960043+05:30,100.0,28,44.0,3053.12,52.41,129,309,TRANSITION,100.0,23.0,WORKLOAD_STEP
2026-07-10 02:28:04.035168900+05:30,100.0,29,42.7,3053.12,52.41,129,309,TRANSITION,100.0,23.0,WORKLOAD_STEP
2026-07-10 02:28:06.078020500+05:30,100.0,30,42.1,3053.12,52.41,129,309,TRANSITION,100.0,23.0,WORKLOAD_STEP
2026-07-10 02:28:08.119753+05:30,100.0,29,44.9,3053.12,52.41,129,309,TRANSITION,100.0,23.0,WORKLOAD_STEP
2026-07-10 02:28:10.176767200+05:30,100.0,29,41.2,3053.12,52.41,129,309,TRANSITION,100.0,23.0,WORKLOAD_STEP
2026-07-10 02:28:12.218871700+05:30,100.0,29,43.6,3053.12,52.4,129,309,TRANSITION,100.0,23.0,WORKLOAD_STEP
2026-07-10 02:28:14.293100600+05:30,100.0,29,42.4,3053.12,52.4,129,309,TRANSITION,100.0,23.0,WORKLOAD_STEP
2026-07-10 02:28:16.338777100+05:30,100.0,29,43.1,3053.12,52.4,129,309,TRANSITION,100.0,23.0,WORKLOAD_STEP
2026-07-10 02:28:18.396889200+05:30,100.0,29,41.9,3053.12,52.41,129,309,TRANSITION,100.0,23.0,WORKLOAD_STEP
2026-07-10 02:28:20.463412600+05:30,100.0,29,44.2,3053.12,52.4,129,309,TRANSITION,100.0,23.0,WORKLOAD_STEP
2026-07-10 02:28:22.519891300+05:30,100.0,30,42.0,3053.12,52.41,129,309,TRANSITION,100.0,23.0,WORKLOAD_STEP
2026-07-10 02:28:24.605831+05:30,100.0,29,44.1,3053.12,52.4,129,309,TRANSITION,100.0,23.0,WORKLOAD_STEP
2026-07-10 02:28:26.687112100+05:30,100.0,29,44.4,3053.12,52.42,129,309,TRANSITION,100.0,23.0,WORKLOAD_STEP
2026-07-10 02:28:28.758150500+05:30,100.0,29,41.7,3053.12,52.42,128,309,TRANSITION,100.0,23.0,WORKLOAD_STEP
2026-07-10 02:28:30.825723400+05:30,100.0,29,44.4,3053.12,52.42,128,309,TRANSITION,100.0,23.0,WORKLOAD_STEP
2026-07-10 02:28:32.881987300+05:30,100.0,29,42.2,3053.12,52.41,128,309,TRANSITION,100.0,23.0,WORKLOAD_STEP
2026-07-10 02:28:34.946392+05:30,100.0,29,42.3,3053.12,52.41,128,309,TRANSITION,100.0,23.0,WORKLOAD_STEP
2026-07-10 02:28:36.986255400+05:30,100.0,29,44.7,3053.12,52.42,128,309,TRANSITION,100.0,23.0,WORKLOAD_STEP
2026-07-10 02:28:39.028454+05:30,100.0,29,41.9,3053.12,52.4,128,309,TRANSITION,100.0,23.0,WORKLOAD_STEP
2026-07-10 02:28:41.082900800+05:30,100.0,29,43.1,3053.12,52.41,128,309,TRANSITION,100.0,23.0,WORKLOAD_STEP
2026-07-10 02:28:43.121802300+05:30,100.0,29,43.8,3053.12,52.4,128,309,TRANSITION,100.0,23.0,WORKLOAD_STEP
2026-07-10 02:28:45.169749400+05:30,100.0,29,44.9,3053.12,52.41,128,309,TRANSITION,100.0,23.0,WORKLOAD_STEP
2026-07-10 02:28:47.227207500+05:30,100.0,29,40.7,3053.12,52.4,128,309,TRANSITION,100.0,23.0,WORKLOAD_STEP
2026-07-10 02:28:49.281779+05:30,100.0,29,43.2,3053.12,52.41,128,309,TRANSITION,100.0,23.0,WORKLOAD_STEP
2026-07-10 02:28:51.351804400+05:30,100.0,30,39.6,3053.12,52.4,130,309,TRANSITION,100.0,23.0,WORKLOAD_STEP
2026-07-10 02:28:53.404925400+05:30,100.0,29,42.2,3053.12,52.4,130,309,TRANSITION,100.0,23.0,WORKLOAD_STEP
2026-07-10 02:28:55.472147+05:30,100.0,29,41.0,3053.12,52.39,130,309,TRANSITION,100.0,23.0,WORKLOAD_STEP
2026-07-10 02:28:57.577578800+05:30,100.0,30,43.8,3053.12,52.4,130,309,TRANSITION,100.0,23.0,WORKLOAD_STEP
2026-07-10 02:28:59.662346400+05:30,100.0,29,42.9,3053.12,52.39,130,309,TRANSITION,100.0,23.0,WORKLOAD_STEP
2026-07-10 02:29:01.750977800+05:30,100.0,30,43.8,3053.12,52.39,129,309,TRANSITION,100.0,23.0,WORKLOAD_STEP
2026-07-10 02:29:03.831979100+05:30,100.0,30,44.8,3053.12,52.39,129,309,TRANSITION,100.0,23.0,WORKLOAD_STEP
2026-07-10 02:29:05.879558900+05:30,100.0,30,43.2,3053.12,52.4,129,309,TRANSITION,100.0,23.0,WORKLOAD_STEP
2026-07-10 02:29:07.939740100+05:30,100.0,29,40.4,3053.12,52.4,129,309,TRANSITION,100.0,23.0,WORKLOAD_STEP
2026-07-10 02:29:09.987909500+05:30,100.0,29,41.5,3053.12,52.4,129,309,TRANSITION,100.0,23.0,WORKLOAD_STEP
2026-07-10 02:29:12.111526900+05:30,100.0,29,43.3,3053.12,52.33,128,309,TRANSITION,100.0,23.0,WORKLOAD_STEP
2026-07-10 02:29:14.167859300+05:30,100.0,30,44.1,3053.12,52.33,128,309,TRANSITION,100.0,23.0,WORKLOAD_STEP
2026-07-10 02:29:16.216675100+05:30,100.0,30,44.7,3053.12,52.34,128,309,TRANSITION,100.0,23.0,WORKLOAD_STEP
2026-07-10 02:29:18.255183600+05:30,50.1,49,9.9,1255.37,52.35,128,309,TRANSITION,0.0,24.0,WORKLOAD_STEP
2026-07-10 02:29:20.291387400+05:30,12.8,51,9.0,1164.98,52.35,128,309,TRANSITION,0.0,24.0,WORKLOAD_STEP
2026-07-10 02:29:22.337942500+05:30,11.5,51,8.7,1245.32,52.35,128,309,TRANSITION,0.0,24.0,WORKLOAD_STEP
2026-07-10 02:29:24.382114300+05:30,10.7,52,9.3,1345.75,52.36,129,309,TRANSITION,0.0,24.0,WORKLOAD_STEP
2026-07-10 02:29:26.441203900+05:30,9.5,52,8.4,1245.32,52.36,129,309,TRANSITION,0.0,24.0,WORKLOAD_STEP
2026-07-10 02:29:28.503499900+05:30,8.5,52,8.8,1406.01,52.36,129,309,TRANSITION,0.0,24.0,WORKLOAD_STEP
2026-07-10 02:29:30.551552400+05:30,7.3,52,8.4,1426.1,52.36,128,309,TRANSITION,0.0,24.0,WORKLOAD_STEP
2026-07-10 02:29:32.601344300+05:30,6.6,55,8.7,1325.66,52.37,128,309,TRANSITION,0.0,24.0,WORKLOAD_STEP
2026-07-10 02:29:34.645658500+05:30,9.0,53,8.9,1325.67,52.35,129,309,TRANSITION,0.0,24.0,WORKLOAD_STEP
2026-07-10 02:29:36.694621800+05:30,8.7,53,9.0,1195.1,52.39,129,309,TRANSITION,0.0,24.0,WORKLOAD_STEP
2026-07-10 02:29:38.731125800+05:30,8.9,54,9.1,1245.32,52.35,127,309,TRANSITION,0.0,24.0,WORKLOAD_STEP
2026-07-10 02:29:40.797007600+05:30,26.3,55,10.9,1395.98,52.39,127,309,TRANSITION,20.0,25.0,WORKLOAD_STEP
2026-07-10 02:29:42.855219200+05:30,27.9,54,13.1,1235.28,52.39,127,309,TRANSITION,20.0,25.0,WORKLOAD_STEP
2026-07-10 02:29:44.902944900+05:30,31.1,56,11.3,1456.24,52.38,126,309,TRANSITION,20.0,25.0,WORKLOAD_STEP
2026-07-10 02:29:46.926541300+05:30,33.7,53,11.8,1215.2,52.38,126,309,TRANSITION,20.0,25.0,WORKLOAD_STEP
2026-07-10 02:29:48.983599300+05:30,30.0,53,11.5,1345.76,52.38,126,309,TRANSITION,20.0,25.0,WORKLOAD_STEP
2026-07-10 02:29:51.036516+05:30,28.5,52,12.3,1144.9,52.38,126,309,TRANSITION,20.0,25.0,WORKLOAD_STEP
2026-07-10 02:29:53.075723600+05:30,25.5,53,12.2,1335.71,52.38,126,309,TRANSITION,20.0,25.0,WORKLOAD_STEP
2026-07-10 02:29:55.134737800+05:30,29.7,55,13.2,1134.85,52.39,126,309,TRANSITION,20.0,25.0,WORKLOAD_STEP
2026-07-10 02:29:57.172556600+05:30,26.8,53,13.7,1466.28,52.38,126,309,TRANSITION,20.0,25.0,WORKLOAD_STEP
2026-07-10 02:29:59.212730400+05:30,29.7,54,12.5,1857.95,52.38,126,309,TRANSITION,20.0,25.0,WORKLOAD_STEP
2026-07-10 02:30:01.272807400+05:30,27.9,53,12.5,1225.24,52.38,126,309,TRANSITION,20.0,25.0,WORKLOAD_STEP
2026-07-10 02:30:03.304651300+05:30,28.4,52,13.0,1395.98,52.39,126,309,TRANSITION,20.0,25.0,WORKLOAD_STEP
2026-07-10 02:30:05.339290300+05:30,24.7,53,13.0,1144.89,52.38,125,309,TRANSITION,20.0,25.0,WORKLOAD_STEP
2026-07-10 02:30:07.380080300+05:30,26.3,52,13.3,1104.73,52.43,125,309,TRANSITION,20.0,25.0,WORKLOAD_STEP
2026-07-10 02:30:09.436672100+05:30,29.2,51,14.9,1436.15,52.38,125,309,TRANSITION,20.0,25.0,WORKLOAD_STEP
2026-07-10 02:30:11.468083800+05:30,28.0,51,15.5,1365.83,52.38,125,309,TRANSITION,20.0,25.0,WORKLOAD_STEP
2026-07-10 02:30:13.505374300+05:30,30.7,42,14.6,1687.23,52.38,125,309,TRANSITION,20.0,25.0,WORKLOAD_STEP
2026-07-10 02:30:15.568608+05:30,28.6,48,13.5,1717.35,52.38,125,309,TRANSITION,20.0,25.0,WORKLOAD_STEP
2026-07-10 02:30:17.597334500+05:30,26.4,53,14.0,1757.54,52.38,125,309,TRANSITION,20.0,25.0,WORKLOAD_STEP
2026-07-10 02:30:19.622913500+05:30,27.2,51,17.9,1888.11,52.38,125,309,TRANSITION,20.0,25.0,WORKLOAD_STEP
2026-07-10 02:30:21.653693+05:30,31.2,53,15.0,1496.4,52.38,125,309,TRANSITION,20.0,25.0,WORKLOAD_STEP
2026-07-10 02:30:23.714866700+05:30,25.9,49,16.8,1154.94,52.38,125,309,TRANSITION,20.0,25.0,WORKLOAD_STEP
2026-07-10 02:30:25.759818600+05:30,29.3,44,16.6,1476.32,52.38,125,309,TRANSITION,20.0,25.0,WORKLOAD_STEP
2026-07-10 02:30:27.792170700+05:30,24.9,51,14.9,1335.71,52.38,125,309,TRANSITION,20.0,25.0,WORKLOAD_STEP
2026-07-10 02:30:29.873057900+05:30,30.9,52,15.5,1355.8,52.39,125,309,TRANSITION,20.0,25.0,WORKLOAD_STEP
2026-07-10 02:30:31.902116800+05:30,27.5,50,14.5,1185.05,52.38,125,309,TRANSITION,20.0,25.0,WORKLOAD_STEP
2026-07-10 02:30:33.964029600+05:30,27.6,51,16.3,1375.9,52.43,125,309,TRANSITION,20.0,25.0,WORKLOAD_STEP
2026-07-10 02:30:36.024910900+05:30,27.4,50,17.6,1215.19,52.39,125,309,TRANSITION,20.0,25.0,WORKLOAD_STEP
2026-07-10 02:30:38.054537300+05:30,26.3,38,20.7,1928.26,52.39,125,309,TRANSITION,20.0,25.0,WORKLOAD_STEP
2026-07-10 02:30:40.104452400+05:30,24.0,48,17.4,1677.18,52.39,125,309,TRANSITION,20.0,25.0,WORKLOAD_STEP
2026-07-10 02:30:42.137581700+05:30,23.3,42,19.5,2239.6,52.39,125,309,TRANSITION,20.0,25.0,WORKLOAD_STEP
2026-07-10 02:30:44.168655700+05:30,28.1,48,19.0,1667.14,52.39,125,309,TRANSITION,20.0,25.0,WORKLOAD_STEP
2026-07-10 02:30:46.201647700+05:30,25.4,42,21.0,1586.79,52.38,125,309,TRANSITION,20.0,25.0,WORKLOAD_STEP
2026-07-10 02:30:48.237559800+05:30,27.4,46,20.5,2068.87,52.38,125,309,TRANSITION,20.0,25.0,WORKLOAD_STEP
2026-07-10 02:30:50.273086900+05:30,24.9,42,20.8,1988.52,52.39,125,309,TRANSITION,20.0,25.0,WORKLOAD_STEP
2026-07-10 02:30:52.301824800+05:30,26.1,44,20.7,2360.12,52.4,125,309,TRANSITION,20.0,25.0,WORKLOAD_STEP
2026-07-10 02:30:54.333270100+05:30,23.3,44,21.3,2430.43,52.39,125,309,TRANSITION,20.0,25.0,WORKLOAD_STEP
2026-07-10 02:30:56.357549+05:30,27.4,46,21.7,1928.26,52.4,125,309,TRANSITION,20.0,25.0,WORKLOAD_STEP
2026-07-10 02:30:58.383845300+05:30,25.5,45,19.8,1857.96,52.39,125,309,TRANSITION,20.0,25.0,WORKLOAD_STEP
2026-07-10 02:31:00.426505400+05:30,23.0,48,22.3,1807.74,52.41,125,309,TRANSITION,20.0,25.0,WORKLOAD_STEP
2026-07-10 02:31:02.458426400+05:30,23.2,45,23.5,1737.43,52.4,125,309,TRANSITION,20.0,25.0,WORKLOAD_STEP
2026-07-10 02:31:04.488109800+05:30,24.8,42,21.6,2068.86,52.4,125,309,TRANSITION,20.0,25.0,WORKLOAD_STEP
2026-07-10 02:31:06.519764800+05:30,23.4,42,20.5,2129.12,52.38,125,309,TRANSITION,20.0,25.0,WORKLOAD_STEP
2026-07-10 02:31:08.552834+05:30,27.1,42,22.9,2088.98,52.38,125,309,TRANSITION,20.0,25.0,WORKLOAD_STEP
2026-07-10 02:31:10.586299900+05:30,29.2,49,19.4,2159.25,52.39,125,309,TRANSITION,20.0,25.0,WORKLOAD_STEP
2026-07-10 02:31:12.617285800+05:30,24.9,42,22.9,1978.48,52.38,125,309,TRANSITION,20.0,25.0,WORKLOAD_STEP
2026-07-10 02:31:14.656744+05:30,54.3,32,33.7,2882.38,52.4,125,309,TRANSITION,80.0,26.0,WORKLOAD_STEP
2026-07-10 02:31:16.686799900+05:30,81.5,34,38.5,3053.12,52.4,125,309,TRANSITION,80.0,26.0,WORKLOAD_STEP
2026-07-10 02:31:18.719838500+05:30,83.9,32,43.3,2882.38,52.39,125,309,TRANSITION,80.0,26.0,WORKLOAD_STEP
2026-07-10 02:31:20.752083500+05:30,85.2,32,39.3,2882.38,52.4,125,309,TRANSITION,80.0,26.0,WORKLOAD_STEP
2026-07-10 02:31:22.781670200+05:30,84.0,29,43.6,2701.6,52.39,124,309,TRANSITION,80.0,26.0,WORKLOAD_STEP
2026-07-10 02:31:24.810749200+05:30,81.1,29,41.2,3053.12,52.4,125,309,TRANSITION,80.0,26.0,WORKLOAD_STEP
2026-07-10 02:31:26.843474300+05:30,84.0,30,39.4,2540.9,52.39,125,309,TRANSITION,80.0,26.0,WORKLOAD_STEP
2026-07-10 02:31:28.872626600+05:30,82.7,30,38.7,2882.38,52.4,125,309,TRANSITION,80.0,26.0,WORKLOAD_STEP
2026-07-10 02:31:30.914329+05:30,83.5,30,41.9,3053.12,52.4,124,309,TRANSITION,80.0,26.0,WORKLOAD_STEP
2026-07-10 02:31:32.943553200+05:30,85.3,30,40.4,2872.34,52.4,124,309,TRANSITION,80.0,26.0,WORKLOAD_STEP
2026-07-10 02:31:34.970518400+05:30,84.6,30,39.5,3053.12,52.4,124,309,TRANSITION,80.0,26.0,WORKLOAD_STEP
2026-07-10 02:31:37.000012+05:30,82.0,30,42.6,3053.12,52.4,124,309,TRANSITION,80.0,26.0,WORKLOAD_STEP
2026-07-10 02:31:39.033173700+05:30,83.6,30,39.8,2882.38,52.4,124,309,TRANSITION,80.0,26.0,WORKLOAD_STEP
2026-07-10 02:31:41.061550200+05:30,82.6,29,40.7,2882.38,52.4,124,309,TRANSITION,80.0,26.0,WORKLOAD_STEP
2026-07-10 02:31:43.090967+05:30,84.2,30,39.9,3053.12,52.4,124,309,TRANSITION,80.0,26.0,WORKLOAD_STEP
2026-07-10 02:31:45.132680900+05:30,83.1,29,38.1,3053.12,52.4,124,309,TRANSITION,80.0,26.0,WORKLOAD_STEP
2026-07-10 02:31:47.171589+05:30,83.9,32,41.2,2882.38,52.4,124,309,TRANSITION,80.0,26.0,WORKLOAD_STEP
2026-07-10 02:31:49.198569700+05:30,82.7,30,41.0,3053.12,52.4,124,309,TRANSITION,80.0,26.0,WORKLOAD_STEP
2026-07-10 02:31:51.226583100+05:30,81.8,29,40.7,3053.12,52.41,124,309,TRANSITION,80.0,26.0,WORKLOAD_STEP
2026-07-10 02:31:53.259026800+05:30,81.8,32,43.0,3053.12,52.4,124,309,TRANSITION,80.0,26.0,WORKLOAD_STEP
2026-07-10 02:31:55.294081500+05:30,83.5,32,37.5,3053.12,52.45,124,309,TRANSITION,80.0,26.0,WORKLOAD_STEP
2026-07-10 02:31:57.322741200+05:30,85.8,30,42.2,3053.12,52.4,124,309,TRANSITION,80.0,26.0,WORKLOAD_STEP
2026-07-10 02:31:59.355412800+05:30,82.7,30,40.8,3053.12,52.4,124,309,TRANSITION,80.0,26.0,WORKLOAD_STEP
2026-07-10 02:32:01.392364200+05:30,81.6,30,39.1,3053.12,52.41,124,309,TRANSITION,80.0,26.0,WORKLOAD_STEP
2026-07-10 02:32:03.419087600+05:30,82.5,30,41.8,3053.12,52.4,124,309,TRANSITION,80.0,26.0,WORKLOAD_STEP
2026-07-10 02:32:05.447554300+05:30,81.9,32,40.6,3053.12,52.41,124,309,TRANSITION,80.0,26.0,WORKLOAD_STEP
2026-07-10 02:32:07.479656700+05:30,87.2,29,41.1,2882.38,52.4,125,309,TRANSITION,80.0,26.0,WORKLOAD_STEP
2026-07-10 02:32:09.508962900+05:30,85.2,29,40.2,3043.08,52.41,125,309,TRANSITION,80.0,26.0,WORKLOAD_STEP
2026-07-10 02:32:11.537828+05:30,84.1,29,37.6,3053.12,52.41,125,309,TRANSITION,80.0,26.0,WORKLOAD_STEP
2026-07-10 02:32:13.568195600+05:30,85.6,29,39.0,3053.12,52.41,125,309,TRANSITION,80.0,26.0,WORKLOAD_STEP
2026-07-10 02:32:15.599843800+05:30,82.1,29,42.9,3053.12,52.41,125,309,TRANSITION,80.0,26.0,WORKLOAD_STEP
2026-07-10 02:32:17.630344300+05:30,82.5,29,39.7,3053.12,52.41,125,309,TRANSITION,80.0,26.0,WORKLOAD_STEP
2026-07-10 02:32:19.666349300+05:30,85.5,32,44.2,3053.12,52.41,125,309,TRANSITION,80.0,26.0,WORKLOAD_STEP
2026-07-10 02:32:21.697770700+05:30,85.9,29,39.2,3053.12,52.41,125,309,TRANSITION,80.0,26.0,WORKLOAD_STEP
2026-07-10 02:32:23.727701300+05:30,83.6,30,40.4,2882.38,52.41,125,309,TRANSITION,80.0,26.0,WORKLOAD_STEP
2026-07-10 02:32:25.755344600+05:30,84.4,32,39.3,3053.12,52.4,125,309,TRANSITION,80.0,26.0,WORKLOAD_STEP
2026-07-10 02:32:27.784424100+05:30,81.2,30,36.2,3053.12,52.41,125,309,TRANSITION,80.0,26.0,WORKLOAD_STEP
2026-07-10 02:32:29.817074900+05:30,83.5,30,41.5,3053.12,52.4,125,309,TRANSITION,80.0,26.0,WORKLOAD_STEP
2026-07-10 02:32:31.854279100+05:30,86.4,32,42.3,3053.12,52.41,125,310,TRANSITION,80.0,26.0,WORKLOAD_STEP
2026-07-10 02:32:33.886797900+05:30,84.9,34,39.0,2882.38,52.41,128,310,TRANSITION,80.0,26.0,WORKLOAD_STEP
2026-07-10 02:32:35.915066+05:30,90.2,30,39.1,3053.12,52.88,127,310,TRANSITION,80.0,26.0,WORKLOAD_STEP
2026-07-10 02:32:37.940765600+05:30,83.8,29,42.8,2882.38,52.85,126,310,TRANSITION,80.0,26.0,WORKLOAD_STEP
2026-07-10 02:32:39.967484100+05:30,83.4,29,39.2,3053.12,52.84,126,310,TRANSITION,80.0,26.0,WORKLOAD_STEP
2026-07-10 02:32:41.999270200+05:30,84.6,30,40.4,3053.12,52.84,126,310,TRANSITION,80.0,26.0,WORKLOAD_STEP
2026-07-10 02:32:44.031634300+05:30,85.8,30,43.2,3053.12,52.84,126,310,TRANSITION,80.0,26.0,WORKLOAD_STEP
2026-07-10 02:32:46.066702100+05:30,85.1,29,39.3,3053.12,52.84,126,310,TRANSITION,80.0,26.0,WORKLOAD_STEP
2026-07-10 02:32:48.096570600+05:30,82.7,30,40.4,3053.12,52.84,126,310,TRANSITION,80.0,26.0,WORKLOAD_STEP
2026-07-10 02:32:50.125651700+05:30,83.6,34,40.2,3053.12,52.84,126,310,TRANSITION,80.0,26.0,WORKLOAD_STEP
2026-07-10 02:32:52.153152700+05:30,82.1,29,40.8,3053.12,52.84,126,310,TRANSITION,80.0,26.0,WORKLOAD_STEP
2026-07-10 02:32:54.181254+05:30,84.7,32,37.8,3053.12,52.84,126,310,TRANSITION,80.0,26.0,WORKLOAD_STEP
2026-07-10 02:32:56.208727400+05:30,84.9,29,43.1,3053.12,52.83,126,310,TRANSITION,80.0,26.0,WORKLOAD_STEP
2026-07-10 02:32:58.236685400+05:30,84.6,30,42.2,3053.12,52.84,126,310,TRANSITION,80.0,26.0,WORKLOAD_STEP
2026-07-10 02:33:00.267287800+05:30,81.9,32,41.1,3053.12,52.84,126,310,TRANSITION,80.0,26.0,WORKLOAD_STEP
2026-07-10 02:33:02.301360600+05:30,81.8,32,40.9,3053.12,52.84,126,310,TRANSITION,80.0,26.0,WORKLOAD_STEP
2026-07-10 02:33:04.329882100+05:30,81.8,29,42.1,3053.12,52.83,126,310,TRANSITION,80.0,26.0,WORKLOAD_STEP
2026-07-10 02:33:06.359257900+05:30,83.5,30,37.0,3053.12,52.84,126,310,TRANSITION,80.0,26.0,WORKLOAD_STEP
2026-07-10 02:33:08.387500100+05:30,83.9,30,41.4,3053.12,52.83,126,310,TRANSITION,80.0,26.0,WORKLOAD_STEP
2026-07-10 02:33:10.415206200+05:30,84.1,32,40.0,3053.12,52.84,126,310,TRANSITION,80.0,26.0,WORKLOAD_STEP
2026-07-10 02:33:12.446375100+05:30,82.2,30,42.1,3053.12,52.82,126,310,TRANSITION,80.0,26.0,WORKLOAD_STEP
2026-07-10 02:33:14.480538100+05:30,82.3,30,38.0,3053.12,52.82,126,310,TRANSITION,80.0,26.0,WORKLOAD_STEP
2026-07-10 02:33:16.516502200+05:30,81.9,30,38.6,3053.12,52.81,125,310,TRANSITION,80.0,26.0,WORKLOAD_STEP
2026-07-10 02:33:18.544326200+05:30,85.5,30,40.8,3053.12,52.82,125,310,TRANSITION,80.0,26.0,WORKLOAD_STEP
2026-07-10 02:33:20.575939700+05:30,85.2,29,41.8,3053.12,52.82,125,310,TRANSITION,80.0,26.0,WORKLOAD_STEP
2026-07-10 02:33:22.604582800+05:30,84.6,29,40.4,3053.12,52.82,125,310,TRANSITION,80.0,26.0,WORKLOAD_STEP
2026-07-10 02:33:24.639658600+05:30,83.9,29,42.4,2882.38,52.82,126,310,TRANSITION,80.0,26.0,WORKLOAD_STEP
2026-07-10 02:33:26.668054100+05:30,82.5,29,36.9,2882.38,52.82,128,310,TRANSITION,80.0,26.0,WORKLOAD_STEP
2026-07-10 02:33:28.701723500+05:30,83.7,30,41.6,3053.12,52.82,128,310,TRANSITION,80.0,26.0,WORKLOAD_STEP
2026-07-10 02:33:30.733492200+05:30,84.7,32,41.9,3053.12,52.82,127,310,TRANSITION,80.0,26.0,WORKLOAD_STEP
2026-07-10 02:33:32.768633300+05:30,84.5,30,43.3,3053.12,52.82,127,310,TRANSITION,80.0,26.0,WORKLOAD_STEP
2026-07-10 02:33:34.816986800+05:30,82.3,30,39.6,3053.12,52.82,127,310,TRANSITION,80.0,26.0,WORKLOAD_STEP
2026-07-10 02:33:36.846181+05:30,82.9,30,43.0,3053.12,52.82,128,310,TRANSITION,80.0,26.0,WORKLOAD_STEP
2026-07-10 02:33:38.873146500+05:30,81.5,30,44.0,3053.12,52.82,128,310,TRANSITION,80.0,26.0,WORKLOAD_STEP
2026-07-10 02:33:40.900755700+05:30,81.7,30,36.4,3053.12,52.82,126,310,TRANSITION,80.0,26.0,WORKLOAD_STEP
2026-07-10 02:33:42.932672700+05:30,85.1,30,42.6,3053.12,52.82,126,310,TRANSITION,80.0,26.0,WORKLOAD_STEP
2026-07-10 02:33:44.959887600+05:30,85.0,34,43.4,3053.12,52.83,126,310,TRANSITION,80.0,26.0,WORKLOAD_STEP
2026-07-10 02:33:46.994759200+05:30,82.2,29,39.2,3053.12,52.83,126,310,TRANSITION,80.0,26.0,WORKLOAD_STEP
2026-07-10 02:33:49.027011700+05:30,82.4,30,43.7,3053.12,52.82,126,310,TRANSITION,80.0,26.0,WORKLOAD_STEP
2026-07-10 02:33:51.059484700+05:30,81.9,30,42.2,3053.12,52.83,126,310,TRANSITION,80.0,26.0,WORKLOAD_STEP
2026-07-10 02:33:53.087342500+05:30,84.1,30,40.1,3053.12,52.83,126,310,TRANSITION,80.0,26.0,WORKLOAD_STEP
2026-07-10 02:33:55.120784100+05:30,85.4,30,36.8,3053.12,52.83,126,310,TRANSITION,80.0,26.0,WORKLOAD_STEP
2026-07-10 02:33:57.152733500+05:30,84.7,30,38.5,3053.12,52.83,126,310,TRANSITION,80.0,26.0,WORKLOAD_STEP
2026-07-10 02:33:59.184912200+05:30,82.4,30,40.3,2872.34,52.83,126,310,TRANSITION,80.0,26.0,WORKLOAD_STEP
2026-07-10 02:34:01.210095200+05:30,82.7,30,38.9,3053.12,52.84,126,310,TRANSITION,80.0,26.0,WORKLOAD_STEP
2026-07-10 02:34:03.246500500+05:30,87.3,32,41.7,3053.12,52.83,126,310,TRANSITION,80.0,26.0,WORKLOAD_STEP
2026-07-10 02:34:05.277205700+05:30,85.1,29,41.7,3053.12,52.84,126,310,TRANSITION,80.0,26.0,WORKLOAD_STEP
2026-07-10 02:34:07.304468600+05:30,84.7,30,41.3,3053.12,52.83,126,310,TRANSITION,80.0,26.0,WORKLOAD_STEP
2026-07-10 02:34:09.332904800+05:30,82.8,30,42.3,3053.12,52.84,126,310,TRANSITION,80.0,26.0,WORKLOAD_STEP
2026-07-10 02:34:11.360792300+05:30,81.1,29,40.4,2882.38,52.83,126,310,TRANSITION,80.0,26.0,WORKLOAD_STEP
2026-07-10 02:34:13.388937700+05:30,82.6,30,40.0,3053.12,52.84,126,310,TRANSITION,80.0,26.0,WORKLOAD_STEP
2026-07-10 02:34:15.416547500+05:30,82.4,29,42.1,3053.12,52.83,126,310,TRANSITION,80.0,26.0,WORKLOAD_STEP
2026-07-10 02:34:17.452708900+05:30,82.4,32,40.4,3053.12,52.83,126,310,TRANSITION,80.0,26.0,WORKLOAD_STEP
2026-07-10 02:34:19.482421900+05:30,85.4,30,38.8,3053.12,52.83,126,310,TRANSITION,80.0,26.0,WORKLOAD_STEP
2026-07-10 02:34:21.511105900+05:30,83.6,30,38.7,3053.12,52.83,126,310,TRANSITION,80.0,26.0,WORKLOAD_STEP
2026-07-10 02:34:23.539801500+05:30,82.4,30,42.5,2872.34,52.83,126,310,TRANSITION,80.0,26.0,WORKLOAD_STEP
2026-07-10 02:34:25.568150200+05:30,82.5,30,38.2,3053.12,52.87,125,310,TRANSITION,80.0,26.0,WORKLOAD_STEP
2026-07-10 02:34:27.599381800+05:30,83.2,30,40.9,3053.12,52.82,125,310,TRANSITION,80.0,26.0,WORKLOAD_STEP
2026-07-10 02:34:29.630112700+05:30,84.6,29,40.0,3053.12,52.82,125,310,TRANSITION,80.0,26.0,WORKLOAD_STEP
2026-07-10 02:34:31.660560100+05:30,85.1,29,40.2,3053.12,52.82,125,310,TRANSITION,80.0,26.0,WORKLOAD_STEP
2026-07-10 02:34:33.698580800+05:30,84.1,29,40.8,3053.12,52.82,125,310,TRANSITION,80.0,26.0,WORKLOAD_STEP
2026-07-10 02:34:35.725480400+05:30,83.7,29,43.7,3053.12,52.83,125,310,TRANSITION,80.0,27.0,WORKLOAD_STEP
2026-07-10 02:34:37.802659600+05:30,80.9,30,39.8,2882.38,52.83,126,310,TRANSITION,80.0,27.0,WORKLOAD_STEP
2026-07-10 02:34:39.843458100+05:30,82.0,30,39.1,2852.26,52.83,126,310,TRANSITION,80.0,27.0,WORKLOAD_STEP
2026-07-10 02:34:41.889556100+05:30,84.3,29,37.9,2872.34,52.97,128,311,TRANSITION,80.0,27.0,WORKLOAD_STEP
2026-07-10 02:34:43.935944200+05:30,83.3,29,36.5,2882.38,52.97,128,311,TRANSITION,80.0,27.0,WORKLOAD_STEP
2026-07-10 02:34:45.970665500+05:30,81.5,29,36.9,3053.12,52.96,128,311,TRANSITION,80.0,27.0,WORKLOAD_STEP
2026-07-10 02:34:48.006304800+05:30,81.1,30,40.0,3053.12,52.96,128,311,TRANSITION,80.0,27.0,WORKLOAD_STEP
2026-07-10 02:34:50.036289900+05:30,83.2,32,40.2,2882.38,52.97,128,311,TRANSITION,80.0,27.0,WORKLOAD_STEP
2026-07-10 02:34:52.070473+05:30,83.0,32,42.1,3053.12,52.96,128,311,TRANSITION,80.0,27.0,WORKLOAD_STEP
2026-07-10 02:34:54.100804500+05:30,84.1,28,41.2,2882.38,52.96,128,311,TRANSITION,80.0,27.0,WORKLOAD_STEP
2026-07-10 02:34:56.132489500+05:30,85.6,30,41.3,3053.12,52.96,128,311,TRANSITION,80.0,27.0,WORKLOAD_STEP
2026-07-10 02:34:58.162536200+05:30,82.3,29,39.6,2882.38,52.96,128,311,TRANSITION,80.0,27.0,WORKLOAD_STEP
2026-07-10 02:35:00.189543400+05:30,83.3,29,44.6,3053.12,52.96,128,311,TRANSITION,80.0,27.0,WORKLOAD_STEP
2026-07-10 02:35:02.221432200+05:30,81.0,32,40.5,2872.34,52.96,128,311,TRANSITION,80.0,27.0,WORKLOAD_STEP
2026-07-10 02:35:04.256036300+05:30,83.6,32,41.3,2872.34,52.96,128,311,TRANSITION,80.0,27.0,WORKLOAD_STEP
2026-07-10 02:35:06.289971900+05:30,48.7,48,18.5,1144.9,52.96,128,311,TRANSITION,20.0,28.0,WORKLOAD_STEP
2026-07-10 02:35:08.344981700+05:30,33.2,49,11.0,1335.72,52.97,127,311,TRANSITION,20.0,28.0,WORKLOAD_STEP
2026-07-10 02:35:10.408809500+05:30,27.7,50,11.2,1265.42,52.97,127,311,TRANSITION,20.0,28.0,WORKLOAD_STEP
2026-07-10 02:35:12.462838900+05:30,29.5,50,11.4,1325.68,52.95,127,311,TRANSITION,20.0,28.0,WORKLOAD_STEP
2026-07-10 02:35:14.530534400+05:30,24.6,51,11.2,1315.63,52.94,127,311,TRANSITION,20.0,28.0,WORKLOAD_STEP
2026-07-10 02:35:16.561512300+05:30,26.3,51,11.6,1144.89,52.99,127,311,TRANSITION,20.0,28.0,WORKLOAD_STEP
2026-07-10 02:35:18.624381500+05:30,26.8,51,12.6,1205.15,52.94,127,311,TRANSITION,20.0,28.0,WORKLOAD_STEP
2026-07-10 02:35:20.669002300+05:30,29.1,51,12.0,1245.33,52.94,127,311,TRANSITION,20.0,28.0,WORKLOAD_STEP
2026-07-10 02:35:22.699984700+05:30,28.6,52,12.5,1355.81,52.94,127,311,TRANSITION,20.0,28.0,WORKLOAD_STEP
2026-07-10 02:35:24.745387800+05:30,27.3,52,12.0,1385.93,52.94,128,311,TRANSITION,20.0,28.0,WORKLOAD_STEP
2026-07-10 02:35:26.804675800+05:30,24.8,49,14.0,1476.33,52.94,128,311,TRANSITION,20.0,28.0,WORKLOAD_STEP
2026-07-10 02:35:28.844312200+05:30,26.8,48,11.8,1466.27,52.94,128,311,TRANSITION,20.0,28.0,WORKLOAD_STEP
2026-07-10 02:35:30.897496600+05:30,30.5,52,12.4,1496.4,52.94,127,311,TRANSITION,20.0,28.0,WORKLOAD_STEP
2026-07-10 02:35:32.937096400+05:30,30.4,52,12.7,1215.21,52.94,127,311,TRANSITION,20.0,28.0,WORKLOAD_STEP
2026-07-10 02:35:34.989236700+05:30,31.1,51,13.3,1144.89,52.94,127,311,TRANSITION,20.0,28.0,WORKLOAD_STEP
2026-07-10 02:35:37.055525300+05:30,25.2,52,12.2,1295.54,52.94,127,311,TRANSITION,20.0,28.0,WORKLOAD_STEP
2026-07-10 02:35:39.093569400+05:30,29.6,52,12.8,1175.02,52.94,127,311,TRANSITION,20.0,28.0,WORKLOAD_STEP
2026-07-10 02:35:41.124433200+05:30,27.7,51,13.6,1225.24,52.94,127,311,TRANSITION,20.0,28.0,WORKLOAD_STEP
2026-07-10 02:35:43.187250200+05:30,29.8,52,13.1,1275.46,52.86,126,310,TRANSITION,20.0,28.0,WORKLOAD_STEP
2026-07-10 02:35:45.227915800+05:30,26.6,48,14.5,1275.46,52.85,126,310,TRANSITION,20.0,28.0,WORKLOAD_STEP
2026-07-10 02:35:47.260493900+05:30,28.7,51,13.4,1335.71,52.9,126,310,TRANSITION,20.0,28.0,WORKLOAD_STEP
2026-07-10 02:35:49.341952+05:30,26.1,48,16.2,1205.15,52.85,126,310,TRANSITION,20.0,28.0,WORKLOAD_STEP
2026-07-10 02:35:51.372117700+05:30,25.3,46,17.4,1385.92,52.84,126,310,TRANSITION,20.0,28.0,WORKLOAD_STEP
2026-07-10 02:35:53.402848+05:30,26.8,51,16.1,1566.7,52.84,126,310,TRANSITION,40.0,29.0,WORKLOAD_STEP
2026-07-10 02:35:55.449537+05:30,49.7,50,15.7,1526.54,52.84,126,310,TRANSITION,40.0,29.0,WORKLOAD_STEP
2026-07-10 02:35:57.511281100+05:30,48.5,49,18.8,1375.89,52.84,126,310,TRANSITION,40.0,29.0,WORKLOAD_STEP
2026-07-10 02:35:59.542833300+05:30,49.9,40,26.4,2319.95,52.84,126,310,TRANSITION,40.0,29.0,WORKLOAD_STEP
2026-07-10 02:36:01.570539400+05:30,46.9,40,24.4,1667.14,52.84,126,310,TRANSITION,40.0,29.0,WORKLOAD_STEP
2026-07-10 02:36:03.607972200+05:30,43.0,42,27.2,1978.47,52.84,126,310,TRANSITION,40.0,29.0,WORKLOAD_STEP
2026-07-10 02:36:05.650044700+05:30,47.3,39,27.3,2068.86,52.85,126,310,TRANSITION,40.0,29.0,WORKLOAD_STEP
2026-07-10 02:36:07.678380400+05:30,45.8,39,27.5,2028.7,52.84,126,310,TRANSITION,40.0,29.0,WORKLOAD_STEP
2026-07-10 02:36:09.707222600+05:30,43.6,45,26.2,2480.65,52.85,127,310,TRANSITION,40.0,29.0,WORKLOAD_STEP
2026-07-10 02:36:11.737490900+05:30,45.8,42,22.5,2510.79,52.85,127,310,TRANSITION,40.0,29.0,WORKLOAD_STEP
2026-07-10 02:36:13.765803100+05:30,46.1,40,22.9,2470.61,52.85,127,310,TRANSITION,40.0,29.0,WORKLOAD_STEP
2026-07-10 02:36:15.800711900+05:30,43.3,39,25.6,2109.04,52.85,127,310,TRANSITION,40.0,29.0,WORKLOAD_STEP
2026-07-10 02:36:17.829338900+05:30,48.4,39,27.7,2500.73,52.85,129,310,TRANSITION,40.0,29.0,WORKLOAD_STEP
2026-07-10 02:36:19.866812900+05:30,45.2,38,30.2,2329.99,52.85,129,310,TRANSITION,40.0,29.0,WORKLOAD_STEP
2026-07-10 02:36:21.895279900+05:30,43.8,35,31.5,2520.81,52.87,129,310,TRANSITION,40.0,29.0,WORKLOAD_STEP
2026-07-10 02:36:23.926833+05:30,42.2,38,30.7,2520.82,52.85,129,310,TRANSITION,40.0,29.0,WORKLOAD_STEP
2026-07-10 02:36:25.961604400+05:30,42.7,42,29.2,2701.6,52.85,131,310,TRANSITION,40.0,29.0,WORKLOAD_STEP
2026-07-10 02:36:27.988625100+05:30,43.4,36,30.3,2360.12,52.85,131,310,TRANSITION,40.0,29.0,WORKLOAD_STEP
2026-07-10 02:36:30.021656400+05:30,45.3,35,31.1,2671.47,52.85,131,310,TRANSITION,40.0,29.0,WORKLOAD_STEP
2026-07-10 02:36:32.047853900+05:30,44.8,38,32.5,2882.38,52.85,131,309,TRANSITION,40.0,29.0,WORKLOAD_STEP
2026-07-10 02:36:34.078208400+05:30,64.8,45,23.9,1395.97,53.05,131,311,TRANSITION,40.0,29.0,WORKLOAD_STEP
2026-07-10 02:36:36.150661700+05:30,65.9,45,18.9,1416.05,53.22,129,313,TRANSITION,40.0,29.0,WORKLOAD_STEP
2026-07-10 02:36:38.211754600+05:30,51.8,49,15.2,1406.0,53.33,129,314,TRANSITION,40.0,29.0,WORKLOAD_STEP
2026-07-10 02:36:40.275312800+05:30,79.2,46,16.1,1416.05,53.81,114,315,TRANSITION,40.0,29.0,WORKLOAD_STEP
2026-07-10 02:36:42.389204600+05:30,68.0,46,19.8,1637.0,53.84,114,315,TRANSITION,40.0,29.0,WORKLOAD_STEP
2026-07-10 02:36:44.446912900+05:30,47.5,49,15.2,1426.09,53.75,110,315,TRANSITION,40.0,29.0,WORKLOAD_STEP
2026-07-10 02:36:46.513620400+05:30,56.7,45,17.6,1556.65,53.58,110,312,TRANSITION,40.0,29.0,WORKLOAD_STEP
2026-07-10 02:36:48.567620300+05:30,44.5,49,16.3,1395.96,53.51,110,311,TRANSITION,40.0,29.0,WORKLOAD_STEP
2026-07-10 02:36:50.662020+05:30,45.5,49,16.3,1215.18,53.44,110,310,TRANSITION,40.0,29.0,WORKLOAD_STEP
2026-07-10 02:36:52.721306300+05:30,51.8,49,16.1,1175.01,53.42,110,310,TRANSITION,40.0,29.0,WORKLOAD_STEP
2026-07-10 02:36:54.774239+05:30,43.5,50,15.3,1295.52,53.44,108,310,TRANSITION,40.0,29.0,WORKLOAD_STEP
2026-07-10 02:36:56.834196200+05:30,45.9,49,15.4,1295.52,53.43,105,310,TRANSITION,40.0,29.0,WORKLOAD_STEP
2026-07-10 02:36:58.885132700+05:30,45.5,49,17.5,1406.0,53.44,91,310,TRANSITION,40.0,29.0,WORKLOAD_STEP
2026-07-10 02:37:00.940263400+05:30,42.9,48,16.8,1375.87,53.45,91,309,TRANSITION,40.0,29.0,WORKLOAD_STEP
2026-07-10 02:37:02.997914700+05:30,43.9,49,16.2,1245.31,53.42,91,309,TRANSITION,40.0,29.0,WORKLOAD_STEP
2026-07-10 02:37:05.050972100+05:30,70.6,15,63.3,3776.2,57.59,90,314,TRANSITION,40.0,29.0,WORKLOAD_STEP
2026-07-10 02:54:43.401826300+05:30,70.6,15,63.3,3776.2,57.7,92,317,TRANSITION,90.0,30.0,WORKLOAD_STEP
2026-07-10 02:54:45.447049500+05:30,0.0,-1,-1.0,-1.0,58.25,91,318,TRANSITION,90.0,30.0,WORKLOAD_STEP
2026-07-10 02:54:47.472399500+05:30,100.0,22,81.7,3806.58,57.96,91,321,TRANSITION,90.0,30.0,WORKLOAD_STEP
