timestamp,cpuUsage,cpuTemperature,cpuPackagePower,cpuAverageClock,ramUsage,networkConnections,processCount,mode,targetLoad,stepNumber,eventType
2026-07-09 16:48:31.714815400+05:30,39.9,39,25.7,2360.13,84.95,302,359,UNASSIGNED,,,
2026-07-09 16:48:35.051066700+05:30,5.8,50,5.8,2109.06,84.46,298,359,UNASSIGNED,,,
2026-07-09 16:48:37.116938500+05:30,6.1,53,7.7,2008.62,84.49,298,359,UNASSIGNED,,,
2026-07-09 16:48:39.167799900+05:30,21.8,50,22.3,3203.76,84.72,302,359,UNASSIGNED,,,
2026-07-09 16:48:41.234946400+05:30,23.7,32,25.0,2892.41,86.02,302,360,UNASSIGNED,,,
2026-07-09 16:48:43.283322900+05:30,34.9,46,31.1,2329.99,85.27,305,361,INITIAL_IDLE,0.0,,SESSION
2026-07-09 16:48:45.334603800+05:30,18.2,48,7.2,2460.57,85.63,307,361,INITIAL_IDLE,0.0,,SESSION
2026-07-09 16:48:47.369645500+05:30,5.8,53,6.9,2109.06,85.69,306,364,INITIAL_IDLE,0.0,,SESSION
2026-07-09 16:48:49.430550800+05:30,13.2,48,10.9,3123.41,85.93,307,364,INITIAL_IDLE,0.0,,SESSION
2026-07-09 16:48:51.487726800+05:30,9.9,46,10.2,2390.26,86.97,307,365,INITIAL_IDLE,0.0,,SESSION
2026-07-09 16:48:53.528669200+05:30,10.3,53,6.4,2269.74,87.45,309,365,INITIAL_IDLE,0.0,,SESSION
2026-07-09 16:48:55.558977700+05:30,25.4,49,11.1,2109.06,87.92,309,364,INITIAL_IDLE,0.0,,SESSION
2026-07-09 16:48:57.599879600+05:30,13.6,52,8.0,2781.95,87.16,309,362,INITIAL_IDLE,0.0,,SESSION
2026-07-09 16:48:59.639308400+05:30,17.2,52,9.1,2109.06,86.06,309,362,INITIAL_IDLE,0.0,,SESSION
2026-07-09 16:49:01.685497200+05:30,12.0,54,6.9,2169.32,84.93,308,362,INITIAL_IDLE,0.0,,SESSION
2026-07-09 16:49:03.719889100+05:30,14.0,52,6.3,2109.06,84.71,306,362,INITIAL_IDLE,0.0,,SESSION
2026-07-09 16:49:05.766617200+05:30,12.3,54,6.4,2149.23,85.06,306,362,INITIAL_IDLE,0.0,,SESSION
2026-07-09 16:49:07.802317300+05:30,9.6,53,10.3,2500.73,84.8,307,364,INITIAL_IDLE,0.0,,SESSION
2026-07-09 16:49:09.829492300+05:30,10.4,53,6.5,2109.06,84.55,306,362,INITIAL_IDLE,0.0,,SESSION
2026-07-09 16:49:11.874197500+05:30,11.2,54,6.1,1958.41,84.5,302,362,INITIAL_IDLE,0.0,,SESSION
2026-07-09 16:49:13.910329300+05:30,10.1,54,6.9,2239.61,84.68,299,362,INITIAL_IDLE,0.0,,SESSION
2026-07-09 16:49:15.960773100+05:30,11.6,53,7.2,2109.06,84.8,291,362,INITIAL_IDLE,0.0,,SESSION
2026-07-09 16:49:18.008348700+05:30,28.5,50,20.6,2109.06,85.04,292,362,INITIAL_IDLE,0.0,,SESSION
2026-07-09 16:49:20.041688+05:30,8.6,54,5.6,2239.62,85.15,292,362,INITIAL_IDLE,0.0,,SESSION
2026-07-09 16:49:22.078811800+05:30,7.4,54,5.6,2119.1,85.25,292,364,INITIAL_IDLE,0.0,,SESSION
2026-07-09 16:49:24.109896800+05:30,14.7,54,6.4,2109.06,85.17,291,362,INITIAL_IDLE,0.0,,SESSION
2026-07-09 16:49:26.146870900+05:30,13.7,53,7.1,2109.06,85.27,291,363,INITIAL_IDLE,0.0,,SESSION
2026-07-09 16:49:28.183176700+05:30,26.8,52,12.5,2109.06,85.74,291,364,INITIAL_IDLE,0.0,,SESSION
2026-07-09 16:49:30.256029800+05:30,39.0,55,15.0,2330.01,75.59,276,330,INITIAL_IDLE,0.0,,SESSION
2026-07-09 16:49:32.290364300+05:30,24.0,36,17.1,3033.04,65.4,271,325,INITIAL_IDLE,0.0,,SESSION
2026-07-09 16:49:34.317715+05:30,11.8,53,6.8,2109.06,65.39,269,323,INITIAL_IDLE,0.0,,SESSION
2026-07-09 16:49:36.343016400+05:30,9.4,52,7.6,2430.42,64.98,265,321,INITIAL_IDLE,0.0,,SESSION
2026-07-09 16:49:38.377584400+05:30,10.7,58,8.1,2330.01,64.9,268,320,INITIAL_IDLE,0.0,,SESSION
2026-07-09 16:49:40.424674700+05:30,10.9,52,7.5,2561.0,64.8,268,320,INITIAL_IDLE,0.0,,SESSION
2026-07-09 16:49:42.451784100+05:30,9.8,53,6.5,2159.28,64.8,268,320,INITIAL_IDLE,0.0,,SESSION
2026-07-09 16:49:44.487299+05:30,8.1,54,6.4,2109.06,64.78,266,320,INITIAL_IDLE,0.0,,SESSION
2026-07-09 16:49:46.523010600+05:30,13.0,45,12.7,2490.7,64.68,264,320,INITIAL_IDLE,0.0,,SESSION
2026-07-09 16:49:48.562475900+05:30,32.8,40,31.9,2842.21,64.67,262,320,INITIAL_IDLE,0.0,,SESSION
2026-07-09 16:49:50.630758+05:30,11.6,50,9.8,2109.06,64.35,236,317,INITIAL_IDLE,0.0,,SESSION
2026-07-09 16:49:52.656668700+05:30,2.0,54,6.3,2400.3,64.24,236,317,INITIAL_IDLE,0.0,,SESSION
2026-07-09 16:49:54.690240700+05:30,2.3,57,4.2,2109.06,64.26,236,317,INITIAL_IDLE,0.0,,SESSION
2026-07-09 16:49:56.737953700+05:30,3.0,55,4.9,2109.06,64.09,238,317,INITIAL_IDLE,0.0,,SESSION
2026-07-09 16:49:58.768047700+05:30,3.7,55,5.6,2109.06,64.05,235,316,INITIAL_IDLE,0.0,,SESSION
2026-07-09 16:50:00.798222800+05:30,6.8,53,5.6,2109.06,64.02,233,316,INITIAL_IDLE,0.0,,SESSION
2026-07-09 16:50:02.824425500+05:30,4.6,55,5.5,2109.06,63.94,233,316,INITIAL_IDLE,0.0,,SESSION
2026-07-09 16:50:04.860818600+05:30,5.7,55,4.9,2109.06,63.92,233,316,INITIAL_IDLE,0.0,,SESSION
2026-07-09 16:50:06.892987800+05:30,2.2,57,5.0,2109.06,63.84,233,316,INITIAL_IDLE,0.0,,SESSION
2026-07-09 16:50:08.926665+05:30,5.6,57,5.0,2109.06,63.81,233,316,INITIAL_IDLE,0.0,,SESSION
2026-07-09 16:50:10.947320300+05:30,1.8,57,4.3,2109.06,63.79,233,316,INITIAL_IDLE,0.0,,SESSION
2026-07-09 16:50:12.975312+05:30,1.7,55,4.9,2109.06,63.75,232,316,INITIAL_IDLE,0.0,,SESSION
2026-07-09 16:50:15.007656400+05:30,1.4,55,4.3,2109.06,63.73,231,316,INITIAL_IDLE,0.0,,SESSION
2026-07-09 16:50:17.040435600+05:30,4.0,54,5.1,2350.09,63.59,230,316,INITIAL_IDLE,0.0,,SESSION
2026-07-09 16:50:19.082682500+05:30,7.2,57,4.7,2109.06,63.55,230,316,INITIAL_IDLE,0.0,,SESSION
2026-07-09 16:50:21.108876600+05:30,2.8,57,4.5,2109.06,63.53,231,316,INITIAL_IDLE,0.0,,SESSION
2026-07-09 16:50:23.138725900+05:30,4.3,57,9.1,2109.06,63.57,230,316,INITIAL_IDLE,0.0,,SESSION
2026-07-09 16:50:25.167592600+05:30,2.8,54,4.4,2159.28,63.88,229,319,INITIAL_IDLE,0.0,,SESSION
2026-07-09 16:50:27.187678500+05:30,2.0,57,5.9,2109.06,63.42,229,316,INITIAL_IDLE,0.0,,SESSION
2026-07-09 16:50:29.225011500+05:30,2.7,57,4.7,2109.06,63.34,229,316,INITIAL_IDLE,0.0,,SESSION
2026-07-09 16:50:31.251369400+05:30,1.1,57,4.0,2109.06,63.36,231,316,INITIAL_IDLE,0.0,,SESSION
2026-07-09 16:50:33.282756+05:30,2.6,57,4.4,2109.06,63.38,229,316,INITIAL_IDLE,0.0,,SESSION
2026-07-09 16:50:35.307957900+05:30,1.7,57,3.8,2109.06,63.46,226,316,INITIAL_IDLE,0.0,,SESSION
2026-07-09 16:50:37.337731+05:30,1.3,58,4.4,2329.99,63.47,226,316,INITIAL_IDLE,0.0,,SESSION
2026-07-09 16:50:39.369856600+05:30,1.7,57,4.0,2109.06,63.49,226,316,INITIAL_IDLE,0.0,,SESSION
2026-07-09 16:50:41.403729800+05:30,4.2,57,5.2,2109.06,63.49,225,316,INITIAL_IDLE,0.0,,SESSION
2026-07-09 16:50:43.431033600+05:30,1.9000000000000001,57,4.1,2109.06,63.53,226,316,RAMP,0.0,1.0,WORKLOAD_STEP
2026-07-09 16:50:45.463923900+05:30,1.0,57,4.5,2350.09,63.51,228,316,RAMP,0.0,1.0,WORKLOAD_STEP
2026-07-09 16:50:47.502553100+05:30,1.9000000000000001,57,4.5,2109.06,63.49,229,316,RAMP,0.0,1.0,WORKLOAD_STEP
2026-07-09 16:50:49.525566500+05:30,1.8,57,6.8,2330.01,63.47,237,316,RAMP,0.0,1.0,WORKLOAD_STEP
2026-07-09 16:50:51.558676+05:30,2.5,57,4.5,2109.06,63.49,237,316,RAMP,0.0,1.0,WORKLOAD_STEP
2026-07-09 16:50:53.589518300+05:30,3.7,57,5.8,2119.1,63.5,237,316,RAMP,0.0,1.0,WORKLOAD_STEP
2026-07-09 16:50:55.619293+05:30,3.1,55,3.8,2109.06,63.49,237,316,RAMP,0.0,1.0,WORKLOAD_STEP
2026-07-09 16:50:57.651346200+05:30,5.0,54,7.9,2109.06,63.54,237,316,RAMP,0.0,1.0,WORKLOAD_STEP
2026-07-09 16:50:59.683790800+05:30,3.4,57,4.4,2109.06,63.51,237,316,RAMP,0.0,1.0,WORKLOAD_STEP
2026-07-09 16:51:01.707461300+05:30,1.1,58,3.7,2109.06,63.54,236,316,RAMP,0.0,1.0,WORKLOAD_STEP
2026-07-09 16:51:03.735499800+05:30,4.2,57,4.5,2109.06,63.53,235,316,RAMP,0.0,1.0,WORKLOAD_STEP
2026-07-09 16:51:05.765096100+05:30,3.7,57,5.2,2109.06,63.53,235,316,RAMP,0.0,1.0,WORKLOAD_STEP
2026-07-09 16:51:07.797650100+05:30,4.2,57,5.1,2109.06,63.54,234,316,RAMP,0.0,1.0,WORKLOAD_STEP
2026-07-09 16:51:09.826018700+05:30,2.2,58,4.1,2109.06,63.51,234,316,RAMP,0.0,1.0,WORKLOAD_STEP
2026-07-09 16:51:11.856240600+05:30,2.4,57,4.2,2109.06,63.54,233,316,RAMP,0.0,1.0,WORKLOAD_STEP
2026-07-09 16:51:13.885645500+05:30,1.0,57,3.7,2109.06,63.55,233,316,RAMP,0.0,1.0,WORKLOAD_STEP
2026-07-09 16:51:15.916921900+05:30,1.0,57,4.3,2269.74,63.54,233,315,RAMP,0.0,1.0,WORKLOAD_STEP
2026-07-09 16:51:17.949759300+05:30,2.0,58,3.8,2109.06,63.52,234,315,RAMP,0.0,1.0,WORKLOAD_STEP
2026-07-09 16:51:19.979585400+05:30,0.5,57,4.1,2109.06,63.59,232,315,RAMP,0.0,1.0,WORKLOAD_STEP
2026-07-09 16:51:22.041073400+05:30,2.5,58,3.7,2008.62,63.75,232,317,RAMP,0.0,1.0,WORKLOAD_STEP
2026-07-09 16:51:24.065412400+05:30,1.1,57,4.1,2109.06,63.52,231,314,RAMP,0.0,1.0,WORKLOAD_STEP
2026-07-09 16:51:26.103017700+05:30,2.7,58,3.6,2109.06,63.53,231,314,RAMP,0.0,1.0,WORKLOAD_STEP
2026-07-09 16:51:28.134713400+05:30,2.8,59,4.2,2109.06,63.49,231,314,RAMP,0.0,1.0,WORKLOAD_STEP
2026-07-09 16:51:30.169995600+05:30,1.6,58,3.8,2109.06,63.54,230,314,RAMP,0.0,1.0,WORKLOAD_STEP
2026-07-09 16:51:32.196078700+05:30,1.1,58,4.1,2109.06,63.52,229,314,RAMP,0.0,1.0,WORKLOAD_STEP
2026-07-09 16:51:34.227416700+05:30,2.7,59,4.2,2109.06,63.52,228,314,RAMP,0.0,1.0,WORKLOAD_STEP
2026-07-09 16:51:36.260173100+05:30,1.3,58,3.7,2109.06,63.51,228,314,RAMP,0.0,1.0,WORKLOAD_STEP
2026-07-09 16:51:38.287798400+05:30,4.7,59,5.0,2109.06,63.51,228,314,RAMP,0.0,1.0,WORKLOAD_STEP
2026-07-09 16:51:40.315176800+05:30,1.5,58,3.8,2109.06,63.51,228,314,RAMP,0.0,1.0,WORKLOAD_STEP
2026-07-09 16:51:42.343448300+05:30,3.2,57,4.4,2109.06,63.54,227,314,RAMP,0.0,1.0,WORKLOAD_STEP
2026-07-09 16:51:44.373401300+05:30,1.4,59,3.7,2109.06,63.53,227,314,RAMP,0.0,1.0,WORKLOAD_STEP
2026-07-09 16:51:46.404214200+05:30,2.6,58,4.5,2109.06,63.54,226,314,RAMP,0.0,1.0,WORKLOAD_STEP
2026-07-09 16:51:48.432380800+05:30,1.5,58,3.6,2109.06,63.52,222,314,RAMP,0.0,1.0,WORKLOAD_STEP
2026-07-09 16:51:50.462988700+05:30,2.7,57,4.5,2109.06,63.53,222,314,RAMP,0.0,1.0,WORKLOAD_STEP
2026-07-09 16:51:52.488391400+05:30,2.2,57,5.2,2440.48,63.55,222,314,RAMP,0.0,1.0,WORKLOAD_STEP
2026-07-09 16:51:54.526151100+05:30,1.0,59,4.0,2169.31,63.57,222,314,RAMP,0.0,1.0,WORKLOAD_STEP
2026-07-09 16:51:56.561118800+05:30,4.8,59,5.6,2109.06,63.52,222,314,RAMP,0.0,1.0,WORKLOAD_STEP
2026-07-09 16:51:58.592835400+05:30,7.9,57,6.5,2460.57,63.53,221,314,RAMP,0.0,1.0,WORKLOAD_STEP
2026-07-09 16:52:00.621989800+05:30,5.6,61,6.4,2330.01,63.5,221,313,RAMP,0.0,1.0,WORKLOAD_STEP
2026-07-09 16:52:02.653169100+05:30,1.9000000000000001,59,3.8,2109.06,63.54,223,313,RAMP,0.0,1.0,WORKLOAD_STEP
2026-07-09 16:52:04.696698400+05:30,1.2,59,4.0,2109.06,63.47,223,313,RAMP,0.0,1.0,WORKLOAD_STEP
2026-07-09 16:52:06.720025100+05:30,2.3,58,3.6,2109.06,63.46,223,313,RAMP,0.0,1.0,WORKLOAD_STEP
2026-07-09 16:52:08.744043300+05:30,1.2,59,3.7,2109.06,63.45,223,313,RAMP,0.0,2.0,WORKLOAD_STEP
2026-07-09 16:52:10.774775200+05:30,1.3,59,3.7,2109.06,63.48,223,312,RAMP,0.0,2.0,WORKLOAD_STEP
2026-07-09 16:52:12.806106700+05:30,6.9,58,5.0,2109.06,63.46,223,312,RAMP,0.0,2.0,WORKLOAD_STEP
2026-07-09 16:52:14.831066200+05:30,5.1,58,4.8,2109.06,63.47,223,312,RAMP,0.0,2.0,WORKLOAD_STEP
2026-07-09 16:52:16.858243700+05:30,4.8,58,4.3,2340.05,63.47,224,312,RAMP,0.0,2.0,WORKLOAD_STEP
2026-07-09 16:52:18.887697400+05:30,1.1,58,3.8,2109.06,63.4,224,312,RAMP,0.0,2.0,WORKLOAD_STEP
2026-07-09 16:52:20.919095600+05:30,4.3,58,4.4,2109.06,63.39,224,312,RAMP,0.0,2.0,WORKLOAD_STEP
2026-07-09 16:52:22.947984400+05:30,3.9,54,6.9,2109.06,63.44,222,312,RAMP,0.0,2.0,WORKLOAD_STEP
2026-07-09 16:52:24.977824800+05:30,5.2,58,4.7,2109.06,63.43,222,312,RAMP,0.0,2.0,WORKLOAD_STEP
2026-07-09 16:52:27.004781800+05:30,6.1,57,4.8,2109.06,63.42,222,312,RAMP,0.0,2.0,WORKLOAD_STEP
2026-07-09 16:52:29.034582600+05:30,2.1,58,4.4,2329.97,63.41,222,312,RAMP,0.0,2.0,WORKLOAD_STEP
2026-07-09 16:52:31.064842700+05:30,3.2,59,3.9,2109.06,63.4,223,312,RAMP,0.0,2.0,WORKLOAD_STEP
2026-07-09 16:52:33.095287300+05:30,1.5,58,4.0,2109.06,63.4,223,312,RAMP,0.0,2.0,WORKLOAD_STEP
2026-07-09 16:52:35.123946600+05:30,3.6,58,5.2,2109.06,63.4,220,312,RAMP,0.0,2.0,WORKLOAD_STEP
2026-07-09 16:52:37.153979+05:30,3.1,58,4.2,1958.41,63.24,220,312,RAMP,0.0,2.0,WORKLOAD_STEP
2026-07-09 16:52:39.183967600+05:30,2.7,58,5.3,2109.06,63.17,220,312,RAMP,0.0,2.0,WORKLOAD_STEP
2026-07-09 16:52:41.206307200+05:30,1.8,59,4.0,2109.06,63.26,220,312,RAMP,0.0,2.0,WORKLOAD_STEP
2026-07-09 16:52:43.235438700+05:30,2.9,58,4.0,2109.06,63.24,220,312,RAMP,0.0,2.0,WORKLOAD_STEP
2026-07-09 16:52:45.265682800+05:30,1.8,58,4.1,2109.06,63.29,220,312,RAMP,0.0,2.0,WORKLOAD_STEP
2026-07-09 16:52:47.337996+05:30,2.2,58,4.2,2109.06,63.21,220,312,RAMP,0.0,2.0,WORKLOAD_STEP
2026-07-09 16:52:49.369688200+05:30,4.0,58,9.1,2109.06,63.43,220,314,RAMP,0.0,2.0,WORKLOAD_STEP
2026-07-09 16:52:51.396148100+05:30,0.5,59,5.2,2109.06,63.45,220,314,RAMP,0.0,2.0,WORKLOAD_STEP
2026-07-09 16:52:53.434155300+05:30,2.0,59,6.7,2109.06,63.52,219,314,RAMP,0.0,2.0,WORKLOAD_STEP
2026-07-09 16:52:55.458518400+05:30,1.4,58,4.8,2109.06,63.51,218,314,RAMP,0.0,2.0,WORKLOAD_STEP
2026-07-09 16:52:57.487320500+05:30,1.2,59,4.1,2109.06,63.44,218,314,RAMP,0.0,2.0,WORKLOAD_STEP
2026-07-09 16:52:59.523889100+05:30,22.0,47,7.6,2179.36,63.53,215,314,RAMP,20.0,3.0,WORKLOAD_STEP
2026-07-09 16:53:01.559491100+05:30,27.2,46,10.4,2239.62,63.53,215,314,RAMP,20.0,3.0,WORKLOAD_STEP
2026-07-09 16:53:03.594990300+05:30,21.9,44,13.7,2169.32,63.52,215,314,RAMP,20.0,3.0,WORKLOAD_STEP
2026-07-09 16:53:05.622791500+05:30,22.9,57,12.5,2109.06,63.47,213,314,RAMP,20.0,3.0,WORKLOAD_STEP
2026-07-09 16:53:07.643428300+05:30,23.1,51,9.3,2430.44,63.45,213,314,RAMP,20.0,3.0,WORKLOAD_STEP
2026-07-09 16:53:09.664613400+05:30,21.7,53,11.3,2420.4,63.49,213,314,RAMP,20.0,3.0,WORKLOAD_STEP
2026-07-09 16:53:11.686726+05:30,23.6,53,11.3,2249.66,63.48,210,313,RAMP,20.0,3.0,WORKLOAD_STEP
2026-07-09 16:53:13.706986100+05:30,20.4,55,13.1,2741.79,63.48,206,313,RAMP,20.0,3.0,WORKLOAD_STEP
2026-07-09 16:53:15.734619600+05:30,23.5,55,14.9,2631.3,63.45,205,313,RAMP,20.0,3.0,WORKLOAD_STEP
2026-07-09 16:53:17.765898400+05:30,25.4,29,20.7,2651.4,63.43,205,313,RAMP,20.0,3.0,WORKLOAD_STEP
2026-07-09 16:53:19.799193200+05:30,27.5,50,16.2,2370.18,63.44,206,313,RAMP,20.0,3.0,WORKLOAD_STEP
2026-07-09 16:53:21.821692100+05:30,23.6,48,17.7,2581.1,63.46,204,313,RAMP,20.0,3.0,WORKLOAD_STEP
2026-07-09 16:53:23.846528700+05:30,20.9,49,24.6,2852.24,63.43,203,313,RAMP,20.0,3.0,WORKLOAD_STEP
2026-07-09 16:53:25.873242700+05:30,21.6,43,20.9,3043.09,63.39,203,312,RAMP,20.0,3.0,WORKLOAD_STEP
2026-07-09 16:53:27.893302200+05:30,20.7,41,24.7,2872.34,63.34,203,312,RAMP,20.0,3.0,WORKLOAD_STEP
2026-07-09 16:53:29.916976800+05:30,20.5,40,21.4,2852.25,63.36,203,312,RAMP,20.0,3.0,WORKLOAD_STEP
2026-07-09 16:53:31.947883700+05:30,21.6,30,25.4,3484.97,63.37,203,312,RAMP,20.0,3.0,WORKLOAD_STEP
2026-07-09 16:53:33.967708300+05:30,20.6,27,26.2,3022.99,63.37,203,312,RAMP,20.0,3.0,WORKLOAD_STEP
2026-07-09 16:53:35.987575100+05:30,21.2,36,24.3,2922.57,63.4,203,312,RAMP,20.0,3.0,WORKLOAD_STEP
2026-07-09 16:53:38.005495500+05:30,20.8,40,26.7,2952.7,63.39,202,312,RAMP,20.0,3.0,WORKLOAD_STEP
2026-07-09 16:53:40.023258+05:30,20.7,41,22.6,3063.17,63.39,202,312,RAMP,20.0,3.0,WORKLOAD_STEP
2026-07-09 16:53:42.041472800+05:30,20.4,40,24.5,3012.94,63.35,202,312,RAMP,20.0,3.0,WORKLOAD_STEP
2026-07-09 16:53:44.060119900+05:30,21.2,34,23.1,3424.72,63.35,202,312,RAMP,20.0,3.0,WORKLOAD_STEP
2026-07-09 16:53:46.079680700+05:30,23.7,29,25.0,3083.25,63.4,202,312,RAMP,20.0,3.0,WORKLOAD_STEP
2026-07-09 16:53:48.101728200+05:30,20.9,40,26.0,3063.16,63.67,202,321,RAMP,20.0,3.0,WORKLOAD_STEP
2026-07-09 16:53:50.137588200+05:30,33.6,42,25.1,3183.67,63.83,202,317,RAMP,20.0,3.0,WORKLOAD_STEP
2026-07-09 16:53:52.163539600+05:30,25.7,39,26.8,2892.41,64.11,202,322,RAMP,20.0,3.0,WORKLOAD_STEP
2026-07-09 16:53:54.187591400+05:30,29.2,49,10.6,2540.92,64.0,203,320,RAMP,20.0,4.0,WORKLOAD_STEP
2026-07-09 16:53:56.208835200+05:30,29.4,54,15.1,2129.15,63.96,203,320,RAMP,20.0,4.0,WORKLOAD_STEP
2026-07-09 16:53:58.235043600+05:30,26.2,49,10.3,2159.28,63.93,203,321,RAMP,20.0,4.0,WORKLOAD_STEP
2026-07-09 16:54:00.262204200+05:30,21.7,36,9.7,2330.01,63.87,205,320,RAMP,20.0,4.0,WORKLOAD_STEP
2026-07-09 16:54:02.290336200+05:30,23.8,47,13.7,2159.28,63.85,206,320,RAMP,20.0,4.0,WORKLOAD_STEP
2026-07-09 16:54:04.337202100+05:30,23.2,48,12.3,2771.9,63.81,206,316,RAMP,20.0,4.0,WORKLOAD_STEP
2026-07-09 16:54:06.366005400+05:30,21.5,48,15.7,2450.53,63.78,207,316,RAMP,20.0,4.0,WORKLOAD_STEP
2026-07-09 16:54:08.389910900+05:30,25.1,27,17.0,3033.02,63.76,207,315,RAMP,20.0,4.0,WORKLOAD_STEP
2026-07-09 16:54:10.417969900+05:30,25.2,40,17.7,2289.84,63.8,207,315,RAMP,20.0,4.0,WORKLOAD_STEP
2026-07-09 16:54:12.437689400+05:30,25.8,43,19.6,2701.61,63.72,207,315,RAMP,20.0,4.0,WORKLOAD_STEP
2026-07-09 16:54:14.458187400+05:30,21.4,32,20.0,3243.93,63.75,207,315,RAMP,20.0,4.0,WORKLOAD_STEP
2026-07-09 16:54:16.478318200+05:30,24.0,37,22.6,3123.42,63.75,207,315,RAMP,20.0,4.0,WORKLOAD_STEP
2026-07-09 16:54:18.497807100+05:30,21.0,36,23.2,3012.94,62.94,207,315,RAMP,20.0,4.0,WORKLOAD_STEP
2026-07-09 16:54:20.518198400+05:30,28.4,29,23.3,3053.12,63.03,207,317,RAMP,20.0,4.0,WORKLOAD_STEP
2026-07-09 16:54:22.537276700+05:30,23.7,30,22.8,3143.49,63.0,207,317,RAMP,20.0,4.0,WORKLOAD_STEP
2026-07-09 16:54:24.556541500+05:30,25.2,37,24.6,2962.72,63.0,207,317,RAMP,20.0,4.0,WORKLOAD_STEP
2026-07-09 16:54:26.575608900+05:30,25.3,26,24.1,3093.29,63.01,205,317,RAMP,20.0,4.0,WORKLOAD_STEP
2026-07-09 16:54:28.600211+05:30,23.3,24,24.5,3113.39,62.97,205,316,RAMP,20.0,4.0,WORKLOAD_STEP
2026-07-09 16:54:30.619357600+05:30,21.4,26,24.5,2581.09,62.99,208,316,RAMP,20.0,4.0,WORKLOAD_STEP
2026-07-09 16:54:32.637439900+05:30,22.3,24,25.5,3173.65,62.99,207,316,RAMP,20.0,4.0,WORKLOAD_STEP
2026-07-09 16:54:34.655986900+05:30,22.0,27,26.0,3033.04,63.31,204,316,RAMP,20.0,4.0,WORKLOAD_STEP
2026-07-09 16:54:36.690293400+05:30,29.3,33,23.3,2942.65,63.27,204,316,RAMP,20.0,4.0,WORKLOAD_STEP
2026-07-09 16:54:38.716011900+05:30,30.6,27,21.6,2721.69,61.27,204,316,RAMP,20.0,4.0,WORKLOAD_STEP
2026-07-09 16:54:40.737195200+05:30,26.0,27,21.7,1958.41,61.32,204,316,RAMP,20.0,4.0,WORKLOAD_STEP
2026-07-09 16:54:42.760182+05:30,28.9,40,22.5,2882.4,61.39,204,316,RAMP,20.0,4.0,WORKLOAD_STEP
2026-07-09 16:54:44.781382400+05:30,28.0,40,22.9,2661.44,61.46,204,316,RAMP,20.0,4.0,WORKLOAD_STEP
2026-07-09 16:54:46.800774300+05:30,26.9,27,22.8,2802.04,61.44,204,316,RAMP,20.0,4.0,WORKLOAD_STEP
2026-07-09 16:54:48.823037700+05:30,38.8,41,24.6,2038.75,61.64,205,316,RAMP,40.0,5.0,WORKLOAD_STEP
2026-07-09 16:54:50.881230300+05:30,49.5,41,19.8,2661.45,62.05,208,317,RAMP,40.0,5.0,WORKLOAD_STEP
2026-07-09 16:54:52.912414+05:30,51.0,37,26.0,2651.39,62.26,208,317,RAMP,40.0,5.0,WORKLOAD_STEP
2026-07-09 16:54:54.938897+05:30,50.1,40,21.5,2771.91,62.53,208,315,RAMP,40.0,5.0,WORKLOAD_STEP
2026-07-09 16:54:56.960819+05:30,46.2,27,21.6,2952.69,62.57,208,315,RAMP,40.0,5.0,WORKLOAD_STEP
2026-07-09 16:54:58.980982400+05:30,48.6,37,25.3,2480.64,62.58,208,315,RAMP,40.0,5.0,WORKLOAD_STEP
2026-07-09 16:55:00.999873600+05:30,43.9,36,20.9,2651.39,62.64,213,315,RAMP,40.0,5.0,WORKLOAD_STEP
2026-07-09 16:55:03.021373700+05:30,49.0,40,24.1,2862.29,62.7,213,315,RAMP,40.0,5.0,WORKLOAD_STEP
2026-07-09 16:55:05.041576800+05:30,48.2,40,22.9,2530.88,62.81,213,315,RAMP,40.0,5.0,WORKLOAD_STEP
2026-07-09 16:55:07.069600200+05:30,48.4,33,22.8,2922.54,62.82,213,315,RAMP,40.0,5.0,WORKLOAD_STEP
2026-07-09 16:55:09.124078600+05:30,48.5,33,23.7,2721.69,62.84,213,315,RAMP,40.0,5.0,WORKLOAD_STEP
2026-07-09 16:55:11.154099300+05:30,49.0,33,20.6,2309.93,62.94,213,315,RAMP,40.0,5.0,WORKLOAD_STEP
2026-07-09 16:55:13.181578500+05:30,46.2,40,21.8,2691.54,62.87,213,315,RAMP,40.0,6.0,WORKLOAD_STEP
2026-07-09 16:55:15.206261900+05:30,55.7,40,24.2,2812.07,62.92,216,315,RAMP,40.0,6.0,WORKLOAD_STEP
2026-07-09 16:55:17.228013700+05:30,50.3,30,20.6,2420.39,62.77,218,315,RAMP,40.0,6.0,WORKLOAD_STEP
2026-07-09 16:55:19.246994600+05:30,48.6,33,26.7,2400.32,63.31,216,328,RAMP,40.0,6.0,WORKLOAD_STEP
2026-07-09 16:55:21.292425+05:30,78.6,36,25.2,2520.83,63.78,217,326,RAMP,40.0,6.0,WORKLOAD_STEP
2026-07-09 16:55:23.331137200+05:30,80.7,36,25.3,2671.48,63.75,217,325,RAMP,40.0,6.0,WORKLOAD_STEP
2026-07-09 16:55:25.370974800+05:30,71.7,33,25.9,2460.57,63.7,218,325,RAMP,40.0,6.0,WORKLOAD_STEP
2026-07-09 16:55:27.410134900+05:30,72.1,34,24.9,2480.66,63.76,219,326,RAMP,40.0,6.0,WORKLOAD_STEP
2026-07-09 16:55:29.438746+05:30,69.4,36,27.2,2611.19,63.8,219,327,RAMP,40.0,6.0,WORKLOAD_STEP
2026-07-09 16:55:31.467983+05:30,64.3,37,25.7,2751.81,64.02,217,327,RAMP,40.0,6.0,WORKLOAD_STEP
2026-07-09 16:55:33.509365500+05:30,65.1,33,25.4,2641.33,63.95,217,327,RAMP,40.0,6.0,WORKLOAD_STEP
2026-07-09 16:55:35.541801600+05:30,64.2,32,26.0,2581.07,64.04,217,327,RAMP,40.0,6.0,WORKLOAD_STEP
2026-07-09 16:55:37.573183400+05:30,66.2,34,25.6,2591.1,64.17,217,327,RAMP,40.0,6.0,WORKLOAD_STEP
2026-07-09 16:55:39.616799600+05:30,60.6,34,26.4,2621.24,64.35,217,327,RAMP,40.0,6.0,WORKLOAD_STEP
2026-07-09 16:55:41.677725100+05:30,66.3,34,27.0,2480.66,64.47,217,327,RAMP,40.0,6.0,WORKLOAD_STEP
2026-07-09 16:55:43.710547600+05:30,66.9,32,25.8,2571.03,64.48,217,327,RAMP,40.0,6.0,WORKLOAD_STEP
2026-07-09 16:55:45.739186200+05:30,66.0,32,27.0,2410.35,64.59,217,327,RAMP,40.0,6.0,WORKLOAD_STEP
2026-07-09 16:55:47.764999300+05:30,66.3,29,25.3,2360.15,64.59,217,327,RAMP,40.0,6.0,WORKLOAD_STEP
2026-07-09 16:55:49.788366600+05:30,72.0,34,25.8,2681.5,64.68,220,330,RAMP,40.0,6.0,WORKLOAD_STEP
2026-07-09 16:55:51.822316600+05:30,67.0,36,27.7,2550.95,64.79,214,329,RAMP,40.0,6.0,WORKLOAD_STEP
2026-07-09 16:55:53.857559100+05:30,66.2,34,23.1,2460.57,64.66,214,329,RAMP,40.0,6.0,WORKLOAD_STEP
2026-07-09 16:55:55.892580200+05:30,66.8,34,27.6,2621.26,64.81,214,329,RAMP,40.0,6.0,WORKLOAD_STEP
2026-07-09 16:55:57.920410+05:30,69.0,34,26.1,2581.09,64.86,213,329,RAMP,40.0,6.0,WORKLOAD_STEP
2026-07-09 16:55:59.947914900+05:30,70.2,32,25.4,2550.95,65.0,212,329,RAMP,40.0,6.0,WORKLOAD_STEP
2026-07-09 16:56:01.982599800+05:30,69.3,32,26.6,2581.09,65.07,212,329,RAMP,40.0,6.0,WORKLOAD_STEP
2026-07-09 16:56:04.017632100+05:30,70.0,34,26.2,2731.71,65.29,211,329,RAMP,40.0,6.0,WORKLOAD_STEP
2026-07-09 16:56:06.048479500+05:30,69.5,36,26.8,2520.82,65.17,210,329,RAMP,40.0,6.0,WORKLOAD_STEP
2026-07-09 16:56:08.075887800+05:30,70.1,34,26.1,2571.03,65.36,210,331,RAMP,40.0,6.0,WORKLOAD_STEP
2026-07-09 16:56:10.104388+05:30,69.5,34,25.6,2510.77,65.49,210,331,RAMP,40.0,6.0,WORKLOAD_STEP
2026-07-09 16:56:12.154305400+05:30,62.7,34,25.6,2691.55,65.45,210,330,RAMP,40.0,6.0,WORKLOAD_STEP
2026-07-09 16:56:14.186338800+05:30,63.1,34,24.8,2319.97,65.67,210,331,RAMP,40.0,6.0,WORKLOAD_STEP
2026-07-09 16:56:16.220555900+05:30,63.7,34,26.5,2661.41,65.66,210,331,RAMP,40.0,6.0,WORKLOAD_STEP
2026-07-09 16:56:18.252140+05:30,63.8,36,24.0,2550.95,65.88,210,331,RAMP,40.0,6.0,WORKLOAD_STEP
2026-07-09 16:56:20.280079400+05:30,65.9,34,26.0,2470.59,65.82,210,331,RAMP,40.0,6.0,WORKLOAD_STEP
2026-07-09 16:56:22.318085700+05:30,71.3,34,25.6,2430.43,65.96,210,332,RAMP,40.0,6.0,WORKLOAD_STEP
2026-07-09 16:56:24.353558400+05:30,74.3,34,26.0,2530.87,64.9,210,330,RAMP,40.0,6.0,WORKLOAD_STEP
2026-07-09 16:56:26.388954200+05:30,63.6,33,27.0,2571.03,65.01,211,330,RAMP,40.0,6.0,WORKLOAD_STEP
2026-07-09 16:56:28.424920900+05:30,69.7,34,26.1,2520.82,65.17,210,330,RAMP,40.0,6.0,WORKLOAD_STEP
2026-07-09 16:56:30.459062900+05:30,72.6,36,26.7,2390.27,65.35,213,330,RAMP,40.0,6.0,WORKLOAD_STEP
2026-07-09 16:56:32.498603+05:30,71.5,34,26.8,2380.23,65.42,213,330,RAMP,40.0,6.0,WORKLOAD_STEP
2026-07-09 16:56:34.530500200+05:30,62.6,33,26.5,2530.86,65.49,213,330,RAMP,40.0,6.0,WORKLOAD_STEP
2026-07-09 16:56:36.565209400+05:30,69.9,33,26.3,2591.13,65.64,210,330,RAMP,40.0,6.0,WORKLOAD_STEP
2026-07-09 16:56:38.598709200+05:30,69.0,37,24.4,2571.03,65.66,210,330,RAMP,40.0,6.0,WORKLOAD_STEP
2026-07-09 16:56:40.633353500+05:30,71.6,36,26.0,2561.0,65.51,210,328,RAMP,40.0,6.0,WORKLOAD_STEP
2026-07-09 16:56:42.680000500+05:30,63.9,32,24.5,2500.74,65.49,210,328,RAMP,40.0,6.0,WORKLOAD_STEP
2026-07-09 16:56:44.712081800+05:30,63.8,34,24.8,2410.36,65.53,210,328,RAMP,40.0,6.0,WORKLOAD_STEP
2026-07-09 16:56:46.746550700+05:30,61.7,34,26.6,2591.13,65.21,210,328,RAMP,40.0,6.0,WORKLOAD_STEP
2026-07-09 16:56:48.778542700+05:30,61.6,32,25.0,2550.95,65.33,210,328,RAMP,40.0,6.0,WORKLOAD_STEP
2026-07-09 16:56:50.808135700+05:30,67.0,34,25.6,2520.83,65.28,210,326,RAMP,40.0,6.0,WORKLOAD_STEP
2026-07-09 16:56:52.840912500+05:30,66.4,36,26.3,2500.74,65.29,210,326,RAMP,40.0,6.0,WORKLOAD_STEP
2026-07-09 16:56:54.871059+05:30,62.9,32,25.3,2540.91,65.2,210,326,RAMP,40.0,6.0,WORKLOAD_STEP
2026-07-09 16:56:56.903924500+05:30,62.1,32,26.0,2741.79,65.21,210,326,RAMP,40.0,6.0,WORKLOAD_STEP
2026-07-09 16:56:58.941005300+05:30,44.9,33,22.6,2872.32,64.86,210,314,RAMP,40.0,6.0,WORKLOAD_STEP
2026-07-09 16:57:00.968877500+05:30,43.8,34,20.4,2560.99,64.84,210,313,RAMP,40.0,6.0,WORKLOAD_STEP
2026-07-09 16:57:02.992532100+05:30,43.2,32,22.9,2751.81,64.71,210,313,RAMP,40.0,6.0,WORKLOAD_STEP
2026-07-09 16:57:05.016533300+05:30,44.6,37,23.6,2611.21,64.71,210,313,RAMP,40.0,6.0,WORKLOAD_STEP
2026-07-09 16:57:07.040333700+05:30,43.1,33,23.1,2420.41,64.74,210,313,RAMP,40.0,6.0,WORKLOAD_STEP
2026-07-09 16:57:09.062509700+05:30,42.3,32,24.3,2661.41,64.74,210,313,RAMP,40.0,6.0,WORKLOAD_STEP
2026-07-09 16:57:11.089443900+05:30,43.6,27,24.2,2631.29,64.75,210,313,RAMP,40.0,6.0,WORKLOAD_STEP
2026-07-09 16:57:13.119243200+05:30,41.8,33,24.7,2500.75,64.75,210,313,RAMP,40.0,6.0,WORKLOAD_STEP
2026-07-09 16:57:15.161261100+05:30,42.6,33,24.5,2711.65,64.77,209,313,RAMP,40.0,6.0,WORKLOAD_STEP
2026-07-09 16:57:17.190868900+05:30,41.6,32,24.3,2942.61,64.77,208,313,RAMP,40.0,6.0,WORKLOAD_STEP
2026-07-09 16:57:19.225389900+05:30,44.5,33,23.5,2701.6,64.77,208,313,RAMP,40.0,6.0,WORKLOAD_STEP
2026-07-09 16:57:21.252700100+05:30,41.5,32,22.9,2701.6,64.77,207,313,RAMP,40.0,6.0,WORKLOAD_STEP
2026-07-09 16:57:23.279908600+05:30,47.5,33,25.6,2701.6,64.63,206,313,RAMP,40.0,6.0,WORKLOAD_STEP
2026-07-09 16:57:25.308242700+05:30,42.8,32,24.0,2832.16,64.7,206,313,RAMP,40.0,6.0,WORKLOAD_STEP
2026-07-09 16:57:27.335921800+05:30,45.7,32,22.4,2530.86,64.69,206,313,RAMP,40.0,6.0,WORKLOAD_STEP
2026-07-09 16:57:29.362344700+05:30,43.1,32,26.2,2892.42,64.67,206,313,RAMP,40.0,6.0,WORKLOAD_STEP
2026-07-09 16:57:31.392418500+05:30,45.1,32,25.8,2842.21,64.69,206,313,RAMP,40.0,6.0,WORKLOAD_STEP
2026-07-09 16:57:33.417718900+05:30,41.0,33,24.0,2651.4,64.59,206,313,RAMP,40.0,6.0,WORKLOAD_STEP
2026-07-09 16:57:35.442441500+05:30,43.2,32,24.2,2872.32,64.59,208,313,RAMP,40.0,6.0,WORKLOAD_STEP
2026-07-09 16:57:37.490237600+05:30,42.6,30,23.3,2822.12,64.68,208,313,RAMP,40.0,6.0,WORKLOAD_STEP
2026-07-09 16:57:39.515776100+05:30,42.9,30,24.7,2822.12,64.7,208,313,RAMP,40.0,6.0,WORKLOAD_STEP
2026-07-09 16:57:41.539304500+05:30,44.3,30,25.5,2972.75,64.69,208,313,RAMP,40.0,6.0,WORKLOAD_STEP
2026-07-09 16:57:43.566022+05:30,43.7,30,23.6,2802.03,64.7,210,313,RAMP,40.0,6.0,WORKLOAD_STEP
2026-07-09 16:57:45.592740400+05:30,41.6,32,24.4,2942.62,64.7,208,313,RAMP,40.0,6.0,WORKLOAD_STEP
2026-07-09 16:57:47.628395200+05:30,41.1,32,24.2,2741.78,64.7,208,313,RAMP,40.0,6.0,WORKLOAD_STEP
2026-07-09 16:57:49.672533300+05:30,40.5,32,25.3,2802.04,64.71,207,313,RAMP,40.0,6.0,WORKLOAD_STEP
2026-07-09 16:57:51.700466500+05:30,41.3,33,24.6,2832.16,64.71,207,313,RAMP,40.0,6.0,WORKLOAD_STEP
2026-07-09 16:57:53.726585500+05:30,40.8,27,24.2,2862.28,64.73,207,313,RAMP,40.0,6.0,WORKLOAD_STEP
2026-07-09 16:57:55.751060200+05:30,40.4,29,23.9,2852.25,64.81,207,313,RAMP,40.0,6.0,WORKLOAD_STEP
2026-07-09 16:57:57.775968200+05:30,40.8,30,23.3,2822.12,64.81,207,313,RAMP,40.0,6.0,WORKLOAD_STEP
2026-07-09 16:57:59.801663600+05:30,41.5,33,23.5,2711.64,64.79,207,313,RAMP,40.0,6.0,WORKLOAD_STEP
2026-07-09 16:58:01.827334300+05:30,41.7,32,24.9,2641.35,64.77,207,313,RAMP,40.0,6.0,WORKLOAD_STEP
2026-07-09 16:58:03.858319400+05:30,41.1,27,23.7,2781.96,64.8,207,313,RAMP,40.0,6.0,WORKLOAD_STEP
2026-07-09 16:58:05.883066+05:30,42.8,32,24.9,2852.24,64.76,205,313,RAMP,40.0,6.0,WORKLOAD_STEP
2026-07-09 16:58:07.909113700+05:30,41.8,32,24.3,2771.88,64.8,205,313,RAMP,40.0,6.0,WORKLOAD_STEP
2026-07-09 16:58:09.932651+05:30,42.5,32,23.9,2882.37,64.78,205,313,RAMP,40.0,6.0,WORKLOAD_STEP
2026-07-09 16:58:11.954779500+05:30,40.6,29,22.9,2822.11,64.78,205,313,RAMP,40.0,6.0,WORKLOAD_STEP
2026-07-09 16:58:13.980244+05:30,43.1,32,23.5,2932.58,64.8,205,313,RAMP,40.0,6.0,WORKLOAD_STEP
2026-07-09 16:58:16.007183200+05:30,41.1,30,24.6,2842.2,64.8,205,313,RAMP,40.0,6.0,WORKLOAD_STEP
2026-07-09 16:58:18.033874100+05:30,42.5,32,24.1,2882.37,64.79,209,313,RAMP,40.0,6.0,WORKLOAD_STEP
2026-07-09 16:58:20.064936500+05:30,46.3,27,24.3,2781.96,64.86,210,315,RAMP,40.0,6.0,WORKLOAD_STEP
2026-07-09 16:58:22.108990100+05:30,40.5,33,24.8,2862.29,64.87,210,317,RAMP,40.0,6.0,WORKLOAD_STEP
2026-07-09 16:58:24.134994+05:30,40.7,32,23.6,2771.91,64.85,210,315,RAMP,40.0,6.0,WORKLOAD_STEP
2026-07-09 16:58:26.159935700+05:30,40.7,32,26.3,2771.91,64.91,210,315,RAMP,40.0,6.0,WORKLOAD_STEP
2026-07-09 16:58:28.187259700+05:30,40.2,32,22.9,2681.52,64.85,210,315,RAMP,40.0,6.0,WORKLOAD_STEP
2026-07-09 16:58:30.217051800+05:30,41.1,33,24.7,2741.77,64.79,213,314,RAMP,60.0,7.0,WORKLOAD_STEP
2026-07-09 16:58:32.238418100+05:30,60.0,32,24.3,3022.99,64.82,212,314,RAMP,60.0,7.0,WORKLOAD_STEP
2026-07-09 16:58:34.259882400+05:30,65.6,34,24.8,2952.66,64.82,212,314,RAMP,60.0,7.0,WORKLOAD_STEP
2026-07-09 16:58:36.287186500+05:30,64.5,37,24.9,2972.76,64.81,209,314,RAMP,60.0,7.0,WORKLOAD_STEP
2026-07-09 16:58:38.317582200+05:30,63.0,33,22.6,2651.38,64.81,209,314,RAMP,60.0,7.0,WORKLOAD_STEP
2026-07-09 16:58:40.351548600+05:30,62.4,32,25.8,2791.97,64.81,209,314,RAMP,60.0,7.0,WORKLOAD_STEP
2026-07-09 16:58:42.381809400+05:30,62.7,32,25.6,2701.6,64.69,210,312,RAMP,60.0,7.0,WORKLOAD_STEP
2026-07-09 16:58:44.407813800+05:30,62.0,34,24.3,2691.54,64.68,210,312,RAMP,60.0,7.0,WORKLOAD_STEP
2026-07-09 16:58:46.433029400+05:30,60.4,33,24.0,2711.64,64.67,210,312,RAMP,60.0,7.0,WORKLOAD_STEP
2026-07-09 16:58:48.464570800+05:30,65.3,32,24.5,2812.07,64.66,210,312,RAMP,60.0,7.0,WORKLOAD_STEP
2026-07-09 16:58:50.498420700+05:30,61.5,32,26.0,2681.52,64.67,210,312,RAMP,60.0,7.0,WORKLOAD_STEP
2026-07-09 16:58:52.528872600+05:30,63.2,36,25.1,2631.28,64.92,209,314,RAMP,60.0,7.0,WORKLOAD_STEP
2026-07-09 16:58:54.580251400+05:30,61.5,33,25.6,2842.18,64.62,209,312,RAMP,60.0,7.0,WORKLOAD_STEP
2026-07-09 16:58:56.613143900+05:30,64.7,34,23.7,2741.77,64.68,209,312,RAMP,60.0,7.0,WORKLOAD_STEP
2026-07-09 16:58:58.645341500+05:30,60.2,36,26.1,2832.16,64.2,209,312,RAMP,60.0,7.0,WORKLOAD_STEP
2026-07-09 16:59:00.673219+05:30,61.9,36,24.9,2711.63,64.3,209,312,RAMP,60.0,7.0,WORKLOAD_STEP
2026-07-09 16:59:02.709405400+05:30,59.6,36,24.4,2842.2,64.25,209,312,RAMP,60.0,8.0,WORKLOAD_STEP
2026-07-09 16:59:04.735324100+05:30,62.3,32,24.6,2822.11,64.25,209,312,RAMP,60.0,8.0,WORKLOAD_STEP
2026-07-09 16:59:06.761162600+05:30,60.7,32,25.6,2681.49,64.24,209,312,RAMP,60.0,8.0,WORKLOAD_STEP
2026-07-09 16:59:08.787038100+05:30,60.7,34,26.1,2581.08,64.24,209,312,RAMP,60.0,8.0,WORKLOAD_STEP
2026-07-09 16:59:10.812819300+05:30,60.8,34,25.8,2892.42,64.23,209,312,RAMP,60.0,8.0,WORKLOAD_STEP
2026-07-09 16:59:12.839980300+05:30,60.2,34,26.0,2731.72,64.23,209,312,RAMP,60.0,8.0,WORKLOAD_STEP
2026-07-09 16:59:14.867506900+05:30,60.6,34,26.5,2832.17,64.24,209,312,RAMP,60.0,8.0,WORKLOAD_STEP
2026-07-09 16:59:16.897942900+05:30,61.3,34,24.3,2550.95,64.23,209,312,RAMP,60.0,8.0,WORKLOAD_STEP
2026-07-09 16:59:18.936508800+05:30,60.6,33,22.6,2852.23,64.23,209,312,RAMP,60.0,8.0,WORKLOAD_STEP
2026-07-09 16:59:20.963797+05:30,61.0,33,23.5,2791.96,64.22,211,312,RAMP,60.0,8.0,WORKLOAD_STEP
2026-07-09 16:59:22.993843600+05:30,64.0,34,24.8,2791.97,64.19,209,312,RAMP,60.0,8.0,WORKLOAD_STEP
2026-07-09 16:59:25.022694200+05:30,60.4,32,25.0,2741.75,64.24,209,312,RAMP,60.0,8.0,WORKLOAD_STEP
2026-07-09 16:59:27.076345800+05:30,63.8,34,26.6,2842.18,64.21,209,312,RAMP,60.0,8.0,WORKLOAD_STEP
2026-07-09 16:59:29.104257300+05:30,60.5,34,25.8,2832.16,64.22,209,312,RAMP,60.0,8.0,WORKLOAD_STEP
2026-07-09 16:59:31.136239900+05:30,63.6,33,24.3,2671.47,64.21,209,312,RAMP,60.0,8.0,WORKLOAD_STEP
2026-07-09 16:59:33.167949800+05:30,60.9,33,25.1,2621.25,64.2,210,312,RAMP,60.0,8.0,WORKLOAD_STEP
2026-07-09 16:59:35.251197500+05:30,60.9,36,25.1,2842.2,64.18,210,312,RAMP,60.0,8.0,WORKLOAD_STEP
2026-07-09 16:59:37.280598+05:30,60.2,33,24.7,2761.86,64.2,210,312,RAMP,60.0,8.0,WORKLOAD_STEP
2026-07-09 16:59:39.313020800+05:30,65.6,32,26.3,2631.29,64.19,210,312,RAMP,60.0,8.0,WORKLOAD_STEP
2026-07-09 16:59:41.348445400+05:30,64.7,33,23.8,2832.16,64.19,210,312,RAMP,60.0,8.0,WORKLOAD_STEP
2026-07-09 16:59:43.379138700+05:30,64.7,33,24.8,2731.72,64.19,210,312,RAMP,60.0,8.0,WORKLOAD_STEP
2026-07-09 16:59:45.408479300+05:30,61.4,33,25.7,2802.04,64.19,210,312,RAMP,60.0,8.0,WORKLOAD_STEP
2026-07-09 16:59:47.438220300+05:30,62.0,32,24.1,2651.38,64.19,214,312,RAMP,60.0,8.0,WORKLOAD_STEP
2026-07-09 16:59:49.471152100+05:30,60.6,29,25.9,2802.03,64.19,215,312,RAMP,60.0,8.0,WORKLOAD_STEP
2026-07-09 16:59:51.502531400+05:30,63.4,32,25.6,2591.11,64.19,215,312,RAMP,60.0,8.0,WORKLOAD_STEP
2026-07-09 16:59:53.533781800+05:30,64.1,33,25.8,2741.76,64.23,215,312,RAMP,60.0,8.0,WORKLOAD_STEP
2026-07-09 16:59:55.567920200+05:30,64.6,32,24.9,2641.32,64.24,215,312,RAMP,60.0,8.0,WORKLOAD_STEP
2026-07-09 16:59:57.596082100+05:30,61.5,32,24.6,2661.41,64.18,215,312,RAMP,60.0,8.0,WORKLOAD_STEP
2026-07-09 16:59:59.628131600+05:30,63.9,33,24.8,2621.24,64.19,215,312,RAMP,60.0,8.0,WORKLOAD_STEP
2026-07-09 17:00:01.676012800+05:30,60.2,34,24.9,2852.23,64.18,215,312,RAMP,60.0,8.0,WORKLOAD_STEP
2026-07-09 17:00:03.707605200+05:30,61.0,36,23.8,2751.8,64.19,214,312,RAMP,60.0,8.0,WORKLOAD_STEP
2026-07-09 17:00:05.743264500+05:30,60.2,33,24.6,2571.03,64.17,214,312,RAMP,60.0,8.0,WORKLOAD_STEP
2026-07-09 17:00:07.772383800+05:30,60.2,32,24.5,2761.85,64.19,214,312,RAMP,60.0,8.0,WORKLOAD_STEP
2026-07-09 17:00:09.797981200+05:30,61.7,32,23.6,2671.47,64.15,214,312,RAMP,60.0,8.0,WORKLOAD_STEP
2026-07-09 17:00:11.824155900+05:30,61.0,34,23.6,2711.64,64.17,214,312,RAMP,60.0,8.0,WORKLOAD_STEP
2026-07-09 17:00:13.856937400+05:30,60.8,30,26.3,2771.89,64.17,212,312,RAMP,60.0,8.0,WORKLOAD_STEP
2026-07-09 17:00:15.908329500+05:30,66.0,32,24.8,2751.8,64.17,212,312,RAMP,80.0,9.0,WORKLOAD_STEP
2026-07-09 17:00:17.939118400+05:30,81.4,30,25.5,2560.98,64.17,211,312,RAMP,80.0,9.0,WORKLOAD_STEP
2026-07-09 17:00:19.967432300+05:30,80.6,33,24.8,2621.23,64.17,213,312,RAMP,80.0,9.0,WORKLOAD_STEP
2026-07-09 17:00:21.991776300+05:30,79.8,33,26.1,2691.54,64.16,213,311,RAMP,80.0,9.0,WORKLOAD_STEP
2026-07-09 17:00:24.028376900+05:30,85.2,32,26.8,2711.63,64.1,213,311,RAMP,80.0,9.0,WORKLOAD_STEP
2026-07-09 17:00:26.068960300+05:30,81.7,29,24.3,2791.97,64.1,213,311,RAMP,80.0,9.0,WORKLOAD_STEP
2026-07-09 17:00:28.101398400+05:30,81.6,33,24.8,2611.18,64.11,213,311,RAMP,80.0,9.0,WORKLOAD_STEP
2026-07-09 17:00:30.131700600+05:30,82.5,32,25.5,2701.59,64.08,216,311,RAMP,80.0,9.0,WORKLOAD_STEP
2026-07-09 17:00:32.161768500+05:30,81.2,30,26.2,2751.81,64.08,214,311,RAMP,80.0,9.0,WORKLOAD_STEP
2026-07-09 17:00:34.215393+05:30,82.5,36,24.8,2611.2,64.07,216,311,RAMP,80.0,9.0,WORKLOAD_STEP
2026-07-09 17:00:36.250192800+05:30,83.2,39,22.3,2581.07,64.07,212,311,RAMP,80.0,10.0,WORKLOAD_STEP
2026-07-09 17:00:38.276714300+05:30,81.8,34,24.4,2601.15,64.05,211,311,RAMP,80.0,10.0,WORKLOAD_STEP
2026-07-09 17:00:40.309712800+05:30,80.6,33,25.0,2581.09,64.04,211,311,RAMP,80.0,10.0,WORKLOAD_STEP
2026-07-09 17:00:42.344729400+05:30,82.3,34,25.8,2671.46,64.04,210,311,RAMP,80.0,10.0,WORKLOAD_STEP
2026-07-09 17:00:44.377795900+05:30,80.7,34,22.9,2611.21,64.04,210,311,RAMP,80.0,10.0,WORKLOAD_STEP
2026-07-09 17:00:46.403117200+05:30,84.6,33,27.5,2631.28,64.05,210,311,RAMP,80.0,10.0,WORKLOAD_STEP
2026-07-09 17:00:48.429602500+05:30,83.6,36,26.2,2440.47,64.04,208,311,RAMP,80.0,10.0,WORKLOAD_STEP
2026-07-09 17:00:50.476875100+05:30,83.0,32,27.0,2550.95,64.04,208,311,RAMP,80.0,10.0,WORKLOAD_STEP
2026-07-09 17:00:52.507224900+05:30,79.8,32,25.2,2581.06,64.27,208,313,RAMP,80.0,10.0,WORKLOAD_STEP
2026-07-09 17:00:54.540013400+05:30,82.9,34,24.8,2681.5,64.07,207,311,RAMP,80.0,10.0,WORKLOAD_STEP
2026-07-09 17:00:56.574449300+05:30,81.5,34,26.2,2611.2,64.06,207,311,RAMP,80.0,10.0,WORKLOAD_STEP
2026-07-09 17:00:58.603267500+05:30,81.8,36,25.8,2661.4,64.07,207,311,RAMP,80.0,10.0,WORKLOAD_STEP
2026-07-09 17:01:00.635142200+05:30,84.5,33,24.1,2641.32,64.06,207,311,RAMP,80.0,10.0,WORKLOAD_STEP
2026-07-09 17:01:02.666927900+05:30,84.3,32,25.3,2581.07,64.07,207,311,RAMP,80.0,10.0,WORKLOAD_STEP
2026-07-09 17:01:04.700865200+05:30,90.4,34,25.6,2510.76,64.35,207,314,RAMP,80.0,10.0,WORKLOAD_STEP
2026-07-09 17:01:06.751412300+05:30,83.9,34,24.9,2621.24,64.3,207,314,RAMP,80.0,10.0,WORKLOAD_STEP
2026-07-09 17:01:08.780434100+05:30,81.2,36,25.2,2661.41,64.21,207,314,RAMP,80.0,10.0,WORKLOAD_STEP
2026-07-09 17:01:10.812474+05:30,80.6,33,26.8,2701.59,64.21,207,314,RAMP,80.0,10.0,WORKLOAD_STEP
2026-07-09 17:01:12.850307300+05:30,80.5,32,26.0,2631.3,64.21,207,314,RAMP,80.0,10.0,WORKLOAD_STEP
2026-07-09 17:01:14.881476900+05:30,81.7,34,26.9,2550.94,64.19,207,314,RAMP,80.0,10.0,WORKLOAD_STEP
2026-07-09 17:01:16.912659+05:30,80.9,33,25.8,2711.64,64.2,207,314,RAMP,80.0,10.0,WORKLOAD_STEP
2026-07-09 17:01:18.942940300+05:30,80.4,33,25.0,2681.5,64.2,207,314,RAMP,80.0,10.0,WORKLOAD_STEP
2026-07-09 17:01:20.976481400+05:30,96.9,33,22.9,2651.38,64.17,207,314,RAMP,100.0,11.0,WORKLOAD_STEP
2026-07-09 17:01:23.126854400+05:30,100.0,34,25.2,2520.8,64.17,207,314,RAMP,100.0,11.0,WORKLOAD_STEP
2026-07-09 17:01:25.229406200+05:30,100.0,33,25.8,2550.93,64.19,207,314,RAMP,100.0,11.0,WORKLOAD_STEP
2026-07-09 17:01:27.306669+05:30,100.0,33,26.1,2500.72,64.2,207,314,RAMP,100.0,11.0,WORKLOAD_STEP
2026-07-09 17:01:29.395947+05:30,100.0,34,25.3,2540.88,64.2,207,315,RAMP,100.0,11.0,WORKLOAD_STEP
2026-07-09 17:01:31.452708500+05:30,100.0,34,25.2,2520.79,64.17,207,315,RAMP,100.0,11.0,WORKLOAD_STEP
2026-07-09 17:01:33.530303200+05:30,100.0,33,25.2,2510.76,64.16,207,315,RAMP,100.0,11.0,WORKLOAD_STEP
2026-07-09 17:01:35.606481100+05:30,100.0,33,24.7,2500.71,64.14,207,315,RAMP,100.0,11.0,WORKLOAD_STEP
2026-07-09 17:01:37.669702400+05:30,100.0,34,25.3,2530.84,64.13,207,315,RAMP,100.0,11.0,WORKLOAD_STEP
2026-07-09 17:01:39.753431+05:30,100.0,33,25.9,2490.68,64.12,207,316,RAMP,100.0,11.0,WORKLOAD_STEP
2026-07-09 17:01:41.859880500+05:30,100.0,33,25.9,2550.93,64.09,207,315,RAMP,100.0,11.0,WORKLOAD_STEP
2026-07-09 17:01:43.970349400+05:30,100.0,33,24.7,2490.67,64.08,207,315,RAMP,100.0,11.0,WORKLOAD_STEP
2026-07-09 17:01:46.032434500+05:30,100.0,34,26.0,2520.8,64.06,207,314,RAMP,100.0,11.0,WORKLOAD_STEP
2026-07-09 17:01:48.097531800+05:30,100.0,33,24.5,2520.8,64.05,207,314,RAMP,100.0,11.0,WORKLOAD_STEP
2026-07-09 17:01:50.191435600+05:30,100.0,33,25.7,2490.68,64.05,207,314,RAMP,100.0,11.0,WORKLOAD_STEP
2026-07-09 17:01:52.289366500+05:30,100.0,34,24.9,2510.77,64.04,207,314,RAMP,100.0,11.0,WORKLOAD_STEP
2026-07-09 17:01:54.335360600+05:30,100.0,33,26.4,2510.76,64.11,207,314,RAMP,100.0,11.0,WORKLOAD_STEP
2026-07-09 17:01:56.418570200+05:30,100.0,33,25.6,2520.8,64.04,207,314,RAMP,100.0,11.0,WORKLOAD_STEP
2026-07-09 17:01:58.494296700+05:30,100.0,33,26.1,2500.72,64.04,207,314,RAMP,100.0,11.0,WORKLOAD_STEP
2026-07-09 17:02:00.578459600+05:30,100.0,34,25.2,2520.8,64.0,207,312,RAMP,100.0,11.0,WORKLOAD_STEP
2026-07-09 17:02:02.645223200+05:30,100.0,34,24.8,2510.76,64.24,207,313,RAMP,100.0,11.0,WORKLOAD_STEP
2026-07-09 17:02:04.709048800+05:30,100.0,33,26.7,2490.68,64.27,206,314,RAMP,100.0,11.0,WORKLOAD_STEP
2026-07-09 17:02:06.787974600+05:30,100.0,34,25.7,2540.88,64.22,206,312,RAMP,100.0,11.0,WORKLOAD_STEP
2026-07-09 17:02:08.866075200+05:30,100.0,34,23.7,2490.67,64.21,206,312,RAMP,100.0,11.0,WORKLOAD_STEP
2026-07-09 17:02:10.939275+05:30,100.0,33,24.0,2480.63,64.2,205,312,RAMP,100.0,11.0,WORKLOAD_STEP
2026-07-09 17:02:13.018601500+05:30,100.0,33,26.6,2510.76,64.14,205,313,RAMP,100.0,11.0,WORKLOAD_STEP
2026-07-09 17:02:15.094379300+05:30,100.0,34,26.2,2520.8,64.15,205,313,RAMP,100.0,11.0,WORKLOAD_STEP
2026-07-09 17:02:17.165466400+05:30,100.0,33,25.0,2490.67,64.17,204,313,RAMP,100.0,11.0,WORKLOAD_STEP
2026-07-09 17:02:19.234869400+05:30,100.0,33,26.0,2490.68,64.17,204,313,RAMP,100.0,11.0,WORKLOAD_STEP
2026-07-09 17:02:21.299926900+05:30,100.0,33,24.9,2490.68,64.17,204,313,RAMP,100.0,11.0,WORKLOAD_STEP
2026-07-09 17:02:23.355358400+05:30,100.0,33,24.2,2510.76,64.17,204,313,RAMP,100.0,11.0,WORKLOAD_STEP
2026-07-09 17:02:25.401483100+05:30,100.0,33,26.1,2500.72,64.16,205,313,RAMP,100.0,11.0,WORKLOAD_STEP
2026-07-09 17:02:27.457964200+05:30,100.0,33,24.2,2490.67,64.16,204,313,RAMP,100.0,11.0,WORKLOAD_STEP
2026-07-09 17:02:29.523836500+05:30,100.0,33,23.9,2460.55,63.99,204,316,RAMP,100.0,11.0,WORKLOAD_STEP
2026-07-09 17:02:31.581713200+05:30,100.0,33,23.0,2480.63,63.99,207,316,RAMP,100.0,11.0,WORKLOAD_STEP
2026-07-09 17:02:33.653632600+05:30,100.0,33,25.9,2510.76,64.01,207,316,RAMP,100.0,11.0,WORKLOAD_STEP
2026-07-09 17:02:35.729133800+05:30,100.0,33,24.7,2460.55,64.01,204,315,RAMP,100.0,11.0,WORKLOAD_STEP
2026-07-09 17:02:37.797119+05:30,100.0,33,25.2,2450.5,64.01,204,315,RAMP,100.0,11.0,WORKLOAD_STEP
2026-07-09 17:02:39.882665500+05:30,100.0,34,25.5,2490.67,64.07,204,319,RAMP,100.0,11.0,WORKLOAD_STEP
2026-07-09 17:02:41.949978100+05:30,100.0,33,24.2,2500.72,64.07,204,319,RAMP,100.0,11.0,WORKLOAD_STEP
2026-07-09 17:02:44.016994900+05:30,100.0,34,25.5,2480.64,64.05,204,319,RAMP,100.0,11.0,WORKLOAD_STEP
2026-07-09 17:02:46.072864700+05:30,100.0,34,25.5,2500.72,64.04,204,319,RAMP,100.0,11.0,WORKLOAD_STEP
2026-07-09 17:02:48.201786200+05:30,100.0,33,24.6,2540.88,64.05,204,319,RAMP,100.0,11.0,WORKLOAD_STEP
2026-07-09 17:02:50.276006100+05:30,100.0,33,24.6,2470.6,64.14,204,319,RAMP,100.0,11.0,WORKLOAD_STEP
2026-07-09 17:02:52.343014400+05:30,100.0,34,27.0,2480.64,64.14,204,319,RAMP,100.0,11.0,WORKLOAD_STEP
2026-07-09 17:02:54.387275600+05:30,100.0,34,25.2,2480.64,64.14,204,319,RAMP,100.0,11.0,WORKLOAD_STEP
2026-07-09 17:02:56.451592400+05:30,100.0,34,24.8,2470.59,64.15,204,319,RAMP,100.0,11.0,WORKLOAD_STEP
2026-07-09 17:02:58.514675700+05:30,100.0,33,26.3,2500.72,64.15,206,319,RAMP,100.0,11.0,WORKLOAD_STEP
2026-07-09 17:03:00.571920500+05:30,100.0,33,25.9,2480.64,64.18,206,319,RAMP,100.0,11.0,WORKLOAD_STEP
2026-07-09 17:03:02.624054500+05:30,100.0,33,24.0,2500.72,64.18,206,319,RAMP,100.0,11.0,WORKLOAD_STEP
2026-07-09 17:03:04.708678100+05:30,100.0,32,25.2,2530.84,64.19,206,319,RAMP,100.0,11.0,WORKLOAD_STEP
2026-07-09 17:03:06.779375100+05:30,100.0,33,24.1,2500.72,64.18,206,319,RAMP,100.0,11.0,WORKLOAD_STEP
2026-07-09 17:03:08.863707400+05:30,100.0,34,25.1,2500.71,64.19,206,319,RAMP,100.0,11.0,WORKLOAD_STEP
2026-07-09 17:03:10.946474800+05:30,100.0,33,26.4,2460.56,64.18,206,319,RAMP,100.0,11.0,WORKLOAD_STEP
2026-07-09 17:03:12.991191400+05:30,100.0,33,25.9,2500.73,64.19,206,319,RAMP,100.0,11.0,WORKLOAD_STEP
2026-07-09 17:03:15.119088800+05:30,100.0,33,25.9,2500.72,64.18,206,320,RAMP,100.0,11.0,WORKLOAD_STEP
2026-07-09 17:03:17.193394600+05:30,100.0,33,24.8,2480.64,64.19,206,321,RAMP,100.0,11.0,WORKLOAD_STEP
2026-07-09 17:03:19.285459700+05:30,100.0,34,25.1,2410.34,65.23,206,327,RAMP,100.0,11.0,WORKLOAD_STEP
2026-07-09 17:03:21.808762100+05:30,90.4,34,26.7,2751.79,70.74,239,344,RAMP,100.0,11.0,WORKLOAD_STEP
2026-07-09 17:03:24.369446300+05:30,90.4,34,26.7,2751.79,71.12,234,349,RAMP,100.0,11.0,WORKLOAD_STEP
2026-07-09 17:03:26.470793200+05:30,92.2,33,25.8,2390.26,69.24,234,348,RAMP,100.0,11.0,WORKLOAD_STEP
2026-07-09 17:03:28.540057100+05:30,100.0,33,24.9,2460.55,69.67,235,348,RAMP,100.0,11.0,WORKLOAD_STEP
2026-07-09 17:03:30.615812900+05:30,100.0,33,25.1,2450.52,70.55,233,348,RAMP,100.0,11.0,WORKLOAD_STEP
2026-07-09 17:03:32.716028200+05:30,100.0,33,26.4,2470.6,70.61,235,344,RAMP,100.0,11.0,WORKLOAD_STEP
2026-07-09 17:03:34.801977300+05:30,100.0,33,25.0,2450.51,70.52,233,344,RAMP,100.0,11.0,WORKLOAD_STEP
2026-07-09 17:03:36.876944800+05:30,100.0,33,25.3,2470.6,69.36,233,344,RAMP,100.0,11.0,WORKLOAD_STEP
2026-07-09 17:03:39.012595900+05:30,100.0,32,25.9,2410.33,70.67,235,342,RAMP,100.0,11.0,WORKLOAD_STEP
2026-07-09 17:03:41.081587300+05:30,100.0,33,26.1,2490.68,70.8,235,342,RAMP,100.0,11.0,WORKLOAD_STEP
2026-07-09 17:03:43.151418200+05:30,100.0,34,25.9,2460.54,70.85,235,341,RAMP,100.0,11.0,WORKLOAD_STEP
2026-07-09 17:03:45.207529700+05:30,100.0,33,24.5,2480.63,71.01,235,341,RAMP,100.0,11.0,WORKLOAD_STEP
2026-07-09 17:03:47.274237+05:30,100.0,33,25.6,2470.6,71.01,235,340,RAMP,100.0,11.0,WORKLOAD_STEP
2026-07-09 17:03:49.332537+05:30,100.0,33,25.4,2510.76,71.02,235,341,RAMP,100.0,11.0,WORKLOAD_STEP
2026-07-09 17:03:51.396950400+05:30,100.0,33,24.9,2510.75,71.05,236,340,RAMP,100.0,11.0,WORKLOAD_STEP
2026-07-09 17:03:53.465955100+05:30,100.0,33,24.4,2430.42,71.89,240,339,RAMP,100.0,11.0,WORKLOAD_STEP
2026-07-09 17:03:55.523885100+05:30,100.0,33,25.6,2440.47,72.27,246,338,RAMP,100.0,11.0,WORKLOAD_STEP
2026-07-09 17:03:57.597797500+05:30,100.0,33,24.2,2480.64,70.47,246,337,RAMP,100.0,11.0,WORKLOAD_STEP
2026-07-09 17:03:59.652878300+05:30,100.0,33,26.2,2460.55,70.48,246,337,RAMP,100.0,11.0,WORKLOAD_STEP
2026-07-09 17:04:01.700619100+05:30,100.0,33,24.5,2460.54,70.64,246,338,RAMP,100.0,11.0,WORKLOAD_STEP
2026-07-09 17:04:03.763925400+05:30,100.0,33,25.4,2450.5,70.6,246,338,RAMP,100.0,11.0,WORKLOAD_STEP
2026-07-09 17:04:05.815864+05:30,100.0,33,25.5,2460.56,70.62,246,337,RAMP,100.0,11.0,WORKLOAD_STEP
2026-07-09 17:04:07.916825800+05:30,100.0,32,25.6,2390.25,70.51,246,337,RAMP,100.0,11.0,WORKLOAD_STEP
2026-07-09 17:04:09.999920800+05:30,100.0,33,25.9,2490.67,70.52,246,337,RAMP,100.0,11.0,WORKLOAD_STEP
2026-07-09 17:04:12.057027600+05:30,100.0,33,26.2,2480.64,70.52,246,335,RAMP,100.0,11.0,WORKLOAD_STEP
2026-07-09 17:04:14.130967+05:30,100.0,33,26.1,2460.55,70.41,244,333,RAMP,100.0,11.0,WORKLOAD_STEP
2026-07-09 17:04:16.192340600+05:30,100.0,33,25.4,2490.68,70.32,244,331,RAMP,100.0,11.0,WORKLOAD_STEP
2026-07-09 17:04:18.254236+05:30,100.0,33,25.5,2440.47,70.32,248,331,RAMP,100.0,11.0,WORKLOAD_STEP
2026-07-09 17:04:20.320381200+05:30,100.0,33,26.3,2480.64,70.28,248,331,RAMP,100.0,11.0,WORKLOAD_STEP
2026-07-09 17:04:22.370644300+05:30,100.0,33,24.9,2490.68,70.29,247,331,RAMP,100.0,11.0,WORKLOAD_STEP
2026-07-09 17:04:24.465040+05:30,100.0,33,26.0,2490.67,70.27,243,331,RAMP,100.0,11.0,WORKLOAD_STEP
2026-07-09 17:04:26.511037800+05:30,100.0,33,27.0,2470.6,69.99,243,329,RAMP,100.0,11.0,WORKLOAD_STEP
2026-07-09 17:04:28.586639300+05:30,100.0,33,25.4,2450.51,69.99,243,328,RAMP,100.0,11.0,WORKLOAD_STEP
2026-07-09 17:04:30.658933900+05:30,100.0,34,26.0,2500.72,69.99,246,329,RAMP,100.0,11.0,WORKLOAD_STEP
2026-07-09 17:04:32.741335600+05:30,100.0,33,25.3,2470.6,69.76,247,329,RAMP,100.0,11.0,WORKLOAD_STEP
2026-07-09 17:04:34.799238600+05:30,100.0,33,23.3,2510.76,69.62,241,328,RAMP,100.0,11.0,WORKLOAD_STEP
2026-07-09 17:04:36.888721400+05:30,100.0,33,25.6,2480.64,69.61,241,328,RAMP,100.0,11.0,WORKLOAD_STEP
2026-07-09 17:04:38.949261+05:30,100.0,33,25.9,2440.47,69.26,241,331,RAMP,100.0,12.0,WORKLOAD_STEP
2026-07-09 17:04:40.988986100+05:30,100.0,33,25.2,2490.68,67.72,241,327,RAMP,100.0,12.0,WORKLOAD_STEP
2026-07-09 17:04:43.045252500+05:30,100.0,32,24.2,2480.64,67.78,241,327,RAMP,100.0,12.0,WORKLOAD_STEP
2026-07-09 17:04:45.099829900+05:30,100.0,33,25.7,2450.52,67.73,241,327,RAMP,100.0,12.0,WORKLOAD_STEP
2026-07-09 17:04:47.150623900+05:30,100.0,34,24.3,2460.56,67.72,241,327,RAMP,100.0,12.0,WORKLOAD_STEP
2026-07-09 17:04:49.208531300+05:30,100.0,33,25.9,2460.56,67.73,242,329,RAMP,100.0,12.0,WORKLOAD_STEP
2026-07-09 17:04:51.268197200+05:30,100.0,33,25.6,2440.46,67.8,242,327,RAMP,100.0,12.0,WORKLOAD_STEP
2026-07-09 17:04:53.321132200+05:30,100.0,33,25.0,2440.47,67.79,243,327,RAMP,100.0,12.0,WORKLOAD_STEP
2026-07-09 17:04:55.376529500+05:30,100.0,33,25.2,2470.6,67.62,242,327,RAMP,100.0,12.0,WORKLOAD_STEP
2026-07-09 17:04:57.425503700+05:30,100.0,33,23.9,2460.56,67.59,242,327,RAMP,100.0,12.0,WORKLOAD_STEP
2026-07-09 17:04:59.485941800+05:30,100.0,33,24.3,2490.68,67.57,242,327,RAMP,100.0,12.0,WORKLOAD_STEP
2026-07-09 17:05:01.557574300+05:30,100.0,33,24.4,2480.64,67.85,242,327,RAMP,100.0,12.0,WORKLOAD_STEP
2026-07-09 17:05:03.595351300+05:30,100.0,33,27.1,2470.6,67.76,242,325,RAMP,100.0,12.0,WORKLOAD_STEP
2026-07-09 17:05:05.667042500+05:30,100.0,33,24.1,2500.72,67.78,242,327,RAMP,100.0,12.0,WORKLOAD_STEP
2026-07-09 17:05:07.726939700+05:30,89.1,37,22.5,2430.44,67.54,242,319,RAMP,80.0,13.0,WORKLOAD_STEP
2026-07-09 17:05:09.763399400+05:30,92.3,36,23.0,2440.47,66.89,248,319,RAMP,80.0,13.0,WORKLOAD_STEP
2026-07-09 17:05:11.829742100+05:30,93.5,34,25.3,2470.6,67.07,256,322,RAMP,80.0,13.0,WORKLOAD_STEP
2026-07-09 17:05:13.869103400+05:30,92.8,36,24.2,2340.03,67.16,258,322,RAMP,80.0,13.0,WORKLOAD_STEP
2026-07-09 17:05:15.910873+05:30,87.9,34,24.5,2540.91,67.26,258,323,RAMP,80.0,13.0,WORKLOAD_STEP
2026-07-09 17:05:17.947830+05:30,91.5,32,23.3,2440.48,67.09,267,321,RAMP,80.0,13.0,WORKLOAD_STEP
2026-07-09 17:05:19.990096700+05:30,82.1,33,23.4,2460.55,67.09,262,321,RAMP,80.0,13.0,WORKLOAD_STEP
2026-07-09 17:05:22.024426300+05:30,83.2,32,25.1,2601.14,66.96,255,320,RAMP,80.0,13.0,WORKLOAD_STEP
2026-07-09 17:05:24.063572600+05:30,83.2,30,23.8,2751.81,67.22,232,322,RAMP,80.0,13.0,WORKLOAD_STEP
2026-07-09 17:05:26.114911100+05:30,84.8,30,24.6,2641.31,66.62,232,317,RAMP,80.0,13.0,WORKLOAD_STEP
2026-07-09 17:05:28.152044500+05:30,84.2,27,23.5,2701.58,66.61,232,317,RAMP,80.0,13.0,WORKLOAD_STEP
2026-07-09 17:05:30.186555700+05:30,84.3,32,26.2,2631.27,66.64,232,317,RAMP,80.0,13.0,WORKLOAD_STEP
2026-07-09 17:05:32.218961600+05:30,84.5,29,24.5,2631.29,66.63,232,317,RAMP,80.0,13.0,WORKLOAD_STEP
2026-07-09 17:05:34.247577300+05:30,80.2,32,23.9,2681.52,66.61,231,317,RAMP,80.0,13.0,WORKLOAD_STEP
2026-07-09 17:05:36.290803+05:30,86.0,27,27.2,2842.19,66.66,231,317,RAMP,80.0,13.0,WORKLOAD_STEP
2026-07-09 17:05:38.325681200+05:30,81.7,32,24.8,2791.96,66.61,231,317,RAMP,80.0,13.0,WORKLOAD_STEP
2026-07-09 17:05:40.360914500+05:30,81.2,32,26.1,2681.49,66.58,231,317,RAMP,80.0,13.0,WORKLOAD_STEP
2026-07-09 17:05:42.394507200+05:30,85.1,32,23.9,2550.93,66.62,229,319,RAMP,80.0,13.0,WORKLOAD_STEP
2026-07-09 17:05:44.430024700+05:30,93.5,32,25.3,2440.46,67.09,230,320,RAMP,80.0,13.0,WORKLOAD_STEP
2026-07-09 17:05:46.465516200+05:30,89.8,33,22.4,2450.51,66.91,229,319,RAMP,80.0,13.0,WORKLOAD_STEP
2026-07-09 17:05:48.500973+05:30,81.6,33,24.8,2701.6,66.86,229,319,RAMP,80.0,13.0,WORKLOAD_STEP
2026-07-09 17:05:50.535785400+05:30,83.1,33,24.3,2621.24,66.83,232,318,RAMP,80.0,13.0,WORKLOAD_STEP
2026-07-09 17:05:52.573109500+05:30,84.5,30,24.7,2641.33,66.83,235,318,RAMP,80.0,13.0,WORKLOAD_STEP
2026-07-09 17:05:54.606463300+05:30,88.2,37,24.9,2530.84,66.86,235,318,RAMP,80.0,13.0,WORKLOAD_STEP
2026-07-09 17:05:56.640551+05:30,82.5,32,24.7,2701.59,66.83,233,318,RAMP,80.0,13.0,WORKLOAD_STEP
2026-07-09 17:05:58.690863400+05:30,80.3,36,21.4,2631.29,66.83,233,318,RAMP,80.0,13.0,WORKLOAD_STEP
2026-07-09 17:06:00.729279+05:30,81.2,34,23.3,2560.97,66.85,233,318,RAMP,80.0,13.0,WORKLOAD_STEP
2026-07-09 17:06:02.768221400+05:30,79.9,30,21.3,2691.55,66.81,233,318,RAMP,80.0,13.0,WORKLOAD_STEP
2026-07-09 17:06:04.806592900+05:30,80.0,33,23.8,2581.05,66.88,233,318,RAMP,80.0,13.0,WORKLOAD_STEP
2026-07-09 17:06:06.849327200+05:30,80.8,32,21.9,2621.24,66.76,231,318,RAMP,80.0,13.0,WORKLOAD_STEP
2026-07-09 17:06:08.885887300+05:30,80.0,33,25.5,2661.43,66.75,231,318,RAMP,80.0,13.0,WORKLOAD_STEP
2026-07-09 17:06:10.926994600+05:30,80.5,27,25.3,2691.56,66.73,231,317,RAMP,80.0,13.0,WORKLOAD_STEP
2026-07-09 17:06:12.958083500+05:30,80.3,29,25.3,2651.37,66.66,230,315,RAMP,80.0,13.0,WORKLOAD_STEP
2026-07-09 17:06:14.989044100+05:30,81.6,27,25.0,2711.63,66.63,230,314,RAMP,80.0,13.0,WORKLOAD_STEP
2026-07-09 17:06:17.022038600+05:30,82.9,36,24.3,2681.5,66.62,230,314,RAMP,80.0,13.0,WORKLOAD_STEP
2026-07-09 17:06:19.053938700+05:30,87.6,32,22.4,2540.88,66.62,230,314,RAMP,80.0,13.0,WORKLOAD_STEP
2026-07-09 17:06:21.094159500+05:30,83.8,33,23.8,2671.43,66.61,230,314,RAMP,80.0,13.0,WORKLOAD_STEP
2026-07-09 17:06:23.128185200+05:30,82.3,33,23.9,2721.69,66.6,229,314,RAMP,80.0,13.0,WORKLOAD_STEP
2026-07-09 17:06:25.162291700+05:30,84.5,37,24.0,2571.02,66.62,229,314,RAMP,80.0,13.0,WORKLOAD_STEP
2026-07-09 17:06:27.194282500+05:30,85.3,39,22.9,2510.77,66.45,225,313,RAMP,80.0,13.0,WORKLOAD_STEP
2026-07-09 17:06:29.228130700+05:30,81.4,32,24.2,2701.58,66.46,225,313,RAMP,80.0,13.0,WORKLOAD_STEP
2026-07-09 17:06:31.276212200+05:30,83.8,33,24.9,2621.25,66.48,228,313,RAMP,80.0,13.0,WORKLOAD_STEP
2026-07-09 17:06:33.314034900+05:30,82.0,32,25.6,2520.81,66.5,228,313,RAMP,80.0,13.0,WORKLOAD_STEP
2026-07-09 17:06:35.345364700+05:30,84.2,30,27.6,2611.2,66.49,225,313,RAMP,80.0,13.0,WORKLOAD_STEP
2026-07-09 17:06:37.375865500+05:30,80.1,37,24.2,2751.82,66.51,225,313,RAMP,80.0,13.0,WORKLOAD_STEP
2026-07-09 17:06:39.405769600+05:30,81.3,30,24.8,2631.29,66.53,226,313,RAMP,80.0,13.0,WORKLOAD_STEP
2026-07-09 17:06:41.440998100+05:30,81.1,29,24.2,2581.05,66.53,227,313,RAMP,80.0,13.0,WORKLOAD_STEP
2026-07-09 17:06:43.473637600+05:30,82.2,29,26.9,2862.29,66.55,227,312,RAMP,80.0,13.0,WORKLOAD_STEP
2026-07-09 17:06:45.513210+05:30,88.8,36,25.3,2480.64,67.16,227,313,RAMP,80.0,13.0,WORKLOAD_STEP
2026-07-09 17:06:47.550358200+05:30,84.6,30,25.3,2641.32,67.19,227,312,RAMP,80.0,13.0,WORKLOAD_STEP
2026-07-09 17:06:49.581710900+05:30,80.7,30,27.0,2691.54,67.19,226,312,RAMP,80.0,13.0,WORKLOAD_STEP
2026-07-09 17:06:51.613897500+05:30,84.6,32,24.1,2591.12,67.2,226,312,RAMP,80.0,13.0,WORKLOAD_STEP
2026-07-09 17:06:53.647467700+05:30,81.3,36,21.2,2611.2,67.3,226,314,RAMP,80.0,13.0,WORKLOAD_STEP
2026-07-09 17:06:55.682292900+05:30,82.5,33,23.4,2701.58,67.19,226,310,RAMP,80.0,14.0,WORKLOAD_STEP
2026-07-09 17:06:57.734799300+05:30,80.3,36,22.1,2550.94,67.18,226,310,RAMP,80.0,14.0,WORKLOAD_STEP
2026-07-09 17:06:59.770957600+05:30,80.6,30,22.2,2480.64,67.14,226,309,RAMP,80.0,14.0,WORKLOAD_STEP
2026-07-09 17:07:01.804105300+05:30,80.1,32,24.7,2520.81,67.13,226,309,RAMP,80.0,14.0,WORKLOAD_STEP
2026-07-09 17:07:03.849854100+05:30,80.9,34,22.3,2530.86,67.13,226,309,RAMP,80.0,14.0,WORKLOAD_STEP
2026-07-09 17:07:05.899755+05:30,83.8,36,24.0,2500.72,67.13,226,309,RAMP,80.0,14.0,WORKLOAD_STEP
2026-07-09 17:07:07.935599800+05:30,79.7,29,25.7,2822.11,67.13,229,309,RAMP,80.0,14.0,WORKLOAD_STEP
2026-07-09 17:07:09.965887700+05:30,81.0,34,24.6,2591.11,67.12,229,309,RAMP,80.0,14.0,WORKLOAD_STEP
2026-07-09 17:07:11.997844800+05:30,81.3,37,23.2,2560.98,67.05,229,309,RAMP,80.0,14.0,WORKLOAD_STEP
2026-07-09 17:07:14.029936200+05:30,80.3,37,23.9,2440.47,67.06,229,309,RAMP,80.0,14.0,WORKLOAD_STEP
2026-07-09 17:07:16.059119200+05:30,81.2,36,23.0,2560.98,67.06,229,309,RAMP,80.0,14.0,WORKLOAD_STEP
2026-07-09 17:07:18.096250900+05:30,80.9,30,24.0,2490.69,67.06,230,309,RAMP,60.0,15.0,WORKLOAD_STEP
2026-07-09 17:07:20.135684300+05:30,59.3,37,18.3,2460.56,67.06,230,309,RAMP,60.0,15.0,WORKLOAD_STEP
2026-07-09 17:07:22.176157100+05:30,67.5,33,22.8,2560.98,66.7,230,309,RAMP,60.0,15.0,WORKLOAD_STEP
2026-07-09 17:07:24.206695400+05:30,70.6,34,24.0,2440.47,66.71,229,309,RAMP,60.0,15.0,WORKLOAD_STEP
2026-07-09 17:07:26.243948+05:30,70.7,33,22.0,2651.38,66.72,229,309,RAMP,60.0,15.0,WORKLOAD_STEP
2026-07-09 17:07:28.274755300+05:30,61.6,36,23.7,2581.09,66.72,229,309,RAMP,60.0,15.0,WORKLOAD_STEP
2026-07-09 17:07:30.307858100+05:30,62.5,32,24.0,2711.62,66.72,229,309,RAMP,60.0,15.0,WORKLOAD_STEP
2026-07-09 17:07:32.343004200+05:30,60.7,33,25.8,3012.91,66.73,229,309,RAMP,60.0,15.0,WORKLOAD_STEP
2026-07-09 17:07:34.371242500+05:30,61.3,27,26.2,2962.72,66.73,229,309,RAMP,60.0,15.0,WORKLOAD_STEP
2026-07-09 17:07:36.418900700+05:30,63.8,30,22.8,2711.65,66.67,227,309,RAMP,60.0,15.0,WORKLOAD_STEP
2026-07-09 17:07:38.447766700+05:30,62.6,27,23.5,2691.56,66.68,227,309,RAMP,60.0,15.0,WORKLOAD_STEP
2026-07-09 17:07:40.481325+05:30,64.9,34,23.3,2802.03,66.68,227,310,RAMP,60.0,15.0,WORKLOAD_STEP
2026-07-09 17:07:42.512659100+05:30,62.1,32,22.8,2671.45,66.68,226,310,RAMP,60.0,15.0,WORKLOAD_STEP
2026-07-09 17:07:44.543526300+05:30,73.5,32,29.3,2661.43,66.62,226,310,RAMP,60.0,15.0,WORKLOAD_STEP
2026-07-09 17:07:46.578679800+05:30,69.1,40,22.1,2771.89,66.91,226,313,RAMP,60.0,15.0,WORKLOAD_STEP
2026-07-09 17:07:48.605483+05:30,60.8,29,23.4,2591.1,66.78,226,313,RAMP,60.0,15.0,WORKLOAD_STEP
2026-07-09 17:07:50.634037800+05:30,61.6,33,24.6,2400.31,66.77,225,313,RAMP,60.0,15.0,WORKLOAD_STEP
2026-07-09 17:07:52.669847100+05:30,60.5,33,24.7,2601.17,66.81,225,313,RAMP,60.0,15.0,WORKLOAD_STEP
2026-07-09 17:07:54.700351600+05:30,65.2,32,26.3,2771.88,66.8,225,313,RAMP,60.0,15.0,WORKLOAD_STEP
2026-07-09 17:07:56.732622600+05:30,60.1,40,20.8,2822.12,66.76,220,313,RAMP,60.0,15.0,WORKLOAD_STEP
2026-07-09 17:07:58.766139100+05:30,61.0,40,20.9,2701.59,66.77,220,313,RAMP,60.0,15.0,WORKLOAD_STEP
2026-07-09 17:08:00.793200+05:30,61.6,39,21.5,2671.46,66.76,220,312,RAMP,60.0,15.0,WORKLOAD_STEP
2026-07-09 17:08:02.824008100+05:30,60.0,33,23.9,2761.84,66.77,219,312,RAMP,60.0,15.0,WORKLOAD_STEP
2026-07-09 17:08:04.855805+05:30,62.6,39,20.8,2671.48,66.75,219,312,RAMP,60.0,15.0,WORKLOAD_STEP
2026-07-09 17:08:06.890848300+05:30,62.0,33,24.6,2641.34,66.78,219,312,RAMP,60.0,15.0,WORKLOAD_STEP
2026-07-09 17:08:08.934778300+05:30,61.9,36,27.2,2962.72,66.75,221,312,RAMP,60.0,15.0,WORKLOAD_STEP
2026-07-09 17:08:10.968044400+05:30,61.3,37,21.9,2781.95,66.73,221,312,RAMP,60.0,15.0,WORKLOAD_STEP
2026-07-09 17:08:12.997537600+05:30,63.5,32,23.4,2822.11,66.76,221,312,RAMP,60.0,15.0,WORKLOAD_STEP
2026-07-09 17:08:15.034351900+05:30,61.6,29,28.7,3012.94,66.75,220,312,RAMP,60.0,15.0,WORKLOAD_STEP
2026-07-09 17:08:17.063743300+05:30,65.0,33,27.7,2802.03,66.74,221,312,RAMP,60.0,15.0,WORKLOAD_STEP
2026-07-09 17:08:19.097258200+05:30,61.7,40,20.6,2741.78,66.74,221,311,RAMP,60.0,15.0,WORKLOAD_STEP
2026-07-09 17:08:21.131137500+05:30,64.5,37,20.6,2701.61,66.74,221,311,RAMP,60.0,15.0,WORKLOAD_STEP
2026-07-09 17:08:23.164612600+05:30,63.9,39,20.4,2741.76,66.75,220,311,RAMP,60.0,15.0,WORKLOAD_STEP
2026-07-09 17:08:25.195843200+05:30,67.3,39,20.2,2591.12,66.77,220,311,RAMP,60.0,15.0,WORKLOAD_STEP
2026-07-09 17:08:27.226445500+05:30,60.2,39,19.0,2440.47,66.75,220,310,RAMP,60.0,15.0,WORKLOAD_STEP
2026-07-09 17:08:29.258590800+05:30,65.8,39,21.6,2621.24,66.75,220,310,RAMP,60.0,15.0,WORKLOAD_STEP
2026-07-09 17:08:31.291220300+05:30,69.8,39,22.4,2420.38,66.73,223,310,RAMP,60.0,15.0,WORKLOAD_STEP
2026-07-09 17:08:33.324972700+05:30,64.8,34,22.7,2721.68,66.73,223,310,RAMP,60.0,15.0,WORKLOAD_STEP
2026-07-09 17:08:35.363875400+05:30,63.2,40,20.1,2802.02,66.73,220,310,RAMP,60.0,15.0,WORKLOAD_STEP
2026-07-09 17:08:37.397342+05:30,61.3,40,22.6,2671.46,66.76,220,310,RAMP,60.0,15.0,WORKLOAD_STEP
2026-07-09 17:08:39.430587200+05:30,60.7,37,21.9,2912.51,66.71,218,310,RAMP,60.0,15.0,WORKLOAD_STEP
2026-07-09 17:08:41.465024500+05:30,61.7,37,21.1,2761.84,66.75,218,310,RAMP,60.0,15.0,WORKLOAD_STEP
2026-07-09 17:08:43.514426700+05:30,62.1,41,20.7,2822.12,66.74,216,310,RAMP,60.0,15.0,WORKLOAD_STEP
2026-07-09 17:08:45.551031600+05:30,63.5,39,22.8,2591.11,66.79,215,310,RAMP,60.0,15.0,WORKLOAD_STEP
2026-07-09 17:08:47.584619500+05:30,61.8,37,21.7,2952.66,66.64,215,308,RAMP,60.0,15.0,WORKLOAD_STEP
2026-07-09 17:08:49.615060300+05:30,60.1,39,23.4,2822.12,66.64,215,308,RAMP,60.0,15.0,WORKLOAD_STEP
2026-07-09 17:08:51.648162+05:30,61.9,40,25.8,2842.19,66.67,215,308,RAMP,60.0,15.0,WORKLOAD_STEP
2026-07-09 17:08:53.678166500+05:30,61.4,37,22.6,2651.38,66.8,216,310,RAMP,60.0,15.0,WORKLOAD_STEP
2026-07-09 17:08:55.715570800+05:30,59.6,37,21.2,2781.93,66.59,216,308,RAMP,60.0,15.0,WORKLOAD_STEP
2026-07-09 17:08:57.766026400+05:30,61.5,33,19.2,2701.59,66.6,216,308,RAMP,60.0,15.0,WORKLOAD_STEP
2026-07-09 17:08:59.805249900+05:30,61.0,34,21.8,2601.15,66.59,211,308,RAMP,60.0,15.0,WORKLOAD_STEP
2026-07-09 17:09:01.838400400+05:30,61.8,39,22.9,2581.08,66.57,210,308,RAMP,60.0,15.0,WORKLOAD_STEP
2026-07-09 17:09:03.865706300+05:30,60.8,40,21.5,2751.81,66.58,210,308,RAMP,60.0,15.0,WORKLOAD_STEP
2026-07-09 17:09:05.896003700+05:30,61.5,37,20.1,2651.37,66.57,210,308,RAMP,60.0,15.0,WORKLOAD_STEP
2026-07-09 17:09:07.928961600+05:30,60.7,40,21.9,2771.91,66.58,210,308,RAMP,60.0,15.0,WORKLOAD_STEP
2026-07-09 17:09:09.961503800+05:30,63.0,37,20.3,2892.4,66.58,210,308,RAMP,60.0,15.0,WORKLOAD_STEP
2026-07-09 17:09:11.997786300+05:30,62.0,33,23.3,2822.11,66.57,210,308,RAMP,60.0,15.0,WORKLOAD_STEP
2026-07-09 17:09:14.028428+05:30,60.8,39,19.6,2761.86,66.56,210,307,RAMP,60.0,15.0,WORKLOAD_STEP
2026-07-09 17:09:16.082720800+05:30,61.6,39,20.2,2601.15,66.54,210,307,RAMP,60.0,15.0,WORKLOAD_STEP
2026-07-09 17:09:18.115888300+05:30,61.7,40,22.1,2631.3,66.55,211,307,RAMP,60.0,15.0,WORKLOAD_STEP
2026-07-09 17:09:20.146323600+05:30,61.8,39,22.8,2661.43,66.56,211,307,RAMP,60.0,15.0,WORKLOAD_STEP
2026-07-09 17:09:22.177755400+05:30,60.7,36,21.3,2771.89,66.58,211,307,RAMP,60.0,15.0,WORKLOAD_STEP
2026-07-09 17:09:24.214684700+05:30,66.1,33,26.6,2882.35,66.53,210,307,RAMP,60.0,15.0,WORKLOAD_STEP
2026-07-09 17:09:26.249269100+05:30,61.1,39,23.6,2691.56,66.56,210,307,RAMP,60.0,15.0,WORKLOAD_STEP
2026-07-09 17:09:28.277073600+05:30,62.2,39,23.0,2832.16,66.56,210,307,RAMP,60.0,15.0,WORKLOAD_STEP
2026-07-09 17:09:30.307739900+05:30,59.9,30,21.8,2952.68,66.55,210,307,RAMP,60.0,15.0,WORKLOAD_STEP
2026-07-09 17:09:32.338710200+05:30,60.8,22,25.8,3193.71,66.56,210,307,RAMP,60.0,15.0,WORKLOAD_STEP
2026-07-09 17:09:34.369572800+05:30,62.8,11,30.3,2721.67,66.54,210,307,RAMP,60.0,15.0,WORKLOAD_STEP
2026-07-09 17:09:36.405152300+05:30,66.2,19,28.1,3053.1,66.56,210,307,RAMP,60.0,15.0,WORKLOAD_STEP
2026-07-09 17:09:38.437681+05:30,63.9,29,26.5,3012.92,66.55,210,307,RAMP,60.0,15.0,WORKLOAD_STEP
2026-07-09 17:09:40.469550500+05:30,69.7,36,21.8,2560.98,66.92,210,307,RAMP,60.0,15.0,WORKLOAD_STEP
2026-07-09 17:09:42.499689300+05:30,65.2,32,26.2,2852.25,64.65,210,307,RAMP,60.0,15.0,WORKLOAD_STEP
2026-07-09 17:09:44.528541100+05:30,60.6,33,24.2,2661.43,64.74,209,307,RAMP,60.0,15.0,WORKLOAD_STEP
2026-07-09 17:09:46.564142600+05:30,61.5,36,23.1,2842.2,64.67,209,307,RAMP,60.0,15.0,WORKLOAD_STEP
2026-07-09 17:09:48.591934600+05:30,61.7,29,26.6,3043.06,64.68,209,307,RAMP,60.0,15.0,WORKLOAD_STEP
2026-07-09 17:09:50.640161700+05:30,63.9,23,27.0,2922.53,64.68,209,307,RAMP,60.0,15.0,WORKLOAD_STEP
2026-07-09 17:09:52.674611+05:30,62.7,37,24.4,2741.76,64.7,209,307,RAMP,60.0,15.0,WORKLOAD_STEP
2026-07-09 17:09:54.704795500+05:30,69.6,34,24.1,2832.14,64.77,209,307,RAMP,60.0,15.0,WORKLOAD_STEP
2026-07-09 17:09:56.733521100+05:30,60.6,33,22.8,2822.1,64.75,209,307,RAMP,60.0,15.0,WORKLOAD_STEP
2026-07-09 17:09:58.768738400+05:30,63.4,36,23.4,2872.33,64.75,209,307,RAMP,60.0,15.0,WORKLOAD_STEP
2026-07-09 17:10:00.801948+05:30,60.8,33,22.8,2882.38,64.76,209,307,RAMP,60.0,15.0,WORKLOAD_STEP
2026-07-09 17:10:02.835574200+05:30,64.0,33,20.4,2862.26,64.75,210,307,RAMP,60.0,15.0,WORKLOAD_STEP
2026-07-09 17:10:04.868018600+05:30,60.6,37,23.3,2872.34,64.77,209,307,RAMP,60.0,15.0,WORKLOAD_STEP
2026-07-09 17:10:06.904057600+05:30,64.3,34,24.8,2781.93,64.78,209,307,RAMP,60.0,15.0,WORKLOAD_STEP
2026-07-09 17:10:08.942309+05:30,60.5,34,24.6,3012.92,64.76,209,307,RAMP,60.0,15.0,WORKLOAD_STEP
2026-07-09 17:10:10.975684200+05:30,63.0,23,26.3,3103.33,64.76,209,307,RAMP,60.0,15.0,WORKLOAD_STEP
2026-07-09 17:10:13.011569800+05:30,60.8,33,23.3,2791.97,64.77,209,307,RAMP,60.0,15.0,WORKLOAD_STEP
2026-07-09 17:10:15.042314800+05:30,62.1,40,21.3,2530.87,64.76,209,307,RAMP,60.0,15.0,WORKLOAD_STEP
2026-07-09 17:10:17.075254200+05:30,61.0,34,22.0,2992.83,64.77,210,307,RAMP,60.0,15.0,WORKLOAD_STEP
2026-07-09 17:10:19.109292400+05:30,60.8,27,25.3,2571.02,64.78,210,307,RAMP,60.0,15.0,WORKLOAD_STEP
2026-07-09 17:10:21.147184300+05:30,63.3,29,21.9,2932.57,64.79,211,307,RAMP,60.0,15.0,WORKLOAD_STEP
2026-07-09 17:10:23.186615+05:30,61.4,27,24.6,2741.78,64.71,210,307,RAMP,60.0,15.0,WORKLOAD_STEP
2026-07-09 17:10:25.220135400+05:30,65.8,34,22.0,2711.65,64.72,210,307,RAMP,60.0,15.0,WORKLOAD_STEP
2026-07-09 17:10:27.259090900+05:30,61.6,32,24.9,3002.91,64.78,210,307,RAMP,60.0,15.0,WORKLOAD_STEP
2026-07-09 17:10:29.295807200+05:30,60.0,40,23.7,3012.92,64.77,210,307,RAMP,60.0,15.0,WORKLOAD_STEP
2026-07-09 17:10:31.352987+05:30,62.0,37,21.4,3022.98,64.78,213,307,RAMP,60.0,15.0,WORKLOAD_STEP
2026-07-09 17:10:33.380847300+05:30,61.6,36,21.7,2791.98,64.77,213,307,RAMP,60.0,15.0,WORKLOAD_STEP
2026-07-09 17:10:35.412265400+05:30,63.4,39,21.7,2791.99,64.78,210,307,RAMP,60.0,15.0,WORKLOAD_STEP
2026-07-09 17:10:37.440297500+05:30,60.3,36,22.7,2791.98,64.8,210,307,RAMP,60.0,15.0,WORKLOAD_STEP
2026-07-09 17:10:39.473437900+05:30,61.4,40,22.9,2822.1,64.78,210,307,RAMP,60.0,15.0,WORKLOAD_STEP
2026-07-09 17:10:41.504381800+05:30,64.8,30,20.7,2671.47,64.76,210,307,RAMP,60.0,15.0,WORKLOAD_STEP
2026-07-09 17:10:43.537908400+05:30,64.5,40,21.5,2550.95,64.76,210,307,RAMP,60.0,16.0,WORKLOAD_STEP
2026-07-09 17:10:45.557988800+05:30,61.8,29,23.9,2661.43,64.77,210,307,RAMP,60.0,16.0,WORKLOAD_STEP
2026-07-09 17:10:47.578938700+05:30,60.3,33,23.7,2691.56,64.75,210,307,RAMP,60.0,16.0,WORKLOAD_STEP
2026-07-09 17:10:49.602531300+05:30,60.0,37,22.4,2641.33,64.76,210,307,RAMP,60.0,16.0,WORKLOAD_STEP
2026-07-09 17:10:51.627042700+05:30,65.5,34,23.6,2741.77,64.4,210,307,RAMP,60.0,16.0,WORKLOAD_STEP
2026-07-09 17:10:53.653588200+05:30,61.2,34,22.9,2681.5,64.47,212,309,RAMP,60.0,16.0,WORKLOAD_STEP
2026-07-09 17:10:55.707496600+05:30,60.3,33,23.0,2771.91,64.44,212,307,RAMP,60.0,16.0,WORKLOAD_STEP
2026-07-09 17:10:57.754807300+05:30,63.1,26,24.6,2771.88,64.44,214,307,RAMP,60.0,16.0,WORKLOAD_STEP
2026-07-09 17:10:59.787236800+05:30,63.2,32,24.2,2852.25,64.45,214,307,RAMP,60.0,16.0,WORKLOAD_STEP
2026-07-09 17:11:01.821374400+05:30,62.3,33,25.9,2721.68,64.54,214,307,RAMP,60.0,16.0,WORKLOAD_STEP
2026-07-09 17:11:03.859080+05:30,60.6,34,21.5,3012.92,64.53,214,307,RAMP,60.0,16.0,WORKLOAD_STEP
2026-07-09 17:11:05.893693+05:30,62.7,40,21.8,2510.77,64.48,214,307,RAMP,60.0,16.0,WORKLOAD_STEP
2026-07-09 17:11:07.918770500+05:30,60.2,40,22.9,2671.46,64.46,214,307,RAMP,60.0,16.0,WORKLOAD_STEP
2026-07-09 17:11:09.949313400+05:30,63.5,37,24.0,2932.58,64.48,218,307,RAMP,60.0,16.0,WORKLOAD_STEP
2026-07-09 17:11:11.982362900+05:30,60.5,36,23.8,2802.03,64.47,215,307,RAMP,60.0,16.0,WORKLOAD_STEP
2026-07-09 17:11:14.011728200+05:30,62.4,39,22.5,2651.34,64.48,215,307,RAMP,60.0,16.0,WORKLOAD_STEP
2026-07-09 17:11:16.046960100+05:30,60.0,37,22.7,2671.45,64.47,215,307,RAMP,60.0,16.0,WORKLOAD_STEP
2026-07-09 17:11:18.076521800+05:30,61.5,37,22.3,2611.19,64.47,215,307,RAMP,60.0,16.0,WORKLOAD_STEP
2026-07-09 17:11:20.115309700+05:30,61.4,34,24.3,2842.19,64.46,214,307,RAMP,60.0,16.0,WORKLOAD_STEP
2026-07-09 17:11:22.150557600+05:30,61.6,37,22.4,2661.44,64.5,212,307,RAMP,60.0,16.0,WORKLOAD_STEP
2026-07-09 17:11:24.184479300+05:30,62.2,34,23.8,2641.33,64.57,212,307,RAMP,60.0,16.0,WORKLOAD_STEP
2026-07-09 17:11:26.215961200+05:30,60.7,37,23.3,2751.78,64.56,212,307,RAMP,60.0,16.0,WORKLOAD_STEP
2026-07-09 17:11:28.248743500+05:30,60.8,39,19.7,2872.32,64.47,212,307,RAMP,60.0,16.0,WORKLOAD_STEP
2026-07-09 17:11:30.290835500+05:30,60.1,37,22.6,2832.15,64.53,212,307,RAMP,60.0,16.0,WORKLOAD_STEP
2026-07-09 17:11:32.316091200+05:30,60.5,36,23.1,3002.87,64.47,212,307,RAMP,60.0,16.0,WORKLOAD_STEP
2026-07-09 17:11:34.346417600+05:30,63.5,26,25.0,3093.27,64.46,212,307,RAMP,60.0,16.0,WORKLOAD_STEP
2026-07-09 17:11:36.369703500+05:30,63.9,32,24.9,2942.63,64.47,212,307,RAMP,60.0,16.0,WORKLOAD_STEP
2026-07-09 17:11:38.405777400+05:30,61.5,36,25.1,2952.66,64.48,212,307,RAMP,60.0,16.0,WORKLOAD_STEP
2026-07-09 17:11:40.437595500+05:30,60.8,37,22.7,2822.1,64.44,212,306,RAMP,60.0,16.0,WORKLOAD_STEP
2026-07-09 17:11:42.464976+05:30,60.1,39,22.4,2791.98,64.43,212,306,RAMP,60.0,16.0,WORKLOAD_STEP
2026-07-09 17:11:44.493643600+05:30,61.5,39,21.3,2862.29,64.41,212,305,RAMP,60.0,16.0,WORKLOAD_STEP
2026-07-09 17:11:46.524125200+05:30,60.9,36,22.8,2661.43,64.4,212,305,RAMP,60.0,16.0,WORKLOAD_STEP
2026-07-09 17:11:48.559317200+05:30,65.3,37,21.1,2621.24,64.42,212,305,RAMP,60.0,16.0,WORKLOAD_STEP
2026-07-09 17:11:50.590967600+05:30,66.0,39,23.6,2520.81,64.41,212,305,RAMP,60.0,16.0,WORKLOAD_STEP
2026-07-09 17:11:52.616292700+05:30,63.8,37,22.3,2581.09,64.45,212,305,RAMP,60.0,16.0,WORKLOAD_STEP
2026-07-09 17:11:54.645320500+05:30,65.6,36,20.9,2581.08,64.44,213,305,RAMP,60.0,16.0,WORKLOAD_STEP
2026-07-09 17:11:56.684235100+05:30,62.3,33,23.7,2751.82,64.42,212,305,RAMP,60.0,16.0,WORKLOAD_STEP
2026-07-09 17:11:58.713459900+05:30,60.4,30,24.1,2812.08,64.4,214,305,RAMP,60.0,16.0,WORKLOAD_STEP
2026-07-09 17:12:00.741204400+05:30,62.6,27,22.9,2691.55,64.4,212,305,RAMP,60.0,16.0,WORKLOAD_STEP
2026-07-09 17:12:02.773308800+05:30,64.1,26,25.8,2822.11,64.45,212,305,RAMP,60.0,16.0,WORKLOAD_STEP
2026-07-09 17:12:04.822233900+05:30,64.8,32,22.0,2460.56,64.46,212,305,RAMP,60.0,16.0,WORKLOAD_STEP
2026-07-09 17:12:06.856080100+05:30,66.0,44,27.2,2942.64,64.44,212,305,RAMP,60.0,16.0,WORKLOAD_STEP
2026-07-09 17:12:08.885129600+05:30,42.0,40,13.0,2550.96,64.45,212,305,RAMP,40.0,17.0,WORKLOAD_STEP
2026-07-09 17:12:10.925898300+05:30,40.7,23,12.3,2450.53,64.43,212,305,RAMP,40.0,17.0,WORKLOAD_STEP
2026-07-09 17:12:12.961172300+05:30,41.5,29,20.5,2701.61,64.46,212,305,RAMP,40.0,17.0,WORKLOAD_STEP
2026-07-09 17:12:14.988644300+05:30,40.3,37,22.3,2912.51,64.45,212,305,RAMP,40.0,17.0,WORKLOAD_STEP
2026-07-09 17:12:17.018935200+05:30,40.7,36,24.0,2982.8,64.45,212,305,RAMP,40.0,17.0,WORKLOAD_STEP
2026-07-09 17:12:19.048566900+05:30,42.0,33,22.9,2731.73,64.42,212,305,RAMP,40.0,17.0,WORKLOAD_STEP
2026-07-09 17:12:21.079492700+05:30,45.1,34,21.2,2802.03,64.46,212,305,RAMP,40.0,17.0,WORKLOAD_STEP
2026-07-09 17:12:23.118241300+05:30,42.2,32,22.4,2862.27,64.44,212,305,RAMP,40.0,17.0,WORKLOAD_STEP
2026-07-09 17:12:25.144570900+05:30,41.5,32,22.2,2842.2,64.47,212,305,RAMP,40.0,17.0,WORKLOAD_STEP
2026-07-09 17:12:27.170251+05:30,42.1,40,20.6,2932.57,64.44,212,305,RAMP,40.0,17.0,WORKLOAD_STEP
2026-07-09 17:12:29.193303700+05:30,41.2,37,20.0,3063.14,64.43,212,305,RAMP,40.0,17.0,WORKLOAD_STEP
2026-07-09 17:12:31.219571400+05:30,41.2,33,22.2,2741.77,64.42,215,305,RAMP,40.0,17.0,WORKLOAD_STEP
2026-07-09 17:12:33.244182+05:30,40.8,32,23.2,2832.16,64.41,215,305,RAMP,40.0,17.0,WORKLOAD_STEP
2026-07-09 17:12:35.278278300+05:30,40.6,33,21.7,2902.45,64.44,212,305,RAMP,40.0,17.0,WORKLOAD_STEP
2026-07-09 17:12:37.324597900+05:30,41.1,37,22.0,3053.1,64.51,212,305,RAMP,40.0,17.0,WORKLOAD_STEP
2026-07-09 17:12:39.351306800+05:30,40.7,33,21.0,2771.9,64.47,212,305,RAMP,40.0,17.0,WORKLOAD_STEP
2026-07-09 17:12:41.375732600+05:30,40.1,33,24.3,3143.5,64.44,212,305,RAMP,40.0,17.0,WORKLOAD_STEP
2026-07-09 17:12:43.400170900+05:30,40.4,37,21.7,2852.23,64.59,212,305,RAMP,40.0,17.0,WORKLOAD_STEP
2026-07-09 17:12:45.425577400+05:30,41.0,40,20.7,3012.91,64.58,212,305,RAMP,40.0,17.0,WORKLOAD_STEP
2026-07-09 17:12:47.449167300+05:30,42.3,33,24.7,2912.5,64.59,212,305,RAMP,40.0,17.0,WORKLOAD_STEP
2026-07-09 17:12:49.474452600+05:30,40.2,40,22.5,2952.66,64.6,214,305,RAMP,40.0,17.0,WORKLOAD_STEP
2026-07-09 17:12:51.500129800+05:30,45.9,23,23.3,3344.35,64.6,214,305,RAMP,40.0,17.0,WORKLOAD_STEP
2026-07-09 17:12:53.523151600+05:30,43.5,36,23.3,3143.48,64.6,214,305,RAMP,40.0,17.0,WORKLOAD_STEP
2026-07-09 17:12:55.556517600+05:30,47.5,37,22.6,3053.1,64.66,214,305,RAMP,40.0,17.0,WORKLOAD_STEP
2026-07-09 17:12:57.586306400+05:30,43.6,36,25.7,2972.75,64.67,214,305,RAMP,40.0,17.0,WORKLOAD_STEP
2026-07-09 17:12:59.612674900+05:30,41.4,37,20.9,2962.7,64.66,214,305,RAMP,40.0,17.0,WORKLOAD_STEP
2026-07-09 17:13:01.640696600+05:30,40.8,34,21.8,2922.54,64.67,214,305,RAMP,40.0,17.0,WORKLOAD_STEP
2026-07-09 17:13:03.667981+05:30,42.9,36,22.5,2771.91,64.66,214,305,RAMP,40.0,17.0,WORKLOAD_STEP
2026-07-09 17:13:05.695908200+05:30,41.0,37,21.3,2671.45,64.67,215,305,RAMP,40.0,17.0,WORKLOAD_STEP
2026-07-09 17:13:07.734869400+05:30,40.8,37,21.9,2882.36,64.66,213,305,RAMP,40.0,17.0,WORKLOAD_STEP
2026-07-09 17:13:09.759133300+05:30,43.2,37,22.5,2952.65,64.67,213,305,RAMP,40.0,17.0,WORKLOAD_STEP
2026-07-09 17:13:11.806252400+05:30,42.0,30,25.3,2942.64,64.66,212,305,RAMP,40.0,17.0,WORKLOAD_STEP
2026-07-09 17:13:13.836560100+05:30,41.3,40,21.4,2771.91,64.64,212,305,RAMP,40.0,17.0,WORKLOAD_STEP
2026-07-09 17:13:15.871085+05:30,40.1,37,21.9,2812.08,64.63,212,305,RAMP,40.0,17.0,WORKLOAD_STEP
2026-07-09 17:13:17.894915300+05:30,40.7,44,20.1,3073.17,64.66,212,305,RAMP,40.0,17.0,WORKLOAD_STEP
2026-07-09 17:13:19.924386600+05:30,44.7,36,24.0,3193.69,64.71,209,305,RAMP,40.0,17.0,WORKLOAD_STEP
2026-07-09 17:13:21.949779100+05:30,43.4,37,21.9,2912.48,64.66,209,305,RAMP,40.0,17.0,WORKLOAD_STEP
2026-07-09 17:13:23.973776500+05:30,40.8,37,22.9,2962.7,64.93,209,307,RAMP,40.0,17.0,WORKLOAD_STEP
2026-07-09 17:13:26.002697700+05:30,40.5,37,21.8,2942.64,64.7,209,305,RAMP,40.0,17.0,WORKLOAD_STEP
2026-07-09 17:13:28.027465700+05:30,41.2,32,21.8,2972.74,64.69,209,305,RAMP,40.0,17.0,WORKLOAD_STEP
2026-07-09 17:13:30.052656900+05:30,41.8,36,23.0,2952.67,64.67,209,305,RAMP,40.0,17.0,WORKLOAD_STEP
2026-07-09 17:13:32.075616400+05:30,41.0,33,23.6,3002.88,64.67,210,305,RAMP,40.0,17.0,WORKLOAD_STEP
2026-07-09 17:13:34.106540700+05:30,44.7,37,21.4,2902.44,64.65,210,305,RAMP,40.0,17.0,WORKLOAD_STEP
2026-07-09 17:13:36.136796800+05:30,42.1,34,21.8,2972.73,64.68,210,305,RAMP,40.0,17.0,WORKLOAD_STEP
2026-07-09 17:13:38.164775600+05:30,42.9,37,23.0,2832.15,64.66,210,305,RAMP,40.0,17.0,WORKLOAD_STEP
2026-07-09 17:13:40.197494600+05:30,40.8,29,24.3,2832.16,64.64,211,305,RAMP,40.0,17.0,WORKLOAD_STEP
2026-07-09 17:13:42.222278500+05:30,43.1,33,25.3,3103.31,64.72,211,305,RAMP,40.0,17.0,WORKLOAD_STEP
2026-07-09 17:13:44.249863+05:30,40.8,32,22.5,2842.21,64.71,210,305,RAMP,40.0,17.0,WORKLOAD_STEP
2026-07-09 17:13:46.294757100+05:30,43.4,29,24.4,3153.52,64.66,210,305,RAMP,40.0,17.0,WORKLOAD_STEP
2026-07-09 17:13:48.327130500+05:30,43.1,33,24.4,2771.89,64.66,210,305,RAMP,40.0,17.0,WORKLOAD_STEP
2026-07-09 17:13:50.351193900+05:30,41.9,29,24.5,2802.04,64.65,210,305,RAMP,40.0,17.0,WORKLOAD_STEP
2026-07-09 17:13:52.386545500+05:30,41.5,37,20.2,2802.02,64.69,210,305,RAMP,40.0,17.0,WORKLOAD_STEP
2026-07-09 17:13:54.413333900+05:30,43.0,39,20.8,2591.12,64.72,210,305,RAMP,40.0,17.0,WORKLOAD_STEP
2026-07-09 17:13:56.439146200+05:30,41.3,34,19.0,2842.19,64.68,208,305,RAMP,40.0,17.0,WORKLOAD_STEP
2026-07-09 17:13:58.463696200+05:30,41.7,37,18.5,2691.57,64.6,208,305,RAMP,40.0,18.0,WORKLOAD_STEP
2026-07-09 17:14:00.499652+05:30,43.5,32,15.8,2380.23,64.59,206,304,RAMP,40.0,18.0,WORKLOAD_STEP
2026-07-09 17:14:02.533990400+05:30,43.2,41,17.1,2510.79,64.63,206,304,RAMP,40.0,18.0,WORKLOAD_STEP
2026-07-09 17:14:04.564083+05:30,45.1,33,19.6,2440.49,64.62,206,304,RAMP,40.0,18.0,WORKLOAD_STEP
2026-07-09 17:14:06.593591+05:30,42.6,33,23.0,2751.81,64.62,206,304,RAMP,40.0,18.0,WORKLOAD_STEP
2026-07-09 17:14:08.621957200+05:30,41.0,38,23.2,2852.24,64.61,206,304,RAMP,40.0,18.0,WORKLOAD_STEP
2026-07-09 17:14:10.646417700+05:30,41.6,33,22.9,2581.09,64.6,205,304,RAMP,40.0,18.0,WORKLOAD_STEP
2026-07-09 17:14:12.672675900+05:30,40.5,36,25.3,2691.56,64.61,205,304,RAMP,40.0,18.0,WORKLOAD_STEP
2026-07-09 17:14:14.728238100+05:30,41.7,40,24.2,2812.07,64.65,205,304,RAMP,40.0,18.0,WORKLOAD_STEP
2026-07-09 17:14:16.753891400+05:30,42.1,26,17.8,3223.85,64.6,205,304,RAMP,40.0,18.0,WORKLOAD_STEP
2026-07-09 17:14:18.791396300+05:30,41.5,36,23.3,3113.37,64.58,205,304,RAMP,40.0,18.0,WORKLOAD_STEP
2026-07-09 17:14:20.814664600+05:30,43.6,37,23.7,3354.4,64.57,205,304,RAMP,40.0,18.0,WORKLOAD_STEP
2026-07-09 17:14:22.846086900+05:30,39.8,37,23.4,3012.93,64.56,205,304,RAMP,40.0,18.0,WORKLOAD_STEP
2026-07-09 17:14:24.872971300+05:30,43.7,30,22.0,3022.97,64.6,205,304,RAMP,40.0,18.0,WORKLOAD_STEP
2026-07-09 17:14:26.898295300+05:30,40.2,41,21.8,3033.01,64.59,205,304,RAMP,40.0,18.0,WORKLOAD_STEP
2026-07-09 17:14:28.926771300+05:30,40.1,32,20.6,3133.42,64.58,205,304,RAMP,40.0,18.0,WORKLOAD_STEP
2026-07-09 17:14:30.950158500+05:30,40.7,24,22.3,3585.39,64.58,208,304,RAMP,40.0,18.0,WORKLOAD_STEP
2026-07-09 17:14:32.978498200+05:30,40.9,37,22.7,2822.11,64.62,208,304,RAMP,40.0,18.0,WORKLOAD_STEP
2026-07-09 17:14:35.009996600+05:30,43.8,24,22.2,3053.08,64.61,205,304,RAMP,40.0,18.0,WORKLOAD_STEP
2026-07-09 17:14:37.040343800+05:30,41.1,33,24.1,2791.99,64.61,205,304,RAMP,40.0,18.0,WORKLOAD_STEP
2026-07-09 17:14:39.066859900+05:30,40.6,30,25.6,2952.68,64.6,205,304,RAMP,40.0,18.0,WORKLOAD_STEP
2026-07-09 17:14:41.099502100+05:30,43.9,36,24.1,2771.89,64.57,205,304,RAMP,40.0,18.0,WORKLOAD_STEP
2026-07-09 17:14:43.130492100+05:30,41.7,39,20.5,3033.01,64.62,205,304,RAMP,40.0,18.0,WORKLOAD_STEP
2026-07-09 17:14:45.158510800+05:30,43.0,44,24.0,2892.4,64.61,205,304,RAMP,40.0,18.0,WORKLOAD_STEP
2026-07-09 17:14:47.184930600+05:30,40.9,29,21.5,2952.66,64.58,205,304,RAMP,40.0,18.0,WORKLOAD_STEP
2026-07-09 17:14:49.217785200+05:30,42.1,32,21.9,2771.9,64.6,205,304,RAMP,40.0,18.0,WORKLOAD_STEP
2026-07-09 17:14:51.247850200+05:30,45.2,36,24.0,2641.34,64.6,205,305,RAMP,40.0,18.0,WORKLOAD_STEP
2026-07-09 17:14:53.297794900+05:30,42.0,30,22.7,2962.71,64.49,205,304,RAMP,40.0,18.0,WORKLOAD_STEP
2026-07-09 17:14:55.327416900+05:30,42.0,37,19.8,2922.54,64.5,205,304,RAMP,40.0,18.0,WORKLOAD_STEP
2026-07-09 17:14:57.354205900+05:30,41.8,37,22.5,2842.2,64.5,205,304,RAMP,40.0,18.0,WORKLOAD_STEP
2026-07-09 17:14:59.382236200+05:30,40.1,36,22.0,3012.92,64.5,205,304,RAMP,40.0,18.0,WORKLOAD_STEP
2026-07-09 17:15:01.407676100+05:30,41.1,36,23.1,2952.67,64.5,205,304,RAMP,40.0,18.0,WORKLOAD_STEP
2026-07-09 17:15:03.437121400+05:30,41.0,36,21.2,2862.3,64.51,205,304,RAMP,40.0,18.0,WORKLOAD_STEP
2026-07-09 17:15:05.465988600+05:30,41.5,37,21.2,2982.81,64.58,204,304,RAMP,40.0,18.0,WORKLOAD_STEP
2026-07-09 17:15:07.500683+05:30,45.9,37,21.9,2912.5,64.64,204,304,RAMP,40.0,18.0,WORKLOAD_STEP
2026-07-09 17:15:09.534793300+05:30,46.8,36,21.8,3043.05,64.61,204,305,RAMP,40.0,18.0,WORKLOAD_STEP
2026-07-09 17:15:11.567756500+05:30,44.5,32,23.4,2791.97,64.94,206,308,RAMP,40.0,18.0,WORKLOAD_STEP
2026-07-09 17:15:13.593832300+05:30,40.4,32,23.9,3193.71,64.92,206,308,RAMP,40.0,18.0,WORKLOAD_STEP
2026-07-09 17:15:15.620703100+05:30,40.8,39,19.6,2862.29,64.9,206,308,RAMP,40.0,18.0,WORKLOAD_STEP
2026-07-09 17:15:17.646290800+05:30,41.1,37,21.7,2942.63,64.82,206,308,RAMP,40.0,18.0,WORKLOAD_STEP
2026-07-09 17:15:19.669128300+05:30,41.0,37,21.0,2922.55,64.81,206,308,RAMP,40.0,18.0,WORKLOAD_STEP
2026-07-09 17:15:21.697875500+05:30,45.5,37,22.6,3002.88,64.85,206,308,RAMP,40.0,18.0,WORKLOAD_STEP
2026-07-09 17:15:23.721580600+05:30,43.9,33,22.4,3043.06,65.0,206,310,RAMP,40.0,18.0,WORKLOAD_STEP
2026-07-09 17:15:25.748477300+05:30,42.5,27,28.9,3324.27,64.9,208,308,RAMP,40.0,18.0,WORKLOAD_STEP
2026-07-09 17:15:27.795286400+05:30,41.7,33,24.9,3063.15,64.87,206,308,RAMP,40.0,18.0,WORKLOAD_STEP
2026-07-09 17:15:29.820941400+05:30,39.7,16,28.2,3223.84,64.87,206,308,RAMP,40.0,18.0,WORKLOAD_STEP
2026-07-09 17:15:31.846454500+05:30,42.7,26,26.9,3063.14,64.92,206,308,RAMP,40.0,18.0,WORKLOAD_STEP
2026-07-09 17:15:33.879108500+05:30,40.8,29,25.0,3133.43,64.9,207,308,RAMP,40.0,18.0,WORKLOAD_STEP
2026-07-09 17:15:35.901218200+05:30,41.7,26,26.3,3093.27,64.92,207,308,RAMP,40.0,18.0,WORKLOAD_STEP
2026-07-09 17:15:37.927386600+05:30,40.6,32,21.2,2932.58,64.92,207,308,RAMP,40.0,18.0,WORKLOAD_STEP
2026-07-09 17:15:39.951773500+05:30,44.4,36,24.5,3113.36,64.96,207,308,RAMP,40.0,18.0,WORKLOAD_STEP
2026-07-09 17:15:41.976146400+05:30,40.4,34,24.3,3043.06,64.95,207,308,RAMP,40.0,18.0,WORKLOAD_STEP
2026-07-09 17:15:44.010514300+05:30,40.7,30,23.5,2872.32,65.0,207,308,RAMP,40.0,18.0,WORKLOAD_STEP
2026-07-09 17:15:46.039033+05:30,41.8,27,24.3,3043.06,64.99,207,308,RAMP,40.0,18.0,WORKLOAD_STEP
2026-07-09 17:15:48.063587400+05:30,42.4,36,23.3,3193.7,64.95,207,308,RAMP,40.0,18.0,WORKLOAD_STEP
2026-07-09 17:15:50.090421300+05:30,40.9,27,26.6,3253.97,64.94,207,308,RAMP,40.0,18.0,WORKLOAD_STEP
2026-07-09 17:15:52.114977300+05:30,43.2,26,28.4,3304.19,64.94,207,308,RAMP,40.0,18.0,WORKLOAD_STEP
2026-07-09 17:15:54.141920900+05:30,42.3,29,24.0,2982.8,65.0,207,308,RAMP,40.0,18.0,WORKLOAD_STEP
2026-07-09 17:15:56.173060200+05:30,43.5,33,22.8,2982.8,65.03,207,308,RAMP,40.0,18.0,WORKLOAD_STEP
2026-07-09 17:15:58.201043+05:30,40.4,34,23.6,3012.92,65.03,207,308,RAMP,40.0,18.0,WORKLOAD_STEP
2026-07-09 17:16:00.243262600+05:30,40.5,37,23.4,3033.01,65.07,207,308,RAMP,40.0,18.0,WORKLOAD_STEP
2026-07-09 17:16:02.273450100+05:30,45.0,36,22.6,3093.26,65.05,207,308,RAMP,40.0,18.0,WORKLOAD_STEP
2026-07-09 17:16:04.302709700+05:30,42.1,32,22.9,2882.37,65.12,207,308,RAMP,40.0,18.0,WORKLOAD_STEP
2026-07-09 17:16:06.327238300+05:30,43.7,37,21.8,2761.86,65.1,207,308,RAMP,40.0,18.0,WORKLOAD_STEP
2026-07-09 17:16:08.355217800+05:30,41.6,37,20.3,3022.97,65.09,207,308,RAMP,40.0,18.0,WORKLOAD_STEP
2026-07-09 17:16:10.383771200+05:30,42.3,32,21.9,2681.52,65.03,207,307,RAMP,40.0,18.0,WORKLOAD_STEP
2026-07-09 17:16:12.413677500+05:30,45.4,43,22.4,2842.18,65.05,209,307,RAMP,40.0,18.0,WORKLOAD_STEP
2026-07-09 17:16:14.442070800+05:30,47.5,36,23.5,2651.38,65.03,209,307,RAMP,40.0,18.0,WORKLOAD_STEP
2026-07-09 17:16:16.476364900+05:30,45.0,33,21.7,3033.01,64.86,208,306,RAMP,40.0,18.0,WORKLOAD_STEP
2026-07-09 17:16:18.500943500+05:30,41.3,37,25.9,3093.27,64.85,208,306,RAMP,40.0,18.0,WORKLOAD_STEP
2026-07-09 17:16:20.525990300+05:30,39.9,36,23.2,2661.42,64.85,208,306,RAMP,40.0,18.0,WORKLOAD_STEP
2026-07-09 17:16:22.558161700+05:30,41.6,37,20.4,3123.39,64.88,208,306,RAMP,40.0,18.0,WORKLOAD_STEP
2026-07-09 17:16:24.593436+05:30,44.6,30,22.0,3153.54,64.83,207,306,RAMP,40.0,18.0,WORKLOAD_STEP
2026-07-09 17:16:26.626645200+05:30,41.3,37,23.5,2862.27,64.88,207,306,RAMP,40.0,18.0,WORKLOAD_STEP
2026-07-09 17:16:28.656429900+05:30,42.6,26,24.7,2791.99,64.86,207,306,RAMP,40.0,18.0,WORKLOAD_STEP
2026-07-09 17:16:30.683973600+05:30,45.6,37,23.0,2872.33,64.85,212,306,RAMP,40.0,18.0,WORKLOAD_STEP
2026-07-09 17:16:32.714104100+05:30,41.5,24,26.0,3103.31,64.8,212,306,RAMP,40.0,18.0,WORKLOAD_STEP
2026-07-09 17:16:34.759282500+05:30,44.3,23,22.4,2761.86,64.85,209,306,RAMP,40.0,18.0,WORKLOAD_STEP
2026-07-09 17:16:36.790283500+05:30,41.8,27,21.4,2852.25,64.86,209,306,RAMP,40.0,18.0,WORKLOAD_STEP
2026-07-09 17:16:38.813489100+05:30,42.9,27,24.4,3274.04,64.88,209,306,RAMP,40.0,18.0,WORKLOAD_STEP
2026-07-09 17:16:40.838905600+05:30,41.1,39,19.6,2862.26,64.85,209,306,RAMP,40.0,18.0,WORKLOAD_STEP
2026-07-09 17:16:42.863167300+05:30,45.0,36,21.4,2852.24,64.88,207,306,RAMP,40.0,18.0,WORKLOAD_STEP
2026-07-09 17:16:44.886568+05:30,39.6,43,20.3,2781.94,64.86,207,306,RAMP,40.0,18.0,WORKLOAD_STEP
2026-07-09 17:16:46.911895+05:30,41.9,33,22.1,3103.31,64.84,207,305,RAMP,40.0,18.0,WORKLOAD_STEP
2026-07-09 17:16:48.937658600+05:30,41.3,37,20.6,2992.84,64.82,207,305,RAMP,40.0,18.0,WORKLOAD_STEP
2026-07-09 17:16:50.962771700+05:30,24.4,42,10.4,2299.88,64.85,207,305,RAMP,20.0,19.0,WORKLOAD_STEP
2026-07-09 17:16:52.991112200+05:30,20.3,43,9.0,2229.58,64.83,209,305,RAMP,20.0,19.0,WORKLOAD_STEP
2026-07-09 17:16:55.035570900+05:30,23.8,45,11.2,2360.13,64.81,207,305,RAMP,20.0,19.0,WORKLOAD_STEP
2026-07-09 17:16:57.068991200+05:30,20.0,40,18.3,3103.34,64.79,207,305,RAMP,20.0,19.0,WORKLOAD_STEP
2026-07-09 17:16:59.100213700+05:30,21.6,45,10.5,2259.7,64.84,207,305,RAMP,20.0,19.0,WORKLOAD_STEP
2026-07-09 17:17:01.132757700+05:30,22.8,42,14.5,2852.24,64.75,207,305,RAMP,20.0,19.0,WORKLOAD_STEP
2026-07-09 17:17:03.155393+05:30,21.5,40,18.6,3123.43,64.77,207,305,RAMP,20.0,19.0,WORKLOAD_STEP
2026-07-09 17:17:05.179227+05:30,21.8,27,22.8,2992.87,64.81,207,305,RAMP,20.0,19.0,WORKLOAD_STEP
2026-07-09 17:17:07.212285600+05:30,20.7,37,20.0,2791.99,64.81,207,305,RAMP,20.0,19.0,WORKLOAD_STEP
2026-07-09 17:17:09.231033500+05:30,21.9,32,21.1,3183.68,64.8,207,305,RAMP,20.0,19.0,WORKLOAD_STEP
2026-07-09 17:17:11.255103600+05:30,21.2,22,22.5,2802.05,64.77,207,305,RAMP,20.0,19.0,WORKLOAD_STEP
2026-07-09 17:17:13.275730800+05:30,24.5,30,21.7,3002.9,64.81,207,305,RAMP,20.0,19.0,WORKLOAD_STEP
2026-07-09 17:17:15.297230+05:30,22.0,34,21.1,2942.64,64.73,207,305,RAMP,20.0,19.0,WORKLOAD_STEP
2026-07-09 17:17:17.317729500+05:30,22.6,37,20.6,2812.08,64.71,208,305,RAMP,20.0,19.0,WORKLOAD_STEP
2026-07-09 17:17:19.340520400+05:30,25.7,23,22.7,2992.87,64.72,207,305,RAMP,20.0,19.0,WORKLOAD_STEP
2026-07-09 17:17:21.364725600+05:30,31.6,37,21.7,2721.69,64.74,208,305,RAMP,20.0,19.0,WORKLOAD_STEP
2026-07-09 17:17:23.394787600+05:30,22.0,37,18.3,3223.82,64.75,207,305,RAMP,20.0,19.0,WORKLOAD_STEP
2026-07-09 17:17:25.417814200+05:30,23.8,37,20.9,3053.09,64.76,207,305,RAMP,20.0,19.0,WORKLOAD_STEP
2026-07-09 17:17:27.440007600+05:30,20.3,33,22.9,3053.11,64.74,207,305,RAMP,20.0,19.0,WORKLOAD_STEP
2026-07-09 17:17:29.464216200+05:30,21.3,33,22.7,2601.18,64.73,207,306,RAMP,20.0,19.0,WORKLOAD_STEP
2026-07-09 17:17:31.483545200+05:30,21.9,37,26.0,2892.42,64.73,206,306,RAMP,20.0,19.0,WORKLOAD_STEP
2026-07-09 17:17:33.505224100+05:30,20.5,16,25.0,3414.67,64.74,206,306,RAMP,20.0,19.0,WORKLOAD_STEP
2026-07-09 17:17:35.525309+05:30,22.5,22,26.6,3434.76,64.74,206,306,RAMP,20.0,19.0,WORKLOAD_STEP
2026-07-09 17:17:37.543001600+05:30,21.3,21,26.6,3615.52,64.75,206,306,RAMP,20.0,19.0,WORKLOAD_STEP
2026-07-09 17:17:39.561175100+05:30,21.2,21,26.5,3364.46,64.74,206,306,RAMP,20.0,19.0,WORKLOAD_STEP
2026-07-09 17:17:41.595211800+05:30,22.8,37,21.1,3324.28,64.77,206,306,RAMP,20.0,19.0,WORKLOAD_STEP
2026-07-09 17:17:43.627978200+05:30,20.4,36,22.2,3384.53,64.78,206,306,RAMP,20.0,19.0,WORKLOAD_STEP
2026-07-09 17:17:45.649169900+05:30,29.8,24,24.3,2912.52,64.83,206,306,RAMP,20.0,19.0,WORKLOAD_STEP
2026-07-09 17:17:47.681719600+05:30,20.5,26,22.7,3434.76,64.82,206,306,RAMP,20.0,19.0,WORKLOAD_STEP
2026-07-09 17:17:49.707087+05:30,20.8,42,21.1,3233.89,64.83,206,306,RAMP,20.0,19.0,WORKLOAD_STEP
2026-07-09 17:17:51.730016800+05:30,23.5,30,22.7,3253.98,64.85,206,306,RAMP,20.0,19.0,WORKLOAD_STEP
2026-07-09 17:17:53.753989900+05:30,20.6,36,18.6,2721.69,64.97,206,308,RAMP,20.0,19.0,WORKLOAD_STEP
2026-07-09 17:17:55.779243400+05:30,23.0,33,20.6,3153.56,64.85,206,306,RAMP,20.0,19.0,WORKLOAD_STEP
2026-07-09 17:17:57.803526800+05:30,21.2,37,22.5,3203.77,64.84,206,306,RAMP,20.0,19.0,WORKLOAD_STEP
2026-07-09 17:17:59.823898300+05:30,23.1,27,22.8,3113.37,64.86,206,306,RAMP,20.0,19.0,WORKLOAD_STEP
2026-07-09 17:18:01.845186300+05:30,20.8,27,22.7,3314.23,64.88,207,306,RAMP,20.0,19.0,WORKLOAD_STEP
2026-07-09 17:18:03.863279900+05:30,24.0,34,20.8,2510.77,64.92,207,306,RAMP,20.0,19.0,WORKLOAD_STEP
2026-07-09 17:18:05.882952700+05:30,21.1,29,23.9,3213.81,64.94,207,306,RAMP,20.0,19.0,WORKLOAD_STEP
2026-07-09 17:18:07.901736400+05:30,22.9,30,21.1,3053.1,64.9,207,306,RAMP,20.0,19.0,WORKLOAD_STEP
2026-07-09 17:18:09.925639600+05:30,21.2,33,22.4,3083.25,64.89,207,306,RAMP,20.0,19.0,WORKLOAD_STEP
2026-07-09 17:18:11.946067500+05:30,22.0,26,20.8,2822.13,64.89,207,306,RAMP,20.0,19.0,WORKLOAD_STEP
2026-07-09 17:18:13.975768600+05:30,21.0,37,19.3,2822.12,64.88,207,306,RAMP,20.0,19.0,WORKLOAD_STEP
2026-07-09 17:18:16.018058500+05:30,20.9,44,20.2,3274.08,64.87,208,306,RAMP,20.0,19.0,WORKLOAD_STEP
2026-07-09 17:18:18.044579700+05:30,21.1,39,19.5,3173.64,64.9,209,306,RAMP,20.0,19.0,WORKLOAD_STEP
2026-07-09 17:18:20.066983700+05:30,23.6,29,22.6,3083.24,64.91,209,306,RAMP,20.0,19.0,WORKLOAD_STEP
2026-07-09 17:18:22.085453900+05:30,22.8,34,19.3,3133.45,64.96,209,306,RAMP,20.0,19.0,WORKLOAD_STEP
2026-07-09 17:18:24.105722300+05:30,25.3,36,22.8,2862.29,64.94,208,306,RAMP,20.0,19.0,WORKLOAD_STEP
2026-07-09 17:18:26.125889900+05:30,27.9,34,19.8,2581.09,64.91,208,306,RAMP,20.0,19.0,WORKLOAD_STEP
2026-07-09 17:18:28.149727800+05:30,29.0,32,22.5,2711.64,64.95,208,306,RAMP,20.0,19.0,WORKLOAD_STEP
2026-07-09 17:18:30.171538600+05:30,20.9,30,18.4,2902.46,64.92,209,306,RAMP,20.0,19.0,WORKLOAD_STEP
2026-07-09 17:18:32.196283800+05:30,21.3,42,15.9,2430.45,64.9,209,306,RAMP,20.0,20.0,WORKLOAD_STEP
2026-07-09 17:18:34.226616500+05:30,22.7,43,9.8,2279.79,64.89,209,306,RAMP,20.0,20.0,WORKLOAD_STEP
2026-07-09 17:18:36.265135800+05:30,23.8,46,18.2,2500.74,64.95,206,306,RAMP,20.0,20.0,WORKLOAD_STEP
2026-07-09 17:18:38.286442200+05:30,22.9,37,15.8,2601.17,64.96,206,306,RAMP,20.0,20.0,WORKLOAD_STEP
2026-07-09 17:18:40.315385+05:30,22.9,30,20.7,3002.89,64.92,206,306,RAMP,20.0,20.0,WORKLOAD_STEP
2026-07-09 17:18:42.340850900+05:30,25.9,32,22.3,3424.7,64.92,206,306,RAMP,20.0,20.0,WORKLOAD_STEP
2026-07-09 17:18:44.363102500+05:30,21.4,29,19.5,2932.6,64.91,208,306,RAMP,20.0,20.0,WORKLOAD_STEP
2026-07-09 17:18:46.382161100+05:30,23.9,39,21.4,3002.88,64.91,208,306,RAMP,20.0,20.0,WORKLOAD_STEP
2026-07-09 17:18:48.418029100+05:30,22.1,36,19.6,3233.86,64.94,208,306,RAMP,20.0,20.0,WORKLOAD_STEP
2026-07-09 17:18:50.438406100+05:30,23.3,27,19.9,2701.61,64.92,208,306,RAMP,20.0,20.0,WORKLOAD_STEP
2026-07-09 17:18:52.456882400+05:30,22.6,30,20.0,2922.55,64.94,208,306,RAMP,20.0,20.0,WORKLOAD_STEP
2026-07-09 17:18:54.476166+05:30,26.6,39,17.3,3274.07,64.97,208,306,RAMP,20.0,20.0,WORKLOAD_STEP
2026-07-09 17:18:56.499944500+05:30,20.5,28,20.9,3033.02,64.94,208,306,RAMP,20.0,20.0,WORKLOAD_STEP
2026-07-09 17:18:58.522292400+05:30,23.2,40,18.7,2992.86,64.94,208,306,RAMP,20.0,20.0,WORKLOAD_STEP
2026-07-09 17:19:00.551621+05:30,20.9,39,20.4,2912.48,64.9,208,306,RAMP,20.0,20.0,WORKLOAD_STEP
2026-07-09 17:19:02.576664500+05:30,22.7,39,20.7,3103.33,64.91,207,306,RAMP,20.0,20.0,WORKLOAD_STEP
2026-07-09 17:19:04.599460500+05:30,21.2,39,19.6,3183.68,64.88,207,306,RAMP,20.0,20.0,WORKLOAD_STEP
2026-07-09 17:19:06.629253300+05:30,25.0,40,19.3,3073.18,64.89,207,306,RAMP,20.0,20.0,WORKLOAD_STEP
2026-07-09 17:19:08.653261800+05:30,20.9,37,23.9,3464.84,64.88,207,306,RAMP,20.0,20.0,WORKLOAD_STEP
2026-07-09 17:19:10.675817600+05:30,21.9,40,18.2,2912.52,64.91,207,306,RAMP,20.0,20.0,WORKLOAD_STEP
2026-07-09 17:19:12.698903200+05:30,20.2,27,19.4,3053.12,64.89,205,306,RAMP,20.0,20.0,WORKLOAD_STEP
2026-07-09 17:19:14.717921500+05:30,21.9,33,19.7,2982.82,64.95,205,306,RAMP,20.0,20.0,WORKLOAD_STEP
2026-07-09 17:19:16.752932600+05:30,21.5,36,20.3,3304.19,64.87,206,306,RAMP,20.0,20.0,WORKLOAD_STEP
2026-07-09 17:19:18.777009200+05:30,20.2,33,19.2,2962.72,64.87,206,306,RAMP,20.0,20.0,WORKLOAD_STEP
2026-07-09 17:19:20.799719500+05:30,20.2,33,20.5,2822.12,64.87,206,306,RAMP,20.0,20.0,WORKLOAD_STEP
2026-07-09 17:19:22.845152400+05:30,23.6,37,19.7,3284.08,64.89,205,306,RAMP,20.0,20.0,WORKLOAD_STEP
2026-07-09 17:19:24.867706600+05:30,24.6,29,23.2,2681.52,64.9,205,306,RAMP,20.0,20.0,WORKLOAD_STEP
2026-07-09 17:19:26.888689400+05:30,20.9,26,22.8,2771.91,64.92,205,306,RAMP,20.0,20.0,WORKLOAD_STEP
2026-07-09 17:19:28.906938400+05:30,22.9,36,23.4,2902.45,64.9,205,306,RAMP,20.0,20.0,WORKLOAD_STEP
2026-07-09 17:19:30.925741500+05:30,24.5,39,18.6,2882.38,64.88,205,306,RAMP,20.0,20.0,WORKLOAD_STEP
2026-07-09 17:19:32.950332700+05:30,26.5,36,20.6,2902.46,64.91,205,306,RAMP,20.0,20.0,WORKLOAD_STEP
2026-07-09 17:19:34.972858200+05:30,20.9,30,21.7,3394.59,64.91,205,306,RAMP,20.0,20.0,WORKLOAD_STEP
2026-07-09 17:19:36.995884800+05:30,23.6,32,17.1,2802.02,64.93,205,306,RAMP,20.0,20.0,WORKLOAD_STEP
2026-07-09 17:19:39.016280500+05:30,21.7,40,18.4,3053.11,64.9,205,306,RAMP,20.0,20.0,WORKLOAD_STEP
2026-07-09 17:19:41.037285600+05:30,23.2,41,20.9,2942.64,64.91,205,306,RAMP,20.0,20.0,WORKLOAD_STEP
2026-07-09 17:19:43.064982300+05:30,20.7,40,19.1,2872.34,64.88,205,306,RAMP,20.0,20.0,WORKLOAD_STEP
2026-07-09 17:19:45.087674200+05:30,21.9,27,20.7,2992.86,64.89,205,306,RAMP,20.0,20.0,WORKLOAD_STEP
2026-07-09 17:19:47.108752400+05:30,22.1,34,16.7,2852.24,64.87,205,306,RAMP,20.0,20.0,WORKLOAD_STEP
2026-07-09 17:19:49.128232900+05:30,23.2,37,22.1,2962.74,64.9,205,306,RAMP,20.0,20.0,WORKLOAD_STEP
2026-07-09 17:19:51.150372800+05:30,21.4,44,19.1,3033.0,64.9,205,306,RAMP,20.0,20.0,WORKLOAD_STEP
2026-07-09 17:19:53.171845+05:30,21.0,36,18.0,2942.64,64.9,205,306,RAMP,20.0,20.0,WORKLOAD_STEP
2026-07-09 17:19:55.194256500+05:30,24.8,27,21.3,2761.86,64.95,205,306,RAMP,20.0,20.0,WORKLOAD_STEP
2026-07-09 17:19:57.233111900+05:30,20.4,24,21.7,2470.61,64.95,205,306,RAMP,20.0,20.0,WORKLOAD_STEP
2026-07-09 17:19:59.259219700+05:30,21.8,34,21.6,3233.9,64.92,205,306,RAMP,20.0,20.0,WORKLOAD_STEP
2026-07-09 17:20:01.279100500+05:30,22.2,39,21.2,3043.07,64.93,206,306,RAMP,20.0,20.0,WORKLOAD_STEP
2026-07-09 17:20:03.313118+05:30,21.3,29,20.7,3324.27,64.93,198,306,RAMP,20.0,20.0,WORKLOAD_STEP
2026-07-09 17:20:05.334450600+05:30,20.4,33,22.4,2621.26,64.95,198,306,RAMP,20.0,20.0,WORKLOAD_STEP
2026-07-09 17:20:07.362218200+05:30,20.4,39,20.3,2842.2,64.97,198,306,RAMP,20.0,20.0,WORKLOAD_STEP
2026-07-09 17:20:09.380298300+05:30,21.1,44,22.0,3253.97,64.95,198,306,RAMP,20.0,20.0,WORKLOAD_STEP
2026-07-09 17:20:11.398636800+05:30,21.4,47,19.5,2741.78,64.89,198,305,RAMP,20.0,20.0,WORKLOAD_STEP
2026-07-09 17:20:13.417821800+05:30,21.0,34,22.6,2731.74,64.88,198,305,RAMP,20.0,20.0,WORKLOAD_STEP
2026-07-09 17:20:15.435789+05:30,23.1,40,18.9,2962.73,64.88,198,305,RAMP,20.0,20.0,WORKLOAD_STEP
2026-07-09 17:20:17.454770100+05:30,20.3,33,22.5,3033.03,64.89,199,305,RAMP,20.0,20.0,WORKLOAD_STEP
2026-07-09 17:20:19.476470600+05:30,22.7,34,19.7,2932.6,64.91,199,305,RAMP,20.0,20.0,WORKLOAD_STEP
2026-07-09 17:20:21.496299400+05:30,21.1,36,20.6,2731.73,64.91,201,305,RAMP,20.0,20.0,WORKLOAD_STEP
2026-07-09 17:20:23.515815900+05:30,22.7,34,19.2,2972.76,64.92,199,305,RAMP,20.0,20.0,WORKLOAD_STEP
2026-07-09 17:20:25.535672400+05:30,21.2,37,20.0,3083.23,64.9,200,305,RAMP,20.0,20.0,WORKLOAD_STEP
2026-07-09 17:20:27.555865400+05:30,23.4,30,22.4,3274.06,64.92,197,305,RAMP,20.0,20.0,WORKLOAD_STEP
2026-07-09 17:20:29.590344700+05:30,21.0,39,19.4,3183.68,64.9,197,305,RAMP,20.0,20.0,WORKLOAD_STEP
2026-07-09 17:20:31.611930500+05:30,21.2,40,19.3,2992.86,64.91,200,305,RAMP,20.0,20.0,WORKLOAD_STEP
2026-07-09 17:20:33.630838100+05:30,21.1,37,19.2,2691.56,64.89,205,305,RAMP,20.0,20.0,WORKLOAD_STEP
2026-07-09 17:20:35.651430800+05:30,23.8,40,20.3,3012.92,64.9,202,305,RAMP,20.0,20.0,WORKLOAD_STEP
2026-07-09 17:20:37.673873+05:30,26.5,40,21.4,2751.82,64.9,202,305,RAMP,20.0,20.0,WORKLOAD_STEP
2026-07-09 17:20:39.698051400+05:30,25.1,40,19.1,2932.58,64.98,202,305,RAMP,20.0,20.0,WORKLOAD_STEP
2026-07-09 17:20:41.719879700+05:30,21.0,34,21.8,3193.72,64.9,198,305,RAMP,20.0,20.0,WORKLOAD_STEP
2026-07-09 17:20:43.740960200+05:30,21.7,37,21.1,2922.54,64.95,198,305,RAMP,20.0,20.0,WORKLOAD_STEP
2026-07-09 17:20:45.763241100+05:30,21.8,34,21.1,2510.78,64.94,198,305,RAMP,20.0,20.0,WORKLOAD_STEP
2026-07-09 17:20:47.785056200+05:30,22.6,40,15.1,3033.02,65.05,198,307,RAMP,20.0,20.0,WORKLOAD_STEP
2026-07-09 17:20:49.813532500+05:30,20.5,37,17.9,2842.21,64.99,198,306,RAMP,20.0,20.0,WORKLOAD_STEP
2026-07-09 17:20:51.833771100+05:30,24.8,39,18.1,3083.24,65.0,198,306,RAMP,20.0,20.0,WORKLOAD_STEP
2026-07-09 17:20:53.853282300+05:30,24.8,33,20.4,2982.82,65.21,198,308,RAMP,20.0,20.0,WORKLOAD_STEP
2026-07-09 17:20:55.879051300+05:30,22.1,37,18.8,2902.46,65.03,198,306,RAMP,20.0,20.0,WORKLOAD_STEP
2026-07-09 17:20:57.897738200+05:30,23.9,39,20.0,2721.69,65.02,198,306,RAMP,20.0,20.0,WORKLOAD_STEP
2026-07-09 17:20:59.917844700+05:30,21.0,36,20.1,2842.2,65.01,198,306,RAMP,20.0,20.0,WORKLOAD_STEP
2026-07-09 17:21:01.936622900+05:30,22.6,37,18.3,2802.03,64.97,198,306,RAMP,20.0,20.0,WORKLOAD_STEP
2026-07-09 17:21:03.977023600+05:30,21.0,33,20.2,2621.26,64.97,198,306,RAMP,20.0,20.0,WORKLOAD_STEP
2026-07-09 17:21:05.999905900+05:30,21.6,34,20.5,2992.84,64.99,198,306,RAMP,20.0,20.0,WORKLOAD_STEP
2026-07-09 17:21:08.022882+05:30,20.3,39,19.9,2932.61,64.98,198,306,RAMP,20.0,20.0,WORKLOAD_STEP
2026-07-09 17:21:10.042151+05:30,22.2,40,21.0,2641.34,64.97,198,306,RAMP,20.0,20.0,WORKLOAD_STEP
2026-07-09 17:21:12.062448+05:30,21.7,39,21.2,2671.47,64.96,198,306,RAMP,20.0,20.0,WORKLOAD_STEP
2026-07-09 17:21:14.082595+05:30,20.2,37,18.7,2852.25,64.98,198,306,RAMP,20.0,20.0,WORKLOAD_STEP
2026-07-09 17:21:16.101978800+05:30,22.1,27,20.9,2540.91,64.96,198,306,RAMP,20.0,20.0,WORKLOAD_STEP
2026-07-09 17:21:18.124272200+05:30,21.3,30,20.9,2972.77,64.96,200,306,RAMP,20.0,20.0,WORKLOAD_STEP
2026-07-09 17:21:20.143043600+05:30,21.6,33,18.9,2661.42,64.94,200,306,RAMP,20.0,20.0,WORKLOAD_STEP
2026-07-09 17:21:22.161401200+05:30,23.3,40,19.6,2922.54,64.98,200,306,RAMP,20.0,20.0,WORKLOAD_STEP
2026-07-09 17:21:24.183579200+05:30,21.6,40,19.7,3203.75,65.0,200,306,RAMP,20.0,20.0,WORKLOAD_STEP
2026-07-09 17:21:26.205494300+05:30,20.8,44,19.1,3364.46,64.98,200,306,RAMP,20.0,20.0,WORKLOAD_STEP
2026-07-09 17:21:28.229093500+05:30,22.3,46,20.1,3233.89,64.98,200,306,RAMP,20.0,20.0,WORKLOAD_STEP
2026-07-09 17:21:30.247326200+05:30,20.9,37,21.7,3033.03,64.97,200,306,RAMP,20.0,20.0,WORKLOAD_STEP
2026-07-09 17:21:32.272111600+05:30,22.3,33,19.5,3113.37,64.95,200,306,RAMP,20.0,20.0,WORKLOAD_STEP
2026-07-09 17:21:34.290978600+05:30,23.5,40,19.9,2892.42,64.94,203,306,RAMP,20.0,20.0,WORKLOAD_STEP
2026-07-09 17:21:36.312995800+05:30,23.9,37,20.0,2872.34,64.95,202,306,RAMP,20.0,20.0,WORKLOAD_STEP
2026-07-09 17:21:38.354908200+05:30,21.1,29,24.3,3304.21,64.95,200,306,RAMP,20.0,20.0,WORKLOAD_STEP
2026-07-09 17:21:40.373021400+05:30,21.9,16,26.3,2822.13,64.97,200,306,RAMP,20.0,20.0,WORKLOAD_STEP
2026-07-09 17:21:42.397306100+05:30,27.1,30,28.0,2852.26,64.97,200,306,RAMP,20.0,20.0,WORKLOAD_STEP
2026-07-09 17:21:44.417479500+05:30,17.1,45,9.7,2109.06,64.94,200,306,RAMP,0.0,21.0,WORKLOAD_STEP
2026-07-09 17:21:46.444837900+05:30,5.3,49,6.3,2420.4,64.93,198,306,RAMP,0.0,21.0,WORKLOAD_STEP
2026-07-09 17:21:48.470953+05:30,3.2,49,4.9,2109.06,64.95,198,305,RAMP,0.0,21.0,WORKLOAD_STEP
2026-07-09 17:21:50.498309500+05:30,1.6,50,4.0,2008.62,64.95,198,305,RAMP,0.0,21.0,WORKLOAD_STEP
2026-07-09 17:21:52.522196400+05:30,10.0,50,6.4,2109.06,64.93,198,305,RAMP,0.0,21.0,WORKLOAD_STEP
2026-07-09 17:21:54.547180600+05:30,2.2,50,4.6,2109.06,64.98,198,305,RAMP,0.0,21.0,WORKLOAD_STEP
2026-07-09 17:21:56.576468100+05:30,3.5,50,6.1,2129.14,64.97,198,305,RAMP,0.0,21.0,WORKLOAD_STEP
2026-07-09 17:21:58.611527+05:30,3.1,50,4.8,2109.06,64.95,198,305,RAMP,0.0,21.0,WORKLOAD_STEP
2026-07-09 17:22:00.637696800+05:30,3.3,52,5.1,2109.06,64.98,200,305,RAMP,0.0,21.0,WORKLOAD_STEP
2026-07-09 17:22:02.665828500+05:30,2.2,52,4.4,2109.06,64.98,198,305,RAMP,0.0,21.0,WORKLOAD_STEP
2026-07-09 17:22:04.693430800+05:30,2.5,52,4.2,2109.06,64.96,198,305,RAMP,0.0,21.0,WORKLOAD_STEP
2026-07-09 17:22:06.723226700+05:30,1.6,52,5.3,2400.3,64.95,198,305,RAMP,0.0,21.0,WORKLOAD_STEP
2026-07-09 17:22:08.751881100+05:30,3.1,53,4.6,2109.06,64.95,198,305,RAMP,0.0,21.0,WORKLOAD_STEP
2026-07-09 17:22:10.780465100+05:30,2.1,52,4.3,2109.06,64.93,198,305,RAMP,0.0,21.0,WORKLOAD_STEP
2026-07-09 17:22:12.820156500+05:30,2.3,53,4.2,2109.06,65.02,198,305,RAMP,0.0,21.0,WORKLOAD_STEP
2026-07-09 17:22:14.865576800+05:30,1.7,53,4.2,2109.06,64.96,198,305,RAMP,0.0,21.0,WORKLOAD_STEP
2026-07-09 17:22:16.896949500+05:30,12.6,46,9.6,2340.05,65.61,202,311,RAMP,0.0,21.0,WORKLOAD_STEP
2026-07-09 17:22:18.925884400+05:30,2.6,52,9.7,2109.06,65.36,202,311,RAMP,0.0,21.0,WORKLOAD_STEP
2026-07-09 17:22:20.954937+05:30,9.3,40,9.4,2129.15,65.55,202,311,RAMP,0.0,21.0,WORKLOAD_STEP
2026-07-09 17:22:22.975232200+05:30,16.7,43,16.6,2249.66,65.4,202,311,RAMP,0.0,21.0,WORKLOAD_STEP
2026-07-09 17:22:24.998888900+05:30,4.4,48,9.8,2109.06,65.47,203,312,RAMP,0.0,21.0,WORKLOAD_STEP
2026-07-09 17:22:27.029059500+05:30,2.8,53,7.0,2109.06,65.4,199,311,RAMP,0.0,21.0,WORKLOAD_STEP
2026-07-09 17:22:29.060125500+05:30,1.6,53,4.5,2109.06,65.38,199,311,RAMP,0.0,21.0,WORKLOAD_STEP
2026-07-09 17:22:31.091238100+05:30,1.7,52,5.5,2109.06,65.35,202,311,RAMP,0.0,21.0,WORKLOAD_STEP
2026-07-09 17:22:33.120375700+05:30,2.5,54,6.0,2109.06,65.36,201,311,RAMP,0.0,21.0,WORKLOAD_STEP
2026-07-09 17:22:35.149773800+05:30,2.2,53,4.9,2109.06,65.35,198,311,RAMP,0.0,21.0,WORKLOAD_STEP
2026-07-09 17:22:37.180346300+05:30,2.7,53,5.5,2008.62,65.39,198,311,RAMP,0.0,21.0,WORKLOAD_STEP
2026-07-09 17:22:39.209505700+05:30,3.2,53,5.9,2109.06,65.38,198,311,RAMP,0.0,21.0,WORKLOAD_STEP
2026-07-09 17:22:41.239339900+05:30,1.3,53,4.8,2139.18,65.36,198,311,RAMP,0.0,21.0,WORKLOAD_STEP
2026-07-09 17:22:43.269065100+05:30,2.7,53,4.7,2269.74,65.37,198,311,RAMP,0.0,21.0,WORKLOAD_STEP
2026-07-09 17:22:45.313237900+05:30,1.8,54,3.8,2109.06,65.36,198,311,RAMP,0.0,21.0,WORKLOAD_STEP
2026-07-09 17:22:47.345384400+05:30,9.1,53,7.8,2550.96,65.36,198,311,RAMP,0.0,21.0,WORKLOAD_STEP
2026-07-09 17:22:49.362015200+05:30,7.3,53,7.6,2550.96,65.33,198,311,RAMP,0.0,21.0,WORKLOAD_STEP
2026-07-09 17:22:51.389243700+05:30,9.4,53,8.3,2109.06,65.35,198,311,RAMP,0.0,21.0,WORKLOAD_STEP
2026-07-09 17:22:53.418361600+05:30,1.0,54,3.9,2109.06,65.32,198,311,RAMP,0.0,21.0,WORKLOAD_STEP
2026-07-09 17:22:55.447060+05:30,1.7,54,4.3,2209.49,65.43,198,311,RAMP,0.0,21.0,WORKLOAD_STEP
2026-07-09 17:22:57.482322300+05:30,2.8,54,3.9,2109.06,65.32,198,310,RAMP,0.0,21.0,WORKLOAD_STEP
2026-07-09 17:22:59.513266700+05:30,0.7000000000000001,54,3.7,2109.06,65.32,198,310,RAMP,0.0,21.0,WORKLOAD_STEP
2026-07-09 17:23:01.561576500+05:30,1.6,54,4.2,2641.34,65.31,198,310,RAMP,0.0,21.0,WORKLOAD_STEP
2026-07-09 17:23:03.586290100+05:30,2.1,53,4.8,2340.05,65.32,198,310,RAMP,0.0,21.0,WORKLOAD_STEP
2026-07-09 17:23:05.610989300+05:30,1.9000000000000001,58,4.4,2109.06,65.31,198,310,RAMP,0.0,21.0,WORKLOAD_STEP
2026-07-09 17:23:07.631570200+05:30,1.2,55,3.7,2109.06,65.3,198,310,RAMP,0.0,21.0,WORKLOAD_STEP
2026-07-09 17:23:09.671469500+05:30,0.7000000000000001,55,3.8,2109.06,65.31,198,310,RAMP,0.0,21.0,WORKLOAD_STEP
2026-07-09 17:23:11.697144800+05:30,2.6,54,4.2,2109.06,65.3,198,310,RAMP,0.0,21.0,WORKLOAD_STEP
2026-07-09 17:23:13.721218800+05:30,3.5,54,3.8,2109.06,65.31,198,310,RAMP,0.0,21.0,WORKLOAD_STEP
2026-07-09 17:23:15.745491200+05:30,1.6,54,4.0,2109.06,65.3,198,310,RAMP,0.0,21.0,WORKLOAD_STEP
2026-07-09 17:23:17.781226500+05:30,3.4,54,4.4,2109.06,65.19,200,308,RAMP,0.0,21.0,WORKLOAD_STEP
2026-07-09 17:23:19.816059400+05:30,2.4,54,4.7,2109.06,65.17,202,308,RAMP,0.0,21.0,WORKLOAD_STEP
2026-07-09 17:23:21.844808900+05:30,4.6,54,7.1,2109.06,65.23,202,308,RAMP,0.0,21.0,WORKLOAD_STEP
2026-07-09 17:23:23.869785200+05:30,14.9,48,11.2,2340.05,65.69,198,318,RAMP,0.0,21.0,WORKLOAD_STEP
2026-07-09 17:23:25.890316200+05:30,17.6,49,12.8,2159.27,65.54,198,316,RAMP,0.0,21.0,WORKLOAD_STEP
2026-07-09 17:23:27.912574200+05:30,11.4,49,10.3,2530.88,65.54,198,316,RAMP,0.0,21.0,WORKLOAD_STEP
2026-07-09 17:23:29.940967500+05:30,10.8,38,12.3,2179.36,65.57,198,316,RAMP,0.0,21.0,WORKLOAD_STEP
2026-07-09 17:23:31.962741800+05:30,11.6,46,11.9,2470.61,65.59,198,316,RAMP,0.0,21.0,WORKLOAD_STEP
2026-07-09 17:23:33.995043500+05:30,10.0,53,6.9,2119.1,65.64,198,315,RAMP,0.0,21.0,WORKLOAD_STEP
2026-07-09 17:23:36.026840600+05:30,14.8,49,8.7,2109.06,65.56,198,308,RAMP,0.0,21.0,WORKLOAD_STEP
2026-07-09 17:23:38.057489200+05:30,8.9,50,11.2,2540.92,66.05,198,312,RAMP,0.0,21.0,WORKLOAD_STEP
2026-07-09 17:23:40.085389600+05:30,13.6,40,18.8,2701.59,67.31,198,312,RAMP,0.0,21.0,WORKLOAD_STEP
2026-07-09 17:23:42.110537400+05:30,15.6,32,11.0,2550.96,67.37,198,312,RAMP,0.0,21.0,WORKLOAD_STEP
2026-07-09 17:23:44.141244200+05:30,8.0,52,8.2,2400.3,66.51,198,312,RAMP,0.0,21.0,WORKLOAD_STEP
2026-07-09 17:23:46.168647600+05:30,6.2,52,9.0,2109.06,66.52,198,312,RAMP,0.0,21.0,WORKLOAD_STEP
2026-07-09 17:23:48.188260700+05:30,12.1,53,8.3,2109.06,66.46,198,312,RAMP,0.0,21.0,WORKLOAD_STEP
2026-07-09 17:23:50.212831700+05:30,9.1,32,14.8,2741.76,66.78,203,315,RAMP,0.0,21.0,WORKLOAD_STEP
2026-07-09 17:23:52.251377+05:30,12.4,33,14.8,3213.81,67.08,200,315,RAMP,0.0,21.0,WORKLOAD_STEP
2026-07-09 17:23:54.270951100+05:30,14.4,45,9.9,1958.41,67.19,200,317,RAMP,0.0,21.0,WORKLOAD_STEP
2026-07-09 17:23:56.291122100+05:30,18.9,45,13.5,2922.55,66.11,200,315,RAMP,0.0,21.0,WORKLOAD_STEP
2026-07-09 17:23:58.311760700+05:30,6.5,52,7.4,2109.06,67.0,200,315,RAMP,0.0,21.0,WORKLOAD_STEP
2026-07-09 17:24:00.341388600+05:30,12.4,46,8.5,2370.19,67.33,200,315,RAMP,0.0,21.0,WORKLOAD_STEP
2026-07-09 17:24:02.362915700+05:30,12.6,50,8.4,2209.48,67.71,200,315,RAMP,0.0,21.0,WORKLOAD_STEP
2026-07-09 17:24:04.383753500+05:30,10.3,46,12.1,2741.78,65.76,200,317,RAMP,0.0,21.0,WORKLOAD_STEP
2026-07-09 17:24:06.411812900+05:30,18.7,48,16.5,2962.73,66.12,200,317,RAMP,0.0,22.0,WORKLOAD_STEP
2026-07-09 17:24:08.441628600+05:30,12.9,39,12.6,2972.76,67.11,200,317,RAMP,0.0,22.0,WORKLOAD_STEP
2026-07-09 17:24:10.470020400+05:30,24.4,45,15.0,3344.37,67.02,200,317,RAMP,0.0,22.0,WORKLOAD_STEP
2026-07-09 17:24:12.499490900+05:30,19.1,42,16.9,2751.83,67.31,200,317,RAMP,0.0,22.0,WORKLOAD_STEP
2026-07-09 17:24:14.530087+05:30,17.1,45,13.3,2480.65,67.4,200,317,RAMP,0.0,22.0,WORKLOAD_STEP
2026-07-09 17:24:16.557811200+05:30,6.8,50,8.0,2119.1,66.47,202,317,RAMP,0.0,22.0,WORKLOAD_STEP
2026-07-09 17:24:18.580859800+05:30,11.6,49,10.4,2179.35,66.54,202,317,RAMP,0.0,22.0,WORKLOAD_STEP
2026-07-09 17:24:20.603525600+05:30,7.4,49,7.8,2199.45,66.62,204,317,RAMP,0.0,22.0,WORKLOAD_STEP
2026-07-09 17:24:22.623139400+05:30,7.3,53,7.2,2159.27,67.33,204,317,RAMP,0.0,22.0,WORKLOAD_STEP
2026-07-09 17:24:24.653340800+05:30,13.6,46,10.0,2340.05,65.78,204,317,RAMP,0.0,22.0,WORKLOAD_STEP
2026-07-09 17:24:26.680935300+05:30,9.2,50,7.9,2109.06,66.89,203,317,RAMP,0.0,22.0,WORKLOAD_STEP
2026-07-09 17:24:28.704110600+05:30,10.0,52,7.0,1958.41,67.33,203,317,RAMP,0.0,22.0,WORKLOAD_STEP
2026-07-09 17:24:30.724197900+05:30,10.1,53,6.8,2119.1,68.28,206,317,RAMP,0.0,22.0,WORKLOAD_STEP
2026-07-09 17:24:32.767674+05:30,7.3,52,6.7,2340.05,65.58,205,317,RAMP,0.0,22.0,WORKLOAD_STEP
2026-07-09 17:24:34.801047100+05:30,3.4,53,4.2,2109.06,65.49,202,319,RAMP,0.0,22.0,WORKLOAD_STEP
2026-07-09 17:24:36.821672600+05:30,8.8,39,12.7,2621.25,65.78,202,319,RAMP,0.0,22.0,WORKLOAD_STEP
2026-07-09 17:24:38.840454200+05:30,7.1,42,12.3,2540.92,65.87,200,319,RAMP,0.0,22.0,WORKLOAD_STEP
2026-07-09 17:24:40.860084+05:30,8.1,45,11.8,2319.97,65.92,200,319,RAMP,0.0,22.0,WORKLOAD_STEP
2026-07-09 17:24:42.880165400+05:30,8.2,34,15.2,2741.79,66.42,200,319,RAMP,0.0,22.0,WORKLOAD_STEP
2026-07-09 17:24:44.901556+05:30,15.5,29,13.8,2370.18,66.44,205,319,RAMP,0.0,22.0,WORKLOAD_STEP
2026-07-09 17:24:46.925502800+05:30,7.6,30,12.0,2319.97,65.64,203,319,RAMP,0.0,22.0,WORKLOAD_STEP
2026-07-09 17:24:48.944361600+05:30,9.8,32,11.2,2319.97,65.57,203,319,RAMP,0.0,22.0,WORKLOAD_STEP
2026-07-09 17:24:50.962397900+05:30,7.4,30,11.0,2731.74,65.62,203,319,RAMP,0.0,22.0,WORKLOAD_STEP
2026-07-09 17:24:52.985780400+05:30,15.6,41,18.2,2119.1,65.48,200,318,RAMP,0.0,22.0,WORKLOAD_STEP
2026-07-09 17:24:55.006206+05:30,10.6,43,17.0,2540.92,65.51,200,318,RAMP,0.0,22.0,WORKLOAD_STEP
2026-07-09 17:24:57.023888100+05:30,8.0,27,12.5,2540.92,65.57,196,318,RAMP,0.0,22.0,WORKLOAD_STEP
2026-07-09 17:24:59.055299300+05:30,9.6,42,15.1,2540.92,65.5,196,318,RAMP,0.0,22.0,WORKLOAD_STEP
2026-07-09 17:25:01.072671600+05:30,11.0,30,14.7,2319.97,65.59,196,318,RAMP,0.0,22.0,WORKLOAD_STEP
2026-07-09 17:25:03.092515600+05:30,13.2,28,17.2,2319.97,65.47,196,318,RAMP,0.0,22.0,WORKLOAD_STEP
2026-07-09 17:25:05.110668300+05:30,8.1,41,11.8,2560.99,65.46,196,318,RAMP,0.0,22.0,WORKLOAD_STEP
2026-07-09 17:25:07.131420100+05:30,9.0,50,7.5,2109.06,65.35,197,316,RAMP,0.0,22.0,WORKLOAD_STEP
2026-07-09 17:25:09.161414900+05:30,3.5,53,4.3,2109.06,65.34,197,316,RAMP,0.0,22.0,WORKLOAD_STEP
2026-07-09 17:25:11.191075400+05:30,3.6,53,4.1,2109.06,65.32,197,316,RAMP,0.0,22.0,WORKLOAD_STEP
2026-07-09 17:25:13.219600400+05:30,2.3,53,3.9,2109.06,65.37,197,316,RAMP,0.0,22.0,WORKLOAD_STEP
2026-07-09 17:25:15.247108500+05:30,5.6,54,5.5,2340.05,65.33,197,316,RAMP,0.0,22.0,WORKLOAD_STEP
2026-07-09 17:25:17.272065600+05:30,4.3,53,4.9,2109.06,65.33,197,316,RAMP,0.0,22.0,WORKLOAD_STEP
2026-07-09 17:25:19.301785+05:30,5.2,53,4.4,2109.06,65.33,197,316,RAMP,0.0,22.0,WORKLOAD_STEP
2026-07-09 17:25:21.331080700+05:30,1.8,53,4.8,1958.41,65.37,197,316,RAMP,0.0,22.0,WORKLOAD_STEP
2026-07-09 17:25:23.364144600+05:30,3.7,53,5.4,1958.41,65.39,197,315,RAMP,0.0,22.0,WORKLOAD_STEP
2026-07-09 17:25:25.394934100+05:30,5.4,53,7.4,2109.06,65.34,197,315,RAMP,0.0,22.0,WORKLOAD_STEP
2026-07-09 17:25:27.422833400+05:30,3.8,53,5.4,2109.06,65.32,197,314,RAMP,0.0,22.0,WORKLOAD_STEP
2026-07-09 17:25:29.452054300+05:30,1.9000000000000001,54,4.1,2109.06,65.31,197,314,RAMP,0.0,22.0,WORKLOAD_STEP
2026-07-09 17:25:31.492487700+05:30,4.7,54,5.0,2109.06,65.32,197,314,RAMP,0.0,22.0,WORKLOAD_STEP
2026-07-09 17:25:33.522229300+05:30,3.0,53,4.7,2109.06,65.32,197,314,RAMP,0.0,22.0,WORKLOAD_STEP
2026-07-09 17:25:35.551285200+05:30,1.4,55,5.0,2390.26,65.32,197,312,RAMP,0.0,22.0,WORKLOAD_STEP
2026-07-09 17:25:37.580135500+05:30,3.6,48,7.3,2109.06,65.45,197,313,RAMP,0.0,22.0,WORKLOAD_STEP
2026-07-09 17:25:39.610662200+05:30,3.8,54,4.5,2109.06,65.44,199,313,RAMP,0.0,22.0,WORKLOAD_STEP
2026-07-09 17:25:41.636624900+05:30,1.6,55,4.5,2109.06,65.44,199,313,RAMP,0.0,22.0,WORKLOAD_STEP
2026-07-09 17:25:43.663029700+05:30,3.5,58,3.9,2109.06,65.45,199,313,RAMP,0.0,22.0,WORKLOAD_STEP
2026-07-09 17:25:45.690197+05:30,1.5,55,4.4,2109.06,65.44,199,313,RAMP,0.0,22.0,WORKLOAD_STEP
2026-07-09 17:25:47.721120600+05:30,3.0,59,5.3,2109.06,65.45,199,313,RAMP,0.0,22.0,WORKLOAD_STEP
2026-07-09 17:25:49.749081500+05:30,1.4,55,4.4,2109.06,65.44,199,313,RAMP,0.0,23.0,WORKLOAD_STEP
2026-07-09 17:25:51.776678800+05:30,1.9000000000000001,50,4.2,2179.36,65.51,199,313,RAMP,0.0,23.0,WORKLOAD_STEP
2026-07-09 17:25:53.824455800+05:30,1.8,57,4.5,2239.62,65.48,199,315,RAMP,0.0,23.0,WORKLOAD_STEP
2026-07-09 17:25:55.849603300+05:30,6.5,55,6.4,2109.06,65.51,199,313,RAMP,0.0,23.0,WORKLOAD_STEP
2026-07-09 17:25:57.874498800+05:30,3.8,54,5.9,2109.06,65.51,199,313,RAMP,0.0,23.0,WORKLOAD_STEP
2026-07-09 17:25:59.903172300+05:30,1.3,55,4.1,2109.06,65.51,199,313,RAMP,0.0,23.0,WORKLOAD_STEP
2026-07-09 17:26:01.933065200+05:30,1.6,57,4.9,2109.06,65.51,199,313,RAMP,0.0,23.0,WORKLOAD_STEP
2026-07-09 17:26:03.962734900+05:30,1.2,55,3.7,2109.06,65.51,200,313,RAMP,0.0,23.0,WORKLOAD_STEP
2026-07-09 17:26:06.003955600+05:30,6.8,54,5.9,2159.28,65.52,198,313,RAMP,0.0,23.0,WORKLOAD_STEP
2026-07-09 17:26:08.026639100+05:30,6.7,53,5.7,2330.01,65.53,198,313,RAMP,0.0,23.0,WORKLOAD_STEP
2026-07-09 17:26:10.056296700+05:30,5.1,54,4.2,2109.06,65.5,198,313,RAMP,0.0,23.0,WORKLOAD_STEP
2026-07-09 17:26:12.087053400+05:30,2.2,57,3.9,2109.06,65.49,198,313,RAMP,0.0,23.0,WORKLOAD_STEP
2026-07-09 17:26:14.118355800+05:30,3.2,57,4.3,2109.06,65.5,198,313,RAMP,0.0,23.0,WORKLOAD_STEP
2026-07-09 17:26:16.148564700+05:30,1.0,57,3.7,2109.06,65.49,198,313,RAMP,0.0,23.0,WORKLOAD_STEP
2026-07-09 17:26:18.177935500+05:30,3.8,55,4.7,2109.06,65.51,198,313,RAMP,0.0,23.0,WORKLOAD_STEP
2026-07-09 17:26:20.205657200+05:30,4.4,55,6.1,2139.18,65.51,198,313,RAMP,0.0,23.0,WORKLOAD_STEP
2026-07-09 17:26:22.238171200+05:30,6.8,54,7.0,2109.06,65.51,198,313,RAMP,0.0,23.0,WORKLOAD_STEP
2026-07-09 17:26:24.261036100+05:30,5.5,50,7.4,2872.33,65.54,198,313,RAMP,0.0,23.0,WORKLOAD_STEP
2026-07-09 17:26:26.290511800+05:30,3.2,55,4.8,2209.49,65.53,198,313,RAMP,0.0,23.0,WORKLOAD_STEP
2026-07-09 17:26:28.321285400+05:30,0.9,57,3.9,2109.06,65.51,198,313,RAMP,0.0,24.0,WORKLOAD_STEP
2026-07-09 17:26:30.343652900+05:30,1.5,57,4.7,2631.29,65.52,201,313,RAMP,0.0,24.0,WORKLOAD_STEP
2026-07-09 17:26:32.377617600+05:30,3.5,57,4.0,2109.06,65.51,201,313,RAMP,0.0,24.0,WORKLOAD_STEP
2026-07-09 17:26:34.404944300+05:30,0.9,57,3.9,1958.41,65.53,201,311,RAMP,0.0,24.0,WORKLOAD_STEP
2026-07-09 17:26:36.441479100+05:30,1.3,57,4.7,2510.78,65.45,198,311,RAMP,0.0,24.0,WORKLOAD_STEP
2026-07-09 17:26:38.471421300+05:30,7.7,54,7.6,2330.01,65.55,201,311,RAMP,0.0,24.0,WORKLOAD_STEP
2026-07-09 17:26:40.525462600+05:30,7.7,55,6.2,2199.44,65.53,199,311,RAMP,0.0,24.0,WORKLOAD_STEP
2026-07-09 17:26:42.550935800+05:30,6.3,55,5.4,2109.06,65.6,199,310,RAMP,0.0,24.0,WORKLOAD_STEP
2026-07-09 17:26:44.578757400+05:30,1.8,55,3.8,2109.06,65.5,199,310,RAMP,0.0,24.0,WORKLOAD_STEP
2026-07-09 17:26:46.605591900+05:30,3.3,55,4.8,2109.06,65.51,199,310,RAMP,0.0,24.0,WORKLOAD_STEP
2026-07-09 17:26:48.634443700+05:30,2.6,57,3.9,2109.06,65.53,198,310,RAMP,0.0,24.0,WORKLOAD_STEP
2026-07-09 17:26:50.662041500+05:30,0.6000000000000001,57,4.0,2109.06,65.52,198,310,RAMP,0.0,24.0,WORKLOAD_STEP
2026-07-09 17:26:52.692172+05:30,2.4,61,4.3,2109.06,65.53,198,310,RAMP,0.0,24.0,WORKLOAD_STEP
2026-07-09 17:26:54.720502300+05:30,5.9,54,6.4,2109.06,65.5,198,310,RAMP,0.0,24.0,WORKLOAD_STEP
2026-07-09 17:26:56.748487200+05:30,3.3,57,4.7,2109.06,65.5,198,310,RAMP,0.0,24.0,WORKLOAD_STEP
2026-07-09 17:26:58.771798500+05:30,0.5,57,3.8,2109.06,65.5,198,310,RAMP,0.0,24.0,WORKLOAD_STEP
2026-07-09 17:27:00.799537900+05:30,3.8,58,4.6,2109.06,65.53,198,310,RAMP,0.0,24.0,WORKLOAD_STEP
2026-07-09 17:27:02.827493+05:30,3.6,57,4.8,2330.0,65.53,198,310,RAMP,0.0,24.0,WORKLOAD_STEP
2026-07-09 17:27:04.855063200+05:30,2.8,57,4.7,2109.06,65.51,198,310,RAMP,0.0,24.0,WORKLOAD_STEP
2026-07-09 17:27:06.874968100+05:30,1.9000000000000001,57,4.3,2109.06,65.5,198,310,RAMP,0.0,24.0,WORKLOAD_STEP
2026-07-09 17:27:08.906208800+05:30,2.4,57,4.7,2350.09,65.51,202,310,RAMP,0.0,24.0,WORKLOAD_STEP
2026-07-09 17:27:10.935841700+05:30,1.7,57,4.9,2550.96,65.47,202,310,RAMP,0.0,24.0,WORKLOAD_STEP
2026-07-09 17:27:12.978533600+05:30,8.1,61,7.4,2139.18,65.48,200,310,RAMP,0.0,24.0,WORKLOAD_STEP
2026-07-09 17:27:15.002401700+05:30,7.9,55,6.6,2109.06,65.48,200,310,RAMP,0.0,24.0,WORKLOAD_STEP
2026-07-09 17:27:17.024059300+05:30,0.7000000000000001,57,3.7,2109.06,65.54,200,310,RAMP,0.0,24.0,WORKLOAD_STEP
2026-07-09 17:27:19.049494800+05:30,1.6,57,3.8,2109.06,65.46,199,310,RAMP,0.0,24.0,WORKLOAD_STEP
2026-07-09 17:27:21.086918800+05:30,0.4,57,3.8,2109.06,65.47,199,310,RAMP,0.0,24.0,WORKLOAD_STEP
2026-07-09 17:27:23.108559500+05:30,2.0,57,4.0,2109.06,65.51,199,310,RAMP,0.0,24.0,WORKLOAD_STEP
2026-07-09 17:27:25.132150200+05:30,5.8,57,7.0,2109.06,65.51,199,310,RAMP,0.0,24.0,WORKLOAD_STEP
2026-07-09 17:27:27.160154600+05:30,6.2,57,5.8,2109.06,65.51,199,310,RAMP,0.0,24.0,WORKLOAD_STEP
2026-07-09 17:27:29.177709200+05:30,2.0,57,4.6,2109.06,65.5,199,310,RAMP,0.0,24.0,WORKLOAD_STEP
2026-07-09 17:27:31.206403900+05:30,5.3,57,5.3,2109.06,65.49,199,309,RAMP,0.0,24.0,WORKLOAD_STEP
2026-07-09 17:27:33.237552700+05:30,2.0,58,4.0,2109.06,65.47,199,308,RAMP,0.0,24.0,WORKLOAD_STEP
2026-07-09 17:27:35.265583700+05:30,4.1,58,4.8,2109.06,65.49,199,308,RAMP,0.0,24.0,WORKLOAD_STEP
2026-07-09 17:27:37.294488900+05:30,2.7,57,4.1,2109.06,65.48,197,308,RAMP,0.0,24.0,WORKLOAD_STEP
2026-07-09 17:27:39.321211500+05:30,2.6,58,4.6,2109.06,65.48,197,308,RAMP,0.0,24.0,WORKLOAD_STEP
2026-07-09 17:27:41.349262200+05:30,1.0,57,3.9,2109.06,65.47,197,308,RAMP,0.0,24.0,WORKLOAD_STEP
2026-07-09 17:27:43.377976700+05:30,3.3,58,4.5,2109.06,65.48,197,308,RAMP,0.0,24.0,WORKLOAD_STEP
2026-07-09 17:27:45.405643100+05:30,1.2,58,3.9,2109.06,65.48,197,308,RAMP,0.0,24.0,WORKLOAD_STEP
2026-07-09 17:27:47.446387500+05:30,7.7,55,5.6,2109.06,65.61,197,308,RAMP,0.0,24.0,WORKLOAD_STEP
2026-07-09 17:27:49.477236600+05:30,1.0,57,3.8,2109.06,65.62,197,308,RAMP,0.0,24.0,WORKLOAD_STEP
2026-07-09 17:27:51.514941+05:30,3.3,58,4.6,2109.06,65.64,197,308,RAMP,0.0,24.0,WORKLOAD_STEP
2026-07-09 17:27:53.544918900+05:30,2.3,58,4.1,2109.06,65.63,197,308,RAMP,0.0,24.0,WORKLOAD_STEP
2026-07-09 17:27:55.565382500+05:30,11.7,55,6.9,1958.41,65.59,197,308,RAMP,0.0,24.0,WORKLOAD_STEP
2026-07-09 17:27:57.593651900+05:30,1.9000000000000001,58,4.2,2109.06,65.59,197,308,RAMP,0.0,24.0,WORKLOAD_STEP
2026-07-09 17:27:59.618771300+05:30,1.4,57,3.6,2109.06,65.62,197,308,RAMP,0.0,24.0,WORKLOAD_STEP
2026-07-09 17:28:01.647107100+05:30,1.6,58,3.7,2109.06,65.62,197,308,RAMP,0.0,24.0,WORKLOAD_STEP
2026-07-09 17:28:03.669661800+05:30,1.9000000000000001,57,3.6,2109.06,65.63,197,308,RAMP,0.0,24.0,WORKLOAD_STEP
2026-07-09 17:28:05.780639700+05:30,2.6,57,4.0,2109.06,65.61,197,308,RAMP,0.0,24.0,WORKLOAD_STEP
2026-07-09 17:28:07.803076+05:30,3.0,58,4.6,2109.06,65.64,197,308,RAMP,0.0,24.0,WORKLOAD_STEP
2026-07-09 17:28:09.832547800+05:30,4.7,58,3.8,2109.06,65.61,197,308,RAMP,0.0,24.0,WORKLOAD_STEP
2026-07-09 17:28:11.861680200+05:30,1.8,58,4.3,2129.15,65.6,197,308,RAMP,0.0,24.0,WORKLOAD_STEP
2026-07-09 17:28:13.890303800+05:30,5.8,57,5.0,2109.06,65.61,197,308,RAMP,0.0,24.0,WORKLOAD_STEP
2026-07-09 17:28:15.919187500+05:30,1.9000000000000001,58,4.3,2109.06,65.6,197,308,RAMP,0.0,24.0,WORKLOAD_STEP
2026-07-09 17:28:17.942892700+05:30,10.8,55,6.9,2109.06,65.61,199,308,RAMP,0.0,24.0,WORKLOAD_STEP
2026-07-09 17:28:19.990885700+05:30,6.5,55,8.9,2109.06,65.57,201,308,RAMP,0.0,24.0,WORKLOAD_STEP
2026-07-09 17:28:22.021061600+05:30,2.0,57,7.3,2109.06,65.57,201,308,RAMP,0.0,24.0,WORKLOAD_STEP
2026-07-09 17:28:24.051063900+05:30,3.8,52,4.0,2109.06,65.78,201,310,RAMP,0.0,24.0,WORKLOAD_STEP
2026-07-09 17:28:26.068940500+05:30,23.2,54,8.3,2340.05,65.64,197,308,RAMP,20.0,25.0,WORKLOAD_STEP
2026-07-09 17:28:28.100144800+05:30,21.1,54,9.6,2199.45,65.62,197,308,RAMP,20.0,25.0,WORKLOAD_STEP
2026-07-09 17:28:30.125045100+05:30,21.8,53,8.8,2279.78,65.65,200,308,RAMP,20.0,25.0,WORKLOAD_STEP
2026-07-09 17:28:32.155366200+05:30,24.8,50,13.9,3043.06,65.68,200,308,RAMP,20.0,25.0,WORKLOAD_STEP
2026-07-09 17:28:34.182724100+05:30,23.6,50,14.3,2621.26,65.7,200,308,RAMP,20.0,25.0,WORKLOAD_STEP
2026-07-09 17:28:36.206788600+05:30,21.9,49,15.3,2671.46,65.69,197,308,RAMP,20.0,25.0,WORKLOAD_STEP
2026-07-09 17:28:38.242248900+05:30,23.8,33,19.6,2902.47,65.71,196,308,RAMP,20.0,25.0,WORKLOAD_STEP
2026-07-09 17:28:40.270838200+05:30,20.0,49,21.1,2671.48,65.67,196,308,RAMP,20.0,25.0,WORKLOAD_STEP
2026-07-09 17:28:42.295749100+05:30,23.3,43,23.7,2802.04,65.68,196,308,RAMP,20.0,25.0,WORKLOAD_STEP
2026-07-09 17:28:44.320346700+05:30,23.3,34,23.7,3454.84,65.66,196,308,RAMP,20.0,25.0,WORKLOAD_STEP
2026-07-09 17:28:46.343482900+05:30,20.9,30,23.7,3264.02,65.69,196,308,RAMP,20.0,25.0,WORKLOAD_STEP
2026-07-09 17:28:48.370923800+05:30,20.2,41,24.7,3123.42,65.65,196,308,RAMP,20.0,25.0,WORKLOAD_STEP
2026-07-09 17:28:50.395658+05:30,21.1,33,20.7,3264.01,65.72,196,307,RAMP,20.0,25.0,WORKLOAD_STEP
2026-07-09 17:28:52.451350900+05:30,20.2,32,22.9,3284.09,65.62,196,307,RAMP,20.0,25.0,WORKLOAD_STEP
2026-07-09 17:28:54.486823200+05:30,25.1,47,24.1,2992.85,65.62,196,307,RAMP,20.0,25.0,WORKLOAD_STEP
2026-07-09 17:28:56.507976600+05:30,25.1,30,24.1,3304.21,65.58,196,307,RAMP,20.0,25.0,WORKLOAD_STEP
2026-07-09 17:28:58.529308400+05:30,21.0,33,25.2,3083.23,65.62,196,307,RAMP,20.0,25.0,WORKLOAD_STEP
2026-07-09 17:29:00.547588600+05:30,20.6,41,23.0,3394.57,65.61,196,307,RAMP,20.0,25.0,WORKLOAD_STEP
2026-07-09 17:29:02.569789900+05:30,21.3,24,24.8,2952.66,65.58,196,307,RAMP,20.0,25.0,WORKLOAD_STEP
2026-07-09 17:29:04.598188300+05:30,21.2,24,26.3,2902.46,65.58,196,307,RAMP,20.0,25.0,WORKLOAD_STEP
2026-07-09 17:29:06.616345800+05:30,21.0,30,26.6,3294.15,65.57,196,307,RAMP,20.0,25.0,WORKLOAD_STEP
2026-07-09 17:29:08.635393400+05:30,21.4,24,25.0,2952.7,65.61,196,307,RAMP,20.0,25.0,WORKLOAD_STEP
2026-07-09 17:29:10.655024200+05:30,22.5,26,25.2,2892.43,65.61,196,307,RAMP,20.0,25.0,WORKLOAD_STEP
2026-07-09 17:29:12.674771700+05:30,22.5,21,27.3,3314.24,65.61,196,307,RAMP,20.0,25.0,WORKLOAD_STEP
2026-07-09 17:29:14.695571600+05:30,21.3,19,25.6,2982.81,65.58,196,307,RAMP,20.0,25.0,WORKLOAD_STEP
2026-07-09 17:29:16.714017200+05:30,22.9,29,24.8,2872.34,65.59,198,307,RAMP,20.0,25.0,WORKLOAD_STEP
2026-07-09 17:29:18.734617500+05:30,20.2,26,23.3,2781.96,65.57,198,307,RAMP,20.0,25.0,WORKLOAD_STEP
2026-07-09 17:29:20.755006200+05:30,23.1,21,24.4,2922.55,65.57,198,307,RAMP,20.0,25.0,WORKLOAD_STEP
2026-07-09 17:29:22.776693200+05:30,28.8,33,25.9,2852.24,65.56,196,307,RAMP,20.0,25.0,WORKLOAD_STEP
2026-07-09 17:29:24.797489400+05:30,28.8,32,25.6,3083.26,65.63,196,307,RAMP,20.0,25.0,WORKLOAD_STEP
2026-07-09 17:29:26.819630700+05:30,23.7,43,26.4,3213.81,65.67,196,307,RAMP,20.0,25.0,WORKLOAD_STEP
2026-07-09 17:29:28.861303400+05:30,23.1,39,22.3,3334.3,65.67,196,307,RAMP,20.0,25.0,WORKLOAD_STEP
2026-07-09 17:29:30.883667400+05:30,21.1,29,21.8,3123.42,65.64,198,307,RAMP,20.0,25.0,WORKLOAD_STEP
2026-07-09 17:29:32.905692900+05:30,20.0,26,24.6,3304.21,65.64,198,307,RAMP,20.0,25.0,WORKLOAD_STEP
2026-07-09 17:29:34.923722800+05:30,20.8,30,26.4,3394.56,65.61,198,307,RAMP,20.0,25.0,WORKLOAD_STEP
2026-07-09 17:29:36.944736500+05:30,23.1,30,25.4,2611.21,65.61,198,307,RAMP,20.0,25.0,WORKLOAD_STEP
2026-07-09 17:29:38.977239500+05:30,24.4,22,25.7,3253.96,65.6,198,307,RAMP,20.0,25.0,WORKLOAD_STEP
2026-07-09 17:29:41.000079600+05:30,22.7,40,22.4,3022.99,65.61,198,307,RAMP,20.0,25.0,WORKLOAD_STEP
2026-07-09 17:29:43.026319200+05:30,21.1,39,20.5,2902.46,65.61,198,307,RAMP,20.0,25.0,WORKLOAD_STEP
2026-07-09 17:29:45.048895100+05:30,20.2,37,23.3,2791.98,65.61,198,307,RAMP,20.0,25.0,WORKLOAD_STEP
2026-07-09 17:29:47.072441+05:30,23.9,27,22.9,3404.62,65.67,198,307,RAMP,20.0,25.0,WORKLOAD_STEP
2026-07-09 17:29:49.095097800+05:30,20.9,22,22.5,3163.6,65.65,198,307,RAMP,20.0,25.0,WORKLOAD_STEP
2026-07-09 17:29:51.115756100+05:30,21.3,27,24.3,2822.13,65.64,198,307,RAMP,20.0,25.0,WORKLOAD_STEP
2026-07-09 17:29:53.137405500+05:30,21.1,46,11.4,2380.21,65.69,198,307,RAMP,20.0,26.0,WORKLOAD_STEP
2026-07-09 17:29:55.166565800+05:30,27.5,45,11.6,2330.01,65.69,197,307,RAMP,20.0,26.0,WORKLOAD_STEP
2026-07-09 17:29:57.199190200+05:30,22.0,46,12.6,2540.92,65.69,201,307,RAMP,20.0,26.0,WORKLOAD_STEP
2026-07-09 17:29:59.219043400+05:30,23.0,50,11.6,2571.05,65.67,199,307,RAMP,20.0,26.0,WORKLOAD_STEP
2026-07-09 17:30:01.248098200+05:30,21.9,45,12.9,2711.64,65.69,198,307,RAMP,20.0,26.0,WORKLOAD_STEP
2026-07-09 17:30:03.293260600+05:30,23.3,50,13.2,2962.74,65.68,198,307,RAMP,20.0,26.0,WORKLOAD_STEP
2026-07-09 17:30:05.319995700+05:30,22.2,43,15.9,2781.95,65.66,198,307,RAMP,20.0,26.0,WORKLOAD_STEP
2026-07-09 17:30:07.342469300+05:30,23.4,41,15.4,2912.53,65.65,198,307,RAMP,20.0,26.0,WORKLOAD_STEP
2026-07-09 17:30:09.370458300+05:30,21.5,40,21.5,2761.88,65.63,198,306,RAMP,20.0,26.0,WORKLOAD_STEP
2026-07-09 17:30:11.391787300+05:30,22.9,40,22.7,3223.84,65.66,198,306,RAMP,20.0,26.0,WORKLOAD_STEP
2026-07-09 17:30:13.413991400+05:30,20.4,37,23.7,3223.84,65.66,198,306,RAMP,20.0,26.0,WORKLOAD_STEP
2026-07-09 17:30:15.439986800+05:30,21.5,24,23.1,3284.11,65.65,198,306,RAMP,20.0,26.0,WORKLOAD_STEP
2026-07-09 17:30:17.462635800+05:30,20.7,27,23.4,3404.63,65.62,198,306,RAMP,20.0,26.0,WORKLOAD_STEP
2026-07-09 17:30:19.482048900+05:30,20.9,36,20.9,2952.68,65.64,198,306,RAMP,20.0,26.0,WORKLOAD_STEP
2026-07-09 17:30:21.503634800+05:30,23.3,32,20.6,2852.26,65.62,198,306,RAMP,20.0,26.0,WORKLOAD_STEP
2026-07-09 17:30:23.523641500+05:30,21.6,41,21.1,3294.13,65.69,198,306,RAMP,20.0,26.0,WORKLOAD_STEP
2026-07-09 17:30:25.547434700+05:30,43.7,43,14.1,2219.53,65.69,196,306,RAMP,40.0,27.0,WORKLOAD_STEP
2026-07-09 17:30:27.578102+05:30,40.9,42,15.4,2561.0,65.52,196,306,RAMP,40.0,27.0,WORKLOAD_STEP
2026-07-09 17:30:29.606555400+05:30,45.8,40,19.3,2560.98,65.49,196,306,RAMP,40.0,27.0,WORKLOAD_STEP
2026-07-09 17:30:31.633698400+05:30,45.2,40,21.6,2410.35,65.52,199,306,RAMP,40.0,27.0,WORKLOAD_STEP
2026-07-09 17:30:33.659871200+05:30,42.7,29,20.4,3022.99,65.51,201,305,RAMP,40.0,27.0,WORKLOAD_STEP
2026-07-09 17:30:35.694183300+05:30,41.0,27,23.2,2932.59,65.52,196,305,RAMP,40.0,27.0,WORKLOAD_STEP
2026-07-09 17:30:37.715321800+05:30,42.6,36,23.3,2731.74,65.5,196,305,RAMP,40.0,27.0,WORKLOAD_STEP
2026-07-09 17:30:39.735205400+05:30,40.8,47,23.3,2741.77,65.5,196,305,RAMP,40.0,27.0,WORKLOAD_STEP
2026-07-09 17:30:41.759431900+05:30,44.0,39,22.4,3183.66,65.55,196,305,RAMP,40.0,27.0,WORKLOAD_STEP
2026-07-09 17:30:43.781376800+05:30,42.0,34,23.5,2962.7,65.56,196,305,RAMP,40.0,27.0,WORKLOAD_STEP
2026-07-09 17:30:45.803654400+05:30,43.8,23,24.6,2731.72,65.56,196,305,RAMP,40.0,27.0,WORKLOAD_STEP
2026-07-09 17:30:47.827474400+05:30,42.7,36,23.7,2591.13,65.55,196,305,RAMP,40.0,27.0,WORKLOAD_STEP
2026-07-09 17:30:49.851291400+05:30,42.7,36,20.9,2350.1,65.57,196,305,RAMP,40.0,28.0,WORKLOAD_STEP
2026-07-09 17:30:51.876017700+05:30,39.4,41,13.9,2832.16,65.59,196,305,RAMP,40.0,28.0,WORKLOAD_STEP
2026-07-09 17:30:53.897446100+05:30,40.8,40,21.2,2902.45,65.58,196,307,RAMP,40.0,28.0,WORKLOAD_STEP
2026-07-09 17:30:55.925360300+05:30,40.6,40,19.9,2721.69,65.61,196,305,RAMP,40.0,28.0,WORKLOAD_STEP
2026-07-09 17:30:57.954769200+05:30,43.7,37,24.1,3083.23,65.62,196,305,RAMP,40.0,28.0,WORKLOAD_STEP
2026-07-09 17:30:59.982441+05:30,41.1,39,22.0,3143.49,65.61,196,305,RAMP,40.0,28.0,WORKLOAD_STEP
2026-07-09 17:31:02.006712900+05:30,40.3,39,23.3,2872.32,65.62,196,305,RAMP,40.0,28.0,WORKLOAD_STEP
2026-07-09 17:31:04.028321+05:30,40.9,42,26.7,2671.47,65.61,196,305,RAMP,40.0,28.0,WORKLOAD_STEP
2026-07-09 17:31:06.058294300+05:30,42.1,30,26.5,3073.17,65.58,196,305,RAMP,40.0,28.0,WORKLOAD_STEP
2026-07-09 17:31:08.085183800+05:30,44.2,32,23.6,3022.98,65.58,196,305,RAMP,40.0,28.0,WORKLOAD_STEP
2026-07-09 17:31:10.136890+05:30,41.5,34,23.9,3002.9,65.54,196,305,RAMP,60.0,29.0,WORKLOAD_STEP
2026-07-09 17:31:12.169715200+05:30,58.8,33,20.7,2440.47,65.58,196,305,RAMP,60.0,29.0,WORKLOAD_STEP
2026-07-09 17:31:14.200024+05:30,59.2,36,23.0,2922.55,65.59,196,305,RAMP,60.0,29.0,WORKLOAD_STEP
2026-07-09 17:31:16.233172800+05:30,61.0,33,22.8,2721.66,65.58,196,305,RAMP,60.0,29.0,WORKLOAD_STEP
2026-07-09 17:31:18.261751900+05:30,60.6,32,26.3,2942.62,65.57,196,305,RAMP,60.0,29.0,WORKLOAD_STEP
2026-07-09 17:31:20.287840400+05:30,62.0,32,23.6,2902.44,65.57,196,305,RAMP,60.0,29.0,WORKLOAD_STEP
2026-07-09 17:31:22.313227+05:30,62.0,29,23.9,2560.99,65.57,196,305,RAMP,60.0,29.0,WORKLOAD_STEP
2026-07-09 17:31:24.338919200+05:30,62.2,37,23.3,2721.68,65.85,196,307,RAMP,60.0,29.0,WORKLOAD_STEP
2026-07-09 17:31:26.371205900+05:30,61.8,37,27.9,2731.72,65.63,196,305,RAMP,60.0,29.0,WORKLOAD_STEP
2026-07-09 17:31:28.405903+05:30,62.0,37,23.2,3063.15,65.63,196,305,RAMP,60.0,29.0,WORKLOAD_STEP
2026-07-09 17:31:30.429384300+05:30,61.3,37,23.9,2711.64,65.63,196,305,RAMP,60.0,29.0,WORKLOAD_STEP
2026-07-09 17:31:32.471992400+05:30,62.4,23,27.0,3033.01,65.61,201,305,RAMP,60.0,29.0,WORKLOAD_STEP
2026-07-09 17:31:34.497244900+05:30,62.6,32,22.4,2882.36,65.62,201,305,RAMP,60.0,29.0,WORKLOAD_STEP
2026-07-09 17:31:36.532839200+05:30,66.9,33,24.7,2721.68,65.61,201,305,RAMP,60.0,29.0,WORKLOAD_STEP
2026-07-09 17:31:38.562945300+05:30,67.1,32,21.9,2751.82,65.65,197,305,RAMP,60.0,29.0,WORKLOAD_STEP
2026-07-09 17:31:40.595710800+05:30,62.6,27,23.0,2972.74,65.59,197,305,RAMP,60.0,29.0,WORKLOAD_STEP
2026-07-09 17:31:42.638193700+05:30,60.9,35,23.3,3063.14,65.61,197,305,RAMP,60.0,29.0,WORKLOAD_STEP
2026-07-09 17:31:44.680688800+05:30,62.0,32,21.4,2872.34,65.61,197,305,RAMP,60.0,29.0,WORKLOAD_STEP
2026-07-09 17:31:46.714754800+05:30,60.8,36,22.4,2701.59,65.6,197,305,RAMP,60.0,29.0,WORKLOAD_STEP
2026-07-09 17:31:48.748565900+05:30,61.5,26,25.7,2822.1,65.61,197,305,RAMP,60.0,29.0,WORKLOAD_STEP
2026-07-09 17:31:50.786058100+05:30,62.3,32,22.4,2962.71,65.6,197,305,RAMP,60.0,29.0,WORKLOAD_STEP
2026-07-09 17:31:52.811387800+05:30,67.1,33,21.3,2731.73,65.59,199,305,RAMP,60.0,29.0,WORKLOAD_STEP
2026-07-09 17:31:54.844056400+05:30,66.2,40,21.0,2681.51,65.66,196,305,RAMP,60.0,29.0,WORKLOAD_STEP
2026-07-09 17:31:56.875112800+05:30,61.2,40,22.8,2671.49,65.66,196,305,RAMP,60.0,29.0,WORKLOAD_STEP
2026-07-09 17:31:58.904875300+05:30,60.3,30,22.1,2812.08,65.66,196,305,RAMP,60.0,29.0,WORKLOAD_STEP
2026-07-09 17:32:00.932777900+05:30,60.2,37,23.9,2711.66,65.68,196,305,RAMP,60.0,29.0,WORKLOAD_STEP
2026-07-09 17:32:02.969671900+05:30,59.9,37,23.7,2832.16,65.67,196,305,RAMP,60.0,29.0,WORKLOAD_STEP
2026-07-09 17:32:05.007296+05:30,60.3,39,22.0,2701.59,65.67,196,305,RAMP,60.0,29.0,WORKLOAD_STEP
2026-07-09 17:32:07.040109600+05:30,62.2,37,23.1,2802.04,65.68,196,305,RAMP,60.0,29.0,WORKLOAD_STEP
2026-07-09 17:32:09.070842800+05:30,61.5,37,21.1,2791.99,65.66,196,305,RAMP,60.0,29.0,WORKLOAD_STEP
2026-07-09 17:32:11.097939200+05:30,64.2,39,23.0,2601.17,65.79,196,306,RAMP,60.0,29.0,WORKLOAD_STEP
2026-07-09 17:32:13.137888900+05:30,65.8,37,22.2,2701.59,65.85,196,311,RAMP,60.0,29.0,WORKLOAD_STEP
2026-07-09 17:32:15.185410+05:30,60.5,40,20.0,2651.4,65.85,196,311,RAMP,60.0,29.0,WORKLOAD_STEP
2026-07-09 17:32:17.221004600+05:30,72.8,34,24.1,2430.42,66.6,198,315,RAMP,60.0,29.0,WORKLOAD_STEP
2026-07-09 17:32:19.283814400+05:30,79.6,37,25.3,2500.73,66.98,207,313,RAMP,60.0,29.0,WORKLOAD_STEP
2026-07-09 17:32:21.321129100+05:30,72.9,36,26.0,2510.77,66.94,209,316,RAMP,60.0,29.0,WORKLOAD_STEP
2026-07-09 17:32:23.357585100+05:30,67.8,37,24.5,2761.87,68.54,213,313,RAMP,60.0,29.0,WORKLOAD_STEP
2026-07-09 17:32:25.394499400+05:30,70.1,36,20.7,2601.17,68.34,214,313,RAMP,60.0,29.0,WORKLOAD_STEP
2026-07-09 17:32:27.430761100+05:30,60.8,40,22.9,2902.46,68.04,214,309,RAMP,60.0,29.0,WORKLOAD_STEP
2026-07-09 17:32:29.455514900+05:30,62.0,34,21.1,2822.1,67.96,214,310,RAMP,60.0,29.0,WORKLOAD_STEP
2026-07-09 17:32:31.487214500+05:30,62.2,37,19.3,2470.6,67.79,217,310,RAMP,60.0,29.0,WORKLOAD_STEP
2026-07-09 17:32:33.519499600+05:30,60.8,36,25.0,2450.5,67.72,215,310,RAMP,60.0,29.0,WORKLOAD_STEP
2026-07-09 17:32:35.551087900+05:30,60.4,40,20.1,2591.14,67.58,212,310,RAMP,60.0,29.0,WORKLOAD_STEP
2026-07-09 17:32:37.582773900+05:30,60.2,40,21.9,2842.2,67.54,212,310,RAMP,60.0,29.0,WORKLOAD_STEP
2026-07-09 17:32:39.617700400+05:30,61.2,39,21.2,2671.46,67.41,212,310,RAMP,60.0,29.0,WORKLOAD_STEP
2026-07-09 17:32:41.647598200+05:30,66.9,37,24.6,2490.69,67.36,212,310,RAMP,60.0,29.0,WORKLOAD_STEP
2026-07-09 17:32:43.692433600+05:30,65.7,34,24.7,3002.88,67.24,212,310,RAMP,60.0,29.0,WORKLOAD_STEP
2026-07-09 17:32:45.728006700+05:30,66.0,37,23.1,2490.69,67.2,214,310,RAMP,60.0,29.0,WORKLOAD_STEP
2026-07-09 17:32:47.764194400+05:30,62.6,37,23.2,2842.19,67.12,214,310,RAMP,60.0,29.0,WORKLOAD_STEP
2026-07-09 17:32:49.793432600+05:30,61.0,32,22.8,2802.02,67.07,214,310,RAMP,60.0,29.0,WORKLOAD_STEP
2026-07-09 17:32:51.834521900+05:30,60.9,39,22.4,2771.9,67.0,214,310,RAMP,60.0,29.0,WORKLOAD_STEP
2026-07-09 17:32:53.873249900+05:30,60.6,40,22.2,2651.37,66.99,208,310,RAMP,60.0,29.0,WORKLOAD_STEP
2026-07-09 17:32:55.918184500+05:30,66.7,37,21.4,2571.04,66.94,208,310,RAMP,60.0,29.0,WORKLOAD_STEP
2026-07-09 17:32:57.955515800+05:30,62.7,29,24.4,2882.39,66.92,208,310,RAMP,60.0,29.0,WORKLOAD_STEP
2026-07-09 17:32:59.985458+05:30,64.3,37,22.1,2721.68,66.85,208,310,RAMP,60.0,29.0,WORKLOAD_STEP
2026-07-09 17:33:02.014489600+05:30,70.5,36,26.7,2621.25,66.95,208,310,RAMP,60.0,29.0,WORKLOAD_STEP
2026-07-09 17:33:04.049304500+05:30,62.8,33,22.6,2731.72,66.89,208,310,RAMP,60.0,29.0,WORKLOAD_STEP
2026-07-09 17:33:06.080265600+05:30,62.2,37,21.9,2802.03,66.88,208,310,RAMP,60.0,29.0,WORKLOAD_STEP
2026-07-09 17:33:08.112197200+05:30,61.9,37,19.5,2802.04,66.83,208,310,RAMP,60.0,30.0,WORKLOAD_STEP
2026-07-09 17:33:10.142510300+05:30,59.2,33,23.4,3223.83,66.83,208,310,RAMP,60.0,30.0,WORKLOAD_STEP
2026-07-09 17:33:12.175098200+05:30,63.9,46,23.3,3033.02,66.81,208,310,RAMP,60.0,30.0,WORKLOAD_STEP
2026-07-09 17:33:14.213101200+05:30,61.5,34,21.7,2691.55,66.81,206,310,RAMP,60.0,30.0,WORKLOAD_STEP
2026-07-09 17:33:16.245545600+05:30,61.6,32,22.0,2862.27,66.77,208,310,RAMP,60.0,30.0,WORKLOAD_STEP
2026-07-09 17:33:18.298555600+05:30,60.2,32,24.7,3123.41,66.75,211,310,RAMP,60.0,30.0,WORKLOAD_STEP
2026-07-09 17:33:20.328376400+05:30,61.4,36,22.0,2711.64,66.58,206,309,RAMP,60.0,30.0,WORKLOAD_STEP
2026-07-09 17:33:22.355978600+05:30,62.0,30,23.6,3153.52,66.57,206,309,RAMP,60.0,30.0,WORKLOAD_STEP
2026-07-09 17:33:24.390170900+05:30,74.0,36,31.5,2892.42,66.89,206,313,RAMP,60.0,30.0,WORKLOAD_STEP
2026-07-09 17:33:26.434633400+05:30,67.2,32,25.6,2691.57,66.79,206,312,RAMP,60.0,30.0,WORKLOAD_STEP
2026-07-09 17:33:28.464023200+05:30,68.4,30,23.6,3022.97,67.17,206,312,RAMP,60.0,30.0,WORKLOAD_STEP
2026-07-09 17:33:30.495153500+05:30,84.4,34,24.8,2400.3,67.38,206,312,RAMP,80.0,31.0,WORKLOAD_STEP
2026-07-09 17:33:32.531489500+05:30,85.7,34,24.8,2641.33,67.6,202,312,RAMP,80.0,31.0,WORKLOAD_STEP
2026-07-09 17:33:34.567922100+05:30,85.1,36,23.6,2540.91,67.91,202,312,RAMP,80.0,31.0,WORKLOAD_STEP
2026-07-09 17:33:36.610777700+05:30,87.1,34,24.2,2530.86,68.19,202,312,RAMP,80.0,31.0,WORKLOAD_STEP
2026-07-09 17:33:38.649629900+05:30,87.3,32,25.1,2490.69,68.32,202,312,RAMP,80.0,31.0,WORKLOAD_STEP
2026-07-09 17:33:40.683677400+05:30,86.8,32,25.3,2540.88,68.19,202,312,RAMP,80.0,31.0,WORKLOAD_STEP
2026-07-09 17:33:42.719042300+05:30,86.4,34,25.4,2470.6,68.21,202,312,RAMP,80.0,31.0,WORKLOAD_STEP
2026-07-09 17:33:44.750465600+05:30,86.8,33,24.4,2530.85,68.49,202,312,RAMP,80.0,31.0,WORKLOAD_STEP
2026-07-09 17:33:46.789697+05:30,88.9,33,26.1,2500.71,68.62,202,312,RAMP,80.0,31.0,WORKLOAD_STEP
2026-07-09 17:33:48.824606100+05:30,92.5,34,24.0,2560.98,68.53,202,312,RAMP,80.0,31.0,WORKLOAD_STEP
2026-07-09 17:33:50.853141600+05:30,90.5,33,25.6,2601.14,68.86,202,312,RAMP,80.0,31.0,WORKLOAD_STEP
2026-07-09 17:33:52.885274500+05:30,87.5,33,25.4,2510.75,68.53,202,312,RAMP,80.0,31.0,WORKLOAD_STEP
2026-07-09 17:33:54.918521100+05:30,92.2,33,25.8,2470.59,68.7,202,312,RAMP,80.0,31.0,WORKLOAD_STEP
2026-07-09 17:33:56.951677600+05:30,87.7,34,24.4,2510.77,68.67,202,312,RAMP,80.0,31.0,WORKLOAD_STEP
2026-07-09 17:33:59.012969500+05:30,88.8,37,22.8,2520.8,68.93,202,312,RAMP,80.0,31.0,WORKLOAD_STEP
2026-07-09 17:34:01.045308800+05:30,87.3,37,24.3,2430.43,69.15,202,312,RAMP,80.0,31.0,WORKLOAD_STEP
2026-07-09 17:34:03.077842800+05:30,89.7,34,24.3,2500.72,69.13,202,312,RAMP,80.0,31.0,WORKLOAD_STEP
2026-07-09 17:34:05.110427200+05:30,87.4,34,23.6,2550.93,69.1,202,312,RAMP,80.0,31.0,WORKLOAD_STEP
2026-07-09 17:34:07.144016300+05:30,90.8,33,24.1,2420.38,68.96,202,312,RAMP,80.0,31.0,WORKLOAD_STEP
2026-07-09 17:34:09.174055500+05:30,86.4,32,27.5,2611.19,69.38,202,312,RAMP,80.0,31.0,WORKLOAD_STEP
2026-07-09 17:34:11.207876400+05:30,86.6,34,23.9,2410.33,69.43,202,312,RAMP,80.0,31.0,WORKLOAD_STEP
2026-07-09 17:34:13.256756+05:30,88.3,34,24.9,2460.55,69.64,202,312,RAMP,80.0,31.0,WORKLOAD_STEP
2026-07-09 17:34:15.293618500+05:30,88.5,36,25.5,2581.07,69.52,202,312,RAMP,80.0,31.0,WORKLOAD_STEP
2026-07-09 17:34:17.329170600+05:30,87.3,34,25.8,2540.89,69.23,204,311,RAMP,80.0,31.0,WORKLOAD_STEP
2026-07-09 17:34:19.359834600+05:30,86.8,34,22.5,2480.65,68.75,203,311,RAMP,80.0,31.0,WORKLOAD_STEP
2026-07-09 17:34:21.394307100+05:30,86.9,37,25.9,2470.6,68.58,202,311,RAMP,80.0,31.0,WORKLOAD_STEP
2026-07-09 17:34:23.425835400+05:30,89.2,33,23.0,2560.97,68.34,199,311,RAMP,80.0,31.0,WORKLOAD_STEP
2026-07-09 17:34:25.466161900+05:30,87.6,33,26.8,2661.42,68.22,197,311,RAMP,80.0,31.0,WORKLOAD_STEP
2026-07-09 17:34:27.500392700+05:30,88.4,33,25.1,2550.95,67.48,198,308,RAMP,80.0,31.0,WORKLOAD_STEP
2026-07-09 17:34:29.539957600+05:30,81.3,33,24.4,2641.33,67.28,198,308,RAMP,80.0,31.0,WORKLOAD_STEP
2026-07-09 17:34:31.577417900+05:30,81.9,29,22.7,2571.02,67.11,201,308,RAMP,80.0,31.0,WORKLOAD_STEP
2026-07-09 17:34:33.629471+05:30,83.3,34,25.3,2711.64,67.05,201,308,RAMP,80.0,31.0,WORKLOAD_STEP
2026-07-09 17:34:35.660846500+05:30,81.0,30,24.8,2691.54,66.79,198,308,RAMP,80.0,31.0,WORKLOAD_STEP
2026-07-09 17:34:37.711149500+05:30,80.8,32,23.3,2611.19,66.77,198,308,RAMP,80.0,31.0,WORKLOAD_STEP
2026-07-09 17:34:39.742179+05:30,79.9,37,26.0,2711.66,66.69,198,308,RAMP,80.0,31.0,WORKLOAD_STEP
2026-07-09 17:34:41.779494700+05:30,83.3,32,24.2,2661.43,66.67,198,308,RAMP,80.0,31.0,WORKLOAD_STEP
2026-07-09 17:34:43.815181400+05:30,80.8,32,24.6,2721.68,66.57,198,308,RAMP,80.0,31.0,WORKLOAD_STEP
2026-07-09 17:34:45.849381700+05:30,82.1,34,27.0,2661.43,66.52,200,308,RAMP,80.0,31.0,WORKLOAD_STEP
2026-07-09 17:34:47.885955600+05:30,84.3,37,24.1,2530.84,66.46,198,308,RAMP,80.0,31.0,WORKLOAD_STEP
2026-07-09 17:34:49.922081200+05:30,81.1,33,23.2,2520.8,66.44,198,308,RAMP,80.0,31.0,WORKLOAD_STEP
2026-07-09 17:34:51.954464700+05:30,82.3,33,23.3,2510.76,66.38,198,309,RAMP,80.0,31.0,WORKLOAD_STEP
2026-07-09 17:34:53.998814800+05:30,88.6,33,23.7,2550.93,66.43,198,310,RAMP,80.0,31.0,WORKLOAD_STEP
2026-07-09 17:34:56.033419200+05:30,86.3,33,23.7,2651.37,66.36,198,308,RAMP,80.0,31.0,WORKLOAD_STEP
2026-07-09 17:34:58.063785700+05:30,82.0,34,23.1,2701.61,66.35,198,308,RAMP,80.0,31.0,WORKLOAD_STEP
2026-07-09 17:35:00.096076800+05:30,80.6,37,24.0,2591.11,66.31,198,308,RAMP,80.0,31.0,WORKLOAD_STEP
2026-07-09 17:35:02.135644400+05:30,83.4,34,24.3,2510.76,66.3,198,308,RAMP,80.0,31.0,WORKLOAD_STEP
2026-07-09 17:35:04.176258100+05:30,80.6,30,24.6,2781.93,66.23,198,308,RAMP,80.0,31.0,WORKLOAD_STEP
2026-07-09 17:35:06.223140200+05:30,81.8,30,27.0,2581.05,66.22,198,308,RAMP,80.0,31.0,WORKLOAD_STEP
2026-07-09 17:35:08.255437800+05:30,80.3,34,23.6,2510.77,66.19,203,308,RAMP,80.0,31.0,WORKLOAD_STEP
2026-07-09 17:35:10.285767800+05:30,84.9,33,25.4,2500.73,66.18,203,308,RAMP,80.0,31.0,WORKLOAD_STEP
2026-07-09 17:35:12.320616+05:30,84.4,32,24.1,2681.49,66.15,199,308,RAMP,80.0,31.0,WORKLOAD_STEP
2026-07-09 17:35:14.352125700+05:30,79.7,40,22.8,2621.23,66.12,199,308,RAMP,80.0,31.0,WORKLOAD_STEP
2026-07-09 17:35:16.382913+05:30,82.3,39,23.1,2550.92,66.1,199,308,RAMP,80.0,31.0,WORKLOAD_STEP
2026-07-09 17:35:18.415773500+05:30,80.7,30,25.5,2671.47,66.09,199,308,RAMP,80.0,31.0,WORKLOAD_STEP
2026-07-09 17:35:20.448702800+05:30,79.9,33,24.8,2721.69,66.0,199,308,RAMP,80.0,31.0,WORKLOAD_STEP
2026-07-09 17:35:22.486513+05:30,81.4,33,25.7,2601.16,66.07,199,308,RAMP,80.0,31.0,WORKLOAD_STEP
2026-07-09 17:35:24.518015100+05:30,81.6,34,23.8,2520.8,66.22,199,309,RAMP,80.0,31.0,WORKLOAD_STEP
2026-07-09 17:35:26.549849800+05:30,79.9,33,22.6,2510.76,66.0,199,307,RAMP,80.0,31.0,WORKLOAD_STEP
2026-07-09 17:35:28.579223200+05:30,82.7,37,24.5,2661.41,66.0,201,307,RAMP,80.0,31.0,WORKLOAD_STEP
2026-07-09 17:35:30.610424400+05:30,80.4,26,25.5,2902.45,66.0,203,307,RAMP,80.0,31.0,WORKLOAD_STEP
2026-07-09 17:35:32.641388600+05:30,81.5,33,24.0,2571.01,66.0,200,307,RAMP,80.0,31.0,WORKLOAD_STEP
2026-07-09 17:35:34.675234300+05:30,81.5,36,22.5,2591.12,66.0,200,307,RAMP,80.0,31.0,WORKLOAD_STEP
2026-07-09 17:35:36.705422+05:30,82.0,34,23.9,2721.66,66.0,200,307,RAMP,80.0,32.0,WORKLOAD_STEP
2026-07-09 17:35:38.734303600+05:30,80.2,33,23.4,2771.89,66.01,200,307,RAMP,80.0,32.0,WORKLOAD_STEP
2026-07-09 17:35:40.808095100+05:30,80.3,33,22.4,2721.67,65.99,202,307,RAMP,80.0,32.0,WORKLOAD_STEP
2026-07-09 17:35:42.843754400+05:30,81.1,33,25.7,2852.23,66.01,202,307,RAMP,80.0,32.0,WORKLOAD_STEP
2026-07-09 17:35:44.875921600+05:30,82.1,32,25.2,2641.33,65.99,202,307,RAMP,80.0,32.0,WORKLOAD_STEP
2026-07-09 17:35:46.910082200+05:30,81.7,37,23.9,2661.42,66.0,202,307,RAMP,80.0,32.0,WORKLOAD_STEP
2026-07-09 17:35:48.936791500+05:30,83.5,32,23.1,2701.59,65.99,202,307,RAMP,80.0,32.0,WORKLOAD_STEP
2026-07-09 17:35:50.964879300+05:30,80.0,30,25.1,2741.75,65.99,202,307,RAMP,80.0,32.0,WORKLOAD_STEP
2026-07-09 17:35:52.997275800+05:30,81.8,33,25.4,2561.0,65.99,202,307,RAMP,80.0,32.0,WORKLOAD_STEP
2026-07-09 17:35:55.031185200+05:30,83.6,33,24.6,2520.81,65.96,202,307,RAMP,80.0,32.0,WORKLOAD_STEP
2026-07-09 17:35:57.064358400+05:30,83.2,34,25.7,2571.02,66.01,200,307,RAMP,80.0,32.0,WORKLOAD_STEP
2026-07-09 17:35:59.096360700+05:30,83.7,32,25.0,2681.5,65.99,198,307,RAMP,80.0,32.0,WORKLOAD_STEP
2026-07-09 17:36:01.128064400+05:30,84.1,33,23.5,2601.15,65.99,198,307,RAMP,80.0,32.0,WORKLOAD_STEP
2026-07-09 17:36:03.159561600+05:30,87.2,34,23.7,2561.0,65.99,198,307,RAMP,80.0,32.0,WORKLOAD_STEP
2026-07-09 17:36:05.191398+05:30,81.7,32,24.2,2751.82,66.0,198,307,RAMP,80.0,32.0,WORKLOAD_STEP
2026-07-09 17:36:07.230483+05:30,81.8,34,22.7,2671.45,65.99,198,307,RAMP,80.0,32.0,WORKLOAD_STEP
2026-07-09 17:36:09.260856900+05:30,82.9,33,23.6,2611.18,65.99,198,307,RAMP,80.0,32.0,WORKLOAD_STEP
2026-07-09 17:36:11.291848600+05:30,83.1,34,24.4,2681.52,65.98,198,307,RAMP,80.0,32.0,WORKLOAD_STEP
2026-07-09 17:36:13.325548600+05:30,84.0,34,23.6,2530.84,66.05,198,307,RAMP,80.0,32.0,WORKLOAD_STEP
2026-07-09 17:36:15.375629900+05:30,81.7,32,27.0,2571.01,65.98,198,307,RAMP,80.0,32.0,WORKLOAD_STEP
2026-07-09 17:36:17.410739300+05:30,83.6,30,24.9,2731.73,65.98,198,307,RAMP,80.0,32.0,WORKLOAD_STEP
2026-07-09 17:36:19.439714400+05:30,81.0,32,23.8,2611.19,65.97,198,307,RAMP,80.0,32.0,WORKLOAD_STEP
2026-07-09 17:36:21.469967500+05:30,80.8,32,22.9,2601.16,65.98,198,307,RAMP,80.0,32.0,WORKLOAD_STEP
2026-07-09 17:36:23.503046+05:30,79.5,29,25.8,2791.97,65.97,198,307,RAMP,80.0,32.0,WORKLOAD_STEP
2026-07-09 17:36:25.533343500+05:30,84.5,33,25.4,2581.07,65.95,198,307,RAMP,80.0,32.0,WORKLOAD_STEP
2026-07-09 17:36:27.569499600+05:30,80.2,32,24.8,2661.39,66.0,198,307,RAMP,80.0,32.0,WORKLOAD_STEP
2026-07-09 17:36:29.601692200+05:30,79.7,33,25.1,2591.12,66.0,197,307,RAMP,80.0,32.0,WORKLOAD_STEP
2026-07-09 17:36:31.638526800+05:30,81.5,33,24.2,2621.25,66.0,200,307,RAMP,80.0,32.0,WORKLOAD_STEP
2026-07-09 17:36:33.667648400+05:30,80.0,32,25.3,2812.08,65.99,201,307,RAMP,80.0,32.0,WORKLOAD_STEP
2026-07-09 17:36:35.704864600+05:30,81.4,32,24.9,2631.27,65.99,198,307,RAMP,80.0,32.0,WORKLOAD_STEP
2026-07-09 17:36:37.737101800+05:30,81.3,39,25.6,2550.95,65.99,198,307,RAMP,80.0,32.0,WORKLOAD_STEP
2026-07-09 17:36:39.771653500+05:30,82.5,32,23.2,2631.28,65.98,198,307,RAMP,80.0,32.0,WORKLOAD_STEP
2026-07-09 17:36:41.801220300+05:30,82.5,36,23.6,2540.9,65.99,198,307,RAMP,80.0,32.0,WORKLOAD_STEP
2026-07-09 17:36:43.834951700+05:30,82.8,33,25.5,2671.47,65.86,198,307,RAMP,80.0,32.0,WORKLOAD_STEP
2026-07-09 17:36:45.867626400+05:30,80.5,37,22.9,2721.67,65.87,198,307,RAMP,80.0,32.0,WORKLOAD_STEP
2026-07-09 17:36:47.914688100+05:30,81.8,29,26.8,2832.15,65.9,198,307,RAMP,80.0,32.0,WORKLOAD_STEP
2026-07-09 17:36:49.948299+05:30,81.6,33,24.8,2681.5,65.9,198,307,RAMP,80.0,32.0,WORKLOAD_STEP
2026-07-09 17:36:51.980694800+05:30,81.7,36,25.3,2621.25,65.93,198,307,RAMP,80.0,32.0,WORKLOAD_STEP
2026-07-09 17:36:54.021309600+05:30,80.5,29,25.6,2671.46,65.98,198,309,RAMP,80.0,32.0,WORKLOAD_STEP
2026-07-09 17:36:56.052045300+05:30,80.1,37,24.2,2550.94,65.96,198,307,RAMP,80.0,32.0,WORKLOAD_STEP
2026-07-09 17:36:58.081289300+05:30,80.6,27,25.7,2681.52,65.96,198,307,RAMP,80.0,32.0,WORKLOAD_STEP
2026-07-09 17:37:00.110809200+05:30,82.4,37,24.7,2571.02,65.97,198,307,RAMP,80.0,32.0,WORKLOAD_STEP
2026-07-09 17:37:02.143043200+05:30,80.2,37,23.6,2661.41,65.96,200,307,RAMP,80.0,32.0,WORKLOAD_STEP
2026-07-09 17:37:04.177389+05:30,83.4,32,25.8,2581.06,65.96,203,307,RAMP,80.0,32.0,WORKLOAD_STEP
2026-07-09 17:37:06.210332100+05:30,88.1,34,25.6,2560.98,65.95,200,307,RAMP,80.0,32.0,WORKLOAD_STEP
2026-07-09 17:37:08.239885500+05:30,87.5,37,24.2,2560.98,65.96,200,307,RAMP,80.0,32.0,WORKLOAD_STEP
2026-07-09 17:37:10.272196300+05:30,80.6,30,27.7,2591.11,65.95,200,307,RAMP,80.0,32.0,WORKLOAD_STEP
2026-07-09 17:37:12.303341600+05:30,81.3,34,20.4,2500.73,65.95,200,307,RAMP,80.0,32.0,WORKLOAD_STEP
2026-07-09 17:37:14.333460100+05:30,93.0,33,23.7,2510.75,65.91,200,307,RAMP,100.0,33.0,WORKLOAD_STEP
2026-07-09 17:37:16.382383600+05:30,100.0,34,24.8,2470.6,65.9,200,307,RAMP,100.0,33.0,WORKLOAD_STEP
2026-07-09 17:37:18.432799500+05:30,100.0,33,24.7,2500.72,65.9,200,307,RAMP,100.0,33.0,WORKLOAD_STEP
2026-07-09 17:37:20.478798500+05:30,100.0,33,26.1,2480.64,65.9,200,307,RAMP,100.0,33.0,WORKLOAD_STEP
2026-07-09 17:37:22.551304600+05:30,100.0,34,25.0,2470.6,65.92,199,307,RAMP,100.0,33.0,WORKLOAD_STEP
2026-07-09 17:37:24.603697900+05:30,100.0,33,25.9,2460.55,65.81,203,306,RAMP,100.0,33.0,WORKLOAD_STEP
2026-07-09 17:37:26.667476600+05:30,100.0,33,25.5,2450.51,65.81,204,306,RAMP,100.0,33.0,WORKLOAD_STEP
2026-07-09 17:37:28.726382700+05:30,100.0,33,25.5,2480.63,65.8,203,306,RAMP,100.0,33.0,WORKLOAD_STEP
2026-07-09 17:37:30.774572300+05:30,100.0,33,24.5,2490.68,65.81,203,306,RAMP,100.0,33.0,WORKLOAD_STEP
2026-07-09 17:37:32.828693900+05:30,100.0,33,26.4,2450.51,65.8,199,306,RAMP,100.0,33.0,WORKLOAD_STEP
2026-07-09 17:37:34.870301700+05:30,100.0,33,25.1,2470.6,65.81,199,306,RAMP,100.0,33.0,WORKLOAD_STEP
2026-07-09 17:37:36.920753200+05:30,100.0,34,25.0,2470.6,65.81,199,307,RAMP,100.0,33.0,WORKLOAD_STEP
2026-07-09 17:37:39.020937700+05:30,100.0,33,25.6,2470.6,65.88,199,308,RAMP,100.0,34.0,WORKLOAD_STEP
2026-07-09 17:37:41.074767100+05:30,100.0,33,25.0,2480.63,65.94,199,309,RAMP,100.0,34.0,WORKLOAD_STEP
2026-07-09 17:37:43.136860300+05:30,100.0,34,25.0,2460.53,65.89,199,309,RAMP,100.0,34.0,WORKLOAD_STEP
2026-07-09 17:37:45.191420+05:30,100.0,33,25.8,2450.52,65.89,204,309,RAMP,100.0,34.0,WORKLOAD_STEP
2026-07-09 17:37:47.250682900+05:30,100.0,33,25.4,2490.68,65.9,199,309,RAMP,100.0,34.0,WORKLOAD_STEP
2026-07-09 17:37:49.301103600+05:30,100.0,33,23.6,2470.59,65.9,199,309,RAMP,100.0,34.0,WORKLOAD_STEP
2026-07-09 17:37:51.343597500+05:30,100.0,33,25.9,2470.59,65.97,199,309,RAMP,100.0,34.0,WORKLOAD_STEP
2026-07-09 17:37:53.410395100+05:30,100.0,34,24.9,2460.56,65.91,199,309,RAMP,100.0,34.0,WORKLOAD_STEP
2026-07-09 17:37:55.468798900+05:30,100.0,33,26.4,2490.67,65.91,199,309,RAMP,100.0,34.0,WORKLOAD_STEP
2026-07-09 17:37:57.536692900+05:30,100.0,33,25.8,2490.68,65.91,199,309,RAMP,100.0,34.0,WORKLOAD_STEP
2026-07-09 17:37:59.600676100+05:30,100.0,34,24.9,2480.64,65.91,199,309,RAMP,100.0,34.0,WORKLOAD_STEP
2026-07-09 17:38:01.659879100+05:30,100.0,33,25.8,2490.68,66.13,199,310,RAMP,100.0,34.0,WORKLOAD_STEP
2026-07-09 17:38:03.701228300+05:30,100.0,33,24.7,2460.55,66.18,199,310,RAMP,100.0,34.0,WORKLOAD_STEP
2026-07-09 17:38:05.747790300+05:30,100.0,33,24.8,2460.55,66.18,199,310,RAMP,100.0,34.0,WORKLOAD_STEP
2026-07-09 17:38:07.808772200+05:30,100.0,34,24.9,2500.71,66.16,199,309,RAMP,100.0,34.0,WORKLOAD_STEP
2026-07-09 17:38:09.856413800+05:30,100.0,33,24.3,2490.68,65.92,199,308,RAMP,100.0,34.0,WORKLOAD_STEP
2026-07-09 17:38:11.906428500+05:30,100.0,33,23.0,2390.25,65.92,199,308,RAMP,100.0,34.0,WORKLOAD_STEP
2026-07-09 17:38:13.972867500+05:30,100.0,33,25.9,2420.39,65.92,201,308,RAMP,100.0,34.0,WORKLOAD_STEP
2026-07-09 17:38:16.022690900+05:30,100.0,33,24.4,2490.68,65.91,199,309,RAMP,100.0,34.0,WORKLOAD_STEP
2026-07-09 17:38:18.071789200+05:30,100.0,33,24.7,2490.68,65.92,199,309,RAMP,100.0,34.0,WORKLOAD_STEP
2026-07-09 17:38:20.125605200+05:30,100.0,33,25.9,2450.51,65.88,203,309,RAMP,100.0,34.0,WORKLOAD_STEP
2026-07-09 17:38:22.172703200+05:30,100.0,33,25.5,2480.64,66.0,203,309,RAMP,100.0,34.0,WORKLOAD_STEP
2026-07-09 17:38:24.216333+05:30,100.0,33,25.4,2480.64,65.82,203,307,RAMP,100.0,34.0,WORKLOAD_STEP
2026-07-09 17:38:26.271309300+05:30,100.0,33,24.1,2470.6,65.83,203,308,RAMP,100.0,34.0,WORKLOAD_STEP
2026-07-09 17:38:28.333860300+05:30,100.0,33,25.9,2480.64,65.84,207,308,RAMP,100.0,34.0,WORKLOAD_STEP
2026-07-09 17:38:30.389908200+05:30,100.0,33,26.2,2470.6,65.85,210,308,RAMP,100.0,34.0,WORKLOAD_STEP
2026-07-09 17:38:32.444646700+05:30,100.0,33,27.0,2500.72,65.84,210,308,RAMP,100.0,34.0,WORKLOAD_STEP
2026-07-09 17:38:34.499063+05:30,100.0,34,26.0,2470.59,65.85,210,308,RAMP,100.0,34.0,WORKLOAD_STEP
2026-07-09 17:38:36.571024300+05:30,100.0,33,27.1,2480.64,65.92,207,311,RAMP,100.0,34.0,WORKLOAD_STEP
2026-07-09 17:38:38.623055200+05:30,100.0,33,25.7,2480.64,65.96,207,311,RAMP,100.0,34.0,WORKLOAD_STEP
2026-07-09 17:38:40.685049400+05:30,100.0,33,25.6,2480.63,65.99,207,316,RAMP,100.0,34.0,WORKLOAD_STEP
2026-07-09 17:38:42.751524600+05:30,100.0,33,24.7,2460.56,66.0,209,316,RAMP,100.0,34.0,WORKLOAD_STEP
2026-07-09 17:38:44.804778+05:30,100.0,33,24.8,2490.68,66.01,209,316,RAMP,100.0,34.0,WORKLOAD_STEP
2026-07-09 17:38:46.860810100+05:30,100.0,33,25.1,2460.55,66.01,209,316,RAMP,100.0,34.0,WORKLOAD_STEP
2026-07-09 17:38:48.920154800+05:30,100.0,34,25.2,2480.64,66.29,209,315,RAMP,100.0,34.0,WORKLOAD_STEP
2026-07-09 17:38:50.982910500+05:30,100.0,33,26.3,2530.84,66.38,207,315,RAMP,100.0,34.0,WORKLOAD_STEP
2026-07-09 17:38:53.038342700+05:30,100.0,33,24.5,2460.55,66.38,207,315,RAMP,100.0,34.0,WORKLOAD_STEP
2026-07-09 17:38:55.093783600+05:30,100.0,34,26.1,2460.55,66.38,207,315,RAMP,100.0,34.0,WORKLOAD_STEP
2026-07-09 17:38:57.149720600+05:30,100.0,34,24.7,2450.51,66.45,203,315,RAMP,100.0,34.0,WORKLOAD_STEP
2026-07-09 17:38:59.203309600+05:30,100.0,34,24.6,2460.54,66.4,202,315,RAMP,100.0,34.0,WORKLOAD_STEP
2026-07-09 17:39:01.248927100+05:30,100.0,33,25.8,2470.59,66.41,202,315,RAMP,100.0,34.0,WORKLOAD_STEP
2026-07-09 17:39:03.302295700+05:30,100.0,33,25.6,2500.72,66.41,201,315,RAMP,100.0,34.0,WORKLOAD_STEP
2026-07-09 17:39:05.369964900+05:30,100.0,34,24.0,2540.89,66.41,200,315,RAMP,100.0,34.0,WORKLOAD_STEP
2026-07-09 17:39:07.426057100+05:30,100.0,33,24.1,2480.64,66.42,200,315,RAMP,100.0,34.0,WORKLOAD_STEP
2026-07-09 17:39:09.488592400+05:30,100.0,33,26.6,2510.77,66.41,200,315,RAMP,100.0,34.0,WORKLOAD_STEP
2026-07-09 17:39:11.542859+05:30,100.0,33,25.4,2500.72,66.43,200,316,RAMP,100.0,34.0,WORKLOAD_STEP
2026-07-09 17:39:13.632041300+05:30,100.0,33,24.7,2460.56,66.37,200,316,RAMP,100.0,34.0,WORKLOAD_STEP
2026-07-09 17:39:15.684192800+05:30,100.0,33,24.5,2440.47,66.37,200,316,RAMP,100.0,34.0,WORKLOAD_STEP
2026-07-09 17:39:17.753003400+05:30,100.0,34,26.5,2470.59,66.36,203,315,RAMP,100.0,34.0,WORKLOAD_STEP
2026-07-09 17:39:19.809689+05:30,100.0,33,27.3,2480.64,66.35,203,315,RAMP,100.0,34.0,WORKLOAD_STEP
2026-07-09 17:39:21.923000100+05:30,100.0,33,26.5,2470.59,66.35,203,315,RAMP,100.0,34.0,WORKLOAD_STEP
2026-07-09 17:39:23.977608400+05:30,96.6,36,26.5,2530.85,66.36,201,313,RAMP,80.0,35.0,WORKLOAD_STEP
2026-07-09 17:39:26.018479200+05:30,89.9,37,28.1,2611.2,66.27,201,312,RAMP,80.0,35.0,WORKLOAD_STEP
2026-07-09 17:39:28.053147900+05:30,82.7,36,23.8,2420.39,66.36,201,312,RAMP,80.0,35.0,WORKLOAD_STEP
2026-07-09 17:39:30.083907500+05:30,84.1,36,25.8,2490.69,66.3,201,312,RAMP,80.0,35.0,WORKLOAD_STEP
2026-07-09 17:39:32.113294700+05:30,81.5,30,24.5,2671.46,66.3,201,312,RAMP,80.0,35.0,WORKLOAD_STEP
2026-07-09 17:39:34.145987700+05:30,86.2,29,25.8,2571.03,66.31,201,312,RAMP,80.0,35.0,WORKLOAD_STEP
2026-07-09 17:39:36.179588+05:30,83.0,39,25.9,2530.87,66.31,201,312,RAMP,80.0,35.0,WORKLOAD_STEP
2026-07-09 17:39:38.226428100+05:30,84.6,32,25.0,2711.63,66.3,201,312,RAMP,80.0,35.0,WORKLOAD_STEP
2026-07-09 17:39:40.257339500+05:30,80.8,34,24.1,2560.98,66.52,201,314,RAMP,80.0,35.0,WORKLOAD_STEP
2026-07-09 17:39:42.300351600+05:30,83.3,33,24.6,2520.82,66.36,201,312,RAMP,80.0,35.0,WORKLOAD_STEP
2026-07-09 17:39:44.335149300+05:30,81.4,37,23.4,2681.5,66.36,201,312,RAMP,80.0,35.0,WORKLOAD_STEP
2026-07-09 17:39:46.364377200+05:30,83.0,32,25.8,2510.76,66.62,201,312,RAMP,80.0,35.0,WORKLOAD_STEP
2026-07-09 17:39:48.394571100+05:30,88.1,33,25.1,2460.57,65.66,201,312,RAMP,80.0,35.0,WORKLOAD_STEP
2026-07-09 17:39:50.429672200+05:30,81.1,30,24.7,2661.4,65.66,201,312,RAMP,80.0,35.0,WORKLOAD_STEP
2026-07-09 17:39:52.460342300+05:30,81.8,33,23.7,2701.59,65.7,201,312,RAMP,80.0,35.0,WORKLOAD_STEP
2026-07-09 17:39:54.500531300+05:30,81.2,30,25.2,2802.01,65.66,201,312,RAMP,80.0,35.0,WORKLOAD_STEP
2026-07-09 17:39:56.535715800+05:30,80.3,33,23.7,2450.5,65.54,201,312,RAMP,80.0,35.0,WORKLOAD_STEP
2026-07-09 17:39:58.570277+05:30,82.0,32,23.2,2661.19,65.59,201,312,RAMP,80.0,36.0,WORKLOAD_STEP
2026-07-09 17:40:00.616459200+05:30,81.3,32,23.5,2560.97,65.62,201,312,RAMP,80.0,36.0,WORKLOAD_STEP
2026-07-09 17:40:02.646354+05:30,80.9,34,26.0,2480.65,65.64,201,312,RAMP,80.0,36.0,WORKLOAD_STEP
2026-07-09 17:40:04.677355+05:30,80.4,33,24.1,2520.8,65.63,201,312,RAMP,80.0,36.0,WORKLOAD_STEP
2026-07-09 17:40:06.707491500+05:30,83.5,34,25.0,2581.07,65.79,201,320,RAMP,80.0,36.0,WORKLOAD_STEP
2026-07-09 17:40:08.768798100+05:30,79.9,34,23.0,2490.68,65.84,201,318,RAMP,80.0,36.0,WORKLOAD_STEP
2026-07-09 17:40:10.806416800+05:30,86.5,32,27.4,2621.24,65.8,201,316,RAMP,80.0,36.0,WORKLOAD_STEP
2026-07-09 17:40:12.855310100+05:30,82.2,32,24.1,2520.83,65.83,201,316,RAMP,80.0,36.0,WORKLOAD_STEP
2026-07-09 17:40:14.885878200+05:30,81.8,33,22.6,2530.84,65.83,201,316,RAMP,80.0,36.0,WORKLOAD_STEP
2026-07-09 17:40:16.915381500+05:30,80.8,32,23.7,2631.29,65.81,202,316,RAMP,80.0,36.0,WORKLOAD_STEP
2026-07-09 17:40:18.946668100+05:30,80.4,34,22.5,2530.85,65.8,202,316,RAMP,80.0,36.0,WORKLOAD_STEP
2026-07-09 17:40:20.982550600+05:30,83.3,33,23.8,2571.03,65.69,207,312,RAMP,80.0,36.0,WORKLOAD_STEP
2026-07-09 17:40:23.022410500+05:30,66.1,32,23.7,2661.42,65.7,206,312,RAMP,60.0,37.0,WORKLOAD_STEP
2026-07-09 17:40:25.046770200+05:30,64.8,37,21.7,2781.94,65.69,206,312,RAMP,60.0,37.0,WORKLOAD_STEP
2026-07-09 17:40:27.069717600+05:30,62.5,30,20.7,2450.53,65.65,203,310,RAMP,60.0,37.0,WORKLOAD_STEP
2026-07-09 17:40:29.101159600+05:30,61.5,30,21.3,2771.89,65.65,203,310,RAMP,60.0,37.0,WORKLOAD_STEP
2026-07-09 17:40:31.141863700+05:30,60.7,33,24.7,2611.21,65.48,204,309,RAMP,60.0,37.0,WORKLOAD_STEP
2026-07-09 17:40:33.174878900+05:30,61.5,37,23.0,2751.8,65.47,206,309,RAMP,60.0,37.0,WORKLOAD_STEP
2026-07-09 17:40:35.208470600+05:30,60.5,26,21.2,2731.73,65.49,201,309,RAMP,60.0,37.0,WORKLOAD_STEP
2026-07-09 17:40:37.238835500+05:30,62.4,33,21.8,2631.28,65.5,201,309,RAMP,60.0,37.0,WORKLOAD_STEP
2026-07-09 17:40:39.272217100+05:30,63.0,26,25.3,2771.9,65.5,201,309,RAMP,60.0,37.0,WORKLOAD_STEP
2026-07-09 17:40:41.303467+05:30,68.8,33,25.3,2621.25,65.53,201,309,RAMP,60.0,37.0,WORKLOAD_STEP
2026-07-09 17:40:43.333677700+05:30,62.3,37,19.7,2812.07,65.54,201,309,RAMP,60.0,37.0,WORKLOAD_STEP
2026-07-09 17:40:45.379815+05:30,60.9,37,23.5,2711.63,65.54,201,309,RAMP,60.0,37.0,WORKLOAD_STEP
2026-07-09 17:40:47.412796200+05:30,61.0,24,26.3,2962.72,65.55,201,309,RAMP,60.0,37.0,WORKLOAD_STEP
2026-07-09 17:40:49.438870800+05:30,60.4,30,20.8,2852.23,65.55,201,309,RAMP,60.0,37.0,WORKLOAD_STEP
2026-07-09 17:40:51.472933100+05:30,60.4,33,24.8,2651.38,65.54,201,309,RAMP,60.0,37.0,WORKLOAD_STEP
2026-07-09 17:40:53.505079300+05:30,63.9,37,23.0,2781.93,65.59,201,309,RAMP,60.0,37.0,WORKLOAD_STEP
2026-07-09 17:40:55.535495700+05:30,61.0,40,23.4,2671.46,65.56,201,309,RAMP,60.0,37.0,WORKLOAD_STEP
2026-07-09 17:40:57.568867300+05:30,62.7,36,23.6,3093.28,65.57,201,309,RAMP,60.0,37.0,WORKLOAD_STEP
2026-07-09 17:40:59.603076400+05:30,60.9,36,21.6,2731.72,65.56,201,308,RAMP,60.0,37.0,WORKLOAD_STEP
2026-07-09 17:41:01.630483+05:30,60.7,36,21.6,2651.37,65.62,200,308,RAMP,60.0,37.0,WORKLOAD_STEP
2026-07-09 17:41:03.658884900+05:30,62.1,26,22.1,3274.04,65.56,200,308,RAMP,60.0,37.0,WORKLOAD_STEP
2026-07-09 17:41:05.690209800+05:30,61.3,36,26.9,2601.16,65.56,200,308,RAMP,60.0,37.0,WORKLOAD_STEP
2026-07-09 17:41:07.727823600+05:30,63.5,37,22.1,2721.68,65.56,200,308,RAMP,60.0,37.0,WORKLOAD_STEP
2026-07-09 17:41:09.765009+05:30,61.5,40,20.8,2791.99,65.59,200,310,RAMP,60.0,37.0,WORKLOAD_STEP
2026-07-09 17:41:11.801672400+05:30,67.6,40,22.2,2781.94,65.58,200,308,RAMP,60.0,37.0,WORKLOAD_STEP
2026-07-09 17:41:13.828586700+05:30,62.8,46,21.7,2711.65,65.58,200,308,RAMP,60.0,37.0,WORKLOAD_STEP
2026-07-09 17:41:15.865324300+05:30,62.2,39,21.9,2862.28,65.55,200,308,RAMP,60.0,37.0,WORKLOAD_STEP
2026-07-09 17:41:17.895947500+05:30,62.1,39,23.5,2681.52,65.59,201,308,RAMP,60.0,37.0,WORKLOAD_STEP
2026-07-09 17:41:19.943856800+05:30,60.5,37,23.4,3002.88,65.58,201,308,RAMP,60.0,37.0,WORKLOAD_STEP
2026-07-09 17:41:21.982277600+05:30,61.7,37,21.2,2902.47,65.56,203,308,RAMP,60.0,37.0,WORKLOAD_STEP
2026-07-09 17:41:24.012542500+05:30,60.3,24,26.8,3012.93,65.63,202,308,RAMP,60.0,37.0,WORKLOAD_STEP
2026-07-09 17:41:26.045456100+05:30,60.9,30,22.2,2781.95,65.59,202,308,RAMP,60.0,37.0,WORKLOAD_STEP
2026-07-09 17:41:28.077925100+05:30,62.8,29,22.0,2802.03,65.59,198,308,RAMP,60.0,37.0,WORKLOAD_STEP
2026-07-09 17:41:30.116242500+05:30,66.1,26,23.9,2962.71,65.58,198,308,RAMP,60.0,37.0,WORKLOAD_STEP
2026-07-09 17:41:32.141323300+05:30,68.8,39,24.4,2922.55,65.58,198,308,RAMP,60.0,37.0,WORKLOAD_STEP
2026-07-09 17:41:34.176401+05:30,60.4,34,22.3,2932.59,65.58,198,308,RAMP,60.0,37.0,WORKLOAD_STEP
2026-07-09 17:41:36.204371200+05:30,62.9,37,24.6,2972.75,65.59,198,308,RAMP,60.0,37.0,WORKLOAD_STEP
2026-07-09 17:41:38.232455700+05:30,61.7,29,25.3,2972.74,65.57,198,308,RAMP,60.0,37.0,WORKLOAD_STEP
2026-07-09 17:41:40.263371300+05:30,65.6,29,26.7,2771.88,65.53,198,307,RAMP,60.0,37.0,WORKLOAD_STEP
2026-07-09 17:41:42.291900600+05:30,61.1,37,24.4,2982.79,65.56,198,307,RAMP,60.0,37.0,WORKLOAD_STEP
2026-07-09 17:41:44.322641+05:30,63.4,37,24.4,2932.58,65.57,198,307,RAMP,60.0,37.0,WORKLOAD_STEP
2026-07-09 17:41:46.358927200+05:30,61.4,37,21.2,2771.9,65.56,198,307,RAMP,60.0,37.0,WORKLOAD_STEP
2026-07-09 17:41:48.391835800+05:30,64.8,36,21.3,2601.16,65.57,198,307,RAMP,60.0,37.0,WORKLOAD_STEP
2026-07-09 17:41:50.427285700+05:30,60.5,36,20.3,2832.15,65.56,196,307,RAMP,60.0,37.0,WORKLOAD_STEP
2026-07-09 17:41:52.471009100+05:30,60.4,37,21.2,2631.29,65.57,196,307,RAMP,60.0,37.0,WORKLOAD_STEP
2026-07-09 17:41:54.499652700+05:30,60.8,37,22.4,2852.22,65.56,196,307,RAMP,60.0,37.0,WORKLOAD_STEP
2026-07-09 17:41:56.535108700+05:30,60.9,37,25.7,2832.16,65.64,196,307,RAMP,60.0,37.0,WORKLOAD_STEP
2026-07-09 17:41:58.566196100+05:30,62.6,39,20.4,2641.31,65.57,196,307,RAMP,60.0,37.0,WORKLOAD_STEP
2026-07-09 17:42:00.595580700+05:30,60.7,36,23.3,2470.61,65.58,196,307,RAMP,60.0,37.0,WORKLOAD_STEP
2026-07-09 17:42:02.625816+05:30,60.9,40,19.3,2601.17,65.58,197,307,RAMP,60.0,37.0,WORKLOAD_STEP
2026-07-09 17:42:04.651557800+05:30,60.9,40,19.0,2671.48,65.57,197,307,RAMP,60.0,37.0,WORKLOAD_STEP
2026-07-09 17:42:06.680521500+05:30,60.8,40,19.8,2812.06,65.58,197,307,RAMP,60.0,37.0,WORKLOAD_STEP
2026-07-09 17:42:08.712464600+05:30,61.3,33,21.7,2932.59,65.62,197,307,RAMP,60.0,37.0,WORKLOAD_STEP
2026-07-09 17:42:10.741711600+05:30,68.0,30,22.6,2641.34,65.55,197,307,RAMP,60.0,37.0,WORKLOAD_STEP
2026-07-09 17:42:12.771155200+05:30,63.8,29,24.7,3022.96,65.61,201,307,RAMP,60.0,37.0,WORKLOAD_STEP
2026-07-09 17:42:14.802381700+05:30,62.6,30,22.6,2812.07,65.61,198,307,RAMP,60.0,37.0,WORKLOAD_STEP
2026-07-09 17:42:16.833244500+05:30,60.3,34,23.0,2761.85,65.59,198,307,RAMP,60.0,37.0,WORKLOAD_STEP
2026-07-09 17:42:18.868094600+05:30,62.3,36,24.2,2751.79,65.59,198,307,RAMP,60.0,37.0,WORKLOAD_STEP
2026-07-09 17:42:20.898085100+05:30,60.5,33,20.9,2681.52,65.59,198,307,RAMP,60.0,37.0,WORKLOAD_STEP
2026-07-09 17:42:22.930201900+05:30,65.8,32,28.3,2560.98,65.68,197,307,RAMP,60.0,37.0,WORKLOAD_STEP
2026-07-09 17:42:24.958482800+05:30,60.8,32,24.0,2972.76,65.66,197,307,RAMP,60.0,37.0,WORKLOAD_STEP
2026-07-09 17:42:27.004232200+05:30,62.5,41,26.3,2641.31,65.67,197,305,RAMP,60.0,37.0,WORKLOAD_STEP
2026-07-09 17:42:29.036023800+05:30,61.2,13,28.7,2912.48,65.64,197,305,RAMP,60.0,37.0,WORKLOAD_STEP
2026-07-09 17:42:31.063528600+05:30,62.3,30,26.2,2922.55,65.65,200,305,RAMP,60.0,37.0,WORKLOAD_STEP
2026-07-09 17:42:33.092403+05:30,60.9,30,24.4,2751.81,65.65,200,305,RAMP,60.0,37.0,WORKLOAD_STEP
2026-07-09 17:42:35.119541+05:30,65.0,36,24.4,2540.9,65.32,197,305,RAMP,60.0,37.0,WORKLOAD_STEP
2026-07-09 17:42:37.145382700+05:30,63.9,37,24.6,2761.85,65.3,197,305,RAMP,60.0,37.0,WORKLOAD_STEP
2026-07-09 17:42:39.178623400+05:30,71.3,34,24.8,2450.52,65.3,197,305,RAMP,60.0,37.0,WORKLOAD_STEP
2026-07-09 17:42:41.209651700+05:30,66.1,29,27.8,2952.67,65.32,197,305,RAMP,60.0,37.0,WORKLOAD_STEP
2026-07-09 17:42:43.241543700+05:30,59.4,33,23.7,2922.55,65.34,197,305,RAMP,60.0,37.0,WORKLOAD_STEP
2026-07-09 17:42:45.274476800+05:30,63.8,30,26.7,2520.83,65.35,197,307,RAMP,60.0,37.0,WORKLOAD_STEP
2026-07-09 17:42:47.309972600+05:30,61.0,34,20.4,2651.38,65.36,202,307,RAMP,60.0,37.0,WORKLOAD_STEP
2026-07-09 17:42:49.347259+05:30,61.2,26,28.1,2802.14,65.36,201,307,RAMP,60.0,37.0,WORKLOAD_STEP
2026-07-09 17:42:51.379373300+05:30,62.0,29,27.9,2922.54,65.42,201,307,RAMP,60.0,37.0,WORKLOAD_STEP
2026-07-09 17:42:53.410958200+05:30,65.0,37,23.3,2390.26,65.35,197,307,RAMP,60.0,37.0,WORKLOAD_STEP
2026-07-09 17:42:55.448110200+05:30,62.6,37,25.4,2711.64,65.41,197,307,RAMP,60.0,37.0,WORKLOAD_STEP
2026-07-09 17:42:57.483664600+05:30,63.1,39,24.0,2942.63,65.42,197,307,RAMP,60.0,37.0,WORKLOAD_STEP
2026-07-09 17:42:59.518241300+05:30,61.2,33,23.4,2761.85,65.43,197,307,RAMP,60.0,37.0,WORKLOAD_STEP
2026-07-09 17:43:01.561251200+05:30,64.0,27,25.1,3063.14,65.47,197,307,RAMP,60.0,37.0,WORKLOAD_STEP
2026-07-09 17:43:03.588781+05:30,62.7,34,19.8,2781.94,65.46,197,307,RAMP,60.0,37.0,WORKLOAD_STEP
2026-07-09 17:43:05.619839100+05:30,63.0,34,23.2,2862.28,65.46,197,306,RAMP,60.0,37.0,WORKLOAD_STEP
2026-07-09 17:43:07.649062800+05:30,62.1,29,23.1,2952.66,65.46,197,306,RAMP,60.0,37.0,WORKLOAD_STEP
2026-07-09 17:43:09.679065100+05:30,62.3,37,22.0,2691.55,65.45,197,306,RAMP,60.0,37.0,WORKLOAD_STEP
2026-07-09 17:43:11.713940500+05:30,66.6,33,25.0,2902.46,65.48,197,306,RAMP,60.0,37.0,WORKLOAD_STEP
2026-07-09 17:43:13.747502300+05:30,64.2,36,22.6,2591.11,65.46,197,306,RAMP,60.0,37.0,WORKLOAD_STEP
2026-07-09 17:43:15.780349400+05:30,60.5,36,24.5,2561.0,65.48,197,306,RAMP,60.0,37.0,WORKLOAD_STEP
2026-07-09 17:43:17.818626500+05:30,61.2,26,27.6,3012.93,65.48,200,306,RAMP,60.0,37.0,WORKLOAD_STEP
2026-07-09 17:43:19.855682200+05:30,61.6,27,23.7,2591.13,65.45,202,306,RAMP,60.0,37.0,WORKLOAD_STEP
2026-07-09 17:43:21.891125+05:30,64.4,34,24.5,2872.33,65.46,202,306,RAMP,60.0,37.0,WORKLOAD_STEP
2026-07-09 17:43:23.922625900+05:30,62.5,39,25.8,2952.67,65.47,197,306,RAMP,60.0,37.0,WORKLOAD_STEP
2026-07-09 17:43:25.952195300+05:30,61.5,39,24.4,2661.42,65.45,197,306,RAMP,60.0,37.0,WORKLOAD_STEP
2026-07-09 17:43:27.983714400+05:30,60.2,34,22.5,2812.05,65.44,196,306,RAMP,60.0,37.0,WORKLOAD_STEP
2026-07-09 17:43:30.009392500+05:30,63.0,30,23.5,2822.11,65.45,196,306,RAMP,60.0,37.0,WORKLOAD_STEP
2026-07-09 17:43:32.042325900+05:30,61.4,32,22.2,2681.51,65.42,196,306,RAMP,60.0,37.0,WORKLOAD_STEP
2026-07-09 17:43:34.074236300+05:30,62.5,27,24.2,2862.28,65.45,196,306,RAMP,60.0,37.0,WORKLOAD_STEP
2026-07-09 17:43:36.122765700+05:30,60.0,27,23.4,3012.92,65.44,196,306,RAMP,60.0,37.0,WORKLOAD_STEP
2026-07-09 17:43:38.159248400+05:30,62.0,27,22.2,2932.57,65.4,196,306,RAMP,60.0,37.0,WORKLOAD_STEP
2026-07-09 17:43:40.189330900+05:30,65.5,34,26.4,2741.76,65.66,197,308,RAMP,60.0,37.0,WORKLOAD_STEP
2026-07-09 17:43:42.225888600+05:30,66.6,32,23.2,2430.44,65.45,197,306,RAMP,60.0,37.0,WORKLOAD_STEP
2026-07-09 17:43:44.257128200+05:30,62.7,39,21.9,2621.25,65.45,197,306,RAMP,60.0,37.0,WORKLOAD_STEP
2026-07-09 17:43:46.287344500+05:30,60.5,30,26.2,2571.04,65.44,197,306,RAMP,60.0,37.0,WORKLOAD_STEP
2026-07-09 17:43:48.314057400+05:30,61.8,16,32.1,3374.49,65.42,197,306,RAMP,60.0,37.0,WORKLOAD_STEP
2026-07-09 17:43:50.346487700+05:30,60.2,24,28.0,3063.14,65.44,197,306,RAMP,60.0,37.0,WORKLOAD_STEP
2026-07-09 17:43:52.380747+05:30,60.4,36,21.0,2520.83,65.44,197,306,RAMP,60.0,37.0,WORKLOAD_STEP
2026-07-09 17:43:54.419812500+05:30,60.0,36,23.3,2681.5,65.43,197,306,RAMP,60.0,37.0,WORKLOAD_STEP
2026-07-09 17:43:56.450453900+05:30,62.8,26,26.2,2781.93,65.44,197,306,RAMP,60.0,37.0,WORKLOAD_STEP
2026-07-09 17:43:58.485086200+05:30,61.4,40,20.0,2721.69,65.44,197,306,RAMP,60.0,37.0,WORKLOAD_STEP
2026-07-09 17:44:00.513648+05:30,62.4,39,23.2,3354.39,65.44,197,306,RAMP,60.0,37.0,WORKLOAD_STEP
2026-07-09 17:44:02.548226300+05:30,59.3,27,24.2,2922.54,65.45,197,306,RAMP,60.0,37.0,WORKLOAD_STEP
2026-07-09 17:44:04.582013+05:30,61.0,33,24.1,2741.77,65.46,197,306,RAMP,60.0,37.0,WORKLOAD_STEP
2026-07-09 17:44:06.616421800+05:30,60.9,39,23.1,2741.77,65.46,197,306,RAMP,60.0,37.0,WORKLOAD_STEP
2026-07-09 17:44:08.659938200+05:30,63.4,41,21.0,2530.87,65.48,197,306,RAMP,60.0,37.0,WORKLOAD_STEP
2026-07-09 17:44:10.690711700+05:30,64.8,37,23.8,2822.1,65.49,196,306,RAMP,60.0,37.0,WORKLOAD_STEP
2026-07-09 17:44:12.721707500+05:30,59.5,33,18.7,2872.33,65.47,196,306,RAMP,60.0,38.0,WORKLOAD_STEP
2026-07-09 17:44:14.745061+05:30,60.5,37,24.0,2791.99,65.48,196,306,RAMP,60.0,38.0,WORKLOAD_STEP
2026-07-09 17:44:16.769522100+05:30,62.6,33,22.1,2701.59,65.49,199,306,RAMP,60.0,38.0,WORKLOAD_STEP
2026-07-09 17:44:18.795849300+05:30,60.0,33,23.5,2561.0,65.47,203,306,RAMP,60.0,38.0,WORKLOAD_STEP
2026-07-09 17:44:20.819919200+05:30,61.1,29,24.9,2530.87,65.49,203,306,RAMP,60.0,38.0,WORKLOAD_STEP
2026-07-09 17:44:22.844082600+05:30,62.1,37,22.8,2701.58,65.48,198,306,RAMP,60.0,38.0,WORKLOAD_STEP
2026-07-09 17:44:24.879764300+05:30,60.3,29,23.6,2832.14,65.5,198,306,RAMP,60.0,38.0,WORKLOAD_STEP
2026-07-09 17:44:26.907662900+05:30,61.2,29,23.4,2621.25,65.47,199,305,RAMP,60.0,38.0,WORKLOAD_STEP
2026-07-09 17:44:28.942004500+05:30,61.3,34,21.0,2862.29,65.48,198,305,RAMP,60.0,38.0,WORKLOAD_STEP
2026-07-09 17:44:30.976230200+05:30,61.1,37,23.1,2892.42,65.48,201,305,RAMP,60.0,38.0,WORKLOAD_STEP
2026-07-09 17:44:33.001205700+05:30,60.2,33,22.8,2862.29,65.46,201,305,RAMP,60.0,38.0,WORKLOAD_STEP
2026-07-09 17:44:35.029673200+05:30,59.8,29,24.1,2601.16,65.47,198,305,RAMP,60.0,38.0,WORKLOAD_STEP
2026-07-09 17:44:37.062911700+05:30,60.1,34,24.1,2681.51,65.54,200,305,RAMP,60.0,38.0,WORKLOAD_STEP
2026-07-09 17:44:39.096296300+05:30,62.4,37,24.0,2832.16,65.43,198,305,RAMP,60.0,38.0,WORKLOAD_STEP
2026-07-09 17:44:41.122505700+05:30,65.6,34,25.4,2822.11,65.47,198,305,RAMP,60.0,38.0,WORKLOAD_STEP
2026-07-09 17:44:43.164683+05:30,61.1,37,23.5,2912.5,65.46,198,305,RAMP,60.0,38.0,WORKLOAD_STEP
2026-07-09 17:44:45.197258+05:30,60.4,37,24.5,2862.27,65.45,198,305,RAMP,60.0,38.0,WORKLOAD_STEP
2026-07-09 17:44:47.224580400+05:30,62.5,36,22.4,2812.06,65.45,196,305,RAMP,60.0,38.0,WORKLOAD_STEP
2026-07-09 17:44:49.261388600+05:30,67.4,37,24.7,2852.23,65.45,196,305,RAMP,60.0,38.0,WORKLOAD_STEP
2026-07-09 17:44:51.295345700+05:30,67.3,37,23.9,2721.68,65.43,196,305,RAMP,60.0,38.0,WORKLOAD_STEP
2026-07-09 17:44:53.325337800+05:30,61.3,29,21.6,2681.51,65.45,196,309,RAMP,60.0,38.0,WORKLOAD_STEP
2026-07-09 17:44:55.358169100+05:30,63.8,33,19.2,2591.13,65.47,196,305,RAMP,60.0,38.0,WORKLOAD_STEP
2026-07-09 17:44:57.385526200+05:30,54.5,47,16.6,2470.61,65.47,196,305,RAMP,40.0,39.0,WORKLOAD_STEP
2026-07-09 17:44:59.413137900+05:30,42.8,41,15.6,2530.88,65.49,196,305,RAMP,40.0,39.0,WORKLOAD_STEP
2026-07-09 17:45:01.436606600+05:30,42.2,39,20.0,2701.61,65.49,196,305,RAMP,40.0,39.0,WORKLOAD_STEP
2026-07-09 17:45:03.460171400+05:30,45.7,32,23.6,2581.09,65.49,196,305,RAMP,40.0,39.0,WORKLOAD_STEP
2026-07-09 17:45:05.482016900+05:30,41.4,37,22.9,3053.11,65.49,196,305,RAMP,40.0,39.0,WORKLOAD_STEP
2026-07-09 17:45:07.508327200+05:30,45.0,37,23.5,2530.87,65.42,196,305,RAMP,40.0,39.0,WORKLOAD_STEP
2026-07-09 17:45:09.533569300+05:30,40.7,33,21.5,2621.24,65.4,196,305,RAMP,40.0,39.0,WORKLOAD_STEP
2026-07-09 17:45:11.556823100+05:30,46.8,39,21.4,2912.5,65.51,198,305,RAMP,40.0,39.0,WORKLOAD_STEP
2026-07-09 17:45:13.583906800+05:30,41.1,32,22.8,3053.09,65.48,196,305,RAMP,40.0,39.0,WORKLOAD_STEP
2026-07-09 17:45:15.606716700+05:30,41.0,33,20.4,3173.6,65.52,196,305,RAMP,40.0,39.0,WORKLOAD_STEP
2026-07-09 17:45:17.649223200+05:30,41.6,34,19.0,2741.76,65.49,197,305,RAMP,40.0,39.0,WORKLOAD_STEP
2026-07-09 17:45:19.675714+05:30,40.9,36,23.5,2922.55,65.52,202,305,RAMP,40.0,39.0,WORKLOAD_STEP
2026-07-09 17:45:21.704150500+05:30,41.4,33,25.0,3143.49,65.49,203,305,RAMP,40.0,39.0,WORKLOAD_STEP
2026-07-09 17:45:23.732224700+05:30,42.2,34,22.9,3213.78,65.49,202,305,RAMP,40.0,39.0,WORKLOAD_STEP
2026-07-09 17:45:25.763929800+05:30,41.7,32,25.8,3063.14,65.47,198,305,RAMP,40.0,39.0,WORKLOAD_STEP
2026-07-09 17:45:27.788804+05:30,42.1,32,22.3,3002.88,65.45,198,305,RAMP,40.0,39.0,WORKLOAD_STEP
2026-07-09 17:45:29.813746300+05:30,40.3,36,22.6,3043.06,65.42,198,305,RAMP,40.0,39.0,WORKLOAD_STEP
2026-07-09 17:45:31.836988400+05:30,41.4,27,25.2,3344.35,65.48,198,305,RAMP,40.0,39.0,WORKLOAD_STEP
2026-07-09 17:45:33.858836700+05:30,40.5,30,22.7,3304.18,65.24,198,305,RAMP,40.0,39.0,WORKLOAD_STEP
2026-07-09 17:45:35.879872300+05:30,40.5,27,26.2,3213.81,65.11,198,305,RAMP,40.0,39.0,WORKLOAD_STEP
2026-07-09 17:45:37.902831700+05:30,43.7,23,24.8,3213.8,65.14,198,305,RAMP,40.0,40.0,WORKLOAD_STEP
2026-07-09 17:45:39.922619300+05:30,42.2,36,13.3,2641.36,65.36,200,307,RAMP,40.0,40.0,WORKLOAD_STEP
2026-07-09 17:45:41.943514200+05:30,43.6,37,22.7,2530.88,65.28,200,305,RAMP,40.0,40.0,WORKLOAD_STEP
2026-07-09 17:45:43.966218400+05:30,40.9,32,24.1,2731.73,65.28,200,305,RAMP,40.0,40.0,WORKLOAD_STEP
2026-07-09 17:45:45.989959800+05:30,40.6,37,24.5,2771.91,65.25,200,304,RAMP,40.0,40.0,WORKLOAD_STEP
2026-07-09 17:45:48.016155500+05:30,40.6,21,23.3,3022.97,65.23,198,304,RAMP,40.0,40.0,WORKLOAD_STEP
2026-07-09 17:45:50.036924+05:30,41.2,24,24.4,2701.61,65.21,198,304,RAMP,40.0,40.0,WORKLOAD_STEP
2026-07-09 17:45:52.078646700+05:30,41.3,36,25.9,3223.82,65.26,198,304,RAMP,40.0,40.0,WORKLOAD_STEP
2026-07-09 17:45:54.101626200+05:30,48.2,29,23.3,2530.87,65.25,198,304,RAMP,40.0,40.0,WORKLOAD_STEP
2026-07-09 17:45:56.124572700+05:30,45.6,40,19.3,2611.2,65.2,198,304,RAMP,40.0,40.0,WORKLOAD_STEP
2026-07-09 17:45:58.155967300+05:30,45.3,42,23.7,3133.42,65.22,198,304,RAMP,40.0,40.0,WORKLOAD_STEP
2026-07-09 17:46:00.181891800+05:30,41.0,39,19.7,3183.64,65.2,198,304,RAMP,40.0,40.0,WORKLOAD_STEP
2026-07-09 17:46:02.214044900+05:30,43.0,37,21.9,3494.98,65.18,198,304,RAMP,40.0,40.0,WORKLOAD_STEP
2026-07-09 17:46:04.236707100+05:30,40.9,40,22.0,2882.37,65.17,198,304,RAMP,40.0,40.0,WORKLOAD_STEP
2026-07-09 17:46:06.268106+05:30,43.4,33,23.1,2922.54,64.96,198,304,RAMP,40.0,40.0,WORKLOAD_STEP
2026-07-09 17:46:08.290519400+05:30,44.3,29,24.2,2822.13,64.98,198,304,RAMP,40.0,40.0,WORKLOAD_STEP
2026-07-09 17:46:10.326243400+05:30,49.8,33,22.9,2932.58,65.06,198,304,RAMP,40.0,40.0,WORKLOAD_STEP
2026-07-09 17:46:12.357387500+05:30,43.3,30,23.0,2942.64,65.07,198,304,RAMP,40.0,40.0,WORKLOAD_STEP
2026-07-09 17:46:14.383430700+05:30,40.9,27,22.6,2912.5,65.07,198,304,RAMP,40.0,40.0,WORKLOAD_STEP
2026-07-09 17:46:16.403450300+05:30,40.2,37,21.7,3163.54,65.08,199,304,RAMP,40.0,40.0,WORKLOAD_STEP
2026-07-09 17:46:18.435801700+05:30,40.7,36,20.8,2952.66,65.09,199,304,RAMP,40.0,40.0,WORKLOAD_STEP
2026-07-09 17:46:20.462598100+05:30,40.0,26,23.4,2882.36,65.09,199,304,RAMP,40.0,40.0,WORKLOAD_STEP
2026-07-09 17:46:22.485672500+05:30,39.8,37,22.4,2942.62,65.09,199,304,RAMP,40.0,40.0,WORKLOAD_STEP
2026-07-09 17:46:24.509539800+05:30,40.6,34,23.0,2942.62,65.1,198,304,RAMP,40.0,40.0,WORKLOAD_STEP
2026-07-09 17:46:26.556910600+05:30,40.2,26,26.2,2952.67,65.09,199,304,RAMP,40.0,40.0,WORKLOAD_STEP
2026-07-09 17:46:28.585400400+05:30,41.6,37,22.6,3002.89,65.06,198,304,RAMP,40.0,40.0,WORKLOAD_STEP
2026-07-09 17:46:30.612265800+05:30,40.8,22,25.6,2882.37,65.06,201,304,RAMP,40.0,40.0,WORKLOAD_STEP
2026-07-09 17:46:32.636226300+05:30,41.2,27,24.6,3163.59,65.1,200,304,RAMP,40.0,40.0,WORKLOAD_STEP
2026-07-09 17:46:34.663334+05:30,42.7,30,26.6,2972.75,65.1,198,304,RAMP,40.0,40.0,WORKLOAD_STEP
2026-07-09 17:46:36.690587500+05:30,41.2,37,23.3,2671.47,65.07,195,304,RAMP,40.0,40.0,WORKLOAD_STEP
2026-07-09 17:46:38.720948800+05:30,42.3,32,21.4,3153.54,65.06,195,304,RAMP,40.0,40.0,WORKLOAD_STEP
2026-07-09 17:46:40.744118600+05:30,46.0,32,24.8,3123.42,65.03,195,304,RAMP,40.0,40.0,WORKLOAD_STEP
2026-07-09 17:46:42.768660500+05:30,40.9,36,23.4,3073.18,65.1,195,304,RAMP,40.0,40.0,WORKLOAD_STEP
2026-07-09 17:46:44.790261600+05:30,42.0,36,22.0,2822.12,65.08,195,304,RAMP,40.0,40.0,WORKLOAD_STEP
2026-07-09 17:46:46.814228600+05:30,40.9,34,22.7,2922.54,65.1,195,304,RAMP,40.0,40.0,WORKLOAD_STEP
2026-07-09 17:46:48.841258+05:30,42.5,33,24.1,2992.84,65.09,195,304,RAMP,40.0,40.0,WORKLOAD_STEP
2026-07-09 17:46:50.864982100+05:30,41.2,39,22.2,2862.29,65.08,195,304,RAMP,40.0,40.0,WORKLOAD_STEP
2026-07-09 17:46:52.889336200+05:30,42.6,39,21.7,2952.68,65.11,195,304,RAMP,40.0,40.0,WORKLOAD_STEP
2026-07-09 17:46:54.916196400+05:30,41.7,37,22.4,2741.77,65.13,195,304,RAMP,40.0,40.0,WORKLOAD_STEP
2026-07-09 17:46:56.942838600+05:30,41.9,37,22.3,2962.72,65.12,197,304,RAMP,40.0,40.0,WORKLOAD_STEP
2026-07-09 17:46:58.983067200+05:30,41.0,39,20.9,2641.34,65.11,197,304,RAMP,40.0,40.0,WORKLOAD_STEP
2026-07-09 17:47:01.013940700+05:30,26.7,43,14.1,3193.71,65.07,197,304,RAMP,20.0,41.0,WORKLOAD_STEP
2026-07-09 17:47:03.041845700+05:30,24.5,45,13.0,2912.51,65.1,197,304,RAMP,20.0,41.0,WORKLOAD_STEP
2026-07-09 17:47:05.062256700+05:30,22.6,45,9.5,2340.06,65.11,197,304,RAMP,20.0,41.0,WORKLOAD_STEP
2026-07-09 17:47:07.092289500+05:30,21.1,41,15.4,2611.21,65.1,197,304,RAMP,20.0,41.0,WORKLOAD_STEP
2026-07-09 17:47:09.122907800+05:30,30.5,30,19.8,2701.61,65.1,197,305,RAMP,20.0,41.0,WORKLOAD_STEP
2026-07-09 17:47:11.145028400+05:30,29.5,30,20.1,2912.51,65.12,197,306,RAMP,20.0,41.0,WORKLOAD_STEP
2026-07-09 17:47:13.177039700+05:30,22.8,47,23.2,3133.46,65.21,197,306,RAMP,20.0,41.0,WORKLOAD_STEP
2026-07-09 17:47:15.206092800+05:30,23.1,39,23.2,2952.69,65.13,197,306,RAMP,20.0,41.0,WORKLOAD_STEP
2026-07-09 17:47:17.231777300+05:30,24.8,40,21.2,2651.39,65.15,198,306,RAMP,20.0,41.0,WORKLOAD_STEP
2026-07-09 17:47:19.253766600+05:30,24.8,46,22.4,2962.71,65.13,197,306,RAMP,20.0,41.0,WORKLOAD_STEP
2026-07-09 17:47:21.275685800+05:30,21.6,47,20.1,3022.99,65.21,198,306,RAMP,20.0,41.0,WORKLOAD_STEP
2026-07-09 17:47:23.298505700+05:30,23.4,39,21.2,2691.56,65.19,197,306,RAMP,20.0,41.0,WORKLOAD_STEP
2026-07-09 17:47:25.318984400+05:30,26.2,40,20.7,3043.08,65.23,197,306,RAMP,20.0,41.0,WORKLOAD_STEP
2026-07-09 17:47:27.339587500+05:30,22.5,37,22.1,3173.63,65.21,195,306,RAMP,20.0,41.0,WORKLOAD_STEP
2026-07-09 17:47:29.357979100+05:30,22.5,34,26.7,2822.13,65.26,195,306,RAMP,20.0,41.0,WORKLOAD_STEP
2026-07-09 17:47:31.376676+05:30,24.2,34,22.4,2882.35,65.22,194,306,RAMP,20.0,41.0,WORKLOAD_STEP
2026-07-09 17:47:33.411679700+05:30,21.1,21,24.3,3484.95,65.2,199,306,RAMP,20.0,41.0,WORKLOAD_STEP
2026-07-09 17:47:35.432053400+05:30,22.5,21,25.6,3193.72,65.19,199,306,RAMP,20.0,41.0,WORKLOAD_STEP
2026-07-09 17:47:37.452534100+05:30,21.1,16,25.3,2671.48,65.21,195,306,RAMP,20.0,41.0,WORKLOAD_STEP
2026-07-09 17:47:39.472666800+05:30,23.7,37,21.9,2912.52,65.19,195,306,RAMP,20.0,41.0,WORKLOAD_STEP
2026-07-09 17:47:41.494016100+05:30,27.0,23,26.2,2741.77,65.13,195,306,RAMP,20.0,41.0,WORKLOAD_STEP
2026-07-09 17:47:43.519532400+05:30,21.4,34,26.0,3173.64,65.18,195,306,RAMP,20.0,41.0,WORKLOAD_STEP
2026-07-09 17:47:45.541091700+05:30,20.4,15,28.9,2882.39,65.16,195,306,RAMP,20.0,41.0,WORKLOAD_STEP
2026-07-09 17:47:47.564385+05:30,24.3,29,27.6,3264.03,65.13,195,306,RAMP,20.0,41.0,WORKLOAD_STEP
2026-07-09 17:47:49.587314800+05:30,20.6,33,22.8,3053.13,65.13,195,306,RAMP,20.0,41.0,WORKLOAD_STEP
2026-07-09 17:47:51.610238800+05:30,23.9,36,20.8,2661.43,65.15,195,306,RAMP,20.0,41.0,WORKLOAD_STEP
2026-07-09 17:47:53.632837300+05:30,21.0,40,18.7,2380.22,65.17,195,306,RAMP,20.0,41.0,WORKLOAD_STEP
2026-07-09 17:47:55.653436+05:30,22.1,39,19.4,2581.08,65.18,195,306,RAMP,20.0,41.0,WORKLOAD_STEP
2026-07-09 17:47:57.673414500+05:30,21.0,39,19.0,2842.21,65.15,195,306,RAMP,20.0,41.0,WORKLOAD_STEP
2026-07-09 17:47:59.695622500+05:30,22.5,30,18.4,2952.67,65.15,195,306,RAMP,20.0,41.0,WORKLOAD_STEP
2026-07-09 17:48:01.714795100+05:30,22.5,29,23.0,2992.86,65.15,195,306,RAMP,20.0,41.0,WORKLOAD_STEP
2026-07-09 17:48:03.736138900+05:30,20.6,44,23.4,3002.9,65.16,195,306,RAMP,20.0,41.0,WORKLOAD_STEP
2026-07-09 17:48:05.763788500+05:30,23.8,36,22.4,2972.76,65.14,195,306,RAMP,20.0,41.0,WORKLOAD_STEP
2026-07-09 17:48:07.802467600+05:30,27.1,39,19.7,2631.3,65.17,195,306,RAMP,20.0,41.0,WORKLOAD_STEP
2026-07-09 17:48:09.831663600+05:30,21.8,33,18.8,3123.41,65.15,195,307,RAMP,20.0,41.0,WORKLOAD_STEP
2026-07-09 17:48:11.859777900+05:30,21.7,33,19.9,2812.08,65.11,195,305,RAMP,20.0,41.0,WORKLOAD_STEP
2026-07-09 17:48:13.883208400+05:30,21.9,40,19.0,3063.16,65.07,195,305,RAMP,20.0,41.0,WORKLOAD_STEP
2026-07-09 17:48:15.903108600+05:30,22.0,27,17.7,2942.63,65.08,195,305,RAMP,20.0,41.0,WORKLOAD_STEP
2026-07-09 17:48:17.922943300+05:30,22.0,29,19.9,2842.21,65.11,198,305,RAMP,20.0,41.0,WORKLOAD_STEP
2026-07-09 17:48:19.944155800+05:30,21.4,24,22.1,3314.23,65.12,200,305,RAMP,20.0,41.0,WORKLOAD_STEP
2026-07-09 17:48:21.963089100+05:30,24.0,27,21.3,3193.72,65.12,200,305,RAMP,20.0,41.0,WORKLOAD_STEP
2026-07-09 17:48:23.985506800+05:30,22.3,32,20.5,2862.31,65.11,199,305,RAMP,20.0,41.0,WORKLOAD_STEP
2026-07-09 17:48:26.006936500+05:30,21.1,32,20.3,2621.26,65.12,195,305,RAMP,20.0,41.0,WORKLOAD_STEP
2026-07-09 17:48:28.028482800+05:30,21.4,30,20.1,2681.53,65.11,195,305,RAMP,20.0,41.0,WORKLOAD_STEP
2026-07-09 17:48:30.046769500+05:30,22.4,34,22.3,2952.67,65.11,198,305,RAMP,20.0,41.0,WORKLOAD_STEP
2026-07-09 17:48:32.069004900+05:30,22.6,32,21.0,2962.73,65.13,198,305,RAMP,20.0,41.0,WORKLOAD_STEP
2026-07-09 17:48:34.089836600+05:30,22.0,30,23.3,3324.27,65.15,198,305,RAMP,20.0,41.0,WORKLOAD_STEP
2026-07-09 17:48:36.108774200+05:30,20.0,21,19.5,3043.06,65.13,195,305,RAMP,20.0,41.0,WORKLOAD_STEP
2026-07-09 17:48:38.137071300+05:30,24.1,33,22.2,3414.66,65.12,195,305,RAMP,20.0,41.0,WORKLOAD_STEP
2026-07-09 17:48:40.160638600+05:30,23.2,29,20.8,2761.86,65.44,195,306,RAMP,20.0,41.0,WORKLOAD_STEP
2026-07-09 17:48:42.201531800+05:30,22.5,23,20.5,3083.25,65.16,195,304,RAMP,20.0,41.0,WORKLOAD_STEP
2026-07-09 17:48:44.223655400+05:30,20.2,23,20.7,3384.53,65.21,195,304,RAMP,20.0,41.0,WORKLOAD_STEP
2026-07-09 17:48:46.244027900+05:30,21.0,33,20.8,2952.68,65.2,195,304,RAMP,20.0,41.0,WORKLOAD_STEP
2026-07-09 17:48:48.265684200+05:30,20.9,29,21.9,2992.87,65.16,195,304,RAMP,20.0,41.0,WORKLOAD_STEP
2026-07-09 17:48:50.287499200+05:30,20.1,32,20.1,3213.78,65.17,195,304,RAMP,20.0,41.0,WORKLOAD_STEP
2026-07-09 17:48:52.307983900+05:30,22.4,30,19.7,2892.41,65.15,195,304,RAMP,20.0,41.0,WORKLOAD_STEP
2026-07-09 17:48:54.326686200+05:30,20.8,27,23.5,3334.32,65.19,195,304,RAMP,20.0,41.0,WORKLOAD_STEP
2026-07-09 17:48:56.355186900+05:30,21.5,27,18.3,2972.76,65.18,195,304,RAMP,20.0,41.0,WORKLOAD_STEP
2026-07-09 17:48:58.374621100+05:30,21.1,37,20.1,2802.03,65.18,195,304,RAMP,20.0,41.0,WORKLOAD_STEP
2026-07-09 17:49:00.393616800+05:30,21.0,32,24.0,2902.47,65.17,195,304,RAMP,20.0,41.0,WORKLOAD_STEP
2026-07-09 17:49:02.413019800+05:30,24.1,39,21.0,3304.17,65.11,195,304,RAMP,20.0,41.0,WORKLOAD_STEP
2026-07-09 17:49:04.432425200+05:30,20.7,47,17.7,3043.06,65.12,195,304,RAMP,20.0,41.0,WORKLOAD_STEP
2026-07-09 17:49:06.456630600+05:30,20.8,39,19.2,3043.07,65.13,195,304,RAMP,20.0,41.0,WORKLOAD_STEP
2026-07-09 17:49:08.477498200+05:30,21.5,36,20.3,3063.16,65.15,195,304,RAMP,20.0,41.0,WORKLOAD_STEP
2026-07-09 17:49:10.502055200+05:30,26.3,36,22.6,3123.4,65.19,195,304,RAMP,20.0,41.0,WORKLOAD_STEP
2026-07-09 17:49:12.526947600+05:30,27.2,39,22.1,3264.02,65.2,195,304,RAMP,20.0,41.0,WORKLOAD_STEP
2026-07-09 17:49:14.550545900+05:30,29.9,27,20.3,2982.82,65.18,195,304,RAMP,20.0,41.0,WORKLOAD_STEP
2026-07-09 17:49:16.591297200+05:30,24.3,37,20.9,3203.75,65.16,197,304,RAMP,20.0,41.0,WORKLOAD_STEP
2026-07-09 17:49:18.612378+05:30,20.7,32,19.2,3063.16,65.18,197,304,RAMP,20.0,41.0,WORKLOAD_STEP
2026-07-09 17:49:20.632917400+05:30,22.2,40,18.1,3233.88,65.24,197,304,RAMP,20.0,41.0,WORKLOAD_STEP
2026-07-09 17:49:22.656098900+05:30,22.3,33,21.8,3002.9,65.24,197,304,RAMP,20.0,41.0,WORKLOAD_STEP
2026-07-09 17:49:24.678269400+05:30,21.9,22,22.7,3736.03,65.26,197,304,RAMP,20.0,41.0,WORKLOAD_STEP
2026-07-09 17:49:26.698380700+05:30,23.2,24,22.4,2952.67,65.21,197,304,RAMP,20.0,41.0,WORKLOAD_STEP
2026-07-09 17:49:28.719000100+05:30,25.4,40,18.6,2791.99,65.21,197,304,RAMP,20.0,41.0,WORKLOAD_STEP
2026-07-09 17:49:30.736977800+05:30,22.2,40,18.0,3053.11,65.19,197,304,RAMP,20.0,41.0,WORKLOAD_STEP
2026-07-09 17:49:32.765930800+05:30,21.1,37,19.3,2872.33,65.22,197,304,RAMP,20.0,41.0,WORKLOAD_STEP
2026-07-09 17:49:34.787711500+05:30,21.5,26,19.9,2781.95,65.24,197,304,RAMP,20.0,41.0,WORKLOAD_STEP
2026-07-09 17:49:36.810145800+05:30,20.5,34,19.2,3163.59,65.3,197,304,RAMP,20.0,41.0,WORKLOAD_STEP
2026-07-09 17:49:38.837556500+05:30,22.1,39,20.4,2581.09,65.2,197,304,RAMP,20.0,41.0,WORKLOAD_STEP
2026-07-09 17:49:40.858999500+05:30,26.1,37,21.8,2802.05,65.19,197,304,RAMP,20.0,41.0,WORKLOAD_STEP
2026-07-09 17:49:42.886700100+05:30,21.5,40,19.3,2992.85,65.19,197,304,RAMP,20.0,41.0,WORKLOAD_STEP
2026-07-09 17:49:44.912813600+05:30,20.9,30,19.5,3093.29,65.19,195,304,RAMP,20.0,41.0,WORKLOAD_STEP
2026-07-09 17:49:46.936685100+05:30,22.7,36,21.8,2842.21,65.21,195,304,RAMP,20.0,41.0,WORKLOAD_STEP
2026-07-09 17:49:48.959930600+05:30,22.3,29,27.4,2791.99,65.25,195,304,RAMP,20.0,41.0,WORKLOAD_STEP
2026-07-09 17:49:51.017997700+05:30,20.2,11,27.1,3113.38,65.22,195,304,RAMP,20.0,41.0,WORKLOAD_STEP
2026-07-09 17:49:53.040115+05:30,20.6,33,25.9,3444.81,65.22,195,304,RAMP,20.0,41.0,WORKLOAD_STEP
2026-07-09 17:49:55.064306100+05:30,23.3,32,19.6,3143.51,65.22,199,304,RAMP,20.0,41.0,WORKLOAD_STEP
2026-07-09 17:49:57.086294200+05:30,21.2,29,22.1,3223.83,65.18,197,304,RAMP,20.0,41.0,WORKLOAD_STEP
2026-07-09 17:49:59.106189200+05:30,22.9,40,18.1,2872.34,65.17,197,304,RAMP,20.0,41.0,WORKLOAD_STEP
2026-07-09 17:50:01.127276400+05:30,20.7,37,22.1,3203.76,65.18,197,304,RAMP,20.0,41.0,WORKLOAD_STEP
2026-07-09 17:50:03.145004600+05:30,22.0,36,22.0,2791.98,65.2,197,304,RAMP,20.0,41.0,WORKLOAD_STEP
2026-07-09 17:50:05.164249+05:30,20.5,37,22.7,2852.25,65.19,197,304,RAMP,20.0,41.0,WORKLOAD_STEP
2026-07-09 17:50:07.183911300+05:30,22.8,22,23.3,3103.34,65.2,197,304,RAMP,20.0,41.0,WORKLOAD_STEP
2026-07-09 17:50:09.202606100+05:30,21.2,24,20.9,3384.52,65.17,197,304,RAMP,20.0,41.0,WORKLOAD_STEP
2026-07-09 17:50:11.221657400+05:30,26.9,34,24.5,2952.69,65.15,197,304,RAMP,20.0,41.0,WORKLOAD_STEP
2026-07-09 17:50:13.239627200+05:30,20.4,41,18.2,2942.63,65.14,197,304,RAMP,20.0,41.0,WORKLOAD_STEP
2026-07-09 17:50:15.259607500+05:30,22.1,40,17.0,2741.77,65.13,198,304,RAMP,20.0,41.0,WORKLOAD_STEP
2026-07-09 17:50:17.282565400+05:30,24.9,36,20.5,2490.69,65.14,198,304,RAMP,20.0,41.0,WORKLOAD_STEP
2026-07-09 17:50:19.308394200+05:30,29.1,22,21.3,3063.15,65.14,198,304,RAMP,20.0,41.0,WORKLOAD_STEP
2026-07-09 17:50:21.329738400+05:30,25.7,32,21.1,3193.71,65.12,198,304,RAMP,20.0,41.0,WORKLOAD_STEP
2026-07-09 17:50:23.349485900+05:30,21.2,40,18.5,2701.59,65.2,198,304,RAMP,20.0,42.0,WORKLOAD_STEP
2026-07-09 17:50:25.402186800+05:30,20.7,45,9.8,2109.06,65.13,196,304,RAMP,20.0,42.0,WORKLOAD_STEP
2026-07-09 17:50:27.423642800+05:30,21.5,44,10.9,2249.66,65.17,196,304,RAMP,20.0,42.0,WORKLOAD_STEP
2026-07-09 17:50:29.460333700+05:30,20.8,42,13.0,2530.88,65.17,196,304,RAMP,20.0,42.0,WORKLOAD_STEP
2026-07-09 17:50:31.484809900+05:30,21.3,32,21.4,2832.16,65.17,199,304,RAMP,20.0,42.0,WORKLOAD_STEP
2026-07-09 17:50:33.510684800+05:30,22.4,40,22.2,3213.82,65.15,199,304,RAMP,20.0,42.0,WORKLOAD_STEP
2026-07-09 17:50:35.532153200+05:30,23.5,40,19.5,3022.98,65.14,196,304,RAMP,20.0,42.0,WORKLOAD_STEP
2026-07-09 17:50:37.553623900+05:30,22.5,40,19.4,2661.38,65.15,196,304,RAMP,20.0,42.0,WORKLOAD_STEP
2026-07-09 17:50:39.574238400+05:30,21.4,46,18.4,3113.37,65.21,196,304,RAMP,20.0,42.0,WORKLOAD_STEP
2026-07-09 17:50:41.597552+05:30,24.8,36,21.9,2892.43,65.26,196,304,RAMP,20.0,42.0,WORKLOAD_STEP
2026-07-09 17:50:43.637364+05:30,22.8,40,17.0,2842.2,65.25,196,304,RAMP,20.0,42.0,WORKLOAD_STEP
2026-07-09 17:50:45.661665300+05:30,22.1,40,18.4,2791.98,65.21,196,304,RAMP,20.0,42.0,WORKLOAD_STEP
2026-07-09 17:50:47.684780+05:30,22.7,33,16.9,3002.89,65.19,196,304,RAMP,20.0,42.0,WORKLOAD_STEP
2026-07-09 17:50:49.708957400+05:30,22.5,40,16.9,2822.13,65.17,196,304,RAMP,20.0,42.0,WORKLOAD_STEP
2026-07-09 17:50:51.731123500+05:30,20.5,40,17.5,3133.47,65.21,196,304,RAMP,20.0,42.0,WORKLOAD_STEP
2026-07-09 17:50:53.752675+05:30,24.0,39,20.5,2912.51,65.22,196,304,RAMP,20.0,42.0,WORKLOAD_STEP
2026-07-09 17:50:55.772815800+05:30,20.5,40,19.9,2621.26,65.17,196,304,RAMP,20.0,42.0,WORKLOAD_STEP
2026-07-09 17:50:57.808670700+05:30,22.0,39,17.8,2972.77,65.17,196,304,RAMP,20.0,42.0,WORKLOAD_STEP
2026-07-09 17:50:59.828109900+05:30,2.5,49,4.0,2109.06,65.14,196,304,RAMP,0.0,43.0,WORKLOAD_STEP
2026-07-09 17:51:01.856751200+05:30,2.4,50,4.3,2109.06,65.16,196,304,RAMP,0.0,43.0,WORKLOAD_STEP
2026-07-09 17:51:03.883503700+05:30,1.3,50,3.8,2109.06,65.14,196,304,RAMP,0.0,43.0,WORKLOAD_STEP
2026-07-09 17:51:05.911079600+05:30,1.7,52,4.2,2109.06,65.13,196,304,RAMP,0.0,43.0,WORKLOAD_STEP
2026-07-09 17:51:07.939466+05:30,2.2,52,3.9,2109.06,65.12,196,304,RAMP,0.0,43.0,WORKLOAD_STEP
2026-07-09 17:51:09.966889600+05:30,1.6,52,3.9,2109.06,65.33,196,306,RAMP,0.0,43.0,WORKLOAD_STEP
2026-07-09 17:51:11.991611100+05:30,2.0,52,4.1,2109.06,65.13,196,304,RAMP,0.0,43.0,WORKLOAD_STEP
2026-07-09 17:51:14.019713600+05:30,2.0,52,3.9,2109.06,65.15,196,304,RAMP,0.0,43.0,WORKLOAD_STEP
2026-07-09 17:51:16.044980700+05:30,3.1,52,4.2,2109.06,65.15,196,304,RAMP,0.0,43.0,WORKLOAD_STEP
2026-07-09 17:51:18.073592500+05:30,2.5,52,4.5,2109.06,65.16,196,304,RAMP,0.0,43.0,WORKLOAD_STEP
2026-07-09 17:51:20.102326900+05:30,2.9,53,3.9,2109.06,65.14,196,304,RAMP,0.0,43.0,WORKLOAD_STEP
2026-07-09 17:51:22.130655800+05:30,3.5,53,4.0,2109.06,65.14,196,304,RAMP,0.0,43.0,WORKLOAD_STEP
2026-07-09 17:51:24.157467700+05:30,10.9,50,8.2,2109.06,65.15,196,304,RAMP,0.0,43.0,WORKLOAD_STEP
2026-07-09 17:51:26.175980+05:30,6.1,52,7.6,2109.06,65.17,196,304,RAMP,0.0,43.0,WORKLOAD_STEP
2026-07-09 17:51:28.203218600+05:30,8.4,52,6.3,2109.06,65.15,196,304,RAMP,0.0,43.0,WORKLOAD_STEP
2026-07-09 17:51:30.232754800+05:30,1.4,53,4.0,2109.06,65.15,196,304,RAMP,0.0,43.0,WORKLOAD_STEP
2026-07-09 17:51:32.273129900+05:30,4.6,53,5.0,2109.06,65.14,196,304,RAMP,0.0,43.0,WORKLOAD_STEP
2026-07-09 17:51:34.302465500+05:30,1.5,54,4.1,2109.06,65.14,196,304,RAMP,0.0,43.0,WORKLOAD_STEP
2026-07-09 17:51:36.329960600+05:30,2.6,53,5.1,2109.06,65.14,196,304,RAMP,0.0,43.0,WORKLOAD_STEP
2026-07-09 17:51:38.356394400+05:30,5.7,52,4.3,2109.06,65.14,196,304,RAMP,0.0,43.0,WORKLOAD_STEP
2026-07-09 17:51:40.381997100+05:30,8.1,50,5.1,2129.15,65.18,196,304,RAMP,0.0,43.0,WORKLOAD_STEP
2026-07-09 17:51:42.409264+05:30,3.9,54,5.2,2129.15,65.1,196,304,RAMP,0.0,43.0,WORKLOAD_STEP
2026-07-09 17:51:44.438187700+05:30,2.6,53,4.2,2109.06,65.11,196,304,RAMP,0.0,43.0,WORKLOAD_STEP
2026-07-09 17:51:46.466929900+05:30,1.2,54,4.1,2109.06,65.12,196,304,RAMP,0.0,43.0,WORKLOAD_STEP
2026-07-09 17:51:48.493261500+05:30,2.8,54,4.1,2109.06,65.15,196,304,RAMP,0.0,43.0,WORKLOAD_STEP
2026-07-09 17:51:50.521943500+05:30,1.4,54,4.0,2109.06,65.11,196,304,RAMP,0.0,43.0,WORKLOAD_STEP
2026-07-09 17:51:52.552658600+05:30,2.0,53,4.0,2109.06,65.18,196,304,RAMP,0.0,43.0,WORKLOAD_STEP
2026-07-09 17:51:54.604063500+05:30,1.7,54,5.2,2109.06,65.19,196,304,RAMP,0.0,43.0,WORKLOAD_STEP
2026-07-09 17:51:56.632989900+05:30,0.8,54,5.4,2309.92,65.15,196,304,RAMP,0.0,43.0,WORKLOAD_STEP
2026-07-09 17:51:58.664121+05:30,0.9,58,5.9,2109.06,65.13,196,304,RAMP,0.0,43.0,WORKLOAD_STEP
2026-07-09 17:52:00.691510300+05:30,1.4,54,4.1,2109.06,65.14,196,304,RAMP,0.0,43.0,WORKLOAD_STEP
2026-07-09 17:52:02.720905800+05:30,0.6000000000000001,54,5.1,2139.18,65.13,195,304,RAMP,0.0,43.0,WORKLOAD_STEP
2026-07-09 17:52:04.751152800+05:30,1.4,54,4.2,2109.06,65.13,195,304,RAMP,0.0,43.0,WORKLOAD_STEP
2026-07-09 17:52:06.788878+05:30,1.0,55,4.8,2109.06,65.13,195,304,RAMP,0.0,43.0,WORKLOAD_STEP
2026-07-09 17:52:08.819321100+05:30,2.3,55,4.3,2109.06,65.14,195,304,RAMP,0.0,43.0,WORKLOAD_STEP
2026-07-09 17:52:10.848258700+05:30,5.8,53,5.0,2109.06,65.16,195,304,RAMP,0.0,43.0,WORKLOAD_STEP
2026-07-09 17:52:12.869289500+05:30,1.3,54,5.0,2109.06,65.16,195,304,RAMP,0.0,43.0,WORKLOAD_STEP
2026-07-09 17:52:14.898433800+05:30,3.0,54,4.2,2109.06,65.14,195,304,RAMP,0.0,43.0,WORKLOAD_STEP
2026-07-09 17:52:16.937559900+05:30,0.8,54,3.8,2109.06,65.14,195,304,RAMP,0.0,43.0,WORKLOAD_STEP
2026-07-09 17:52:18.967882800+05:30,2.1,54,4.5,2109.06,65.14,195,304,RAMP,0.0,43.0,WORKLOAD_STEP
2026-07-09 17:52:20.988206+05:30,0.6000000000000001,55,3.6,2109.06,65.14,195,304,RAMP,0.0,43.0,WORKLOAD_STEP
2026-07-09 17:52:23.017012900+05:30,3.1,54,5.0,2109.06,65.19,195,304,RAMP,0.0,43.0,WORKLOAD_STEP
2026-07-09 17:52:25.039872300+05:30,1.2,55,3.8,2109.06,65.18,195,304,RAMP,0.0,43.0,WORKLOAD_STEP
2026-07-09 17:52:27.065807200+05:30,2.6,54,5.0,2109.06,65.17,195,304,RAMP,0.0,43.0,WORKLOAD_STEP
2026-07-09 17:52:29.095378600+05:30,1.7,54,4.8,2550.96,65.15,195,304,RAMP,0.0,43.0,WORKLOAD_STEP
2026-07-09 17:52:31.127050800+05:30,7.1,54,6.7,2440.48,65.16,198,304,RAMP,0.0,43.0,WORKLOAD_STEP
2026-07-09 17:52:33.165204100+05:30,11.8,53,7.6,2109.06,65.15,200,304,RAMP,0.0,43.0,WORKLOAD_STEP
2026-07-09 17:52:35.184806500+05:30,1.0,55,3.8,2109.06,65.15,197,304,RAMP,0.0,43.0,WORKLOAD_STEP
2026-07-09 17:52:37.211248600+05:30,2.3,58,4.1,2109.06,65.15,197,304,RAMP,0.0,43.0,WORKLOAD_STEP
2026-07-09 17:52:39.240457900+05:30,1.7,57,3.8,2109.06,65.15,197,304,RAMP,0.0,43.0,WORKLOAD_STEP
2026-07-09 17:52:41.279753200+05:30,5.1,54,5.3,2109.06,65.17,197,304,RAMP,0.0,44.0,WORKLOAD_STEP
2026-07-09 17:52:43.307362200+05:30,2.5,55,3.8,2109.06,65.17,197,304,RAMP,0.0,44.0,WORKLOAD_STEP
2026-07-09 17:52:45.336602900+05:30,5.1,57,5.7,2219.53,65.17,203,304,RAMP,0.0,44.0,WORKLOAD_STEP
2026-07-09 17:52:47.365243300+05:30,11.4,53,11.8,2109.06,65.36,206,306,RAMP,0.0,44.0,WORKLOAD_STEP
2026-07-09 17:52:49.385105300+05:30,20.3,50,10.1,2109.06,65.65,207,306,RAMP,0.0,44.0,WORKLOAD_STEP
2026-07-09 17:52:51.406141900+05:30,71.7,36,34.8,2741.75,66.56,213,306,RAMP,0.0,44.0,WORKLOAD_STEP
2026-07-09 17:52:53.446033900+05:30,40.3,37,28.4,3073.19,66.51,218,306,RAMP,0.0,44.0,WORKLOAD_STEP
2026-07-09 17:52:55.463947600+05:30,21.6,42,22.0,2109.06,66.55,217,306,RAMP,0.0,44.0,WORKLOAD_STEP
2026-07-09 17:52:57.495396900+05:30,7.1,49,7.4,2109.06,66.57,217,306,RAMP,0.0,44.0,WORKLOAD_STEP
2026-07-09 17:52:59.525029600+05:30,1.7,54,3.8,2109.06,66.53,217,306,RAMP,0.0,44.0,WORKLOAD_STEP
2026-07-09 17:53:01.546207300+05:30,3.5,54,5.2,2259.71,66.54,215,306,RAMP,0.0,44.0,WORKLOAD_STEP
2026-07-09 17:53:03.577397800+05:30,3.5,42,11.5,3193.73,66.51,216,306,RAMP,0.0,44.0,WORKLOAD_STEP
2026-07-09 17:53:05.606562800+05:30,4.9,53,6.7,2119.1,66.52,216,306,RAMP,0.0,44.0,WORKLOAD_STEP
2026-07-09 17:53:07.636687600+05:30,4.0,54,5.5,2109.06,66.51,216,306,RAMP,0.0,44.0,WORKLOAD_STEP
2026-07-09 17:53:09.669106900+05:30,0.6000000000000001,54,3.8,2109.06,66.52,216,306,RAMP,0.0,44.0,WORKLOAD_STEP
2026-07-09 17:53:11.699015900+05:30,7.4,54,5.0,2119.1,66.56,216,306,RAMP,0.0,44.0,WORKLOAD_STEP
2026-07-09 17:53:13.731136200+05:30,2.6,54,5.3,2109.06,66.55,216,306,RAMP,0.0,44.0,WORKLOAD_STEP
2026-07-09 17:53:15.764722900+05:30,53.5,37,29.8,2591.13,66.61,216,306,RAMP,0.0,44.0,WORKLOAD_STEP
2026-07-09 17:53:17.783433800+05:30,6.7,50,9.2,2109.06,66.56,216,306,RAMP,0.0,44.0,WORKLOAD_STEP
2026-07-09 17:53:19.821988200+05:30,8.6,50,10.9,2109.06,66.57,215,306,RAMP,0.0,44.0,WORKLOAD_STEP
2026-07-09 17:53:21.857401400+05:30,2.1,54,4.6,2109.06,66.57,213,306,RAMP,0.0,44.0,WORKLOAD_STEP
2026-07-09 17:53:23.886160400+05:30,3.2,54,4.1,2109.06,66.56,209,306,RAMP,0.0,44.0,WORKLOAD_STEP
2026-07-09 17:53:25.918156700+05:30,1.7,54,3.8,2109.06,66.56,209,306,RAMP,0.0,44.0,WORKLOAD_STEP
2026-07-09 17:53:27.947564600+05:30,4.4,54,4.9,2109.06,66.54,209,306,RAMP,0.0,44.0,WORKLOAD_STEP
2026-07-09 17:53:29.976624700+05:30,1.7,54,3.8,2109.06,66.53,209,306,RAMP,0.0,44.0,WORKLOAD_STEP
2026-07-09 17:53:32.005333900+05:30,5.3,53,5.1,2109.06,66.51,206,306,RAMP,0.0,44.0,WORKLOAD_STEP
2026-07-09 17:53:34.034034400+05:30,1.6,54,4.0,2109.06,66.04,206,306,RAMP,0.0,44.0,WORKLOAD_STEP
2026-07-09 17:53:36.064100600+05:30,5.9,53,7.3,2330.01,66.08,206,306,RAMP,0.0,44.0,WORKLOAD_STEP
2026-07-09 17:53:38.091787100+05:30,4.4,54,6.2,2109.06,66.08,206,306,RAMP,0.0,44.0,WORKLOAD_STEP
2026-07-09 17:53:40.112768500+05:30,6.6,53,8.2,2490.69,66.31,206,308,RAMP,0.0,44.0,WORKLOAD_STEP
2026-07-09 17:53:42.133164100+05:30,3.9,54,4.3,2109.06,66.09,206,306,RAMP,0.0,44.0,WORKLOAD_STEP
2026-07-09 17:53:44.159111100+05:30,2.0,55,4.1,2109.06,66.09,206,306,RAMP,0.0,44.0,WORKLOAD_STEP
2026-07-09 17:53:46.188403600+05:30,1.5,60,4.2,2109.06,66.09,206,306,RAMP,0.0,44.0,WORKLOAD_STEP
2026-07-09 17:53:48.227942600+05:30,2.4,55,4.8,1958.41,66.05,206,305,RAMP,0.0,44.0,WORKLOAD_STEP
2026-07-09 17:53:50.258117100+05:30,1.2,57,4.1,2109.06,66.04,206,305,RAMP,0.0,44.0,WORKLOAD_STEP
2026-07-09 17:53:52.285737500+05:30,3.1,54,5.5,2109.06,66.11,206,305,RAMP,0.0,44.0,WORKLOAD_STEP
2026-07-09 17:53:54.334321600+05:30,4.2,54,5.2,2239.63,66.04,206,305,RAMP,0.0,44.0,WORKLOAD_STEP
2026-07-09 17:53:56.352994100+05:30,1.0,55,3.9,2109.06,66.04,206,305,RAMP,0.0,44.0,WORKLOAD_STEP
2026-07-09 17:53:58.384304500+05:30,0.6000000000000001,55,4.4,1958.41,66.06,206,305,RAMP,0.0,44.0,WORKLOAD_STEP
2026-07-09 17:54:00.416187300+05:30,1.6,57,4.4,2109.06,66.09,206,305,RAMP,0.0,44.0,WORKLOAD_STEP
2026-07-09 17:54:02.441805700+05:30,1.9000000000000001,55,5.5,2440.48,66.04,206,305,RAMP,0.0,44.0,WORKLOAD_STEP
2026-07-09 17:54:04.471016200+05:30,1.4,57,4.0,2109.06,66.03,205,305,RAMP,0.0,44.0,WORKLOAD_STEP
2026-07-09 17:54:06.498634200+05:30,0.8,55,4.7,2109.06,66.02,205,305,RAMP,0.0,44.0,WORKLOAD_STEP
2026-07-09 17:54:08.528275+05:30,2.4,57,4.2,2109.06,66.01,205,305,RAMP,0.0,44.0,WORKLOAD_STEP
2026-07-09 17:54:10.557417400+05:30,6.8,54,4.7,2109.06,66.03,205,305,RAMP,0.0,44.0,WORKLOAD_STEP
2026-07-09 17:54:12.586116800+05:30,1.3,57,4.2,2109.06,66.02,205,305,RAMP,0.0,44.0,WORKLOAD_STEP
2026-07-09 17:54:14.614768200+05:30,9.2,55,10.5,2109.06,66.12,209,305,RAMP,0.0,44.0,WORKLOAD_STEP
2026-07-09 17:54:16.645093200+05:30,1.1,57,4.4,2109.06,66.12,209,304,RAMP,0.0,44.0,WORKLOAD_STEP
2026-07-09 17:54:18.673178600+05:30,3.8,57,4.6,2109.06,66.14,209,304,RAMP,0.0,44.0,WORKLOAD_STEP
2026-07-09 17:54:20.701941100+05:30,2.1,55,3.9,2109.06,66.14,209,304,RAMP,0.0,44.0,WORKLOAD_STEP
2026-07-09 17:54:22.740859300+05:30,3.2,60,4.4,2109.06,66.14,209,304,RAMP,0.0,44.0,WORKLOAD_STEP
2026-07-09 17:54:24.776986100+05:30,0.7000000000000001,57,3.6,2109.06,66.14,209,304,RAMP,0.0,44.0,WORKLOAD_STEP
2026-07-09 17:54:26.804992+05:30,3.1,57,4.4,2109.06,66.15,209,304,RAMP,0.0,44.0,WORKLOAD_STEP
2026-07-09 17:54:28.833999800+05:30,1.4,61,3.7,2109.06,66.15,208,304,RAMP,0.0,44.0,WORKLOAD_STEP
2026-07-09 17:54:30.863485500+05:30,0.8,58,4.1,2169.31,66.15,211,304,RAMP,0.0,44.0,WORKLOAD_STEP
2026-07-09 17:54:32.888053500+05:30,1.1,57,3.8,2109.06,66.14,211,304,RAMP,0.0,44.0,WORKLOAD_STEP
2026-07-09 17:54:34.915954300+05:30,0.9,57,3.6,2109.06,66.14,208,304,RAMP,0.0,44.0,WORKLOAD_STEP
2026-07-09 17:54:36.944465+05:30,1.7,58,3.7,2109.06,66.14,208,304,RAMP,0.0,44.0,WORKLOAD_STEP
2026-07-09 17:54:38.974448900+05:30,0.5,57,3.8,2109.06,66.14,206,304,RAMP,0.0,44.0,WORKLOAD_STEP
2026-07-09 17:54:41.002690+05:30,7.5,55,8.2,2109.06,66.18,206,304,RAMP,0.0,44.0,WORKLOAD_STEP
2026-07-09 17:54:43.033227300+05:30,3.3,57,5.3,2109.06,66.18,206,304,RAMP,0.0,44.0,WORKLOAD_STEP
2026-07-09 17:54:45.054614300+05:30,11.1,55,5.6,2109.06,66.2,206,304,RAMP,0.0,44.0,WORKLOAD_STEP
2026-07-09 17:54:47.074373800+05:30,0.9,57,3.7,2109.06,66.19,204,304,RAMP,0.0,44.0,WORKLOAD_STEP
2026-07-09 17:54:49.111158300+05:30,3.9,57,4.1,2109.06,66.16,204,304,RAMP,0.0,44.0,WORKLOAD_STEP
2026-07-09 17:54:51.141875200+05:30,0.8,57,4.5,2109.06,66.16,204,304,RAMP,0.0,44.0,WORKLOAD_STEP
2026-07-09 17:54:53.171220300+05:30,3.0,57,4.5,2109.06,66.16,204,304,RAMP,0.0,44.0,WORKLOAD_STEP
2026-07-09 17:54:55.201033300+05:30,5.7,57,5.0,2109.06,66.21,204,304,RAMP,0.0,44.0,WORKLOAD_STEP
2026-07-09 17:54:57.241148100+05:30,5.6,55,5.5,2109.06,66.21,204,304,RAMP,0.0,44.0,WORKLOAD_STEP
2026-07-09 17:54:59.268935900+05:30,2.9,57,5.1,2008.62,66.2,204,304,RAMP,0.0,44.0,WORKLOAD_STEP
2026-07-09 17:55:01.298504200+05:30,4.0,61,4.9,2159.28,66.2,204,304,RAMP,0.0,44.0,WORKLOAD_STEP
2026-07-09 17:55:03.325466200+05:30,0.7000000000000001,57,3.7,2109.06,66.19,204,304,RAMP,0.0,44.0,WORKLOAD_STEP
2026-07-09 17:55:05.354907800+05:30,1.3,55,4.5,2109.06,66.2,204,304,RAMP,0.0,44.0,WORKLOAD_STEP
2026-07-09 17:55:07.382596300+05:30,1.4,55,3.5,2109.06,66.19,204,304,RAMP,0.0,44.0,WORKLOAD_STEP
2026-07-09 17:55:09.410364900+05:30,1.7,55,3.7,2109.06,66.26,204,304,RAMP,0.0,44.0,WORKLOAD_STEP
2026-07-09 17:55:11.450477300+05:30,5.3,54,5.4,2109.06,66.18,204,304,RAMP,0.0,44.0,WORKLOAD_STEP
2026-07-09 17:55:13.479290800+05:30,2.3,57,3.7,2109.06,66.17,204,304,RAMP,0.0,44.0,WORKLOAD_STEP
2026-07-09 17:55:15.509124400+05:30,1.0,57,3.7,2109.06,66.16,204,304,RAMP,0.0,44.0,WORKLOAD_STEP
2026-07-09 17:55:17.536219+05:30,1.5,55,3.9,2109.06,66.16,205,304,RAMP,0.0,44.0,WORKLOAD_STEP
2026-07-09 17:55:19.565750500+05:30,2.4,57,3.6,2109.06,66.16,203,304,RAMP,0.0,44.0,WORKLOAD_STEP
2026-07-09 17:55:21.595317400+05:30,0.8,57,3.8,2109.06,66.15,204,304,RAMP,0.0,44.0,WORKLOAD_STEP
2026-07-09 17:55:23.620897200+05:30,3.5,57,4.3,2109.06,66.15,205,304,RAMP,0.0,44.0,WORKLOAD_STEP
2026-07-09 17:55:25.648514600+05:30,0.6000000000000001,57,3.7,2109.06,66.15,205,304,RAMP,0.0,44.0,WORKLOAD_STEP
2026-07-09 17:55:27.677493+05:30,3.0,57,4.2,2109.06,66.15,205,304,RAMP,0.0,44.0,WORKLOAD_STEP
2026-07-09 17:55:29.717922900+05:30,0.8,57,3.8,2109.06,66.15,205,304,RAMP,0.0,44.0,WORKLOAD_STEP
2026-07-09 17:55:31.746293+05:30,3.3,57,4.6,2109.06,66.15,205,304,RAMP,0.0,44.0,WORKLOAD_STEP
2026-07-09 17:55:33.773394500+05:30,2.4,57,3.8,2109.06,66.15,205,304,RAMP,0.0,44.0,WORKLOAD_STEP
2026-07-09 17:55:35.804089600+05:30,2.7,57,4.5,2109.06,66.17,203,304,RAMP,0.0,44.0,WORKLOAD_STEP
2026-07-09 17:55:37.833805400+05:30,2.2,57,3.9,2109.06,66.15,203,304,RAMP,0.0,44.0,WORKLOAD_STEP
2026-07-09 17:55:39.863354900+05:30,2.1,57,4.5,2109.06,66.15,205,304,RAMP,0.0,44.0,WORKLOAD_STEP
2026-07-09 17:55:41.892645600+05:30,3.7,57,4.3,2109.02,66.15,205,304,RAMP,0.0,44.0,WORKLOAD_STEP
2026-07-09 17:55:43.921797300+05:30,0.9,57,4.1,2109.06,66.16,205,304,RAMP,0.0,44.0,WORKLOAD_STEP
2026-07-09 17:55:45.950272800+05:30,0.9,57,3.8,2109.06,66.15,205,304,RAMP,0.0,44.0,WORKLOAD_STEP
2026-07-09 17:55:47.978392800+05:30,5.1,57,5.4,2008.62,66.16,205,304,RAMP,0.0,44.0,WORKLOAD_STEP
2026-07-09 17:55:49.996465900+05:30,9.0,60,4.7,2109.06,66.15,205,304,RAMP,0.0,44.0,WORKLOAD_STEP
2026-07-09 17:55:52.026128100+05:30,6.5,55,5.9,2109.06,66.23,207,304,RAMP,0.0,44.0,WORKLOAD_STEP
2026-07-09 17:55:54.068476700+05:30,1.2,58,3.7,2109.06,66.16,205,304,RAMP,0.0,44.0,WORKLOAD_STEP
2026-07-09 17:55:56.096155100+05:30,1.8,57,3.8,2109.06,66.15,205,304,RAMP,0.0,44.0,WORKLOAD_STEP
2026-07-09 17:55:58.129271100+05:30,3.5,61,3.8,2109.06,66.15,205,304,RAMP,0.0,44.0,WORKLOAD_STEP
2026-07-09 17:56:00.158201800+05:30,1.9000000000000001,57,3.8,2109.06,66.15,205,304,RAMP,0.0,44.0,WORKLOAD_STEP
2026-07-09 17:56:02.182528400+05:30,3.7,57,4.4,2159.27,66.13,205,304,RAMP,0.0,44.0,WORKLOAD_STEP
2026-07-09 17:56:04.215943+05:30,6.0,55,5.6,2269.74,66.13,205,304,RAMP,0.0,44.0,WORKLOAD_STEP
2026-07-09 17:56:06.233926300+05:30,5.6,57,4.5,2109.06,66.11,205,304,RAMP,0.0,44.0,WORKLOAD_STEP
2026-07-09 17:56:08.263507600+05:30,1.7,57,3.7,2109.06,66.11,205,304,RAMP,0.0,44.0,WORKLOAD_STEP
2026-07-09 17:56:10.282169900+05:30,4.1,57,4.3,2109.06,66.35,205,306,RAMP,0.0,44.0,WORKLOAD_STEP
2026-07-09 17:56:12.306858800+05:30,1.3,57,3.9,2109.06,66.12,205,304,RAMP,0.0,44.0,WORKLOAD_STEP
2026-07-09 17:56:14.330559100+05:30,5.0,58,4.5,2109.06,66.09,205,304,RAMP,0.0,44.0,WORKLOAD_STEP
2026-07-09 17:56:16.358671400+05:30,1.5,58,3.8,2109.06,66.08,206,304,RAMP,0.0,44.0,WORKLOAD_STEP
2026-07-09 17:56:18.387757300+05:30,1.5,58,4.4,2159.27,66.08,205,304,RAMP,0.0,44.0,WORKLOAD_STEP
2026-07-09 17:56:20.417666500+05:30,3.1,59,3.7,2109.06,66.09,205,304,RAMP,0.0,44.0,WORKLOAD_STEP
2026-07-09 17:56:22.443652+05:30,1.6,58,3.7,2109.06,66.08,205,304,RAMP,0.0,44.0,WORKLOAD_STEP
2026-07-09 17:56:24.473445500+05:30,1.5,59,3.8,2109.06,66.08,201,304,RAMP,0.0,44.0,WORKLOAD_STEP
2026-07-09 17:56:26.504301600+05:30,1.4,58,3.7,2109.06,66.08,202,304,RAMP,0.0,44.0,WORKLOAD_STEP
2026-07-09 17:56:28.531992600+05:30,1.8,58,3.8,2109.06,66.08,201,304,RAMP,0.0,45.0,WORKLOAD_STEP
2026-07-09 17:56:30.558577100+05:30,1.5,58,3.8,2109.06,66.09,204,304,RAMP,0.0,45.0,WORKLOAD_STEP
2026-07-09 17:56:32.647073200+05:30,3.2,58,4.1,2109.06,66.08,204,304,RAMP,0.0,45.0,WORKLOAD_STEP
2026-07-09 17:56:34.673770700+05:30,2.2,58,4.5,2109.06,66.08,204,304,RAMP,0.0,45.0,WORKLOAD_STEP
2026-07-09 17:56:36.707105100+05:30,3.1,58,3.9,2109.06,66.08,201,304,RAMP,0.0,45.0,WORKLOAD_STEP
2026-07-09 17:56:38.747234900+05:30,2.4,58,4.5,2109.06,66.08,201,304,RAMP,0.0,45.0,WORKLOAD_STEP
2026-07-09 17:56:40.776959500+05:30,3.8,57,4.9,2109.06,66.1,201,304,RAMP,0.0,45.0,WORKLOAD_STEP
2026-07-09 17:56:42.798022400+05:30,1.6,58,4.4,2109.06,66.09,201,304,RAMP,0.0,45.0,WORKLOAD_STEP
2026-07-09 17:56:44.822112800+05:30,3.8,58,4.9,2109.06,66.08,201,304,RAMP,0.0,45.0,WORKLOAD_STEP
2026-07-09 17:56:46.849275600+05:30,2.7,58,4.1,2109.06,66.08,201,304,RAMP,0.0,45.0,WORKLOAD_STEP
2026-07-09 17:56:48.880438400+05:30,2.1,58,4.6,2109.06,66.13,201,304,RAMP,0.0,45.0,WORKLOAD_STEP
2026-07-09 17:56:50.905907200+05:30,0.6000000000000001,58,3.9,2470.61,66.13,201,304,RAMP,0.0,45.0,WORKLOAD_STEP
2026-07-09 17:56:52.925129700+05:30,6.6,57,4.5,2340.05,66.11,201,304,RAMP,0.0,45.0,WORKLOAD_STEP
2026-07-09 17:56:54.943860400+05:30,5.4,57,7.4,2109.06,66.1,203,304,RAMP,0.0,45.0,WORKLOAD_STEP
2026-07-09 17:56:56.974895700+05:30,5.1,57,4.9,2109.06,66.1,203,304,RAMP,0.0,45.0,WORKLOAD_STEP
2026-07-09 17:56:58.999041600+05:30,0.9,58,4.1,2109.06,66.1,203,304,RAMP,0.0,45.0,WORKLOAD_STEP
2026-07-09 17:57:01.023986600+05:30,3.8,59,3.9,2109.06,66.1,203,304,RAMP,0.0,45.0,WORKLOAD_STEP
2026-07-09 17:57:03.052701200+05:30,0.7000000000000001,58,4.1,2330.01,66.1,203,304,RAMP,0.0,45.0,WORKLOAD_STEP
2026-07-09 17:57:05.075148700+05:30,2.9,58,4.0,2109.06,66.1,203,304,RAMP,0.0,45.0,WORKLOAD_STEP
2026-07-09 17:57:07.101875200+05:30,1.3,58,3.9,2109.06,66.1,203,304,RAMP,0.0,45.0,WORKLOAD_STEP
2026-07-09 17:57:09.130151700+05:30,4.8,57,5.1,2340.05,66.1,203,304,RAMP,0.0,45.0,WORKLOAD_STEP
2026-07-09 17:57:11.193499300+05:30,3.9,58,7.7,2269.74,66.13,203,304,RAMP,0.0,45.0,WORKLOAD_STEP
2026-07-09 17:57:13.233552300+05:30,3.2,58,4.2,2109.06,66.12,203,304,RAMP,0.0,45.0,WORKLOAD_STEP
2026-07-09 17:57:15.260155200+05:30,1.5,59,3.6,2109.06,66.12,203,304,RAMP,0.0,45.0,WORKLOAD_STEP
2026-07-09 17:57:17.286855300+05:30,1.1,58,3.9,2109.06,66.11,204,304,RAMP,0.0,45.0,WORKLOAD_STEP
2026-07-09 17:57:19.315444700+05:30,0.8,58,4.9,2380.23,66.34,202,307,RAMP,0.0,45.0,WORKLOAD_STEP
2026-07-09 17:57:21.333148900+05:30,2.7,58,4.8,2109.06,66.49,204,308,RAMP,0.0,45.0,WORKLOAD_STEP
2026-07-09 17:57:23.361574900+05:30,1.9000000000000001,58,3.8,2109.06,66.34,202,308,RAMP,0.0,45.0,WORKLOAD_STEP
2026-07-09 17:57:25.390410100+05:30,4.0,58,3.6,2109.06,66.33,202,308,RAMP,0.0,45.0,WORKLOAD_STEP
2026-07-09 17:57:27.419887500+05:30,3.3,58,4.2,2109.06,66.34,202,308,RAMP,0.0,45.0,WORKLOAD_STEP
2026-07-09 17:57:29.449903600+05:30,0.8,58,3.7,2109.06,66.33,202,308,RAMP,0.0,45.0,WORKLOAD_STEP
2026-07-09 17:57:31.480810300+05:30,3.1,58,4.6,2109.06,66.33,201,308,RAMP,0.0,45.0,WORKLOAD_STEP
2026-07-09 17:57:33.507928800+05:30,1.2,59,3.8,2109.06,66.32,201,308,RAMP,0.0,45.0,WORKLOAD_STEP
2026-07-09 17:57:35.530350900+05:30,3.0,58,4.5,2109.06,66.32,201,308,RAMP,0.0,45.0,WORKLOAD_STEP
2026-07-09 17:57:37.552832500+05:30,1.5,59,3.7,2109.06,66.31,201,308,RAMP,0.0,45.0,WORKLOAD_STEP
2026-07-09 17:57:39.583633600+05:30,1.2,58,4.3,2340.05,66.32,201,308,RAMP,0.0,45.0,WORKLOAD_STEP
2026-07-09 17:57:41.612316600+05:30,2.5,58,4.4,2109.06,66.32,201,308,RAMP,0.0,45.0,WORKLOAD_STEP
2026-07-09 17:57:43.641223700+05:30,0.8,58,3.8,2109.06,66.39,201,308,RAMP,0.0,45.0,WORKLOAD_STEP
2026-07-09 17:57:45.683455100+05:30,2.2,58,3.6,2109.06,66.33,201,308,RAMP,0.0,45.0,WORKLOAD_STEP
2026-07-09 17:57:47.710634300+05:30,1.4,59,3.9,2109.06,66.32,201,308,RAMP,0.0,45.0,WORKLOAD_STEP
2026-07-09 17:57:49.740417400+05:30,1.4,58,3.8,2109.06,66.43,201,308,RAMP,0.0,45.0,WORKLOAD_STEP
2026-07-09 17:57:51.771465200+05:30,7.2,57,5.9,2571.04,66.57,201,307,RAMP,0.0,45.0,WORKLOAD_STEP
2026-07-09 17:57:53.795210800+05:30,8.8,57,5.3,2380.22,65.5,201,307,RAMP,0.0,45.0,WORKLOAD_STEP
2026-07-09 17:57:55.821867400+05:30,1.6,59,4.1,2109.06,65.49,203,307,RAMP,0.0,45.0,WORKLOAD_STEP
2026-07-09 17:57:57.850804500+05:30,3.8,58,3.7,2109.06,65.49,203,307,RAMP,0.0,45.0,WORKLOAD_STEP
2026-07-09 17:57:59.882713800+05:30,6.1,57,5.6,2109.06,65.46,203,306,RAMP,0.0,45.0,WORKLOAD_STEP
2026-07-09 17:58:01.911671300+05:30,10.1,57,7.9,2109.06,65.41,203,306,RAMP,0.0,46.0,WORKLOAD_STEP
2026-07-09 17:58:03.934085700+05:30,6.8,58,6.1,2109.06,65.43,204,306,RAMP,0.0,46.0,WORKLOAD_STEP
2026-07-09 17:58:05.962572+05:30,3.1,58,4.4,2109.06,65.46,204,306,RAMP,0.0,46.0,WORKLOAD_STEP
2026-07-09 17:58:07.989695400+05:30,1.5,58,3.8,2109.06,65.46,204,306,RAMP,0.0,46.0,WORKLOAD_STEP
2026-07-09 17:58:10.010766400+05:30,3.2,58,4.3,2109.06,65.5,204,308,RAMP,0.0,46.0,WORKLOAD_STEP
2026-07-09 17:58:12.041346400+05:30,1.6,59,3.8,2109.06,65.49,204,306,RAMP,0.0,46.0,WORKLOAD_STEP
2026-07-09 17:58:14.069125300+05:30,3.2,58,4.7,2109.06,65.5,204,306,RAMP,0.0,46.0,WORKLOAD_STEP
2026-07-09 17:58:16.096581700+05:30,3.0,59,4.6,2109.06,65.49,204,306,RAMP,0.0,46.0,WORKLOAD_STEP
2026-07-09 17:58:18.113730100+05:30,2.6,57,5.1,2601.17,65.51,205,306,RAMP,0.0,46.0,WORKLOAD_STEP
2026-07-09 17:58:20.145710100+05:30,4.7,58,4.8,2109.06,65.51,205,306,RAMP,0.0,46.0,WORKLOAD_STEP
2026-07-09 17:58:22.173825700+05:30,0.6000000000000001,58,3.9,2109.06,65.48,205,304,RAMP,0.0,46.0,WORKLOAD_STEP
2026-07-09 17:58:24.196454900+05:30,1.7,58,3.9,2109.06,65.4,204,304,RAMP,0.0,46.0,WORKLOAD_STEP
2026-07-09 17:58:26.223866300+05:30,1.4,59,3.8,2109.06,65.4,202,304,RAMP,0.0,46.0,WORKLOAD_STEP
2026-07-09 17:58:28.251050400+05:30,2.0,59,3.8,2109.06,65.4,202,304,RAMP,0.0,46.0,WORKLOAD_STEP
2026-07-09 17:58:30.280188+05:30,0.9,58,3.7,2109.06,65.4,205,304,RAMP,0.0,46.0,WORKLOAD_STEP
2026-07-09 17:58:32.308097200+05:30,4.0,58,4.4,2109.06,65.46,205,304,RAMP,0.0,46.0,WORKLOAD_STEP
2026-07-09 17:58:34.336780700+05:30,1.3,59,3.7,2109.06,65.45,205,304,RAMP,0.0,46.0,WORKLOAD_STEP
2026-07-09 17:58:36.364388600+05:30,5.3,58,4.5,2109.06,65.45,202,304,RAMP,0.0,46.0,WORKLOAD_STEP
2026-07-09 17:58:38.393942700+05:30,1.5,58,3.8,2109.06,65.45,202,304,RAMP,0.0,46.0,WORKLOAD_STEP
2026-07-09 17:58:40.421640600+05:30,2.9,59,4.5,2109.06,65.67,202,305,RAMP,0.0,46.0,WORKLOAD_STEP
2026-07-09 17:58:42.440834600+05:30,2.9,58,3.9,2109.06,65.41,202,304,RAMP,0.0,46.0,WORKLOAD_STEP
2026-07-09 17:58:44.470643200+05:30,2.8,59,4.5,2109.06,65.41,202,304,RAMP,0.0,46.0,WORKLOAD_STEP
2026-07-09 17:58:46.495381100+05:30,1.2,64,4.0,2109.06,65.41,202,304,RAMP,0.0,46.0,WORKLOAD_STEP
2026-07-09 17:58:48.525008600+05:30,2.2,58,4.3,2119.1,65.41,202,304,RAMP,0.0,46.0,WORKLOAD_STEP
2026-07-09 17:58:50.553160900+05:30,1.9000000000000001,59,3.7,2109.06,65.41,202,304,RAMP,0.0,46.0,WORKLOAD_STEP
2026-07-09 17:58:52.582495300+05:30,3.3,59,3.8,2109.06,65.44,202,304,RAMP,0.0,46.0,WORKLOAD_STEP
2026-07-09 17:58:54.618248700+05:30,1.7,59,3.8,2109.06,65.44,202,304,RAMP,0.0,46.0,WORKLOAD_STEP
2026-07-09 17:58:56.647275500+05:30,1.2,62,3.7,2109.06,65.45,202,304,RAMP,0.0,46.0,WORKLOAD_STEP
2026-07-09 17:58:58.677845+05:30,2.4,58,3.6,2109.06,65.44,202,304,RAMP,0.0,46.0,WORKLOAD_STEP
2026-07-09 17:59:00.706130400+05:30,1.3,58,3.8,2109.06,65.53,202,304,RAMP,0.0,46.0,WORKLOAD_STEP
2026-07-09 17:59:02.786782900+05:30,3.6,58,3.8,2109.06,65.46,202,304,RAMP,0.0,46.0,WORKLOAD_STEP
2026-07-09 17:59:04.816433300+05:30,1.3,58,4.1,2269.74,65.45,202,304,RAMP,0.0,46.0,WORKLOAD_STEP
2026-07-09 17:59:06.844072300+05:30,6.1,57,6.0,2370.18,65.43,202,304,RAMP,0.0,46.0,WORKLOAD_STEP
2026-07-09 17:59:08.873273+05:30,4.3,57,5.2,2330.01,65.43,202,304,RAMP,0.0,46.0,WORKLOAD_STEP
2026-07-09 17:59:10.902061100+05:30,3.8,62,5.9,2109.06,65.46,202,304,RAMP,0.0,46.0,WORKLOAD_STEP
2026-07-09 17:59:12.926731300+05:30,2.3,59,4.3,2109.06,65.47,202,304,RAMP,0.0,46.0,WORKLOAD_STEP
2026-07-09 17:59:14.955449300+05:30,3.4,58,4.7,2109.06,65.46,202,304,RAMP,0.0,46.0,WORKLOAD_STEP
2026-07-09 17:59:16.979461400+05:30,1.9000000000000001,58,4.1,2109.06,65.44,203,304,RAMP,0.0,46.0,WORKLOAD_STEP
2026-07-09 17:59:19.006838600+05:30,2.5,58,4.7,2109.06,65.43,202,304,RAMP,0.0,46.0,WORKLOAD_STEP
2026-07-09 17:59:21.034765400+05:30,3.2,57,5.3,2109.06,65.43,202,304,RAMP,0.0,46.0,WORKLOAD_STEP
2026-07-09 17:59:23.057357300+05:30,4.2,57,5.0,2500.73,65.43,201,304,RAMP,0.0,46.0,WORKLOAD_STEP
2026-07-09 17:59:25.077531500+05:30,2.2,58,4.7,2340.05,65.43,201,304,RAMP,0.0,46.0,WORKLOAD_STEP
2026-07-09 17:59:27.107152500+05:30,4.5,57,4.2,2109.06,65.45,201,304,RAMP,0.0,46.0,WORKLOAD_STEP
2026-07-09 17:59:29.148390+05:30,0.6000000000000001,58,4.1,2109.06,65.43,201,304,RAMP,0.0,46.0,WORKLOAD_STEP
2026-07-09 17:59:31.173791600+05:30,4.1,59,4.1,2149.23,65.44,201,304,RAMP,0.0,46.0,WORKLOAD_STEP
2026-07-09 17:59:33.203618700+05:30,0.8,59,4.3,2109.06,65.43,201,304,RAMP,0.0,46.0,WORKLOAD_STEP
2026-07-09 17:59:35.234527600+05:30,3.0,58,4.0,2109.06,65.44,201,304,RAMP,0.0,46.0,WORKLOAD_STEP
2026-07-09 17:59:37.264711800+05:30,1.6,59,4.2,2109.06,65.43,201,304,RAMP,0.0,46.0,WORKLOAD_STEP
2026-07-09 17:59:39.297259800+05:30,1.4,58,4.0,2119.1,65.44,201,304,RAMP,0.0,46.0,WORKLOAD_STEP
2026-07-09 17:59:41.329435700+05:30,3.2,58,7.8,2269.74,65.47,201,304,RAMP,0.0,46.0,WORKLOAD_STEP
2026-07-09 17:59:43.356096800+05:30,3.4,55,4.4,2149.23,64.7,201,304,RAMP,0.0,46.0,WORKLOAD_STEP
2026-07-09 17:59:45.377476800+05:30,7.1,59,5.1,2109.06,64.45,201,304,RAMP,0.0,46.0,WORKLOAD_STEP
2026-07-09 17:59:47.400220400+05:30,0.8,58,4.1,2380.23,64.46,201,304,RAMP,0.0,46.0,WORKLOAD_STEP
2026-07-09 17:59:49.427048100+05:30,1.9000000000000001,59,4.9,2109.06,64.47,201,304,RAMP,0.0,46.0,WORKLOAD_STEP
2026-07-09 17:59:51.457296800+05:30,1.3,59,4.0,2109.06,64.47,201,304,RAMP,0.0,46.0,WORKLOAD_STEP
2026-07-09 17:59:53.485652500+05:30,0.9,59,3.6,2109.06,64.48,201,304,RAMP,0.0,46.0,WORKLOAD_STEP
2026-07-09 17:59:55.512703300+05:30,0.7000000000000001,59,3.6,2109.06,64.48,201,304,RAMP,0.0,46.0,WORKLOAD_STEP
2026-07-09 17:59:57.541184400+05:30,3.3,59,3.7,2109.06,64.49,201,304,RAMP,0.0,46.0,WORKLOAD_STEP
2026-07-09 17:59:59.570313500+05:30,2.1,59,3.7,2008.62,64.48,201,304,RAMP,0.0,46.0,WORKLOAD_STEP
2026-07-09 18:00:01.607607200+05:30,4.1,59,4.5,2269.74,64.55,201,306,RAMP,0.0,46.0,WORKLOAD_STEP
2026-07-09 18:00:03.635821200+05:30,3.1,58,6.2,2109.06,64.95,204,309,RAMP,0.0,46.0,WORKLOAD_STEP
2026-07-09 18:00:05.664566+05:30,5.2,59,4.6,2109.06,64.94,204,309,RAMP,0.0,46.0,WORKLOAD_STEP
2026-07-09 18:00:07.691970800+05:30,1.1,62,3.7,2109.06,64.94,204,309,RAMP,0.0,46.0,WORKLOAD_STEP
2026-07-09 18:00:09.720799200+05:30,1.5,62,4.3,2109.06,64.95,204,309,RAMP,0.0,46.0,WORKLOAD_STEP
2026-07-09 18:00:11.764194200+05:30,7.4,57,6.5,2109.06,64.98,204,309,RAMP,0.0,46.0,WORKLOAD_STEP
2026-07-09 18:00:13.790668800+05:30,5.2,57,5.0,2340.05,64.99,204,309,RAMP,0.0,46.0,WORKLOAD_STEP
2026-07-09 18:00:15.819533+05:30,2.6,59,3.9,2109.06,65.0,204,309,RAMP,0.0,46.0,WORKLOAD_STEP
2026-07-09 18:00:17.848702200+05:30,1.3,59,3.8,2109.06,65.05,205,309,RAMP,0.0,46.0,WORKLOAD_STEP
2026-07-09 18:00:19.885917100+05:30,1.4,59,3.6,2109.06,64.97,205,309,RAMP,0.0,46.0,WORKLOAD_STEP
2026-07-09 18:00:21.914739200+05:30,2.1,58,3.6,2109.06,64.97,205,309,RAMP,0.0,46.0,WORKLOAD_STEP
2026-07-09 18:00:23.944078100+05:30,1.8,59,3.9,2109.06,64.96,204,309,RAMP,0.0,46.0,WORKLOAD_STEP
2026-07-09 18:00:25.973479100+05:30,3.1,58,4.8,2109.06,64.97,204,309,RAMP,0.0,46.0,WORKLOAD_STEP
2026-07-09 18:00:28.002394500+05:30,2.3,59,4.4,2109.06,64.96,204,309,RAMP,0.0,46.0,WORKLOAD_STEP
2026-07-09 18:00:30.031949200+05:30,3.2,58,5.3,2209.49,64.96,207,309,RAMP,0.0,46.0,WORKLOAD_STEP
2026-07-09 18:00:32.060646400+05:30,3.3,58,3.6,2109.06,64.96,207,309,RAMP,0.0,46.0,WORKLOAD_STEP
2026-07-09 18:00:34.090542+05:30,0.8,59,3.6,2109.06,64.95,207,309,RAMP,0.0,46.0,WORKLOAD_STEP
2026-07-09 18:00:36.131280+05:30,3.3,59,4.1,2109.06,64.94,204,309,RAMP,0.0,46.0,WORKLOAD_STEP
2026-07-09 18:00:38.158705400+05:30,2.0,58,3.8,2109.06,64.94,204,309,RAMP,0.0,46.0,WORKLOAD_STEP
2026-07-09 18:00:40.188832+05:30,2.7,58,4.5,2109.06,65.07,206,311,RAMP,0.0,46.0,WORKLOAD_STEP
2026-07-09 18:00:42.212299400+05:30,1.5,59,3.9,2109.06,64.95,206,309,RAMP,0.0,46.0,WORKLOAD_STEP
2026-07-09 18:00:44.241017200+05:30,2.1,63,4.3,2109.06,64.95,206,309,RAMP,0.0,46.0,WORKLOAD_STEP
2026-07-09 18:00:46.271023400+05:30,0.9,59,3.8,2109.06,64.95,206,309,RAMP,0.0,46.0,WORKLOAD_STEP
2026-07-09 18:00:48.299793400+05:30,1.8,58,4.3,2340.05,64.95,206,309,RAMP,0.0,46.0,WORKLOAD_STEP
2026-07-09 18:00:50.331844+05:30,1.4,59,4.4,2109.06,64.95,206,309,RAMP,0.0,46.0,WORKLOAD_STEP
2026-07-09 18:00:52.363251800+05:30,1.7,59,4.6,2109.06,64.98,207,309,RAMP,0.0,46.0,WORKLOAD_STEP
2026-07-09 18:00:54.396178400+05:30,1.4,62,3.7,2109.06,64.98,207,309,RAMP,0.0,46.0,WORKLOAD_STEP
2026-07-09 18:00:56.426111600+05:30,1.6,62,3.9,2109.06,65.04,207,309,RAMP,0.0,46.0,WORKLOAD_STEP
2026-07-09 18:00:58.457856+05:30,0.9,59,3.7,2109.06,65.06,207,309,RAMP,0.0,46.0,WORKLOAD_STEP
2026-07-09 18:01:00.488034700+05:30,1.0,58,3.7,2109.06,65.05,207,309,RAMP,0.0,46.0,WORKLOAD_STEP
2026-07-09 18:01:02.510172900+05:30,1.5,58,3.9,2109.06,64.91,207,307,RAMP,0.0,46.0,WORKLOAD_STEP
2026-07-09 18:01:04.539328900+05:30,1.7,58,3.8,2109.06,64.9,207,307,RAMP,0.0,46.0,WORKLOAD_STEP
2026-07-09 18:01:06.570173600+05:30,2.4,59,3.9,2109.06,64.7,204,306,RAMP,0.0,46.0,WORKLOAD_STEP
2026-07-09 18:01:08.611961100+05:30,1.7,58,3.7,2109.06,64.7,204,306,RAMP,0.0,46.0,WORKLOAD_STEP
2026-07-09 18:01:10.642301400+05:30,2.8,58,5.3,2109.06,64.74,202,306,RAMP,0.0,46.0,WORKLOAD_STEP
2026-07-09 18:01:12.671482100+05:30,0.7000000000000001,59,3.7,2109.06,64.7,201,306,RAMP,0.0,46.0,WORKLOAD_STEP
2026-07-09 18:01:14.698543700+05:30,4.0,59,4.3,2109.06,64.73,201,306,RAMP,0.0,46.0,WORKLOAD_STEP
2026-07-09 18:01:16.716385+05:30,3.5,58,6.4,2591.1,64.85,202,306,RAMP,20.0,47.0,WORKLOAD_STEP
2026-07-09 18:01:18.743873300+05:30,25.4,54,13.4,2189.41,64.94,202,306,RAMP,20.0,47.0,WORKLOAD_STEP
2026-07-09 18:01:20.769018200+05:30,25.9,48,14.1,2490.7,64.92,202,306,RAMP,20.0,47.0,WORKLOAD_STEP
2026-07-09 18:01:22.799399900+05:30,25.0,54,8.7,2219.54,64.94,202,306,RAMP,20.0,47.0,WORKLOAD_STEP
2026-07-09 18:01:24.821983400+05:30,21.7,53,13.0,2802.04,64.95,201,306,RAMP,20.0,47.0,WORKLOAD_STEP
2026-07-09 18:01:26.856249500+05:30,21.6,52,13.2,2420.39,64.94,201,306,RAMP,20.0,47.0,WORKLOAD_STEP
2026-07-09 18:01:28.889669600+05:30,21.5,48,15.0,2802.04,64.92,201,306,RAMP,20.0,47.0,WORKLOAD_STEP
2026-07-09 18:01:30.915728900+05:30,20.6,52,18.4,2962.73,64.9,201,306,RAMP,20.0,47.0,WORKLOAD_STEP
2026-07-09 18:01:32.936676200+05:30,25.0,33,20.5,3484.96,64.89,201,306,RAMP,20.0,47.0,WORKLOAD_STEP
2026-07-09 18:01:34.957214500+05:30,23.0,48,17.6,2902.47,64.93,201,305,RAMP,20.0,47.0,WORKLOAD_STEP
2026-07-09 18:01:36.978069900+05:30,24.2,29,21.9,2962.74,64.91,201,305,RAMP,20.0,47.0,WORKLOAD_STEP
2026-07-09 18:01:38.999531800+05:30,20.8,30,24.6,2822.13,64.96,203,305,RAMP,20.0,47.0,WORKLOAD_STEP
2026-07-09 18:01:41.017993300+05:30,23.1,30,26.2,2912.5,64.84,203,305,RAMP,20.0,47.0,WORKLOAD_STEP
2026-07-09 18:01:43.058393200+05:30,21.1,46,17.8,3123.41,64.84,203,305,RAMP,20.0,47.0,WORKLOAD_STEP
2026-07-09 18:01:45.084323200+05:30,22.3,40,22.9,3264.03,64.83,203,305,RAMP,20.0,47.0,WORKLOAD_STEP
2026-07-09 18:01:47.102864300+05:30,21.3,36,24.5,3123.43,64.85,203,305,RAMP,20.0,47.0,WORKLOAD_STEP
2026-07-09 18:01:49.121709800+05:30,22.6,42,25.0,3344.37,64.89,203,305,RAMP,20.0,47.0,WORKLOAD_STEP
2026-07-09 18:01:51.141531900+05:30,20.8,39,24.7,3404.63,64.88,203,305,RAMP,20.0,47.0,WORKLOAD_STEP
2026-07-09 18:01:53.162397200+05:30,22.5,41,23.4,3113.35,64.86,203,305,RAMP,20.0,47.0,WORKLOAD_STEP
2026-07-09 18:01:55.181877500+05:30,21.9,33,23.2,2982.82,64.86,203,305,RAMP,20.0,47.0,WORKLOAD_STEP
2026-07-09 18:01:57.202595+05:30,23.3,42,24.5,2812.08,64.85,203,305,RAMP,20.0,47.0,WORKLOAD_STEP
2026-07-09 18:01:59.228023100+05:30,20.8,37,20.2,2982.81,64.85,203,305,RAMP,20.0,47.0,WORKLOAD_STEP
2026-07-09 18:02:01.249215800+05:30,23.1,26,22.3,3193.73,64.85,203,305,RAMP,20.0,47.0,WORKLOAD_STEP
2026-07-09 18:02:03.273863200+05:30,20.9,42,23.2,3304.18,64.89,203,305,RAMP,20.0,47.0,WORKLOAD_STEP
2026-07-09 18:02:05.295346200+05:30,22.4,37,22.9,2530.88,64.96,203,305,RAMP,20.0,47.0,WORKLOAD_STEP
2026-07-09 18:02:07.316134800+05:30,21.3,37,21.1,3304.19,64.94,201,305,RAMP,20.0,47.0,WORKLOAD_STEP
2026-07-09 18:02:09.334541300+05:30,21.2,33,19.8,3394.58,64.92,201,305,RAMP,20.0,47.0,WORKLOAD_STEP
2026-07-09 18:02:11.353622700+05:30,25.5,37,24.2,3123.41,64.9,201,305,RAMP,20.0,47.0,WORKLOAD_STEP
2026-07-09 18:02:13.371612900+05:30,22.0,39,21.2,3374.51,64.92,201,305,RAMP,20.0,47.0,WORKLOAD_STEP
2026-07-09 18:02:15.391399500+05:30,20.6,37,20.1,2862.29,64.95,201,305,RAMP,20.0,47.0,WORKLOAD_STEP
2026-07-09 18:02:17.419642900+05:30,21.2,32,20.9,3233.88,65.03,202,305,RAMP,20.0,47.0,WORKLOAD_STEP
2026-07-09 18:02:19.442530300+05:30,21.4,42,21.1,2922.56,64.95,201,305,RAMP,20.0,47.0,WORKLOAD_STEP
2026-07-09 18:02:21.467809300+05:30,20.9,34,18.7,3354.4,64.93,202,305,RAMP,20.0,47.0,WORKLOAD_STEP
2026-07-09 18:02:23.496538900+05:30,25.3,32,22.0,2731.74,64.89,201,305,RAMP,20.0,47.0,WORKLOAD_STEP
2026-07-09 18:02:25.520645300+05:30,27.9,41,24.4,2661.43,64.9,201,305,RAMP,20.0,47.0,WORKLOAD_STEP
2026-07-09 18:02:27.543473700+05:30,28.7,37,23.3,3183.66,64.92,201,305,RAMP,20.0,47.0,WORKLOAD_STEP
2026-07-09 18:02:29.566314+05:30,23.3,30,19.7,2611.22,64.96,201,305,RAMP,20.0,47.0,WORKLOAD_STEP
2026-07-09 18:02:31.586293300+05:30,23.6,41,19.6,2922.56,64.93,204,305,RAMP,20.0,47.0,WORKLOAD_STEP
2026-07-09 18:02:33.607362400+05:30,23.7,34,19.9,3093.28,64.92,204,305,RAMP,20.0,47.0,WORKLOAD_STEP
2026-07-09 18:02:35.628200300+05:30,23.6,42,22.8,2761.86,64.89,201,305,RAMP,20.0,47.0,WORKLOAD_STEP
2026-07-09 18:02:37.647931100+05:30,23.2,50,18.5,2902.48,64.88,201,305,RAMP,20.0,47.0,WORKLOAD_STEP
2026-07-09 18:02:39.666423600+05:30,25.1,37,20.7,3002.9,64.89,201,305,RAMP,20.0,47.0,WORKLOAD_STEP
2026-07-09 18:02:41.685097900+05:30,28.3,47,23.1,3133.45,64.92,201,305,RAMP,20.0,47.0,WORKLOAD_STEP
2026-07-09 18:02:43.705920100+05:30,21.6,42,18.0,3193.72,64.95,201,305,RAMP,20.0,47.0,WORKLOAD_STEP
2026-07-09 18:02:45.724091300+05:30,21.5,40,20.2,3274.06,64.97,201,305,RAMP,20.0,47.0,WORKLOAD_STEP
2026-07-09 18:02:47.746728900+05:30,21.4,32,20.9,3033.03,64.95,201,305,RAMP,20.0,47.0,WORKLOAD_STEP
2026-07-09 18:02:49.764392500+05:30,22.6,29,19.1,3083.24,64.92,201,305,RAMP,20.0,47.0,WORKLOAD_STEP
2026-07-09 18:02:51.810334800+05:30,20.8,32,21.3,2932.59,64.92,201,305,RAMP,20.0,47.0,WORKLOAD_STEP
2026-07-09 18:02:53.834549500+05:30,22.8,49,18.9,3083.26,64.91,201,305,RAMP,20.0,47.0,WORKLOAD_STEP
2026-07-09 18:02:55.862866400+05:30,21.1,32,24.3,3173.64,65.02,201,305,RAMP,20.0,47.0,WORKLOAD_STEP
2026-07-09 18:02:57.886831200+05:30,21.1,23,23.2,3364.45,64.96,201,305,RAMP,20.0,47.0,WORKLOAD_STEP
2026-07-09 18:02:59.906810200+05:30,24.1,40,21.2,2932.6,64.95,201,305,RAMP,20.0,47.0,WORKLOAD_STEP
2026-07-09 18:03:01.926980700+05:30,22.9,40,21.0,2761.87,64.91,202,305,RAMP,20.0,47.0,WORKLOAD_STEP
2026-07-09 18:03:03.948245500+05:30,21.7,47,21.9,3093.28,65.0,202,305,RAMP,20.0,47.0,WORKLOAD_STEP
2026-07-09 18:03:05.967779700+05:30,23.4,40,21.3,3043.05,65.02,202,305,RAMP,20.0,47.0,WORKLOAD_STEP
2026-07-09 18:03:07.985061400+05:30,21.6,27,21.1,2771.9,65.07,202,305,RAMP,20.0,47.0,WORKLOAD_STEP
2026-07-09 18:03:10.003875500+05:30,23.3,29,22.2,3484.95,65.08,202,305,RAMP,20.0,47.0,WORKLOAD_STEP
2026-07-09 18:03:12.023598300+05:30,25.7,29,22.9,2992.87,65.0,202,305,RAMP,20.0,47.0,WORKLOAD_STEP
2026-07-09 18:03:14.044027700+05:30,23.7,22,21.7,3063.16,65.0,201,305,RAMP,20.0,47.0,WORKLOAD_STEP
2026-07-09 18:03:16.063406900+05:30,21.6,30,23.0,3374.46,64.99,201,305,RAMP,20.0,47.0,WORKLOAD_STEP
2026-07-09 18:03:18.082546900+05:30,21.7,29,23.1,2199.45,65.02,201,305,RAMP,20.0,47.0,WORKLOAD_STEP
2026-07-09 18:03:20.100156700+05:30,26.3,33,22.6,2862.29,65.04,203,305,RAMP,20.0,47.0,WORKLOAD_STEP
2026-07-09 18:03:22.118934300+05:30,22.4,36,23.1,3284.17,65.04,203,305,RAMP,20.0,47.0,WORKLOAD_STEP
2026-07-09 18:03:24.153166700+05:30,20.7,42,24.2,3123.43,65.01,203,305,RAMP,20.0,47.0,WORKLOAD_STEP
2026-07-09 18:03:26.173932900+05:30,22.4,34,22.3,2922.56,65.0,203,305,RAMP,20.0,47.0,WORKLOAD_STEP
2026-07-09 18:03:28.195882400+05:30,20.9,34,24.5,2802.04,64.99,203,305,RAMP,20.0,47.0,WORKLOAD_STEP
2026-07-09 18:03:30.217897400+05:30,26.0,29,27.4,2812.08,65.03,203,305,RAMP,20.0,47.0,WORKLOAD_STEP
2026-07-09 18:03:32.238769400+05:30,23.4,33,28.4,2902.47,65.01,203,305,RAMP,20.0,47.0,WORKLOAD_STEP
2026-07-09 18:03:34.259506+05:30,23.0,37,23.3,3334.33,65.1,203,305,RAMP,20.0,47.0,WORKLOAD_STEP
2026-07-09 18:03:36.281263100+05:30,21.2,30,25.2,2631.3,65.01,203,305,RAMP,20.0,47.0,WORKLOAD_STEP
2026-07-09 18:03:38.301429+05:30,21.1,23,24.1,3033.03,65.0,203,305,RAMP,20.0,47.0,WORKLOAD_STEP
2026-07-09 18:03:40.317895100+05:30,27.2,32,23.8,2972.75,64.13,203,307,RAMP,20.0,47.0,WORKLOAD_STEP
2026-07-09 18:03:42.337952100+05:30,20.4,27,23.1,3103.33,63.93,203,305,RAMP,20.0,47.0,WORKLOAD_STEP
2026-07-09 18:03:44.361161200+05:30,23.0,37,24.8,3012.93,63.92,203,305,RAMP,20.0,47.0,WORKLOAD_STEP
2026-07-09 18:03:46.384037300+05:30,22.8,22,24.5,2741.78,63.9,203,305,RAMP,20.0,47.0,WORKLOAD_STEP
2026-07-09 18:03:48.403325600+05:30,23.2,36,21.6,2771.91,63.88,201,305,RAMP,20.0,47.0,WORKLOAD_STEP
2026-07-09 18:03:50.421533800+05:30,21.8,26,21.5,2319.97,63.89,201,305,RAMP,20.0,48.0,WORKLOAD_STEP
2026-07-09 18:03:52.449893100+05:30,22.4,34,10.6,2109.06,63.93,201,305,RAMP,20.0,48.0,WORKLOAD_STEP
2026-07-09 18:03:54.482287700+05:30,21.2,45,8.4,2330.01,63.88,201,305,RAMP,20.0,48.0,WORKLOAD_STEP
2026-07-09 18:03:56.515279300+05:30,22.2,49,9.7,2169.31,63.87,201,305,RAMP,20.0,48.0,WORKLOAD_STEP
2026-07-09 18:03:58.567768600+05:30,20.6,43,10.1,2450.53,63.92,201,305,RAMP,20.0,48.0,WORKLOAD_STEP
2026-07-09 18:04:00.592938200+05:30,23.3,43,10.1,2530.88,63.93,201,305,RAMP,20.0,48.0,WORKLOAD_STEP
2026-07-09 18:04:02.613678900+05:30,22.6,33,13.5,2510.79,63.92,201,305,RAMP,20.0,48.0,WORKLOAD_STEP
2026-07-09 18:04:04.641753300+05:30,22.6,46,10.1,2360.14,63.93,201,305,RAMP,20.0,48.0,WORKLOAD_STEP
2026-07-09 18:04:06.667773100+05:30,24.4,46,10.4,2500.74,63.9,201,305,RAMP,20.0,48.0,WORKLOAD_STEP
2026-07-09 18:04:08.692805700+05:30,20.8,46,12.4,2380.22,63.9,201,305,RAMP,20.0,48.0,WORKLOAD_STEP
2026-07-09 18:04:10.711532700+05:30,23.8,33,15.6,2841.96,63.92,201,305,RAMP,20.0,48.0,WORKLOAD_STEP
2026-07-09 18:04:12.743030800+05:30,21.5,27,18.1,3002.92,63.94,201,305,RAMP,20.0,48.0,WORKLOAD_STEP
2026-07-09 18:04:14.776419200+05:30,22.2,33,14.5,3043.07,63.91,201,305,RAMP,20.0,48.0,WORKLOAD_STEP
2026-07-09 18:04:16.806403500+05:30,19.7,41,14.3,2912.52,63.9,201,305,RAMP,20.0,48.0,WORKLOAD_STEP
2026-07-09 18:04:18.826482+05:30,20.6,33,16.7,2581.08,63.94,201,305,RAMP,20.0,48.0,WORKLOAD_STEP
2026-07-09 18:04:20.844960600+05:30,20.3,42,17.0,2771.91,63.92,201,305,RAMP,20.0,48.0,WORKLOAD_STEP
2026-07-09 18:04:22.862906200+05:30,21.5,40,19.5,2761.86,63.9,201,305,RAMP,20.0,48.0,WORKLOAD_STEP
2026-07-09 18:04:24.883040400+05:30,20.9,40,17.6,2721.69,63.93,201,305,RAMP,20.0,48.0,WORKLOAD_STEP
2026-07-09 18:04:26.901083100+05:30,23.0,40,19.5,3053.12,63.93,202,305,RAMP,20.0,48.0,WORKLOAD_STEP
2026-07-09 18:04:28.919620700+05:30,20.0,39,20.0,3294.15,63.92,201,305,RAMP,20.0,48.0,WORKLOAD_STEP
2026-07-09 18:04:30.937760300+05:30,23.9,40,20.7,3143.5,63.89,204,305,RAMP,20.0,48.0,WORKLOAD_STEP
2026-07-09 18:04:32.974966+05:30,20.6,34,21.6,3083.23,63.88,204,305,RAMP,20.0,48.0,WORKLOAD_STEP
2026-07-09 18:04:34.995339800+05:30,26.5,26,22.0,3033.02,63.89,201,305,RAMP,20.0,48.0,WORKLOAD_STEP
2026-07-09 18:04:37.013018100+05:30,26.5,40,22.8,3083.25,63.87,201,305,RAMP,20.0,48.0,WORKLOAD_STEP
2026-07-09 18:04:39.031446+05:30,24.6,40,21.5,2992.84,63.92,201,305,RAMP,20.0,48.0,WORKLOAD_STEP
2026-07-09 18:04:41.051008400+05:30,25.5,32,23.4,3012.93,63.86,201,305,RAMP,20.0,48.0,WORKLOAD_STEP
2026-07-09 18:04:43.070762300+05:30,22.3,34,19.6,3033.03,63.85,201,305,RAMP,20.0,48.0,WORKLOAD_STEP
2026-07-09 18:04:45.091302200+05:30,20.1,32,19.9,2731.73,63.9,201,305,RAMP,20.0,48.0,WORKLOAD_STEP
2026-07-09 18:04:47.112051300+05:30,24.3,34,19.6,2832.2,63.88,201,305,RAMP,20.0,48.0,WORKLOAD_STEP
2026-07-09 18:04:49.137393900+05:30,20.7,27,19.8,2902.45,63.91,201,305,RAMP,20.0,48.0,WORKLOAD_STEP
2026-07-09 18:04:51.160455100+05:30,23.0,27,20.4,2791.99,63.9,202,305,RAMP,20.0,48.0,WORKLOAD_STEP
2026-07-09 18:04:53.188547700+05:30,22.0,27,25.2,3033.03,63.86,202,305,RAMP,20.0,48.0,WORKLOAD_STEP
2026-07-09 18:04:55.210846400+05:30,27.9,40,23.3,3243.94,63.89,202,305,RAMP,20.0,48.0,WORKLOAD_STEP
2026-07-09 18:04:57.232302900+05:30,20.7,33,22.8,3002.91,63.87,202,305,RAMP,20.0,48.0,WORKLOAD_STEP
2026-07-09 18:04:59.251185100+05:30,20.2,37,23.8,2802.04,63.86,202,305,RAMP,20.0,48.0,WORKLOAD_STEP
2026-07-09 18:05:01.269586600+05:30,21.1,29,23.0,2621.27,63.87,202,305,RAMP,20.0,48.0,WORKLOAD_STEP
2026-07-09 18:05:03.288265400+05:30,21.1,37,24.5,2581.09,63.84,202,304,RAMP,20.0,48.0,WORKLOAD_STEP
2026-07-09 18:05:05.306612100+05:30,22.7,37,23.4,2430.44,63.83,202,304,RAMP,20.0,48.0,WORKLOAD_STEP
2026-07-09 18:05:07.334913+05:30,21.6,27,21.8,3012.92,63.82,202,304,RAMP,20.0,48.0,WORKLOAD_STEP
2026-07-09 18:05:09.356190300+05:30,23.1,34,25.1,3073.22,63.81,202,304,RAMP,20.0,48.0,WORKLOAD_STEP
2026-07-09 18:05:11.377786800+05:30,25.5,34,23.7,2781.95,63.8,202,304,RAMP,20.0,48.0,WORKLOAD_STEP
2026-07-09 18:05:13.398088400+05:30,22.6,30,23.4,2661.44,63.78,202,304,RAMP,20.0,48.0,WORKLOAD_STEP
2026-07-09 18:05:15.415785500+05:30,21.3,36,22.5,2942.63,63.79,202,304,RAMP,20.0,48.0,WORKLOAD_STEP
2026-07-09 18:05:17.437475700+05:30,22.5,36,24.3,2942.65,63.8,202,304,RAMP,20.0,48.0,WORKLOAD_STEP
2026-07-09 18:05:19.457193800+05:30,20.7,37,21.5,3354.39,63.79,202,304,RAMP,20.0,48.0,WORKLOAD_STEP
2026-07-09 18:05:21.476178200+05:30,23.4,21,25.0,3163.58,63.88,199,304,RAMP,20.0,48.0,WORKLOAD_STEP
2026-07-09 18:05:23.498075300+05:30,20.7,22,22.2,2862.3,63.85,199,304,RAMP,20.0,48.0,WORKLOAD_STEP
2026-07-09 18:05:25.521339700+05:30,22.7,23,23.5,2581.09,63.82,199,304,RAMP,20.0,48.0,WORKLOAD_STEP
2026-07-09 18:05:27.542452+05:30,21.3,22,23.0,3183.68,63.8,199,304,RAMP,20.0,48.0,WORKLOAD_STEP
2026-07-09 18:05:29.566967400+05:30,21.5,18,22.7,2691.56,63.83,199,304,RAMP,20.0,48.0,WORKLOAD_STEP
2026-07-09 18:05:31.588453200+05:30,21.3,26,24.0,2972.76,63.82,199,304,RAMP,20.0,48.0,WORKLOAD_STEP
2026-07-09 18:05:33.606364100+05:30,20.1,33,23.4,2721.69,63.81,199,304,RAMP,20.0,48.0,WORKLOAD_STEP
2026-07-09 18:05:35.629839100+05:30,24.0,26,23.4,3404.62,63.78,199,304,RAMP,20.0,48.0,WORKLOAD_STEP
2026-07-09 18:05:37.647791100+05:30,20.5,34,24.7,2982.82,63.76,199,304,RAMP,20.0,48.0,WORKLOAD_STEP
2026-07-09 18:05:39.670051900+05:30,21.5,22,22.0,3213.82,63.79,199,304,RAMP,20.0,48.0,WORKLOAD_STEP
2026-07-09 18:05:41.711777100+05:30,27.3,24,21.8,2721.69,63.77,199,304,RAMP,20.0,48.0,WORKLOAD_STEP
2026-07-09 18:05:43.730947900+05:30,22.5,22,22.4,2721.69,63.8,199,304,RAMP,20.0,48.0,WORKLOAD_STEP
2026-07-09 18:05:45.752781500+05:30,23.7,32,21.6,2671.48,63.79,199,304,RAMP,40.0,49.0,WORKLOAD_STEP
2026-07-09 18:05:47.782620700+05:30,42.3,32,18.5,2922.53,63.79,199,304,RAMP,40.0,49.0,WORKLOAD_STEP
2026-07-09 18:05:49.825038100+05:30,42.0,37,21.7,2631.29,63.78,199,304,RAMP,40.0,49.0,WORKLOAD_STEP
2026-07-09 18:05:51.855804300+05:30,43.9,36,26.1,2761.87,63.81,199,304,RAMP,40.0,49.0,WORKLOAD_STEP
2026-07-09 18:05:53.882178400+05:30,40.2,34,23.1,2721.68,63.81,199,304,RAMP,40.0,49.0,WORKLOAD_STEP
2026-07-09 18:05:55.906632700+05:30,42.7,33,23.7,2872.33,63.8,199,304,RAMP,40.0,49.0,WORKLOAD_STEP
2026-07-09 18:05:57.936398200+05:30,50.5,33,26.0,2691.56,63.98,199,304,RAMP,40.0,49.0,WORKLOAD_STEP
2026-07-09 18:05:59.960378600+05:30,61.7,33,24.4,2751.8,63.99,199,304,RAMP,40.0,49.0,WORKLOAD_STEP
2026-07-09 18:06:01.990341+05:30,46.8,32,21.4,2781.95,64.01,201,304,RAMP,40.0,49.0,WORKLOAD_STEP
2026-07-09 18:06:04.013198400+05:30,42.3,29,22.6,2822.11,64.02,202,304,RAMP,40.0,49.0,WORKLOAD_STEP
2026-07-09 18:06:06.036849300+05:30,43.5,32,23.0,2581.1,64.03,202,304,RAMP,40.0,49.0,WORKLOAD_STEP
2026-07-09 18:06:08.065945500+05:30,40.8,34,24.0,2802.03,63.91,202,304,RAMP,40.0,49.0,WORKLOAD_STEP
2026-07-09 18:06:10.088704500+05:30,41.2,37,22.8,2912.49,63.9,206,304,RAMP,40.0,49.0,WORKLOAD_STEP
2026-07-09 18:06:12.117809100+05:30,43.4,33,22.3,2761.85,63.93,206,304,RAMP,40.0,49.0,WORKLOAD_STEP
2026-07-09 18:06:14.159307800+05:30,41.5,41,11.3,2340.05,63.92,206,304,RAMP,40.0,50.0,WORKLOAD_STEP
2026-07-09 18:06:16.179009500+05:30,42.7,39,16.7,2561.0,63.92,206,304,RAMP,40.0,50.0,WORKLOAD_STEP
2026-07-09 18:06:18.199683+05:30,40.6,30,20.9,2530.86,63.92,206,304,RAMP,40.0,50.0,WORKLOAD_STEP
2026-07-09 18:06:20.217704200+05:30,41.4,34,24.7,2791.98,63.92,206,304,RAMP,40.0,50.0,WORKLOAD_STEP
2026-07-09 18:06:22.234453900+05:30,41.6,34,24.3,3033.02,63.92,206,304,RAMP,40.0,50.0,WORKLOAD_STEP
2026-07-09 18:06:24.252823600+05:30,41.1,32,22.1,2771.91,63.91,206,304,RAMP,40.0,50.0,WORKLOAD_STEP
2026-07-09 18:06:26.271196800+05:30,43.1,33,25.0,2771.9,63.91,206,304,RAMP,40.0,50.0,WORKLOAD_STEP
2026-07-09 18:06:28.292923800+05:30,41.0,32,24.7,2892.43,63.91,206,304,RAMP,40.0,50.0,WORKLOAD_STEP
2026-07-09 18:06:30.315149200+05:30,43.1,33,24.4,2922.54,63.9,209,304,RAMP,40.0,50.0,WORKLOAD_STEP
2026-07-09 18:06:32.339411200+05:30,41.3,34,24.5,2832.16,63.91,209,304,RAMP,40.0,50.0,WORKLOAD_STEP
2026-07-09 18:06:34.364373500+05:30,42.0,32,23.8,2751.83,63.89,209,304,RAMP,40.0,50.0,WORKLOAD_STEP
2026-07-09 18:06:36.392853400+05:30,41.4,33,23.8,2711.66,63.87,206,304,RAMP,40.0,50.0,WORKLOAD_STEP
2026-07-09 18:06:38.415378700+05:30,43.6,34,24.9,2741.78,63.87,206,304,RAMP,40.0,50.0,WORKLOAD_STEP
2026-07-09 18:06:40.439547900+05:30,40.7,32,24.1,3033.01,64.15,204,306,RAMP,40.0,50.0,WORKLOAD_STEP
2026-07-09 18:06:42.462556+05:30,45.6,33,24.1,2862.27,63.96,203,304,RAMP,40.0,50.0,WORKLOAD_STEP
2026-07-09 18:06:44.486899700+05:30,45.5,27,24.9,2731.75,63.8,203,304,RAMP,40.0,50.0,WORKLOAD_STEP
2026-07-09 18:06:46.512798400+05:30,42.7,33,26.5,2952.66,63.83,203,304,RAMP,40.0,50.0,WORKLOAD_STEP
2026-07-09 18:06:48.559017100+05:30,43.8,29,26.6,2631.31,63.84,203,304,RAMP,40.0,50.0,WORKLOAD_STEP
2026-07-09 18:06:50.584021600+05:30,45.3,32,25.0,2791.99,63.88,203,304,RAMP,40.0,50.0,WORKLOAD_STEP
2026-07-09 18:06:52.626243+05:30,61.6,33,22.7,2882.37,63.87,203,304,RAMP,60.0,51.0,WORKLOAD_STEP
2026-07-09 18:06:54.654254600+05:30,62.5,36,25.8,2832.17,63.89,203,304,RAMP,60.0,51.0,WORKLOAD_STEP
2026-07-09 18:06:56.680634800+05:30,60.1,33,24.6,2761.86,63.9,203,304,RAMP,60.0,51.0,WORKLOAD_STEP
2026-07-09 18:06:58.703555400+05:30,63.6,34,23.6,2771.9,63.9,203,304,RAMP,60.0,51.0,WORKLOAD_STEP
2026-07-09 18:07:00.732596900+05:30,62.2,34,24.2,2731.72,63.91,203,304,RAMP,60.0,51.0,WORKLOAD_STEP
2026-07-09 18:07:02.766876900+05:30,62.7,32,26.9,2510.79,63.95,207,304,RAMP,60.0,51.0,WORKLOAD_STEP
2026-07-09 18:07:04.800697200+05:30,61.7,32,27.3,2781.94,63.93,207,304,RAMP,60.0,51.0,WORKLOAD_STEP
2026-07-09 18:07:06.831806600+05:30,64.2,33,25.5,2832.15,63.93,207,304,RAMP,60.0,51.0,WORKLOAD_STEP
2026-07-09 18:07:08.857508200+05:30,60.1,36,26.6,2822.11,63.94,207,304,RAMP,60.0,51.0,WORKLOAD_STEP
2026-07-09 18:07:10.887981200+05:30,65.0,32,24.6,2661.42,63.99,207,304,RAMP,60.0,51.0,WORKLOAD_STEP
2026-07-09 18:07:12.913926600+05:30,61.3,33,23.3,2741.76,63.96,207,304,RAMP,60.0,51.0,WORKLOAD_STEP
2026-07-09 18:07:14.939709800+05:30,62.1,34,27.6,2822.1,63.97,207,304,RAMP,60.0,51.0,WORKLOAD_STEP
2026-07-09 18:07:16.967699+05:30,60.1,33,25.6,2741.76,63.96,207,304,RAMP,60.0,51.0,WORKLOAD_STEP
2026-07-09 18:07:18.996984800+05:30,64.2,33,26.2,2862.28,63.96,207,304,RAMP,60.0,51.0,WORKLOAD_STEP
2026-07-09 18:07:21.031325900+05:30,62.2,32,26.4,2771.9,63.96,207,304,RAMP,60.0,51.0,WORKLOAD_STEP
2026-07-09 18:07:23.080808100+05:30,61.8,29,25.4,2731.72,63.96,207,304,RAMP,60.0,51.0,WORKLOAD_STEP
2026-07-09 18:07:25.107169+05:30,60.5,29,27.1,2812.07,63.96,207,304,RAMP,60.0,51.0,WORKLOAD_STEP
2026-07-09 18:07:27.141652100+05:30,60.6,32,26.2,2812.06,63.96,207,304,RAMP,60.0,51.0,WORKLOAD_STEP
2026-07-09 18:07:29.169976800+05:30,62.5,33,23.9,2631.28,63.95,207,304,RAMP,60.0,51.0,WORKLOAD_STEP
2026-07-09 18:07:31.203671700+05:30,60.4,36,25.7,2741.76,63.96,207,304,RAMP,60.0,51.0,WORKLOAD_STEP
2026-07-09 18:07:33.231805+05:30,63.4,34,26.3,2882.37,63.96,207,304,RAMP,60.0,51.0,WORKLOAD_STEP
2026-07-09 18:07:35.254961900+05:30,60.6,34,24.9,2761.84,63.96,207,304,RAMP,60.0,51.0,WORKLOAD_STEP
2026-07-09 18:07:37.287355800+05:30,62.4,29,25.6,2842.19,63.95,207,304,RAMP,60.0,51.0,WORKLOAD_STEP
2026-07-09 18:07:39.316091900+05:30,60.2,34,25.8,2832.16,63.93,207,304,RAMP,60.0,51.0,WORKLOAD_STEP
2026-07-09 18:07:41.349936600+05:30,68.1,34,23.6,2741.78,63.98,207,304,RAMP,60.0,51.0,WORKLOAD_STEP
2026-07-09 18:07:43.380481+05:30,60.8,32,25.0,2751.81,63.96,207,304,RAMP,60.0,51.0,WORKLOAD_STEP
2026-07-09 18:07:45.407600500+05:30,60.4,32,26.0,2771.89,63.96,207,304,RAMP,60.0,51.0,WORKLOAD_STEP
2026-07-09 18:07:47.441067100+05:30,60.8,33,24.9,2922.53,63.96,207,304,RAMP,60.0,51.0,WORKLOAD_STEP
2026-07-09 18:07:49.478236700+05:30,61.4,32,26.3,2631.29,63.96,208,304,RAMP,60.0,51.0,WORKLOAD_STEP
2026-07-09 18:07:51.509567300+05:30,61.5,30,24.8,2561.0,63.95,207,304,RAMP,60.0,51.0,WORKLOAD_STEP
2026-07-09 18:07:53.536700100+05:30,64.6,34,24.9,2651.36,64.03,207,304,RAMP,60.0,51.0,WORKLOAD_STEP
2026-07-09 18:07:55.578851400+05:30,65.4,34,23.8,2691.53,63.96,207,304,RAMP,60.0,51.0,WORKLOAD_STEP
2026-07-09 18:07:57.608568100+05:30,64.3,36,24.9,2812.06,63.97,207,304,RAMP,60.0,51.0,WORKLOAD_STEP
2026-07-09 18:07:59.634504900+05:30,59.7,34,24.8,2761.85,63.97,207,304,RAMP,60.0,51.0,WORKLOAD_STEP
2026-07-09 18:08:01.664601800+05:30,60.8,34,23.3,2751.82,63.97,207,304,RAMP,60.0,51.0,WORKLOAD_STEP
2026-07-09 18:08:03.697765600+05:30,61.8,33,24.9,2751.81,63.97,206,304,RAMP,60.0,51.0,WORKLOAD_STEP
2026-07-09 18:08:05.729752200+05:30,60.7,34,23.3,2691.54,63.97,206,304,RAMP,60.0,51.0,WORKLOAD_STEP
2026-07-09 18:08:07.758543300+05:30,61.8,36,24.9,2842.17,63.96,206,304,RAMP,60.0,51.0,WORKLOAD_STEP
2026-07-09 18:08:09.793216+05:30,62.0,33,24.3,2741.77,63.97,206,304,RAMP,60.0,51.0,WORKLOAD_STEP
2026-07-09 18:08:11.828231200+05:30,69.0,30,23.2,2661.42,63.98,206,304,RAMP,60.0,51.0,WORKLOAD_STEP
2026-07-09 18:08:13.857508200+05:30,61.7,34,24.4,2721.69,63.97,206,304,RAMP,60.0,51.0,WORKLOAD_STEP
2026-07-09 18:08:15.882376+05:30,62.7,34,25.2,2832.16,63.99,206,304,RAMP,60.0,51.0,WORKLOAD_STEP
2026-07-09 18:08:17.907948900+05:30,60.1,33,24.3,2751.81,63.99,207,304,RAMP,60.0,51.0,WORKLOAD_STEP
2026-07-09 18:08:19.937692400+05:30,63.0,36,22.2,2781.93,63.97,207,304,RAMP,60.0,52.0,WORKLOAD_STEP
2026-07-09 18:08:21.958488900+05:30,62.0,32,23.8,2862.28,63.99,207,304,RAMP,60.0,52.0,WORKLOAD_STEP
2026-07-09 18:08:23.981252700+05:30,61.8,36,25.8,2812.06,63.99,206,304,RAMP,60.0,52.0,WORKLOAD_STEP
2026-07-09 18:08:26.002743800+05:30,60.4,39,24.1,2892.42,63.99,206,304,RAMP,60.0,52.0,WORKLOAD_STEP
2026-07-09 18:08:28.024826500+05:30,60.2,34,24.0,2611.21,64.0,206,304,RAMP,60.0,52.0,WORKLOAD_STEP
2026-07-09 18:08:30.086737200+05:30,61.6,34,23.8,2812.06,64.0,209,304,RAMP,60.0,52.0,WORKLOAD_STEP
2026-07-09 18:08:32.119055800+05:30,61.0,29,25.4,2852.24,63.99,210,304,RAMP,60.0,52.0,WORKLOAD_STEP
2026-07-09 18:08:34.151359900+05:30,60.8,33,26.6,2802.04,63.98,210,304,RAMP,60.0,52.0,WORKLOAD_STEP
2026-07-09 18:08:36.182717400+05:30,61.3,34,26.6,2631.29,63.99,207,304,RAMP,60.0,52.0,WORKLOAD_STEP
2026-07-09 18:08:38.211748600+05:30,60.8,33,25.7,2530.86,63.98,207,304,RAMP,60.0,52.0,WORKLOAD_STEP
2026-07-09 18:08:40.245277100+05:30,60.8,34,24.3,2641.33,64.02,209,306,RAMP,60.0,52.0,WORKLOAD_STEP
2026-07-09 18:08:42.283346300+05:30,64.9,33,25.3,2751.81,63.99,209,304,RAMP,60.0,52.0,WORKLOAD_STEP
2026-07-09 18:08:44.307862800+05:30,61.5,32,24.5,2611.22,64.06,209,304,RAMP,60.0,52.0,WORKLOAD_STEP
2026-07-09 18:08:46.341895600+05:30,62.0,32,25.4,2812.06,63.99,209,304,RAMP,60.0,52.0,WORKLOAD_STEP
2026-07-09 18:08:48.370730500+05:30,61.1,36,24.0,2701.59,63.98,209,304,RAMP,60.0,52.0,WORKLOAD_STEP
2026-07-09 18:08:50.480569600+05:30,60.8,34,26.7,2822.11,63.98,209,304,RAMP,60.0,52.0,WORKLOAD_STEP
2026-07-09 18:08:52.516637100+05:30,59.9,34,26.4,2781.92,63.98,209,304,RAMP,60.0,52.0,WORKLOAD_STEP
2026-07-09 18:08:54.546132300+05:30,59.9,30,25.2,2862.28,63.98,209,304,RAMP,60.0,52.0,WORKLOAD_STEP
2026-07-09 18:08:56.574334600+05:30,60.1,33,25.1,2711.64,63.98,209,304,RAMP,60.0,52.0,WORKLOAD_STEP
2026-07-09 18:08:58.607937300+05:30,60.3,34,23.9,2581.09,63.98,209,304,RAMP,60.0,52.0,WORKLOAD_STEP
2026-07-09 18:09:00.636230300+05:30,66.2,33,25.9,2581.08,63.99,209,304,RAMP,60.0,52.0,WORKLOAD_STEP
2026-07-09 18:09:02.665796300+05:30,68.0,33,26.0,2711.64,63.97,209,304,RAMP,60.0,52.0,WORKLOAD_STEP
2026-07-09 18:09:04.716002400+05:30,64.0,32,24.7,2741.77,63.98,209,304,RAMP,60.0,52.0,WORKLOAD_STEP
2026-07-09 18:09:06.742444600+05:30,61.1,32,24.7,2771.9,63.97,209,304,RAMP,60.0,52.0,WORKLOAD_STEP
2026-07-09 18:09:08.779221800+05:30,60.0,34,25.1,2721.67,63.98,209,304,RAMP,60.0,52.0,WORKLOAD_STEP
2026-07-09 18:09:10.809315700+05:30,64.6,33,22.5,2591.11,63.95,203,304,RAMP,60.0,52.0,WORKLOAD_STEP
2026-07-09 18:09:12.836619200+05:30,61.9,32,25.0,2651.37,63.97,202,304,RAMP,60.0,52.0,WORKLOAD_STEP
2026-07-09 18:09:14.866315100+05:30,61.8,30,25.5,2571.02,63.98,202,304,RAMP,60.0,52.0,WORKLOAD_STEP
2026-07-09 18:09:16.894676600+05:30,65.0,34,24.6,2721.67,63.97,202,304,RAMP,60.0,52.0,WORKLOAD_STEP
2026-07-09 18:09:18.929404300+05:30,71.2,33,22.7,2621.24,63.97,202,304,RAMP,80.0,53.0,WORKLOAD_STEP
2026-07-09 18:09:20.959828400+05:30,80.7,30,24.8,2571.04,63.97,202,304,RAMP,80.0,53.0,WORKLOAD_STEP
2026-07-09 18:09:22.984979100+05:30,81.1,29,25.9,2621.24,63.98,202,304,RAMP,80.0,53.0,WORKLOAD_STEP
2026-07-09 18:09:25.012166500+05:30,81.4,33,24.1,2731.71,63.98,202,304,RAMP,80.0,53.0,WORKLOAD_STEP
2026-07-09 18:09:27.069017800+05:30,80.7,34,25.7,2691.53,63.98,202,304,RAMP,80.0,53.0,WORKLOAD_STEP
2026-07-09 18:09:29.100449200+05:30,80.0,34,24.3,2651.38,63.97,202,304,RAMP,80.0,53.0,WORKLOAD_STEP
2026-07-09 18:09:31.130099800+05:30,82.2,34,26.4,2681.5,63.98,202,304,RAMP,80.0,53.0,WORKLOAD_STEP
2026-07-09 18:09:33.160655400+05:30,80.5,33,24.8,2621.24,63.97,202,304,RAMP,80.0,53.0,WORKLOAD_STEP
2026-07-09 18:09:35.192643200+05:30,80.6,36,22.8,2731.71,63.97,202,304,RAMP,80.0,53.0,WORKLOAD_STEP
2026-07-09 18:09:37.229698+05:30,80.9,33,24.7,2671.46,63.97,202,304,RAMP,80.0,53.0,WORKLOAD_STEP
2026-07-09 18:09:39.277910800+05:30,82.2,36,28.1,2691.54,63.98,202,304,RAMP,80.0,53.0,WORKLOAD_STEP
2026-07-09 18:09:41.307716300+05:30,86.2,33,26.1,2560.99,64.0,202,304,RAMP,80.0,53.0,WORKLOAD_STEP
2026-07-09 18:09:43.335718300+05:30,82.0,33,25.0,2671.47,63.99,202,304,RAMP,80.0,53.0,WORKLOAD_STEP
2026-07-09 18:09:45.366953500+05:30,79.6,32,24.2,2641.32,63.99,202,304,RAMP,80.0,53.0,WORKLOAD_STEP
2026-07-09 18:09:47.398459600+05:30,80.2,32,25.0,2611.2,63.98,202,304,RAMP,80.0,53.0,WORKLOAD_STEP
2026-07-09 18:09:49.427716900+05:30,81.2,34,25.5,2631.29,63.99,202,304,RAMP,80.0,53.0,WORKLOAD_STEP
2026-07-09 18:09:51.457277500+05:30,82.1,30,25.5,2601.14,63.98,202,304,RAMP,80.0,53.0,WORKLOAD_STEP
2026-07-09 18:09:53.484802+05:30,83.4,34,24.0,2520.81,63.99,202,304,RAMP,80.0,53.0,WORKLOAD_STEP
2026-07-09 18:09:55.513111+05:30,81.9,33,25.3,2731.72,63.98,202,304,RAMP,80.0,53.0,WORKLOAD_STEP
2026-07-09 18:09:57.546550400+05:30,82.8,30,26.3,2651.37,63.97,202,304,RAMP,80.0,53.0,WORKLOAD_STEP
2026-07-09 18:09:59.575702300+05:30,81.2,33,23.8,2581.07,63.99,202,304,RAMP,80.0,53.0,WORKLOAD_STEP
2026-07-09 18:10:01.602619700+05:30,83.1,36,24.7,2581.07,63.98,202,304,RAMP,80.0,53.0,WORKLOAD_STEP
2026-07-09 18:10:03.632485800+05:30,81.3,33,25.6,2591.13,63.99,202,304,RAMP,80.0,53.0,WORKLOAD_STEP
2026-07-09 18:10:05.661534500+05:30,82.6,33,25.2,2671.45,63.98,202,304,RAMP,80.0,53.0,WORKLOAD_STEP
2026-07-09 18:10:07.694838+05:30,84.3,33,25.3,2540.89,64.27,202,307,RAMP,80.0,53.0,WORKLOAD_STEP
2026-07-09 18:10:09.726783+05:30,85.8,33,25.4,2430.41,64.18,202,307,RAMP,80.0,53.0,WORKLOAD_STEP
2026-07-09 18:10:11.772337900+05:30,81.2,34,23.2,2540.88,64.1,202,307,RAMP,80.0,53.0,WORKLOAD_STEP
2026-07-09 18:10:13.815282700+05:30,81.7,33,24.4,2540.91,64.16,202,307,RAMP,80.0,53.0,WORKLOAD_STEP
2026-07-09 18:10:15.851451600+05:30,81.7,37,25.1,2591.11,64.15,202,307,RAMP,80.0,54.0,WORKLOAD_STEP
2026-07-09 18:10:17.876081200+05:30,81.3,34,24.5,2530.85,64.15,202,307,RAMP,80.0,54.0,WORKLOAD_STEP
2026-07-09 18:10:19.899395100+05:30,81.3,34,23.9,2621.25,64.17,202,307,RAMP,80.0,54.0,WORKLOAD_STEP
2026-07-09 18:10:21.956701300+05:30,84.5,30,24.2,2560.97,64.18,205,307,RAMP,80.0,54.0,WORKLOAD_STEP
2026-07-09 18:10:23.985741100+05:30,80.3,32,25.6,2560.98,64.17,205,307,RAMP,80.0,54.0,WORKLOAD_STEP
2026-07-09 18:10:26.021804800+05:30,83.9,33,24.9,2631.28,64.18,205,307,RAMP,80.0,54.0,WORKLOAD_STEP
2026-07-09 18:10:28.050098700+05:30,80.5,33,24.6,2651.35,64.17,205,307,RAMP,80.0,54.0,WORKLOAD_STEP
2026-07-09 18:10:30.079305300+05:30,80.7,34,24.0,2560.98,64.17,207,307,RAMP,80.0,54.0,WORKLOAD_STEP
2026-07-09 18:10:32.108946100+05:30,80.5,34,26.4,2621.25,64.16,207,307,RAMP,80.0,54.0,WORKLOAD_STEP
2026-07-09 18:10:34.139306900+05:30,79.6,33,23.6,2550.93,64.2,207,307,RAMP,80.0,54.0,WORKLOAD_STEP
2026-07-09 18:10:36.169342900+05:30,79.7,33,24.9,2631.27,64.15,204,307,RAMP,80.0,54.0,WORKLOAD_STEP
2026-07-09 18:10:38.201942800+05:30,83.1,32,26.2,2611.19,64.14,204,307,RAMP,80.0,54.0,WORKLOAD_STEP
2026-07-09 18:10:40.232217400+05:30,80.4,33,24.2,2651.38,64.15,203,309,RAMP,80.0,54.0,WORKLOAD_STEP
2026-07-09 18:10:42.262323700+05:30,82.1,33,24.0,2611.2,64.16,203,307,RAMP,80.0,54.0,WORKLOAD_STEP
2026-07-09 18:10:44.291843800+05:30,80.4,34,23.7,2611.21,64.15,203,307,RAMP,80.0,54.0,WORKLOAD_STEP
2026-07-09 18:10:46.339992400+05:30,80.1,36,25.4,2741.76,64.15,203,307,RAMP,80.0,54.0,WORKLOAD_STEP
2026-07-09 18:10:48.374856400+05:30,83.2,32,24.4,2581.05,64.12,203,306,RAMP,100.0,55.0,WORKLOAD_STEP
2026-07-09 18:10:50.429741400+05:30,97.1,34,25.2,2520.79,64.11,203,306,RAMP,100.0,55.0,WORKLOAD_STEP
2026-07-09 18:10:52.509387200+05:30,100.0,33,25.4,2550.93,64.1,203,306,RAMP,100.0,55.0,WORKLOAD_STEP
2026-07-09 18:10:54.567017700+05:30,100.0,34,25.9,2510.77,64.09,203,306,RAMP,100.0,55.0,WORKLOAD_STEP
2026-07-09 18:10:56.621765500+05:30,100.0,34,24.8,2460.56,64.08,203,306,RAMP,100.0,55.0,WORKLOAD_STEP
2026-07-09 18:10:58.664609600+05:30,100.0,34,24.6,2490.67,64.08,203,306,RAMP,100.0,55.0,WORKLOAD_STEP
2026-07-09 18:11:00.733853600+05:30,100.0,33,25.6,2480.64,64.13,203,306,RAMP,100.0,55.0,WORKLOAD_STEP
2026-07-09 18:11:02.797769+05:30,100.0,33,25.5,2470.6,64.11,203,306,RAMP,100.0,55.0,WORKLOAD_STEP
2026-07-09 18:11:04.844024200+05:30,100.0,34,25.1,2520.81,64.12,204,306,RAMP,100.0,55.0,WORKLOAD_STEP
2026-07-09 18:11:06.901073+05:30,100.0,34,25.2,2520.81,64.1,204,306,RAMP,100.0,55.0,WORKLOAD_STEP
2026-07-09 18:11:08.965644600+05:30,100.0,33,25.5,2500.72,64.07,204,305,RAMP,100.0,55.0,WORKLOAD_STEP
2026-07-09 18:11:11.024560300+05:30,100.0,34,24.7,2490.68,63.98,204,305,RAMP,100.0,55.0,WORKLOAD_STEP
2026-07-09 18:11:13.105630600+05:30,100.0,34,25.2,2470.6,63.99,204,305,RAMP,100.0,55.0,WORKLOAD_STEP
2026-07-09 18:11:15.165148+05:30,100.0,34,25.5,2480.63,63.99,204,305,RAMP,100.0,55.0,WORKLOAD_STEP
2026-07-09 18:11:17.235416800+05:30,100.0,33,24.9,2470.59,64.0,204,305,RAMP,100.0,55.0,WORKLOAD_STEP
2026-07-09 18:11:19.298480200+05:30,100.0,34,23.7,2500.71,63.98,204,305,RAMP,100.0,55.0,WORKLOAD_STEP
2026-07-09 18:11:21.362946400+05:30,100.0,33,24.8,2460.55,63.97,204,305,RAMP,100.0,55.0,WORKLOAD_STEP
2026-07-09 18:11:23.420385900+05:30,100.0,34,23.8,2510.76,63.97,204,305,RAMP,100.0,55.0,WORKLOAD_STEP
2026-07-09 18:11:25.485121600+05:30,100.0,34,23.9,2490.68,63.98,204,305,RAMP,100.0,55.0,WORKLOAD_STEP
2026-07-09 18:11:27.559885100+05:30,100.0,34,25.3,2460.56,63.98,206,306,RAMP,100.0,55.0,WORKLOAD_STEP
2026-07-09 18:11:29.624916100+05:30,100.0,34,24.5,2480.65,63.97,206,306,RAMP,100.0,55.0,WORKLOAD_STEP
2026-07-09 18:11:31.686421500+05:30,100.0,34,24.9,2450.51,63.97,206,306,RAMP,100.0,55.0,WORKLOAD_STEP
2026-07-09 18:11:33.761787900+05:30,100.0,34,26.0,2490.68,63.96,206,306,RAMP,100.0,55.0,WORKLOAD_STEP
2026-07-09 18:11:35.830880200+05:30,100.0,33,23.0,2530.84,63.95,206,306,RAMP,100.0,55.0,WORKLOAD_STEP
2026-07-09 18:11:37.913967700+05:30,100.0,34,26.6,2520.8,63.95,206,306,RAMP,100.0,55.0,WORKLOAD_STEP
2026-07-09 18:11:39.997890600+05:30,100.0,33,27.2,2540.89,63.98,206,306,RAMP,100.0,56.0,WORKLOAD_STEP
2026-07-09 18:11:42.090203400+05:30,100.0,33,24.6,2460.55,63.96,206,306,RAMP,100.0,56.0,WORKLOAD_STEP
2026-07-09 18:11:44.154964+05:30,100.0,33,24.4,2440.47,63.96,206,306,RAMP,100.0,56.0,WORKLOAD_STEP
2026-07-09 18:11:46.223021100+05:30,100.0,33,26.0,2430.42,63.96,206,306,RAMP,100.0,56.0,WORKLOAD_STEP
2026-07-09 18:11:48.308174600+05:30,100.0,33,25.0,2420.38,63.95,206,306,RAMP,100.0,56.0,WORKLOAD_STEP
2026-07-09 18:11:50.352001600+05:30,100.0,32,24.6,2510.75,63.96,206,306,RAMP,100.0,56.0,WORKLOAD_STEP
2026-07-09 18:11:52.413148700+05:30,100.0,33,24.2,2510.77,63.95,206,306,RAMP,100.0,56.0,WORKLOAD_STEP
2026-07-09 18:11:54.497310200+05:30,100.0,33,25.1,2470.6,64.02,206,307,RAMP,100.0,56.0,WORKLOAD_STEP
2026-07-09 18:11:56.586982+05:30,100.0,33,25.4,2480.64,64.01,204,307,RAMP,100.0,56.0,WORKLOAD_STEP
2026-07-09 18:11:58.648357500+05:30,100.0,33,26.3,2450.51,64.02,204,307,RAMP,100.0,56.0,WORKLOAD_STEP
2026-07-09 18:12:00.755685100+05:30,100.0,33,25.0,2500.73,64.03,204,307,RAMP,100.0,56.0,WORKLOAD_STEP
2026-07-09 18:12:02.813506+05:30,100.0,33,24.9,2480.64,64.04,204,307,RAMP,100.0,56.0,WORKLOAD_STEP
2026-07-09 18:12:04.878479700+05:30,100.0,33,25.2,2530.84,64.03,204,307,RAMP,100.0,56.0,WORKLOAD_STEP
2026-07-09 18:12:06.928784700+05:30,100.0,34,25.5,2550.92,64.03,204,307,RAMP,100.0,56.0,WORKLOAD_STEP
2026-07-09 18:12:08.975894+05:30,100.0,34,23.8,2500.72,64.04,204,307,RAMP,100.0,56.0,WORKLOAD_STEP
2026-07-09 18:12:11.030889600+05:30,100.0,32,24.4,2500.72,64.05,203,308,RAMP,100.0,56.0,WORKLOAD_STEP
2026-07-09 18:12:13.091292900+05:30,100.0,33,24.4,2520.8,64.05,203,308,RAMP,100.0,56.0,WORKLOAD_STEP
2026-07-09 18:12:15.177668200+05:30,100.0,33,24.6,2510.77,64.05,203,308,RAMP,100.0,56.0,WORKLOAD_STEP
2026-07-09 18:12:17.244709+05:30,100.0,34,25.2,2510.76,64.06,203,308,RAMP,100.0,56.0,WORKLOAD_STEP
2026-07-09 18:12:19.295647300+05:30,100.0,33,25.3,2530.85,64.06,203,308,RAMP,100.0,56.0,WORKLOAD_STEP
2026-07-09 18:12:21.364817100+05:30,100.0,33,25.2,2520.81,64.07,203,308,RAMP,100.0,56.0,WORKLOAD_STEP
2026-07-09 18:12:23.445616600+05:30,100.0,33,25.6,2510.76,64.07,203,308,RAMP,100.0,56.0,WORKLOAD_STEP
2026-07-09 18:12:25.584321300+05:30,100.0,33,25.5,2510.76,64.07,203,308,RAMP,100.0,56.0,WORKLOAD_STEP
2026-07-09 18:12:27.628571700+05:30,100.0,33,24.5,2520.8,64.08,203,309,RAMP,100.0,56.0,WORKLOAD_STEP
2026-07-09 18:12:29.793314400+05:30,100.0,33,24.8,2510.76,64.05,203,308,RAMP,100.0,56.0,WORKLOAD_STEP
2026-07-09 18:12:31.862340800+05:30,100.0,33,25.5,2500.72,64.04,206,308,RAMP,100.0,56.0,WORKLOAD_STEP
2026-07-09 18:12:33.925031+05:30,100.0,34,24.3,2450.52,64.0,206,307,RAMP,100.0,56.0,WORKLOAD_STEP
2026-07-09 18:12:35.985005200+05:30,100.0,34,25.2,2500.71,63.99,203,307,RAMP,100.0,56.0,WORKLOAD_STEP
2026-07-09 18:12:38.027911500+05:30,100.0,34,24.7,2530.83,64.0,203,307,RAMP,100.0,56.0,WORKLOAD_STEP
2026-07-09 18:12:40.096366800+05:30,100.0,34,25.6,2510.76,63.99,202,307,RAMP,100.0,56.0,WORKLOAD_STEP
2026-07-09 18:12:42.149478500+05:30,100.0,34,26.7,2520.8,63.99,202,307,RAMP,100.0,56.0,WORKLOAD_STEP
2026-07-09 18:12:44.218856600+05:30,100.0,33,24.6,2520.8,64.0,202,307,RAMP,100.0,56.0,WORKLOAD_STEP
2026-07-09 18:12:46.255852800+05:30,100.0,33,25.1,2500.72,64.0,202,308,RAMP,100.0,56.0,WORKLOAD_STEP
2026-07-09 18:12:48.354771700+05:30,100.0,33,25.0,2520.79,64.04,202,310,RAMP,100.0,56.0,WORKLOAD_STEP
2026-07-09 18:12:50.409508200+05:30,100.0,33,24.8,2500.73,64.07,202,310,RAMP,100.0,56.0,WORKLOAD_STEP
2026-07-09 18:12:52.465549800+05:30,100.0,33,25.3,2510.76,64.08,202,310,RAMP,100.0,56.0,WORKLOAD_STEP
2026-07-09 18:12:54.526200500+05:30,100.0,33,23.5,2490.67,64.06,202,310,RAMP,100.0,56.0,WORKLOAD_STEP
2026-07-09 18:12:56.588573600+05:30,100.0,33,24.1,2470.59,64.09,202,310,RAMP,100.0,56.0,WORKLOAD_STEP
2026-07-09 18:12:58.667936+05:30,100.0,33,25.1,2490.68,64.07,202,310,RAMP,100.0,56.0,WORKLOAD_STEP
2026-07-09 18:13:00.755267700+05:30,100.0,33,24.3,2520.8,64.08,202,310,RAMP,100.0,56.0,WORKLOAD_STEP
2026-07-09 18:13:02.847419300+05:30,100.0,34,24.5,2520.79,64.09,202,311,RAMP,100.0,56.0,WORKLOAD_STEP
2026-07-09 18:13:04.939677400+05:30,100.0,34,26.0,2480.63,64.09,202,311,RAMP,100.0,56.0,WORKLOAD_STEP
2026-07-09 18:13:07.004882700+05:30,100.0,34,26.0,2470.58,64.1,202,311,RAMP,100.0,56.0,WORKLOAD_STEP
2026-07-09 18:13:09.086431500+05:30,100.0,33,24.2,2540.89,64.1,202,311,RAMP,100.0,56.0,WORKLOAD_STEP
2026-07-09 18:13:11.144642100+05:30,100.0,33,26.5,2490.69,64.09,202,310,RAMP,100.0,56.0,WORKLOAD_STEP
2026-07-09 18:13:13.212220700+05:30,100.0,33,24.2,2510.76,64.1,202,310,RAMP,100.0,56.0,WORKLOAD_STEP
2026-07-09 18:13:15.271418500+05:30,100.0,34,24.6,2440.45,64.11,202,311,RAMP,100.0,56.0,WORKLOAD_STEP
2026-07-09 18:13:17.333796900+05:30,100.0,33,26.8,2510.76,64.12,202,311,RAMP,100.0,56.0,WORKLOAD_STEP
2026-07-09 18:13:19.398378500+05:30,100.0,36,25.3,2510.76,64.13,202,311,RAMP,100.0,56.0,WORKLOAD_STEP
2026-07-09 18:13:21.465222400+05:30,100.0,33,24.6,2520.81,64.15,202,312,RAMP,100.0,56.0,WORKLOAD_STEP
2026-07-09 18:13:23.529660900+05:30,100.0,33,23.5,2440.47,64.15,202,312,RAMP,100.0,56.0,WORKLOAD_STEP
2026-07-09 18:13:25.616808800+05:30,100.0,33,25.8,2520.79,64.32,202,312,RAMP,100.0,56.0,WORKLOAD_STEP
2026-07-09 18:13:27.694444+05:30,100.0,33,25.0,2510.76,64.33,202,312,RAMP,100.0,56.0,WORKLOAD_STEP
2026-07-09 18:13:29.753219+05:30,100.0,33,26.2,2540.89,64.33,202,312,RAMP,100.0,56.0,WORKLOAD_STEP
2026-07-09 18:13:31.826163900+05:30,100.0,33,24.7,2510.76,64.34,202,313,RAMP,100.0,56.0,WORKLOAD_STEP
2026-07-09 18:13:33.905698200+05:30,100.0,33,23.2,2530.84,64.33,203,313,RAMP,100.0,56.0,WORKLOAD_STEP
2026-07-09 18:13:35.979316200+05:30,100.0,33,25.4,2500.71,64.35,203,313,RAMP,100.0,56.0,WORKLOAD_STEP
2026-07-09 18:13:38.064276300+05:30,100.0,33,25.4,2500.71,64.34,203,313,RAMP,100.0,56.0,WORKLOAD_STEP
2026-07-09 18:13:40.126383+05:30,100.0,34,24.3,2480.63,64.4,203,313,RAMP,100.0,56.0,WORKLOAD_STEP
2026-07-09 18:13:42.184829600+05:30,93.2,34,25.9,2440.46,64.91,204,314,RAMP,80.0,57.0,WORKLOAD_STEP
2026-07-09 18:13:44.211805300+05:30,84.4,34,25.2,2581.07,64.34,204,304,RAMP,80.0,57.0,WORKLOAD_STEP
2026-07-09 18:13:46.245656800+05:30,81.0,34,26.4,2621.26,64.32,204,304,RAMP,80.0,57.0,WORKLOAD_STEP
2026-07-09 18:13:48.279795600+05:30,79.6,32,24.4,2641.31,64.3,204,304,RAMP,80.0,57.0,WORKLOAD_STEP
2026-07-09 18:13:50.307523100+05:30,81.0,30,24.2,2661.41,64.18,204,304,RAMP,80.0,57.0,WORKLOAD_STEP
2026-07-09 18:13:52.336756300+05:30,80.8,36,25.5,2641.33,64.2,204,304,RAMP,80.0,57.0,WORKLOAD_STEP
2026-07-09 18:13:54.366358200+05:30,79.7,33,27.0,2571.03,64.23,204,304,RAMP,80.0,57.0,WORKLOAD_STEP
2026-07-09 18:13:56.400164400+05:30,86.5,33,24.7,2621.25,64.29,204,304,RAMP,80.0,57.0,WORKLOAD_STEP
2026-07-09 18:13:58.432732600+05:30,82.2,32,24.6,2621.25,64.27,204,304,RAMP,80.0,57.0,WORKLOAD_STEP
2026-07-09 18:14:00.468112900+05:30,80.6,33,22.3,2611.2,64.29,204,304,RAMP,80.0,57.0,WORKLOAD_STEP
2026-07-09 18:14:02.496753900+05:30,82.7,33,23.6,2681.51,64.28,204,304,RAMP,80.0,57.0,WORKLOAD_STEP
2026-07-09 18:14:04.528173500+05:30,80.0,32,24.8,2540.88,64.28,204,304,RAMP,80.0,57.0,WORKLOAD_STEP
2026-07-09 18:14:06.559880+05:30,82.1,34,24.0,2560.97,64.27,206,304,RAMP,80.0,57.0,WORKLOAD_STEP
2026-07-09 18:14:08.594745700+05:30,81.1,33,24.9,2661.41,64.27,206,304,RAMP,80.0,57.0,WORKLOAD_STEP
2026-07-09 18:14:10.627406300+05:30,81.3,33,24.5,2591.1,64.27,205,304,RAMP,80.0,57.0,WORKLOAD_STEP
2026-07-09 18:14:12.676986400+05:30,80.2,30,24.1,2571.01,64.27,205,304,RAMP,80.0,57.0,WORKLOAD_STEP
2026-07-09 18:14:14.712347300+05:30,83.1,34,23.7,2601.15,64.25,205,304,RAMP,80.0,57.0,WORKLOAD_STEP
2026-07-09 18:14:16.742135400+05:30,79.7,32,23.7,2550.92,64.26,206,304,RAMP,80.0,57.0,WORKLOAD_STEP
2026-07-09 18:14:18.776508400+05:30,80.9,34,25.4,2581.07,64.28,206,304,RAMP,80.0,57.0,WORKLOAD_STEP
2026-07-09 18:14:20.805868+05:30,80.7,32,24.6,2611.21,64.28,206,304,RAMP,80.0,57.0,WORKLOAD_STEP
2026-07-09 18:14:22.836466400+05:30,80.2,30,23.5,2490.69,64.29,205,304,RAMP,80.0,57.0,WORKLOAD_STEP
2026-07-09 18:14:24.870750800+05:30,80.2,34,23.7,2621.24,64.28,205,304,RAMP,80.0,57.0,WORKLOAD_STEP
2026-07-09 18:14:26.896835800+05:30,86.0,36,23.5,2631.28,64.32,206,304,RAMP,80.0,57.0,WORKLOAD_STEP
2026-07-09 18:14:28.922359800+05:30,80.0,34,23.8,2641.32,64.31,205,304,RAMP,80.0,57.0,WORKLOAD_STEP
2026-07-09 18:14:30.953862200+05:30,83.1,34,24.2,2510.75,64.37,208,304,RAMP,80.0,57.0,WORKLOAD_STEP
2026-07-09 18:14:32.982842300+05:30,83.8,33,26.2,2651.38,64.31,208,304,RAMP,80.0,57.0,WORKLOAD_STEP
2026-07-09 18:14:35.012026200+05:30,81.8,33,23.4,2571.03,64.31,205,304,RAMP,80.0,57.0,WORKLOAD_STEP
2026-07-09 18:14:37.041681400+05:30,80.6,33,24.3,2591.12,64.25,203,304,RAMP,80.0,57.0,WORKLOAD_STEP
2026-07-09 18:14:39.072772200+05:30,81.1,33,25.2,2621.24,64.25,203,304,RAMP,80.0,57.0,WORKLOAD_STEP
2026-07-09 18:14:41.100862300+05:30,82.0,34,24.2,2671.46,64.25,203,304,RAMP,80.0,57.0,WORKLOAD_STEP
2026-07-09 18:14:43.130975400+05:30,79.9,29,25.6,2500.71,64.24,203,304,RAMP,80.0,57.0,WORKLOAD_STEP
2026-07-09 18:14:45.171509600+05:30,83.9,33,23.6,2490.67,64.01,203,304,RAMP,80.0,57.0,WORKLOAD_STEP
2026-07-09 18:14:47.219057600+05:30,89.5,34,24.4,2601.16,63.07,203,304,RAMP,80.0,57.0,WORKLOAD_STEP
2026-07-09 18:14:49.252556200+05:30,84.3,34,24.6,2651.37,63.08,203,304,RAMP,80.0,57.0,WORKLOAD_STEP
2026-07-09 18:14:51.279345300+05:30,81.0,33,24.4,2631.28,63.07,203,304,RAMP,80.0,57.0,WORKLOAD_STEP
2026-07-09 18:14:53.309147100+05:30,82.5,36,25.2,2571.02,63.06,202,304,RAMP,80.0,57.0,WORKLOAD_STEP
2026-07-09 18:14:55.347175400+05:30,90.9,33,23.8,2560.98,63.12,202,306,RAMP,80.0,57.0,WORKLOAD_STEP
2026-07-09 18:14:57.403601700+05:30,80.7,33,25.5,2601.16,63.15,202,304,RAMP,80.0,57.0,WORKLOAD_STEP
2026-07-09 18:14:59.434690200+05:30,80.2,36,24.5,2591.12,63.15,202,304,RAMP,80.0,57.0,WORKLOAD_STEP
2026-07-09 18:15:01.466321300+05:30,82.7,36,24.5,2671.46,63.12,202,304,RAMP,80.0,57.0,WORKLOAD_STEP
2026-07-09 18:15:03.495905800+05:30,79.3,30,24.0,2591.1,63.14,202,304,RAMP,80.0,57.0,WORKLOAD_STEP
2026-07-09 18:15:05.524975500+05:30,82.2,33,23.7,2540.9,63.1,202,304,RAMP,80.0,57.0,WORKLOAD_STEP
2026-07-09 18:15:07.556253400+05:30,79.9,32,25.9,2631.29,63.14,202,304,RAMP,80.0,57.0,WORKLOAD_STEP
2026-07-09 18:15:09.591491300+05:30,81.9,34,24.0,2560.98,63.15,202,305,RAMP,80.0,57.0,WORKLOAD_STEP
2026-07-09 18:15:11.629192600+05:30,86.7,34,27.9,2571.03,63.49,205,310,RAMP,80.0,57.0,WORKLOAD_STEP
2026-07-09 18:15:13.658996600+05:30,91.3,33,24.3,2460.55,64.51,217,311,RAMP,80.0,57.0,WORKLOAD_STEP
2026-07-09 18:15:15.689477+05:30,83.1,34,26.4,2671.46,64.58,216,311,RAMP,80.0,57.0,WORKLOAD_STEP
2026-07-09 18:15:17.727838100+05:30,83.8,32,26.0,2540.89,64.47,217,311,RAMP,80.0,57.0,WORKLOAD_STEP
2026-07-09 18:15:19.779282+05:30,79.7,34,26.1,2641.32,64.51,216,311,RAMP,80.0,57.0,WORKLOAD_STEP
2026-07-09 18:15:21.810404900+05:30,81.2,33,25.4,2530.85,64.51,217,311,RAMP,80.0,57.0,WORKLOAD_STEP
2026-07-09 18:15:23.841451600+05:30,81.4,30,23.6,2601.16,64.49,216,311,RAMP,80.0,57.0,WORKLOAD_STEP
2026-07-09 18:15:25.871456900+05:30,83.7,34,23.7,2380.21,64.54,216,311,RAMP,80.0,57.0,WORKLOAD_STEP
2026-07-09 18:15:27.902485200+05:30,80.3,34,25.0,2651.39,64.51,216,311,RAMP,80.0,57.0,WORKLOAD_STEP
2026-07-09 18:15:29.963681400+05:30,81.4,33,27.0,2721.68,64.51,216,311,RAMP,80.0,57.0,WORKLOAD_STEP
2026-07-09 18:15:31.999001200+05:30,81.1,33,25.3,2550.95,64.5,216,310,RAMP,80.0,57.0,WORKLOAD_STEP
2026-07-09 18:15:34.031605100+05:30,80.8,30,25.3,2550.95,64.46,216,310,RAMP,80.0,57.0,WORKLOAD_STEP
2026-07-09 18:15:36.063242700+05:30,81.3,33,24.9,2530.86,64.49,216,310,RAMP,80.0,57.0,WORKLOAD_STEP
2026-07-09 18:15:38.097192500+05:30,82.7,32,26.7,2681.49,64.48,216,310,RAMP,80.0,57.0,WORKLOAD_STEP
2026-07-09 18:15:40.127309600+05:30,83.3,33,24.7,2631.29,64.47,216,310,RAMP,80.0,57.0,WORKLOAD_STEP
2026-07-09 18:15:42.158982300+05:30,81.2,33,25.5,2741.75,64.46,216,310,RAMP,80.0,57.0,WORKLOAD_STEP
2026-07-09 18:15:44.191554600+05:30,81.7,32,25.3,2641.33,64.46,212,310,RAMP,80.0,57.0,WORKLOAD_STEP
2026-07-09 18:15:46.225350700+05:30,80.7,33,24.3,2711.64,64.48,212,310,RAMP,80.0,57.0,WORKLOAD_STEP
2026-07-09 18:15:48.256772100+05:30,82.4,33,25.1,2621.25,64.41,212,310,RAMP,80.0,57.0,WORKLOAD_STEP
2026-07-09 18:15:50.286933700+05:30,82.9,32,24.2,2571.03,63.85,212,310,RAMP,80.0,57.0,WORKLOAD_STEP
2026-07-09 18:15:52.319530700+05:30,83.0,34,24.9,2651.36,63.87,212,310,RAMP,80.0,57.0,WORKLOAD_STEP
2026-07-09 18:15:54.367063+05:30,82.6,33,24.5,2671.47,63.87,212,310,RAMP,80.0,57.0,WORKLOAD_STEP
2026-07-09 18:15:56.397707300+05:30,87.6,32,23.1,2581.08,63.85,212,310,RAMP,80.0,57.0,WORKLOAD_STEP
2026-07-09 18:15:58.427717900+05:30,81.0,34,25.0,2691.56,63.91,212,310,RAMP,80.0,57.0,WORKLOAD_STEP
2026-07-09 18:16:00.457394800+05:30,84.4,33,22.2,2641.32,63.91,212,310,RAMP,80.0,57.0,WORKLOAD_STEP
2026-07-09 18:16:02.494331100+05:30,80.9,33,24.2,2641.33,63.91,212,310,RAMP,80.0,57.0,WORKLOAD_STEP
2026-07-09 18:16:04.529396700+05:30,83.0,33,24.4,2560.97,64.14,213,313,RAMP,80.0,57.0,WORKLOAD_STEP
2026-07-09 18:16:06.562995100+05:30,82.5,36,24.2,2500.71,63.97,213,313,RAMP,80.0,57.0,WORKLOAD_STEP
2026-07-09 18:16:08.593397300+05:30,81.5,34,25.6,2611.19,64.06,213,313,RAMP,80.0,57.0,WORKLOAD_STEP
2026-07-09 18:16:10.625100200+05:30,80.9,33,26.6,2601.15,63.94,212,311,RAMP,80.0,57.0,WORKLOAD_STEP
2026-07-09 18:16:12.656458400+05:30,80.7,32,24.2,2611.21,63.96,213,311,RAMP,80.0,57.0,WORKLOAD_STEP
2026-07-09 18:16:14.686652900+05:30,81.2,33,25.5,2591.12,63.79,211,310,RAMP,80.0,57.0,WORKLOAD_STEP
2026-07-09 18:16:16.718928+05:30,80.8,32,23.8,2651.38,63.8,212,310,RAMP,80.0,57.0,WORKLOAD_STEP
2026-07-09 18:16:18.749905300+05:30,82.4,36,26.1,2581.03,63.63,212,310,RAMP,80.0,57.0,WORKLOAD_STEP
2026-07-09 18:16:20.781442100+05:30,80.8,33,24.1,2601.17,63.66,212,310,RAMP,80.0,57.0,WORKLOAD_STEP
2026-07-09 18:16:22.818165100+05:30,82.0,33,25.3,2671.45,63.66,211,310,RAMP,80.0,57.0,WORKLOAD_STEP
2026-07-09 18:16:24.848575200+05:30,80.7,33,26.5,2641.32,63.67,211,310,RAMP,80.0,57.0,WORKLOAD_STEP
2026-07-09 18:16:26.997043300+05:30,80.5,33,23.2,2611.2,63.81,211,310,RAMP,80.0,57.0,WORKLOAD_STEP
2026-07-09 18:16:29.027776900+05:30,80.0,33,23.5,2591.11,63.81,211,310,RAMP,80.0,57.0,WORKLOAD_STEP
2026-07-09 18:16:31.062116800+05:30,80.0,33,24.3,2731.72,63.81,214,310,RAMP,80.0,57.0,WORKLOAD_STEP
2026-07-09 18:16:33.097313+05:30,81.9,33,24.8,2621.24,63.81,214,310,RAMP,80.0,57.0,WORKLOAD_STEP
2026-07-09 18:16:35.135384700+05:30,82.7,33,24.8,2591.12,63.8,211,310,RAMP,80.0,57.0,WORKLOAD_STEP
2026-07-09 18:16:37.165476+05:30,80.2,34,26.0,2671.46,63.8,211,310,RAMP,80.0,57.0,WORKLOAD_STEP
2026-07-09 18:16:39.198060200+05:30,80.2,33,25.0,2631.3,63.8,211,310,RAMP,80.0,57.0,WORKLOAD_STEP
2026-07-09 18:16:41.227595900+05:30,80.8,32,24.7,2641.32,63.79,211,310,RAMP,80.0,57.0,WORKLOAD_STEP
2026-07-09 18:16:43.262738400+05:30,85.0,32,25.3,2591.12,63.79,210,310,RAMP,80.0,57.0,WORKLOAD_STEP
2026-07-09 18:16:45.289570100+05:30,82.4,33,24.7,2530.83,63.77,210,309,RAMP,80.0,57.0,WORKLOAD_STEP
2026-07-09 18:16:47.324420+05:30,83.7,34,25.1,2701.59,63.77,210,309,RAMP,80.0,57.0,WORKLOAD_STEP
2026-07-09 18:16:49.354212700+05:30,80.3,34,24.8,2601.15,63.77,210,309,RAMP,80.0,57.0,WORKLOAD_STEP
2026-07-09 18:16:51.390542+05:30,81.4,30,26.1,2611.2,63.76,210,309,RAMP,80.0,57.0,WORKLOAD_STEP
2026-07-09 18:16:53.420768500+05:30,80.6,30,25.1,2550.93,63.75,210,309,RAMP,80.0,58.0,WORKLOAD_STEP
2026-07-09 18:16:55.475265900+05:30,80.9,33,24.0,2550.95,63.82,210,311,RAMP,80.0,58.0,WORKLOAD_STEP
2026-07-09 18:16:57.503587800+05:30,86.5,34,24.6,2510.77,64.11,210,309,RAMP,80.0,58.0,WORKLOAD_STEP
2026-07-09 18:16:59.531038900+05:30,86.7,34,24.7,2681.49,62.86,210,309,RAMP,80.0,58.0,WORKLOAD_STEP
2026-07-09 18:17:01.576195800+05:30,81.2,33,24.5,2601.17,62.86,208,309,RAMP,80.0,58.0,WORKLOAD_STEP
2026-07-09 18:17:03.606414200+05:30,82.1,33,25.3,2671.46,62.87,210,309,RAMP,80.0,58.0,WORKLOAD_STEP
2026-07-09 18:17:05.639822300+05:30,80.3,33,24.5,2691.54,62.85,210,308,RAMP,80.0,58.0,WORKLOAD_STEP
2026-07-09 18:17:07.673876200+05:30,81.2,33,24.9,2591.12,62.69,210,307,RAMP,80.0,58.0,WORKLOAD_STEP
2026-07-09 18:17:09.700492200+05:30,80.6,36,24.6,2601.15,62.7,210,307,RAMP,80.0,58.0,WORKLOAD_STEP
2026-07-09 18:17:11.734514700+05:30,80.3,33,26.5,2611.21,62.73,210,307,RAMP,80.0,58.0,WORKLOAD_STEP
2026-07-09 18:17:13.766593700+05:30,81.1,33,24.7,2651.37,62.74,210,307,RAMP,80.0,58.0,WORKLOAD_STEP
2026-07-09 18:17:15.799113900+05:30,80.9,34,26.4,2641.32,62.76,210,307,RAMP,80.0,58.0,WORKLOAD_STEP
2026-07-09 18:17:17.831564600+05:30,81.8,33,24.6,2611.19,62.75,211,307,RAMP,80.0,58.0,WORKLOAD_STEP
2026-07-09 18:17:19.863273100+05:30,80.7,34,25.0,2691.53,62.76,211,307,RAMP,80.0,58.0,WORKLOAD_STEP
2026-07-09 18:17:21.896659800+05:30,78.3,33,22.1,2319.97,62.78,211,307,RAMP,60.0,59.0,WORKLOAD_STEP
2026-07-09 18:17:23.954106800+05:30,61.3,29,24.5,2892.43,62.77,210,307,RAMP,60.0,59.0,WORKLOAD_STEP
2026-07-09 18:17:25.983724200+05:30,61.8,36,24.3,2631.29,62.83,210,307,RAMP,60.0,59.0,WORKLOAD_STEP
2026-07-09 18:17:28.009567400+05:30,59.9,33,24.0,2751.82,62.8,210,307,RAMP,60.0,59.0,WORKLOAD_STEP
2026-07-09 18:17:30.031894600+05:30,61.8,34,24.2,2832.14,62.8,210,307,RAMP,60.0,59.0,WORKLOAD_STEP
2026-07-09 18:17:32.056889100+05:30,60.2,32,25.1,2671.47,62.8,208,307,RAMP,60.0,59.0,WORKLOAD_STEP
2026-07-09 18:17:34.097402300+05:30,61.2,33,23.3,2771.89,62.8,208,307,RAMP,60.0,59.0,WORKLOAD_STEP
2026-07-09 18:17:36.127696400+05:30,63.3,33,24.9,2701.59,62.88,208,309,RAMP,60.0,59.0,WORKLOAD_STEP
2026-07-09 18:17:38.156698900+05:30,66.7,36,24.5,2571.04,63.05,214,311,RAMP,60.0,59.0,WORKLOAD_STEP
2026-07-09 18:17:40.184744600+05:30,61.2,33,22.0,2691.55,63.06,210,311,RAMP,60.0,59.0,WORKLOAD_STEP
2026-07-09 18:17:42.210323300+05:30,62.1,32,23.1,2822.11,63.0,209,307,RAMP,60.0,59.0,WORKLOAD_STEP
2026-07-09 18:17:44.234799600+05:30,59.8,32,24.7,2812.07,63.0,209,307,RAMP,60.0,59.0,WORKLOAD_STEP
2026-07-09 18:17:46.270212900+05:30,62.2,33,23.3,2691.55,63.0,209,307,RAMP,60.0,59.0,WORKLOAD_STEP
2026-07-09 18:17:48.306760200+05:30,60.8,30,23.5,2711.63,62.99,209,307,RAMP,60.0,59.0,WORKLOAD_STEP
2026-07-09 18:17:50.338847800+05:30,65.0,36,22.8,2651.39,63.0,209,307,RAMP,60.0,59.0,WORKLOAD_STEP
2026-07-09 18:17:52.373313300+05:30,63.2,34,23.0,2802.04,62.99,209,307,RAMP,60.0,59.0,WORKLOAD_STEP
2026-07-09 18:17:54.404749200+05:30,62.1,32,25.7,2791.98,62.99,208,307,RAMP,60.0,59.0,WORKLOAD_STEP
2026-07-09 18:17:56.433226500+05:30,66.7,33,26.8,2540.9,63.01,208,307,RAMP,60.0,59.0,WORKLOAD_STEP
2026-07-09 18:17:58.461393300+05:30,61.9,33,22.4,2611.2,63.01,208,307,RAMP,60.0,59.0,WORKLOAD_STEP
2026-07-09 18:18:00.496251300+05:30,61.3,33,25.3,2601.17,63.01,208,307,RAMP,60.0,59.0,WORKLOAD_STEP
2026-07-09 18:18:02.527442100+05:30,61.7,34,23.6,2641.33,62.91,208,307,RAMP,60.0,59.0,WORKLOAD_STEP
2026-07-09 18:18:04.555972100+05:30,62.1,36,24.4,2681.5,62.9,208,307,RAMP,60.0,59.0,WORKLOAD_STEP
2026-07-09 18:18:06.591140600+05:30,68.2,33,23.5,2611.21,62.92,208,307,RAMP,60.0,59.0,WORKLOAD_STEP
2026-07-09 18:18:08.648019100+05:30,62.7,32,22.7,2791.98,62.9,208,307,RAMP,60.0,59.0,WORKLOAD_STEP
2026-07-09 18:18:10.678712+05:30,60.0,32,25.0,2671.46,62.92,207,307,RAMP,60.0,59.0,WORKLOAD_STEP
2026-07-09 18:18:12.708888700+05:30,62.8,33,25.0,2641.33,62.89,207,306,RAMP,60.0,59.0,WORKLOAD_STEP
2026-07-09 18:18:14.742239+05:30,62.5,36,24.3,2591.12,62.9,207,306,RAMP,60.0,59.0,WORKLOAD_STEP
2026-07-09 18:18:16.770711100+05:30,60.7,34,24.1,2822.11,62.9,208,306,RAMP,60.0,59.0,WORKLOAD_STEP
2026-07-09 18:18:18.805808600+05:30,64.8,34,24.4,2550.95,62.52,208,306,RAMP,60.0,59.0,WORKLOAD_STEP
2026-07-09 18:18:20.835864500+05:30,61.4,34,26.0,2691.53,62.51,208,306,RAMP,60.0,59.0,WORKLOAD_STEP
2026-07-09 18:18:22.863860300+05:30,60.8,29,25.8,2802.02,62.53,207,306,RAMP,60.0,59.0,WORKLOAD_STEP
2026-07-09 18:18:24.896842800+05:30,60.4,32,27.0,2862.28,62.53,207,306,RAMP,60.0,59.0,WORKLOAD_STEP
2026-07-09 18:18:26.926811900+05:30,61.9,30,26.5,2822.11,62.55,208,306,RAMP,60.0,59.0,WORKLOAD_STEP
2026-07-09 18:18:28.951658500+05:30,61.1,29,25.0,2731.73,62.55,207,306,RAMP,60.0,59.0,WORKLOAD_STEP
2026-07-09 18:18:30.979088300+05:30,60.8,30,23.8,2842.2,62.53,210,306,RAMP,60.0,59.0,WORKLOAD_STEP
2026-07-09 18:18:33.009605700+05:30,66.3,34,23.0,2832.16,62.64,210,306,RAMP,60.0,59.0,WORKLOAD_STEP
2026-07-09 18:18:35.039044100+05:30,61.7,33,24.7,2721.67,62.65,207,306,RAMP,60.0,59.0,WORKLOAD_STEP
2026-07-09 18:18:37.070562200+05:30,61.8,32,25.8,2751.82,62.63,207,306,RAMP,60.0,59.0,WORKLOAD_STEP
2026-07-09 18:18:39.107306600+05:30,61.0,33,25.7,2872.33,62.65,207,306,RAMP,60.0,59.0,WORKLOAD_STEP
2026-07-09 18:18:41.149830900+05:30,62.8,30,25.1,2681.51,62.66,207,306,RAMP,60.0,59.0,WORKLOAD_STEP
2026-07-09 18:18:43.182697700+05:30,60.6,32,25.1,2852.24,62.65,207,306,RAMP,60.0,59.0,WORKLOAD_STEP
2026-07-09 18:18:45.217638+05:30,62.3,32,26.8,2872.33,62.66,207,306,RAMP,60.0,59.0,WORKLOAD_STEP
2026-07-09 18:18:47.246136400+05:30,60.5,36,24.7,2771.9,62.66,207,306,RAMP,60.0,59.0,WORKLOAD_STEP
2026-07-09 18:18:49.272750700+05:30,61.0,32,24.3,2751.81,62.67,207,306,RAMP,60.0,59.0,WORKLOAD_STEP
2026-07-09 18:18:51.301606800+05:30,60.3,32,24.0,2621.25,62.66,207,306,RAMP,60.0,59.0,WORKLOAD_STEP
2026-07-09 18:18:53.336730400+05:30,60.7,33,23.4,2561.01,62.67,207,306,RAMP,60.0,59.0,WORKLOAD_STEP
2026-07-09 18:18:55.372211900+05:30,62.4,33,24.9,2671.47,62.74,207,308,RAMP,60.0,59.0,WORKLOAD_STEP
2026-07-09 18:18:57.403181800+05:30,68.5,33,25.1,2611.22,62.66,207,306,RAMP,60.0,59.0,WORKLOAD_STEP
2026-07-09 18:18:59.428364100+05:30,64.0,34,23.3,2651.38,62.68,207,306,RAMP,60.0,59.0,WORKLOAD_STEP
2026-07-09 18:19:01.459247500+05:30,61.0,33,24.2,2842.19,62.74,207,306,RAMP,60.0,59.0,WORKLOAD_STEP
2026-07-09 18:19:03.494118200+05:30,60.5,29,25.0,2721.67,62.68,208,306,RAMP,60.0,59.0,WORKLOAD_STEP
2026-07-09 18:19:05.527345300+05:30,61.3,30,23.5,2621.27,62.68,208,306,RAMP,60.0,59.0,WORKLOAD_STEP
2026-07-09 18:19:07.557250400+05:30,60.5,34,25.0,2671.47,62.68,208,306,RAMP,60.0,59.0,WORKLOAD_STEP
2026-07-09 18:19:09.591811800+05:30,60.1,32,26.0,2671.47,62.68,208,306,RAMP,60.0,59.0,WORKLOAD_STEP
2026-07-09 18:19:11.619725400+05:30,65.1,32,25.5,2822.11,62.68,208,306,RAMP,60.0,59.0,WORKLOAD_STEP
2026-07-09 18:19:13.654223500+05:30,62.2,29,23.9,2721.69,62.65,208,306,RAMP,60.0,59.0,WORKLOAD_STEP
2026-07-09 18:19:15.699108400+05:30,63.9,33,24.0,2661.44,62.67,208,306,RAMP,60.0,59.0,WORKLOAD_STEP
2026-07-09 18:19:17.730600200+05:30,61.6,34,23.3,2962.7,62.68,208,306,RAMP,60.0,60.0,WORKLOAD_STEP
2026-07-09 18:19:19.762549+05:30,61.9,32,25.0,2641.33,62.68,208,306,RAMP,60.0,60.0,WORKLOAD_STEP
2026-07-09 18:19:21.793182200+05:30,62.4,33,24.2,2791.97,62.69,208,306,RAMP,60.0,60.0,WORKLOAD_STEP
2026-07-09 18:19:23.815966500+05:30,62.5,34,23.8,2952.66,62.69,208,306,RAMP,60.0,60.0,WORKLOAD_STEP
2026-07-09 18:19:25.838860600+05:30,61.7,36,24.5,2812.05,62.69,208,306,RAMP,60.0,60.0,WORKLOAD_STEP
2026-07-09 18:19:27.861639800+05:30,62.1,32,24.6,2741.78,62.69,208,306,RAMP,60.0,60.0,WORKLOAD_STEP
2026-07-09 18:19:29.888702+05:30,60.6,34,23.9,2651.38,62.7,208,306,RAMP,60.0,60.0,WORKLOAD_STEP
2026-07-09 18:19:31.911878500+05:30,61.9,30,23.4,2671.46,62.72,208,306,RAMP,60.0,60.0,WORKLOAD_STEP
2026-07-09 18:19:33.946504700+05:30,61.0,32,23.5,2671.47,62.71,210,306,RAMP,60.0,60.0,WORKLOAD_STEP
2026-07-09 18:19:35.976609400+05:30,61.2,33,23.8,2721.67,62.72,210,306,RAMP,60.0,60.0,WORKLOAD_STEP
2026-07-09 18:19:38.008126600+05:30,61.3,33,26.7,2832.15,62.71,210,306,RAMP,60.0,60.0,WORKLOAD_STEP
2026-07-09 18:19:40.041407200+05:30,61.4,30,24.3,2882.36,62.72,209,305,RAMP,60.0,60.0,WORKLOAD_STEP
2026-07-09 18:19:42.068201300+05:30,61.6,36,23.5,2781.93,62.7,208,305,RAMP,60.0,60.0,WORKLOAD_STEP
2026-07-09 18:19:44.097865600+05:30,61.0,32,24.7,2721.69,62.71,208,305,RAMP,60.0,60.0,WORKLOAD_STEP
2026-07-09 18:19:46.126552600+05:30,62.8,34,24.3,2651.38,62.33,208,305,RAMP,60.0,60.0,WORKLOAD_STEP
2026-07-09 18:19:48.154684100+05:30,62.2,32,26.0,2671.44,62.13,208,305,RAMP,60.0,60.0,WORKLOAD_STEP
2026-07-09 18:19:50.216248300+05:30,61.1,34,24.3,2751.8,62.13,208,305,RAMP,60.0,60.0,WORKLOAD_STEP
2026-07-09 18:19:52.246044400+05:30,60.2,30,24.2,2771.88,62.2,208,305,RAMP,60.0,60.0,WORKLOAD_STEP
2026-07-09 18:19:54.279194+05:30,60.2,32,24.6,2641.34,62.13,208,305,RAMP,60.0,60.0,WORKLOAD_STEP
2026-07-09 18:19:56.311135400+05:30,66.2,34,24.8,2621.24,62.16,208,305,RAMP,60.0,60.0,WORKLOAD_STEP
2026-07-09 18:19:58.345771800+05:30,60.5,33,24.0,2721.67,62.15,208,305,RAMP,60.0,60.0,WORKLOAD_STEP
2026-07-09 18:20:00.375051200+05:30,61.3,30,23.5,2611.21,62.16,208,305,RAMP,60.0,60.0,WORKLOAD_STEP
2026-07-09 18:20:02.412550200+05:30,65.0,33,25.8,2751.81,62.14,208,305,RAMP,60.0,60.0,WORKLOAD_STEP
2026-07-09 18:20:04.448186500+05:30,44.3,40,16.0,2500.75,62.11,206,305,RAMP,40.0,61.0,WORKLOAD_STEP
2026-07-09 18:20:06.469229800+05:30,43.0,36,19.8,2962.74,62.13,206,305,RAMP,40.0,61.0,WORKLOAD_STEP
2026-07-09 18:20:08.491768+05:30,40.3,40,12.8,2520.81,62.12,206,305,RAMP,40.0,61.0,WORKLOAD_STEP
2026-07-09 18:20:10.510273700+05:30,40.7,36,21.8,2591.13,62.09,206,304,RAMP,40.0,61.0,WORKLOAD_STEP
2026-07-09 18:20:12.530557100+05:30,40.6,37,21.7,2902.43,62.11,206,304,RAMP,40.0,61.0,WORKLOAD_STEP
2026-07-09 18:20:14.550042200+05:30,40.8,37,21.4,2832.15,62.08,206,304,RAMP,40.0,61.0,WORKLOAD_STEP
2026-07-09 18:20:16.568063+05:30,41.9,34,22.1,2400.31,62.06,206,304,RAMP,40.0,61.0,WORKLOAD_STEP
2026-07-09 18:20:18.590427+05:30,45.7,33,24.7,2560.99,62.13,206,304,RAMP,40.0,61.0,WORKLOAD_STEP
2026-07-09 18:20:20.609191200+05:30,45.4,36,22.6,3022.96,62.13,206,304,RAMP,40.0,61.0,WORKLOAD_STEP
2026-07-09 18:20:22.645741500+05:30,43.2,33,22.0,2651.39,62.13,206,304,RAMP,40.0,61.0,WORKLOAD_STEP
2026-07-09 18:20:24.674564800+05:30,40.2,33,23.7,2500.74,62.09,205,304,RAMP,40.0,61.0,WORKLOAD_STEP
2026-07-09 18:20:26.701509+05:30,45.7,36,21.9,2550.96,62.15,205,304,RAMP,40.0,61.0,WORKLOAD_STEP
2026-07-09 18:20:28.738212+05:30,40.7,32,23.3,2751.82,62.13,206,304,RAMP,40.0,61.0,WORKLOAD_STEP
2026-07-09 18:20:30.769609700+05:30,43.0,32,25.5,2872.31,62.16,209,304,RAMP,40.0,61.0,WORKLOAD_STEP
2026-07-09 18:20:32.796883+05:30,41.1,32,23.8,2802.02,62.15,209,304,RAMP,40.0,61.0,WORKLOAD_STEP
2026-07-09 18:20:34.821112900+05:30,40.9,32,24.8,2741.78,62.15,209,304,RAMP,40.0,61.0,WORKLOAD_STEP
2026-07-09 18:20:36.843159100+05:30,40.0,32,23.3,2872.32,62.15,206,304,RAMP,40.0,61.0,WORKLOAD_STEP
2026-07-09 18:20:38.868828+05:30,40.2,36,24.9,2731.72,62.21,206,304,RAMP,40.0,61.0,WORKLOAD_STEP
2026-07-09 18:20:40.894244100+05:30,41.2,34,21.8,2661.44,62.14,206,304,RAMP,40.0,61.0,WORKLOAD_STEP
2026-07-09 18:20:42.924172100+05:30,27.1,46,10.7,2008.62,62.11,206,304,COOLING_AFTER_RAMP,0.0,,SESSION
2026-07-09 18:20:44.951080500+05:30,0.8,50,4.0,2109.06,62.1,206,304,COOLING_AFTER_RAMP,0.0,,SESSION
2026-07-09 18:20:46.977719+05:30,0.9,50,4.1,2109.06,62.08,206,304,COOLING_AFTER_RAMP,0.0,,SESSION
2026-07-09 18:20:49.003018700+05:30,2.0,52,3.9,2109.06,62.06,206,304,COOLING_AFTER_RAMP,0.0,,SESSION
2026-07-09 18:20:51.026851400+05:30,1.1,52,3.8,2109.06,62.08,206,304,COOLING_AFTER_RAMP,0.0,,SESSION
2026-07-09 18:20:53.055515100+05:30,3.4,50,3.9,2109.06,62.1,206,304,COOLING_AFTER_RAMP,0.0,,SESSION
2026-07-09 18:20:55.081636400+05:30,1.8,52,4.1,2109.06,62.09,206,304,COOLING_AFTER_RAMP,0.0,,SESSION
2026-07-09 18:20:57.116837100+05:30,3.5,52,5.0,2109.06,62.07,206,304,COOLING_AFTER_RAMP,0.0,,SESSION
2026-07-09 18:20:59.139270800+05:30,1.3,52,3.9,2109.06,62.08,206,304,COOLING_AFTER_RAMP,0.0,,SESSION
2026-07-09 18:21:01.167298800+05:30,3.9,53,4.8,2109.06,62.17,206,304,COOLING_AFTER_RAMP,0.0,,SESSION
2026-07-09 18:21:03.191716400+05:30,0.8,53,3.6,2109.06,62.18,206,304,COOLING_AFTER_RAMP,0.0,,SESSION
2026-07-09 18:21:05.219560300+05:30,5.3,52,6.4,2129.14,62.26,207,304,COOLING_AFTER_RAMP,0.0,,SESSION
2026-07-09 18:21:07.246321400+05:30,2.3,53,4.7,2279.79,62.24,207,304,COOLING_AFTER_RAMP,0.0,,SESSION
2026-07-09 18:21:09.274111100+05:30,8.2,52,6.7,2470.61,62.25,207,304,COOLING_AFTER_RAMP,0.0,,SESSION
2026-07-09 18:21:11.301554200+05:30,8.7,57,6.8,2109.06,62.25,207,304,COOLING_AFTER_RAMP,0.0,,SESSION
2026-07-09 18:21:13.318783700+05:30,2.0,52,4.1,2109.06,62.3,207,304,COOLING_AFTER_RAMP,0.0,,SESSION
2026-07-09 18:21:15.348627900+05:30,2.6,53,3.7,2109.06,62.29,207,304,COOLING_AFTER_RAMP,0.0,,SESSION
2026-07-09 18:21:17.376373100+05:30,0.9,53,3.7,2109.06,62.31,207,304,COOLING_AFTER_RAMP,0.0,,SESSION
2026-07-09 18:21:19.407076700+05:30,0.8,54,3.8,2109.06,62.29,207,304,COOLING_AFTER_RAMP,0.0,,SESSION
2026-07-09 18:21:21.434381400+05:30,1.6,53,3.9,2109.06,62.31,207,304,COOLING_AFTER_RAMP,0.0,,SESSION
2026-07-09 18:21:23.538575500+05:30,3.9,53,5.2,2109.06,62.3,207,304,COOLING_AFTER_RAMP,0.0,,SESSION
2026-07-09 18:21:25.557447900+05:30,2.5,54,4.6,2109.06,62.57,207,306,COOLING_AFTER_RAMP,0.0,,SESSION
2026-07-09 18:21:27.625313+05:30,2.9,53,4.5,2109.06,62.33,207,304,COOLING_AFTER_RAMP,0.0,,SESSION
2026-07-09 18:21:29.653069+05:30,2.5,54,3.6,2109.06,62.33,207,304,COOLING_AFTER_RAMP,0.0,,SESSION
2026-07-09 18:21:31.690085100+05:30,4.2,54,4.0,2109.06,62.32,207,304,COOLING_AFTER_RAMP,0.0,,SESSION
2026-07-09 18:21:33.716649600+05:30,2.0,54,3.9,2109.06,62.32,207,304,COOLING_AFTER_RAMP,0.0,,SESSION
2026-07-09 18:21:35.745605600+05:30,4.3,54,4.6,2109.06,62.32,207,304,COOLING_AFTER_RAMP,0.0,,SESSION
2026-07-09 18:21:37.773097400+05:30,1.9000000000000001,54,4.0,2109.06,62.32,207,304,COOLING_AFTER_RAMP,0.0,,SESSION
2026-07-09 18:21:39.797889+05:30,3.7,54,4.7,2109.06,62.32,207,304,COOLING_AFTER_RAMP,0.0,,SESSION
2026-07-09 18:21:41.824779800+05:30,1.3,54,4.2,2109.06,62.31,207,304,COOLING_AFTER_RAMP,0.0,,SESSION
2026-07-09 18:21:43.852229900+05:30,3.5,58,4.9,2109.06,62.31,207,304,COOLING_AFTER_RAMP,0.0,,SESSION
2026-07-09 18:21:45.877930700+05:30,1.6,54,4.1,2109.06,62.31,207,304,COOLING_AFTER_RAMP,0.0,,SESSION
2026-07-09 18:21:47.905173300+05:30,1.5,54,4.3,2109.06,62.34,207,304,COOLING_AFTER_RAMP,0.0,,SESSION
2026-07-09 18:21:49.947450200+05:30,0.8,55,4.2,2109.06,62.33,207,304,COOLING_AFTER_RAMP,0.0,,SESSION
2026-07-09 18:21:51.975626+05:30,2.9,54,4.1,2109.06,62.33,207,304,COOLING_AFTER_RAMP,0.0,,SESSION
2026-07-09 18:21:54.006169400+05:30,1.0,54,3.9,2109.06,62.31,207,304,COOLING_AFTER_RAMP,0.0,,SESSION
2026-07-09 18:21:56.033295300+05:30,7.3,54,4.2,2109.06,62.37,207,304,COOLING_AFTER_RAMP,0.0,,SESSION
2026-07-09 18:21:58.061491+05:30,0.5,55,5.6,2109.06,62.32,207,304,COOLING_AFTER_RAMP,0.0,,SESSION
2026-07-09 18:22:00.089266100+05:30,2.9,54,4.3,2129.15,62.34,207,304,COOLING_AFTER_RAMP,0.0,,SESSION
2026-07-09 18:22:02.117949200+05:30,1.1,54,4.2,2109.06,62.32,207,304,COOLING_AFTER_RAMP,0.0,,SESSION
2026-07-09 18:22:04.154630600+05:30,2.5,55,4.3,2109.06,62.33,207,304,COOLING_AFTER_RAMP,0.0,,SESSION
2026-07-09 18:22:06.223636900+05:30,1.0,55,3.7,2109.06,62.32,207,304,COOLING_AFTER_RAMP,0.0,,SESSION
2026-07-09 18:22:08.248356500+05:30,1.9000000000000001,57,3.7,2109.06,62.32,207,304,COOLING_AFTER_RAMP,0.0,,SESSION
2026-07-09 18:22:10.275989+05:30,1.1,55,3.7,1958.41,62.31,207,304,COOLING_AFTER_RAMP,0.0,,SESSION
2026-07-09 18:22:12.302702800+05:30,0.9,55,4.2,2109.06,62.31,207,304,COOLING_AFTER_RAMP,0.0,,SESSION
2026-07-09 18:22:14.320999300+05:30,6.7,55,5.9,2109.06,62.31,208,304,COOLING_AFTER_RAMP,0.0,,SESSION
2026-07-09 18:22:16.338212300+05:30,4.8,53,5.7,2109.06,62.31,208,304,COOLING_AFTER_RAMP,0.0,,SESSION
2026-07-09 18:22:18.363602900+05:30,2.1,55,4.2,2109.06,62.32,208,304,COOLING_AFTER_RAMP,0.0,,SESSION
2026-07-09 18:22:20.391202300+05:30,0.9,55,3.7,2109.06,62.32,208,304,COOLING_AFTER_RAMP,0.0,,SESSION
2026-07-09 18:22:22.418784800+05:30,3.2,55,3.6,2109.06,62.32,208,304,COOLING_AFTER_RAMP,0.0,,SESSION
2026-07-09 18:22:24.445540200+05:30,0.9,55,3.9,2109.06,62.32,208,304,COOLING_AFTER_RAMP,0.0,,SESSION
2026-07-09 18:22:26.472174500+05:30,7.9,54,6.2,2109.06,62.37,208,304,COOLING_AFTER_RAMP,0.0,,SESSION
2026-07-09 18:22:28.500974500+05:30,1.0,57,3.8,2109.06,62.34,210,304,COOLING_AFTER_RAMP,0.0,,SESSION
2026-07-09 18:22:30.523247100+05:30,4.5,57,5.4,2269.74,62.35,213,304,COOLING_AFTER_RAMP,0.0,,SESSION
2026-07-09 18:22:32.543473800+05:30,3.6,55,5.1,1958.41,62.34,213,304,COOLING_AFTER_RAMP,0.0,,SESSION
2026-07-09 18:22:34.577006600+05:30,3.6,55,4.3,2109.06,62.34,213,304,COOLING_AFTER_RAMP,0.0,,SESSION
2026-07-09 18:22:36.599297400+05:30,1.5,55,3.9,1958.41,62.34,210,304,COOLING_AFTER_RAMP,0.0,,SESSION
2026-07-09 18:22:38.636529700+05:30,2.3,55,4.2,2340.05,62.34,210,304,COOLING_AFTER_RAMP,0.0,,SESSION
2026-07-09 18:22:40.677054100+05:30,2.0,57,3.9,2109.06,62.33,210,304,COOLING_AFTER_RAMP,0.0,,SESSION
2026-07-09 18:22:42.703585200+05:30,1.4,57,3.7,2109.06,62.4,210,304,COOLING_AFTER_RAMP,0.0,,SESSION
2026-07-09 18:22:44.732816600+05:30,2.0,57,3.8,2109.06,62.33,210,304,COOLING_AFTER_RAMP,0.0,,SESSION
2026-07-09 18:22:46.760017900+05:30,2.2,57,3.7,2109.06,62.33,210,304,COOLING_AFTER_RAMP,0.0,,SESSION
2026-07-09 18:22:48.788543400+05:30,2.6,57,5.2,2109.06,62.36,210,304,COOLING_AFTER_RAMP,0.0,,SESSION
2026-07-09 18:22:50.814591900+05:30,1.3,57,3.6,2109.06,62.35,210,304,COOLING_AFTER_RAMP,0.0,,SESSION
2026-07-09 18:22:52.840604+05:30,5.9,57,3.6,2109.06,62.34,210,304,COOLING_AFTER_RAMP,0.0,,SESSION
2026-07-09 18:22:54.868232+05:30,0.6000000000000001,57,3.9,2109.06,62.34,210,304,COOLING_AFTER_RAMP,0.0,,SESSION
2026-07-09 18:22:56.896193500+05:30,3.3,57,3.8,2109.06,62.37,208,304,COOLING_AFTER_RAMP,0.0,,SESSION
2026-07-09 18:22:58.921379500+05:30,2.2,57,3.5,2109.06,62.36,208,304,COOLING_AFTER_RAMP,0.0,,SESSION
2026-07-09 18:23:00.950669100+05:30,3.0,61,4.0,2109.06,62.36,208,304,COOLING_AFTER_RAMP,0.0,,SESSION
2026-07-09 18:23:02.978470900+05:30,1.0,55,4.8,2109.06,62.36,208,304,COOLING_AFTER_RAMP,0.0,,SESSION
2026-07-09 18:23:05.004710+05:30,2.6,57,4.9,2109.06,62.43,208,304,COOLING_AFTER_RAMP,0.0,,SESSION
2026-07-09 18:23:07.030717600+05:30,2.7,57,3.9,2109.06,62.42,208,304,COOLING_AFTER_RAMP,0.0,,SESSION
2026-07-09 18:23:09.057209600+05:30,1.6,57,4.2,2109.06,62.42,208,304,COOLING_AFTER_RAMP,0.0,,SESSION
2026-07-09 18:23:11.085307200+05:30,1.2,58,3.7,2109.06,62.38,207,304,COOLING_AFTER_RAMP,0.0,,SESSION
2026-07-09 18:23:13.121677600+05:30,3.7,57,4.4,2109.06,62.37,207,304,COOLING_AFTER_RAMP,0.0,,SESSION
2026-07-09 18:23:15.148479800+05:30,1.5,57,3.7,2109.06,62.34,207,304,COOLING_AFTER_RAMP,0.0,,SESSION
2026-07-09 18:23:17.173272600+05:30,2.2,54,4.3,2109.06,62.37,207,304,COOLING_AFTER_RAMP,0.0,,SESSION
2026-07-09 18:23:19.200215400+05:30,4.7,53,6.1,2109.06,62.35,207,304,COOLING_AFTER_RAMP,0.0,,SESSION
2026-07-09 18:23:21.227148400+05:30,4.4,54,5.4,2269.74,62.35,207,304,COOLING_AFTER_RAMP,0.0,,SESSION
2026-07-09 18:23:23.254209400+05:30,7.6,55,6.1,2008.62,62.34,207,304,COOLING_AFTER_RAMP,0.0,,SESSION
2026-07-09 18:23:25.278104+05:30,1.2,57,3.6,2109.06,62.4,206,305,COOLING_AFTER_RAMP,0.0,,SESSION
2026-07-09 18:23:27.313905700+05:30,1.5,57,3.7,2109.06,62.35,206,304,COOLING_AFTER_RAMP,0.0,,SESSION
2026-07-09 18:23:29.341583300+05:30,0.6000000000000001,58,3.5,2109.06,62.34,206,304,COOLING_AFTER_RAMP,0.0,,SESSION
2026-07-09 18:23:31.368968300+05:30,1.0,58,3.9,2109.06,62.35,206,304,COOLING_AFTER_RAMP,0.0,,SESSION
2026-07-09 18:23:33.394410700+05:30,1.5,57,3.6,2109.06,62.34,206,304,COOLING_AFTER_RAMP,0.0,,SESSION
2026-07-09 18:23:35.418854500+05:30,4.4,57,5.0,2109.06,62.34,206,304,COOLING_AFTER_RAMP,0.0,,SESSION
2026-07-09 18:23:37.446477200+05:30,3.8,58,4.4,2129.14,62.34,206,304,COOLING_AFTER_RAMP,0.0,,SESSION
2026-07-09 18:23:39.474230500+05:30,3.9,57,4.5,2109.06,62.34,206,304,COOLING_AFTER_RAMP,0.0,,SESSION
2026-07-09 18:23:41.501254600+05:30,1.5,58,3.8,2109.06,62.34,206,304,COOLING_AFTER_RAMP,0.0,,SESSION
2026-07-09 18:23:43.524492800+05:30,4.3,58,4.2,2109.06,62.33,206,304,COOLING_AFTER_RAMP,0.0,,SESSION
2026-07-09 18:23:45.552961900+05:30,1.2,57,3.7,2109.06,62.32,206,304,COOLING_AFTER_RAMP,0.0,,SESSION
2026-07-09 18:23:47.593592700+05:30,3.7,57,4.3,2109.06,62.32,206,304,COOLING_AFTER_RAMP,0.0,,SESSION
2026-07-09 18:23:49.619097700+05:30,0.5,58,3.5,2109.06,62.32,206,304,COOLING_AFTER_RAMP,0.0,,SESSION
2026-07-09 18:23:51.646561200+05:30,3.4,55,4.5,2109.06,62.37,206,304,COOLING_AFTER_RAMP,0.0,,SESSION
2026-07-09 18:23:53.675098+05:30,2.2,64,3.6,2109.06,62.36,206,304,COOLING_AFTER_RAMP,0.0,,SESSION
2026-07-09 18:23:55.701123+05:30,1.1,57,4.9,1968.45,62.39,206,304,COOLING_AFTER_RAMP,0.0,,SESSION
2026-07-09 18:23:57.719138900+05:30,0.9,58,3.6,2109.06,62.34,206,304,COOLING_AFTER_RAMP,0.0,,SESSION
2026-07-09 18:23:59.745733500+05:30,1.5,58,4.0,2109.06,62.34,206,304,COOLING_AFTER_RAMP,0.0,,SESSION
2026-07-09 18:24:01.772058800+05:30,1.5,58,3.7,2109.06,62.33,206,304,COOLING_AFTER_RAMP,0.0,,SESSION
2026-07-09 18:24:03.800213100+05:30,1.4,58,3.7,2109.06,62.4,207,304,COOLING_AFTER_RAMP,0.0,,SESSION
2026-07-09 18:24:05.842446700+05:30,0.8,57,3.7,2109.06,62.33,207,304,COOLING_AFTER_RAMP,0.0,,SESSION
2026-07-09 18:24:07.872192400+05:30,1.0,58,3.6,2109.06,62.33,207,304,COOLING_AFTER_RAMP,0.0,,SESSION
2026-07-09 18:24:09.904770100+05:30,5.5,57,3.7,2109.06,62.41,207,304,COOLING_AFTER_RAMP,0.0,,SESSION
2026-07-09 18:24:11.931057900+05:30,1.3,58,3.5,2109.06,62.39,207,304,COOLING_AFTER_RAMP,0.0,,SESSION
2026-07-09 18:24:13.961092400+05:30,3.0,58,4.0,2109.06,62.36,207,304,COOLING_AFTER_RAMP,0.0,,SESSION
2026-07-09 18:24:15.988301800+05:30,1.7,58,3.8,2109.06,62.35,207,304,COOLING_AFTER_RAMP,0.0,,SESSION
2026-07-09 18:24:18.016032200+05:30,3.3,58,4.2,2109.06,62.35,206,304,COOLING_AFTER_RAMP,0.0,,SESSION
2026-07-09 18:24:20.054057400+05:30,1.0,58,3.6,2109.06,62.35,206,304,COOLING_AFTER_RAMP,0.0,,SESSION
2026-07-09 18:24:22.081922200+05:30,3.8,58,4.4,2109.06,62.35,206,304,COOLING_AFTER_RAMP,0.0,,SESSION
2026-07-09 18:24:24.109328400+05:30,1.7,58,3.7,2109.06,62.36,206,304,COOLING_AFTER_RAMP,0.0,,SESSION
2026-07-09 18:24:26.135850+05:30,8.9,57,7.2,3354.42,62.39,208,304,COOLING_AFTER_RAMP,0.0,,SESSION
2026-07-09 18:24:28.157284400+05:30,5.4,61,6.0,2269.74,62.35,208,304,COOLING_AFTER_RAMP,0.0,,SESSION
2026-07-09 18:24:30.185541200+05:30,7.1,57,5.6,1958.41,62.36,211,304,COOLING_AFTER_RAMP,0.0,,SESSION
2026-07-09 18:24:32.210401600+05:30,1.6,58,3.9,2109.06,62.35,211,304,COOLING_AFTER_RAMP,0.0,,SESSION
2026-07-09 18:24:34.234582300+05:30,2.1,59,3.7,2109.06,62.35,211,304,COOLING_AFTER_RAMP,0.0,,SESSION
2026-07-09 18:24:36.262602300+05:30,1.6,58,3.7,2109.06,62.34,208,304,COOLING_AFTER_RAMP,0.0,,SESSION
2026-07-09 18:24:38.291046200+05:30,2.5,58,3.6,2109.06,62.35,208,304,COOLING_AFTER_RAMP,0.0,,SESSION
2026-07-09 18:24:40.317937400+05:30,3.2,59,3.7,2109.06,62.35,208,304,COOLING_AFTER_RAMP,0.0,,SESSION
2026-07-09 18:24:42.345171600+05:30,3.6,58,5.3,2109.06,62.34,208,304,COOLING_AFTER_RAMP,0.0,,SESSION
2026-07-09 18:24:44.376030100+05:30,4.0,57,4.5,2109.06,62.33,208,304,COOLING_AFTER_RAMP,0.0,,SESSION
2026-07-09 18:24:46.399637600+05:30,1.8,58,4.2,2109.06,62.33,208,304,COOLING_AFTER_RAMP,0.0,,SESSION
2026-07-09 18:24:48.424228800+05:30,2.4,59,4.0,2109.06,62.33,208,304,COOLING_AFTER_RAMP,0.0,,SESSION
2026-07-09 18:24:50.449130600+05:30,1.8,62,3.7,2109.06,62.33,208,304,COOLING_AFTER_RAMP,0.0,,SESSION
2026-07-09 18:24:52.476487400+05:30,3.2,62,4.1,2109.06,62.33,208,304,COOLING_AFTER_RAMP,0.0,,SESSION
2026-07-09 18:24:54.513665300+05:30,1.8,59,3.9,2109.06,62.33,207,304,COOLING_AFTER_RAMP,0.0,,SESSION
2026-07-09 18:24:56.538811700+05:30,10.1,47,10.7,2360.13,62.43,206,304,COOLING_AFTER_RAMP,0.0,,SESSION
2026-07-09 18:24:58.566545600+05:30,1.4,58,3.9,2109.06,62.4,206,304,COOLING_AFTER_RAMP,0.0,,SESSION
2026-07-09 18:25:00.593675800+05:30,3.3,58,4.6,2109.06,62.4,206,304,COOLING_AFTER_RAMP,0.0,,SESSION
2026-07-09 18:25:02.622093900+05:30,1.7,58,4.3,2109.06,62.39,206,304,COOLING_AFTER_RAMP,0.0,,SESSION
2026-07-09 18:25:04.648325600+05:30,3.2,58,4.8,2109.06,62.39,206,304,COOLING_AFTER_RAMP,0.0,,SESSION
2026-07-09 18:25:06.678687100+05:30,1.4,58,3.9,2109.06,62.38,208,304,COOLING_AFTER_RAMP,0.0,,SESSION
2026-07-09 18:25:08.704866400+05:30,2.3,58,4.4,2279.78,62.38,208,304,COOLING_AFTER_RAMP,0.0,,SESSION
2026-07-09 18:25:10.740344300+05:30,0.9,59,3.9,2109.06,62.39,208,304,COOLING_AFTER_RAMP,0.0,,SESSION
2026-07-09 18:25:12.764258200+05:30,3.3,58,3.8,2109.06,62.39,208,303,COOLING_AFTER_RAMP,0.0,,SESSION
2026-07-09 18:25:14.789770800+05:30,1.3,59,3.9,2109.06,62.38,208,303,COOLING_AFTER_RAMP,0.0,,SESSION
2026-07-09 18:25:16.815497900+05:30,2.8,57,4.0,2109.06,62.41,208,303,COOLING_AFTER_RAMP,0.0,,SESSION
2026-07-09 18:25:18.845998500+05:30,2.2,58,4.4,2109.06,62.43,208,303,COOLING_AFTER_RAMP,0.0,,SESSION
2026-07-09 18:25:20.872795700+05:30,2.7,58,3.9,2109.06,62.42,208,303,COOLING_AFTER_RAMP,0.0,,SESSION
2026-07-09 18:25:22.900275100+05:30,1.7,58,3.9,2109.06,62.42,208,303,COOLING_AFTER_RAMP,0.0,,SESSION
2026-07-09 18:25:24.926771500+05:30,2.4,58,3.9,2109.06,62.4,208,303,COOLING_AFTER_RAMP,0.0,,SESSION
2026-07-09 18:25:26.950838200+05:30,2.2,58,7.5,2169.32,62.38,208,303,COOLING_AFTER_RAMP,0.0,,SESSION
2026-07-09 18:25:28.989923700+05:30,0.9,59,3.9,2109.06,62.39,208,303,COOLING_AFTER_RAMP,0.0,,SESSION
2026-07-09 18:25:31.009003500+05:30,4.5,61,4.3,2330.01,62.41,208,303,COOLING_AFTER_RAMP,0.0,,SESSION
2026-07-09 18:25:33.037033400+05:30,4.4,57,5.4,2330.01,62.39,208,303,COOLING_AFTER_RAMP,0.0,,SESSION
2026-07-09 18:25:35.066409100+05:30,3.7,58,4.2,2109.06,62.36,208,303,COOLING_AFTER_RAMP,0.0,,SESSION
2026-07-09 18:25:37.092503800+05:30,1.5,58,3.7,2109.06,62.39,206,303,COOLING_AFTER_RAMP,0.0,,SESSION
2026-07-09 18:25:39.122108+05:30,0.8,58,3.6,2109.06,62.37,206,303,COOLING_AFTER_RAMP,0.0,,SESSION
2026-07-09 18:25:41.150843200+05:30,1.9000000000000001,58,4.0,2109.06,62.36,208,303,COOLING_AFTER_RAMP,0.0,,SESSION
2026-07-09 18:25:43.178221600+05:30,1.6,58,3.9,2109.06,62.36,208,303,CHAOS,0.0,1.0,WORKLOAD_STEP
2026-07-09 18:25:45.206024300+05:30,0.9,59,3.6,2109.06,62.35,208,303,CHAOS,0.0,1.0,WORKLOAD_STEP
2026-07-09 18:25:47.233891100+05:30,5.1,58,5.0,2109.06,62.4,208,303,CHAOS,0.0,1.0,WORKLOAD_STEP
2026-07-09 18:25:49.261829700+05:30,2.5,62,4.2,2109.06,62.39,208,303,CHAOS,0.0,1.0,WORKLOAD_STEP
2026-07-09 18:25:51.288836+05:30,6.0,58,4.9,2109.06,62.37,208,303,CHAOS,0.0,1.0,WORKLOAD_STEP
2026-07-09 18:25:53.316022700+05:30,1.6,59,3.5,2109.06,62.36,208,303,CHAOS,0.0,1.0,WORKLOAD_STEP
2026-07-09 18:25:55.345037800+05:30,2.8,58,4.2,2109.06,62.36,208,305,CHAOS,0.0,1.0,WORKLOAD_STEP
2026-07-09 18:25:57.372461500+05:30,4.9,59,3.6,2109.06,62.38,208,303,CHAOS,0.0,1.0,WORKLOAD_STEP
2026-07-09 18:25:59.397307400+05:30,1.4,58,4.3,2109.06,62.4,208,303,CHAOS,0.0,1.0,WORKLOAD_STEP
2026-07-09 18:26:01.439618100+05:30,0.7000000000000001,59,3.7,2109.06,62.37,208,303,CHAOS,0.0,1.0,WORKLOAD_STEP
2026-07-09 18:26:03.466852400+05:30,0.9,58,4.1,2109.06,62.38,208,303,CHAOS,0.0,1.0,WORKLOAD_STEP
2026-07-09 18:26:05.494024500+05:30,1.4,59,3.6,2109.06,62.37,208,303,CHAOS,0.0,1.0,WORKLOAD_STEP
2026-07-09 18:26:07.520424400+05:30,2.1,59,3.5,2109.06,62.37,208,303,CHAOS,0.0,1.0,WORKLOAD_STEP
2026-07-09 18:26:09.547447300+05:30,2.3,59,3.5,2109.06,62.36,208,303,CHAOS,0.0,1.0,WORKLOAD_STEP
2026-07-09 18:26:11.575001+05:30,2.0,58,4.5,2109.06,62.36,208,303,CHAOS,0.0,1.0,WORKLOAD_STEP
2026-07-09 18:26:13.601139400+05:30,1.1,59,3.8,2109.06,62.36,208,303,CHAOS,0.0,1.0,WORKLOAD_STEP
2026-07-09 18:26:15.628300600+05:30,1.4,59,3.7,2109.06,62.36,208,303,CHAOS,0.0,1.0,WORKLOAD_STEP
2026-07-09 18:26:17.655809300+05:30,4.8,58,3.6,2109.06,62.45,208,303,CHAOS,0.0,1.0,WORKLOAD_STEP
2026-07-09 18:26:19.682803100+05:30,1.8,59,3.5,2109.06,62.44,208,303,CHAOS,0.0,1.0,WORKLOAD_STEP
2026-07-09 18:26:21.712098200+05:30,4.8,59,3.8,2109.06,62.41,208,303,CHAOS,0.0,1.0,WORKLOAD_STEP
2026-07-09 18:26:23.735121700+05:30,0.9,59,3.6,2109.06,62.4,208,303,CHAOS,0.0,1.0,WORKLOAD_STEP
2026-07-09 18:26:25.760957600+05:30,3.1,58,5.2,2340.05,62.63,208,304,CHAOS,0.0,1.0,WORKLOAD_STEP
2026-07-09 18:26:27.779235500+05:30,1.0,58,3.7,2109.06,62.37,208,303,CHAOS,0.0,1.0,WORKLOAD_STEP
2026-07-09 18:26:29.808830700+05:30,3.0,59,4.2,2109.06,62.37,208,303,CHAOS,0.0,1.0,WORKLOAD_STEP
2026-07-09 18:26:31.830031+05:30,1.1,59,3.8,2109.06,62.36,211,303,CHAOS,0.0,1.0,WORKLOAD_STEP
2026-07-09 18:26:33.856142600+05:30,3.9,59,4.4,2109.06,62.36,211,303,CHAOS,0.0,1.0,WORKLOAD_STEP
2026-07-09 18:26:35.892680500+05:30,0.8,59,3.6,2109.06,62.36,208,303,CHAOS,0.0,1.0,WORKLOAD_STEP
2026-07-09 18:26:37.921041200+05:30,2.2,58,5.6,2571.04,62.35,208,303,CHAOS,0.0,1.0,WORKLOAD_STEP
2026-07-09 18:26:39.947965700+05:30,8.2,58,5.2,2109.06,62.35,208,303,CHAOS,0.0,1.0,WORKLOAD_STEP
2026-07-09 18:26:41.976767500+05:30,5.9,58,5.6,2109.06,62.34,208,303,CHAOS,0.0,1.0,WORKLOAD_STEP
2026-07-09 18:26:44.004244600+05:30,1.3,59,3.8,2109.06,62.34,208,303,CHAOS,0.0,1.0,WORKLOAD_STEP
2026-07-09 18:26:46.032761600+05:30,1.0,59,3.8,2109.06,62.34,208,303,CHAOS,0.0,1.0,WORKLOAD_STEP
2026-07-09 18:26:48.132110500+05:30,0.5,59,3.6,2109.06,62.34,208,303,CHAOS,0.0,1.0,WORKLOAD_STEP
2026-07-09 18:26:50.154852600+05:30,0.8,59,3.6,2109.06,62.33,208,303,CHAOS,0.0,1.0,WORKLOAD_STEP
2026-07-09 18:26:52.179544900+05:30,23.0,43,22.5,3083.25,62.43,208,303,CHAOS,40.0,2.0,WORKLOAD_STEP
2026-07-09 18:26:54.211003800+05:30,44.3,39,26.4,3002.88,62.43,207,303,CHAOS,40.0,2.0,WORKLOAD_STEP
2026-07-09 18:26:56.231319300+05:30,45.7,40,27.3,3073.2,62.46,207,303,CHAOS,40.0,2.0,WORKLOAD_STEP
2026-07-09 18:26:58.252639900+05:30,41.3,40,30.8,3083.25,62.46,207,303,CHAOS,40.0,2.0,WORKLOAD_STEP
2026-07-09 18:27:00.270055900+05:30,42.5,33,28.2,2832.15,62.46,207,303,CHAOS,40.0,2.0,WORKLOAD_STEP
2026-07-09 18:27:02.288953500+05:30,41.0,36,26.7,2812.09,62.43,207,303,CHAOS,40.0,2.0,WORKLOAD_STEP
2026-07-09 18:27:04.306274800+05:30,42.9,34,28.7,3113.36,62.44,207,303,CHAOS,40.0,2.0,WORKLOAD_STEP
2026-07-09 18:27:06.329051500+05:30,40.3,39,27.1,2862.3,62.4,207,303,CHAOS,40.0,2.0,WORKLOAD_STEP
2026-07-09 18:27:08.351896900+05:30,41.9,37,28.3,2842.2,62.43,207,303,CHAOS,40.0,2.0,WORKLOAD_STEP
2026-07-09 18:27:10.390059700+05:30,40.7,37,26.9,2932.6,62.46,207,303,CHAOS,40.0,2.0,WORKLOAD_STEP
2026-07-09 18:27:12.413583300+05:30,42.6,37,26.4,2942.63,62.44,207,303,CHAOS,100.0,3.0,WORKLOAD_STEP
2026-07-09 18:27:14.487322600+05:30,90.9,37,30.2,2711.65,62.4,207,303,CHAOS,100.0,3.0,WORKLOAD_STEP
2026-07-09 18:27:16.550034600+05:30,100.0,37,29.4,2721.68,62.41,207,303,CHAOS,100.0,3.0,WORKLOAD_STEP
2026-07-09 18:27:18.599775400+05:30,100.0,39,29.7,2731.74,62.41,207,303,CHAOS,100.0,3.0,WORKLOAD_STEP
2026-07-09 18:27:20.646114800+05:30,100.0,37,28.0,2691.54,62.42,207,303,CHAOS,100.0,3.0,WORKLOAD_STEP
2026-07-09 18:27:22.700597+05:30,100.0,37,28.7,2691.56,62.38,207,303,CHAOS,100.0,3.0,WORKLOAD_STEP
2026-07-09 18:27:24.770292400+05:30,100.0,37,28.0,2691.56,62.37,207,303,CHAOS,100.0,3.0,WORKLOAD_STEP
2026-07-09 18:27:26.864566300+05:30,100.0,36,26.4,2711.64,62.35,207,305,CHAOS,100.0,3.0,WORKLOAD_STEP
2026-07-09 18:27:28.925381900+05:30,100.0,37,29.8,2671.47,62.42,207,305,CHAOS,100.0,3.0,WORKLOAD_STEP
2026-07-09 18:27:31.060588900+05:30,100.0,36,26.7,2701.61,62.36,208,305,CHAOS,100.0,3.0,WORKLOAD_STEP
2026-07-09 18:27:33.139790800+05:30,100.0,37,27.3,2651.37,62.36,207,305,CHAOS,100.0,3.0,WORKLOAD_STEP
2026-07-09 18:27:35.225151700+05:30,100.0,37,27.7,2671.47,62.36,207,305,CHAOS,100.0,3.0,WORKLOAD_STEP
2026-07-09 18:27:37.297228600+05:30,100.0,37,28.2,2641.33,62.36,207,305,CHAOS,100.0,3.0,WORKLOAD_STEP
2026-07-09 18:27:39.344877100+05:30,100.0,36,26.7,2641.35,62.36,207,305,CHAOS,100.0,3.0,WORKLOAD_STEP
2026-07-09 18:27:41.415702400+05:30,100.0,36,28.3,2651.38,62.37,207,305,CHAOS,100.0,3.0,WORKLOAD_STEP
2026-07-09 18:27:43.472084800+05:30,100.0,36,26.9,2631.28,62.37,207,305,CHAOS,100.0,3.0,WORKLOAD_STEP
2026-07-09 18:27:45.555751900+05:30,100.0,37,27.6,2601.15,62.37,207,305,CHAOS,100.0,3.0,WORKLOAD_STEP
2026-07-09 18:27:47.612476100+05:30,100.0,36,26.8,2611.19,62.37,207,305,CHAOS,100.0,3.0,WORKLOAD_STEP
2026-07-09 18:27:49.654590900+05:30,100.0,37,26.9,2601.14,62.37,207,305,CHAOS,100.0,3.0,WORKLOAD_STEP
2026-07-09 18:27:51.722711300+05:30,100.0,36,27.4,2611.19,62.48,207,305,CHAOS,100.0,3.0,WORKLOAD_STEP
2026-07-09 18:27:53.800350200+05:30,100.0,36,26.3,2601.16,62.48,207,305,CHAOS,100.0,3.0,WORKLOAD_STEP
2026-07-09 18:27:55.853398600+05:30,100.0,36,27.4,2611.19,62.48,207,305,CHAOS,100.0,3.0,WORKLOAD_STEP
2026-07-09 18:27:57.921467+05:30,100.0,34,27.5,2601.15,62.48,207,305,CHAOS,100.0,3.0,WORKLOAD_STEP
2026-07-09 18:28:00.036180900+05:30,100.0,36,27.5,2591.12,62.48,207,305,CHAOS,100.0,3.0,WORKLOAD_STEP
2026-07-09 18:28:02.090986700+05:30,100.0,34,26.5,2560.97,62.49,208,305,CHAOS,100.0,3.0,WORKLOAD_STEP
2026-07-09 18:28:04.168843700+05:30,100.0,34,26.3,2571.0,62.5,208,305,CHAOS,100.0,3.0,WORKLOAD_STEP
2026-07-09 18:28:06.239009800+05:30,100.0,36,26.1,2571.02,62.49,208,306,CHAOS,100.0,3.0,WORKLOAD_STEP
2026-07-09 18:28:08.284716600+05:30,100.0,34,26.1,2591.1,62.5,208,306,CHAOS,100.0,3.0,WORKLOAD_STEP
2026-07-09 18:28:10.334092800+05:30,100.0,34,26.7,2530.84,62.49,208,306,CHAOS,100.0,3.0,WORKLOAD_STEP
2026-07-09 18:28:12.368704800+05:30,100.0,34,24.9,2581.05,62.5,208,307,CHAOS,100.0,3.0,WORKLOAD_STEP
2026-07-09 18:28:14.495997700+05:30,100.0,34,27.5,2560.96,62.49,208,307,CHAOS,100.0,3.0,WORKLOAD_STEP
2026-07-09 18:28:16.554625700+05:30,100.0,34,25.6,2550.93,62.49,208,307,CHAOS,100.0,3.0,WORKLOAD_STEP
2026-07-09 18:28:18.686378200+05:30,100.0,34,27.8,2550.93,62.49,206,307,CHAOS,100.0,3.0,WORKLOAD_STEP
2026-07-09 18:28:20.771157300+05:30,100.0,34,26.7,2591.11,62.65,206,307,CHAOS,100.0,3.0,WORKLOAD_STEP
2026-07-09 18:28:22.844157200+05:30,100.0,34,25.2,2581.06,62.43,206,306,CHAOS,100.0,3.0,WORKLOAD_STEP
2026-07-09 18:28:24.895399900+05:30,100.0,34,26.4,2560.97,62.43,206,306,CHAOS,100.0,3.0,WORKLOAD_STEP
2026-07-09 18:28:26.955333900+05:30,100.0,34,25.1,2581.05,62.42,206,306,CHAOS,100.0,3.0,WORKLOAD_STEP
2026-07-09 18:28:29.012438300+05:30,100.0,33,24.4,2560.97,62.42,206,306,CHAOS,100.0,3.0,WORKLOAD_STEP
2026-07-09 18:28:31.064208600+05:30,100.0,34,25.8,2540.9,62.42,209,306,CHAOS,100.0,3.0,WORKLOAD_STEP
2026-07-09 18:28:33.117767100+05:30,97.2,36,26.9,2832.15,62.72,209,305,CHAOS,60.0,4.0,WORKLOAD_STEP
2026-07-09 18:28:35.138305700+05:30,59.8,32,23.4,2822.11,62.5,206,303,CHAOS,60.0,4.0,WORKLOAD_STEP
2026-07-09 18:28:37.162648500+05:30,61.6,32,21.7,2952.68,62.51,206,303,CHAOS,60.0,4.0,WORKLOAD_STEP
2026-07-09 18:28:39.195722500+05:30,64.2,33,23.6,2812.06,62.5,206,303,CHAOS,60.0,4.0,WORKLOAD_STEP
2026-07-09 18:28:41.224679800+05:30,63.7,34,26.1,2741.76,62.02,205,303,CHAOS,60.0,4.0,WORKLOAD_STEP
2026-07-09 18:28:43.253998400+05:30,62.2,36,23.3,2691.5,62.04,205,303,CHAOS,60.0,4.0,WORKLOAD_STEP
2026-07-09 18:28:45.284075+05:30,60.2,32,22.8,2972.75,62.03,205,303,CHAOS,60.0,4.0,WORKLOAD_STEP
2026-07-09 18:28:47.307760200+05:30,62.8,30,23.7,2671.48,62.02,205,303,CHAOS,60.0,4.0,WORKLOAD_STEP
2026-07-09 18:28:49.329662+05:30,64.0,33,27.0,2701.58,62.02,205,303,CHAOS,60.0,4.0,WORKLOAD_STEP
2026-07-09 18:28:51.354881+05:30,64.1,33,23.4,2731.73,62.02,205,303,CHAOS,60.0,4.0,WORKLOAD_STEP
2026-07-09 18:28:53.407157+05:30,62.6,34,25.3,2631.29,62.03,205,303,CHAOS,60.0,4.0,WORKLOAD_STEP
2026-07-09 18:28:55.436913500+05:30,63.4,34,24.6,2741.76,62.03,205,303,CHAOS,60.0,4.0,WORKLOAD_STEP
2026-07-09 18:28:57.469310700+05:30,60.7,33,26.6,2671.47,62.03,205,303,CHAOS,60.0,4.0,WORKLOAD_STEP
2026-07-09 18:28:59.496750500+05:30,39.3,45,23.5,2329.99,62.02,205,303,CHAOS,0.0,5.0,WORKLOAD_STEP
2026-07-09 18:29:01.539788500+05:30,2.2,50,4.0,1958.41,61.99,205,303,CHAOS,0.0,5.0,WORKLOAD_STEP
2026-07-09 18:29:03.569627400+05:30,2.2,50,3.9,2109.06,62.01,205,303,CHAOS,0.0,5.0,WORKLOAD_STEP
2026-07-09 18:29:05.602141600+05:30,2.8,49,4.8,2109.06,61.99,205,303,CHAOS,0.0,5.0,WORKLOAD_STEP
2026-07-09 18:29:07.629929400+05:30,3.2,50,5.0,2109.06,61.98,205,303,CHAOS,0.0,5.0,WORKLOAD_STEP
2026-07-09 18:29:09.653936900+05:30,2.5,52,4.0,2109.06,61.98,205,303,CHAOS,0.0,5.0,WORKLOAD_STEP
2026-07-09 18:29:11.679992200+05:30,0.9,52,3.7,2109.06,61.98,205,303,CHAOS,0.0,5.0,WORKLOAD_STEP
2026-07-09 18:29:13.704972700+05:30,1.9000000000000001,53,3.8,2109.06,61.98,205,303,CHAOS,0.0,5.0,WORKLOAD_STEP
2026-07-09 18:29:15.730911200+05:30,1.7,52,3.8,2109.06,61.98,205,303,CHAOS,0.0,5.0,WORKLOAD_STEP
2026-07-09 18:29:17.757983900+05:30,1.3,53,3.9,2109.06,61.97,206,303,CHAOS,0.0,5.0,WORKLOAD_STEP
2026-07-09 18:29:19.778136700+05:30,1.1,57,3.6,2109.06,61.97,205,303,CHAOS,0.0,5.0,WORKLOAD_STEP
2026-07-09 18:29:21.805796400+05:30,3.7,53,4.0,2109.06,61.97,206,303,CHAOS,0.0,5.0,WORKLOAD_STEP
2026-07-09 18:29:23.832215800+05:30,0.7000000000000001,53,3.6,2008.62,61.97,205,303,CHAOS,0.0,5.0,WORKLOAD_STEP
2026-07-09 18:29:25.857049+05:30,33.2,45,16.5,2550.96,62.06,205,303,CHAOS,30.0,6.0,WORKLOAD_STEP
2026-07-09 18:29:27.907816100+05:30,30.7,45,18.0,2561.01,62.04,205,303,CHAOS,30.0,6.0,WORKLOAD_STEP
2026-07-09 18:29:29.932008700+05:30,32.1,24,20.8,2992.86,62.08,205,303,CHAOS,30.0,6.0,WORKLOAD_STEP
2026-07-09 18:29:31.953277500+05:30,30.7,37,25.3,2581.09,62.09,205,303,CHAOS,30.0,6.0,WORKLOAD_STEP
2026-07-09 18:29:33.973291700+05:30,31.1,30,25.1,2902.39,62.1,205,303,CHAOS,30.0,6.0,WORKLOAD_STEP
2026-07-09 18:29:35.992480700+05:30,30.5,37,24.8,2972.77,62.06,205,303,CHAOS,30.0,6.0,WORKLOAD_STEP
2026-07-09 18:29:38.011640500+05:30,30.7,23,24.8,3043.06,62.05,205,303,CHAOS,30.0,6.0,WORKLOAD_STEP
2026-07-09 18:29:40.030461800+05:30,30.4,30,26.0,3033.02,62.02,205,303,CHAOS,30.0,6.0,WORKLOAD_STEP
2026-07-09 18:29:42.047490200+05:30,32.0,26,24.7,2972.76,62.14,205,303,CHAOS,30.0,6.0,WORKLOAD_STEP
2026-07-09 18:29:44.064942100+05:30,30.6,29,23.5,2741.78,62.08,205,303,CHAOS,30.0,6.0,WORKLOAD_STEP
2026-07-09 18:29:46.082171200+05:30,30.7,40,24.9,3093.3,62.08,205,303,CHAOS,30.0,6.0,WORKLOAD_STEP
2026-07-09 18:29:48.099297500+05:30,31.4,33,23.6,2872.33,62.05,205,303,CHAOS,30.0,6.0,WORKLOAD_STEP
2026-07-09 18:29:50.117659300+05:30,30.6,27,24.9,2591.13,62.07,205,303,CHAOS,30.0,6.0,WORKLOAD_STEP
2026-07-09 18:29:52.135631+05:30,31.9,24,25.5,2982.82,62.04,205,303,CHAOS,30.0,6.0,WORKLOAD_STEP
2026-07-09 18:29:54.153846400+05:30,30.3,37,22.9,2802.03,62.08,205,303,CHAOS,30.0,6.0,WORKLOAD_STEP
2026-07-09 18:29:56.171741600+05:30,36.2,34,24.3,2791.98,62.08,205,303,CHAOS,30.0,6.0,WORKLOAD_STEP
2026-07-09 18:29:58.188796500+05:30,35.1,36,22.6,2852.25,62.08,205,303,CHAOS,30.0,6.0,WORKLOAD_STEP
2026-07-09 18:30:00.206836200+05:30,34.2,24,23.8,2500.74,62.06,205,303,CHAOS,30.0,6.0,WORKLOAD_STEP
2026-07-09 18:30:02.246953500+05:30,32.0,40,21.5,2651.38,62.25,205,305,CHAOS,30.0,6.0,WORKLOAD_STEP
2026-07-09 18:30:04.275300100+05:30,32.0,21,23.5,2781.96,62.0,205,303,CHAOS,30.0,6.0,WORKLOAD_STEP
2026-07-09 18:30:06.302458700+05:30,30.1,26,24.0,2902.48,62.03,205,303,CHAOS,30.0,6.0,WORKLOAD_STEP
2026-07-09 18:30:08.329363700+05:30,33.1,33,21.9,2942.63,62.09,205,303,CHAOS,30.0,6.0,WORKLOAD_STEP
2026-07-09 18:30:10.350463300+05:30,30.5,37,25.1,3123.41,62.08,205,303,CHAOS,30.0,6.0,WORKLOAD_STEP
2026-07-09 18:30:12.372546900+05:30,34.4,39,22.4,2671.47,62.09,205,303,CHAOS,30.0,6.0,WORKLOAD_STEP
2026-07-09 18:30:14.392850500+05:30,32.5,36,20.5,2832.17,62.05,205,303,CHAOS,30.0,6.0,WORKLOAD_STEP
2026-07-09 18:30:16.411120500+05:30,29.9,33,21.6,2731.74,62.04,206,303,CHAOS,30.0,6.0,WORKLOAD_STEP
2026-07-09 18:30:18.429341800+05:30,31.7,40,19.0,2942.64,62.01,206,303,CHAOS,30.0,6.0,WORKLOAD_STEP
2026-07-09 18:30:20.447049+05:30,30.9,32,21.1,2832.17,62.08,206,303,CHAOS,30.0,6.0,WORKLOAD_STEP
2026-07-09 18:30:22.465321800+05:30,30.3,32,22.2,2380.23,62.07,206,303,CHAOS,30.0,6.0,WORKLOAD_STEP
2026-07-09 18:30:24.483298900+05:30,30.8,32,22.7,2962.72,62.07,205,303,CHAOS,30.0,6.0,WORKLOAD_STEP
2026-07-09 18:30:26.503625900+05:30,30.8,33,22.6,2721.69,62.07,205,303,CHAOS,30.0,6.0,WORKLOAD_STEP
2026-07-09 18:30:28.522545300+05:30,31.0,18,22.5,2681.51,62.05,205,303,CHAOS,30.0,6.0,WORKLOAD_STEP
2026-07-09 18:30:30.540460300+05:30,31.0,27,24.7,2882.37,62.03,208,303,CHAOS,30.0,6.0,WORKLOAD_STEP
2026-07-09 18:30:32.557259+05:30,31.0,33,24.5,2852.26,62.03,208,303,CHAOS,30.0,6.0,WORKLOAD_STEP
2026-07-09 18:30:34.595399300+05:30,32.4,30,24.2,2842.21,62.04,208,303,CHAOS,30.0,6.0,WORKLOAD_STEP
2026-07-09 18:30:36.623915400+05:30,31.6,33,22.5,3073.19,62.08,207,303,CHAOS,30.0,6.0,WORKLOAD_STEP
2026-07-09 18:30:38.654305+05:30,32.4,32,24.2,3113.36,62.07,207,303,CHAOS,30.0,6.0,WORKLOAD_STEP
2026-07-09 18:30:40.678937900+05:30,31.2,26,21.1,2741.77,62.05,207,303,CHAOS,30.0,6.0,WORKLOAD_STEP
2026-07-09 18:30:42.698741500+05:30,34.7,29,22.3,2671.46,62.02,207,303,CHAOS,30.0,6.0,WORKLOAD_STEP
2026-07-09 18:30:44.718642300+05:30,30.7,33,21.6,3022.98,62.01,207,303,CHAOS,30.0,6.0,WORKLOAD_STEP
2026-07-09 18:30:46.738751200+05:30,31.6,33,21.3,2912.51,62.1,207,303,CHAOS,30.0,6.0,WORKLOAD_STEP
2026-07-09 18:30:48.758013600+05:30,31.1,34,24.2,2932.4,62.07,207,303,CHAOS,30.0,6.0,WORKLOAD_STEP
2026-07-09 18:30:50.779550200+05:30,30.6,27,23.4,2601.18,62.08,207,303,CHAOS,30.0,6.0,WORKLOAD_STEP
2026-07-09 18:30:52.799596800+05:30,31.0,30,23.6,3083.24,62.04,207,303,CHAOS,30.0,6.0,WORKLOAD_STEP
2026-07-09 18:30:54.818916500+05:30,30.5,33,23.1,2852.25,62.03,207,303,CHAOS,30.0,6.0,WORKLOAD_STEP
2026-07-09 18:30:56.839207400+05:30,31.6,27,24.3,2912.5,62.06,207,303,CHAOS,30.0,6.0,WORKLOAD_STEP
2026-07-09 18:30:58.861025900+05:30,31.5,30,24.3,2530.87,62.05,207,303,CHAOS,30.0,6.0,WORKLOAD_STEP
2026-07-09 18:31:00.882455400+05:30,31.7,30,25.6,2852.24,62.06,207,303,CHAOS,30.0,6.0,WORKLOAD_STEP
2026-07-09 18:31:02.902308100+05:30,34.3,30,26.2,2520.83,62.04,207,303,CHAOS,30.0,6.0,WORKLOAD_STEP
2026-07-09 18:31:04.923291400+05:30,33.3,37,24.4,2641.34,62.08,207,303,CHAOS,30.0,6.0,WORKLOAD_STEP
2026-07-09 18:31:06.943239200+05:30,32.4,33,23.6,2932.58,62.07,205,303,CHAOS,30.0,6.0,WORKLOAD_STEP
2026-07-09 18:31:08.981711900+05:30,34.2,30,22.6,2812.05,62.05,205,303,CHAOS,30.0,6.0,WORKLOAD_STEP
2026-07-09 18:31:11.009563400+05:30,31.6,29,23.5,2822.12,62.06,205,303,CHAOS,30.0,6.0,WORKLOAD_STEP
2026-07-09 18:31:13.032927600+05:30,33.0,30,21.6,2721.68,62.05,205,303,CHAOS,30.0,6.0,WORKLOAD_STEP
2026-07-09 18:31:15.053650400+05:30,30.4,32,22.8,2701.59,62.04,205,303,CHAOS,30.0,6.0,WORKLOAD_STEP
2026-07-09 18:31:17.075710600+05:30,33.4,27,24.3,2842.2,62.02,205,303,CHAOS,30.0,6.0,WORKLOAD_STEP
2026-07-09 18:31:19.097856800+05:30,34.1,32,25.7,2681.51,62.08,205,303,CHAOS,30.0,6.0,WORKLOAD_STEP
2026-07-09 18:31:21.119620300+05:30,33.2,29,25.2,2852.25,62.07,205,303,CHAOS,30.0,6.0,WORKLOAD_STEP
2026-07-09 18:31:23.142210900+05:30,31.0,33,24.1,2540.9,62.05,205,303,CHAOS,30.0,6.0,WORKLOAD_STEP
2026-07-09 18:31:25.163444700+05:30,31.9,29,23.2,2781.95,62.08,205,303,CHAOS,30.0,6.0,WORKLOAD_STEP
2026-07-09 18:31:27.185629400+05:30,30.7,32,24.9,2802.03,62.05,205,303,CHAOS,30.0,6.0,WORKLOAD_STEP
2026-07-09 18:31:29.204630500+05:30,41.0,30,23.9,2621.25,62.09,205,303,CHAOS,80.0,7.0,WORKLOAD_STEP
2026-07-09 18:31:31.237324300+05:30,81.0,32,24.9,2571.04,62.08,205,303,CHAOS,80.0,7.0,WORKLOAD_STEP
2026-07-09 18:31:33.341013600+05:30,86.0,32,23.9,2540.9,62.13,205,303,CHAOS,80.0,7.0,WORKLOAD_STEP
2026-07-09 18:31:35.370779700+05:30,81.0,33,24.1,2601.17,62.1,205,303,CHAOS,80.0,7.0,WORKLOAD_STEP
2026-07-09 18:31:37.399387600+05:30,82.3,33,25.2,2530.86,62.1,205,303,CHAOS,80.0,7.0,WORKLOAD_STEP
2026-07-09 18:31:39.433161100+05:30,79.8,33,26.1,2651.38,62.09,205,303,CHAOS,80.0,7.0,WORKLOAD_STEP
2026-07-09 18:31:41.467897700+05:30,81.0,33,24.4,2460.56,62.08,205,303,CHAOS,80.0,7.0,WORKLOAD_STEP
2026-07-09 18:31:43.518198400+05:30,79.3,32,23.2,2681.49,62.08,205,303,CHAOS,80.0,7.0,WORKLOAD_STEP
2026-07-09 18:31:45.544575600+05:30,81.2,32,25.4,2571.03,62.08,205,303,CHAOS,80.0,7.0,WORKLOAD_STEP
2026-07-09 18:31:47.575772300+05:30,80.7,33,24.6,2631.28,62.08,205,303,CHAOS,80.0,7.0,WORKLOAD_STEP
2026-07-09 18:31:49.609168700+05:30,82.7,32,24.9,2611.19,62.08,205,303,CHAOS,80.0,7.0,WORKLOAD_STEP
2026-07-09 18:31:51.645230200+05:30,80.2,33,25.1,2621.23,62.07,205,303,CHAOS,80.0,7.0,WORKLOAD_STEP
2026-07-09 18:31:53.676446500+05:30,87.8,33,26.0,2550.93,62.06,205,303,CHAOS,100.0,8.0,WORKLOAD_STEP
2026-07-09 18:31:55.745401300+05:30,100.0,33,23.8,2490.68,62.08,203,303,CHAOS,100.0,8.0,WORKLOAD_STEP
2026-07-09 18:31:57.791857+05:30,100.0,33,26.4,2480.64,62.06,203,303,CHAOS,100.0,8.0,WORKLOAD_STEP
2026-07-09 18:31:59.845260700+05:30,100.0,33,24.4,2480.64,62.06,203,303,CHAOS,100.0,8.0,WORKLOAD_STEP
2026-07-09 18:32:01.897398500+05:30,100.0,33,24.3,2510.76,61.98,203,303,CHAOS,100.0,8.0,WORKLOAD_STEP
2026-07-09 18:32:03.962424300+05:30,100.0,33,26.2,2500.72,61.99,203,303,CHAOS,100.0,8.0,WORKLOAD_STEP
2026-07-09 18:32:06.075302400+05:30,100.0,33,26.6,2510.76,61.98,203,303,CHAOS,100.0,8.0,WORKLOAD_STEP
2026-07-09 18:32:08.155498400+05:30,100.0,33,26.2,2420.38,62.28,203,304,CHAOS,100.0,8.0,WORKLOAD_STEP
2026-07-09 18:32:10.206954300+05:30,100.0,33,25.0,2480.63,61.78,203,308,CHAOS,100.0,8.0,WORKLOAD_STEP
2026-07-09 18:32:12.267063200+05:30,100.0,33,26.4,2510.76,61.79,203,308,CHAOS,100.0,8.0,WORKLOAD_STEP
2026-07-09 18:32:14.333122900+05:30,100.0,34,23.9,2480.64,61.78,203,309,CHAOS,100.0,8.0,WORKLOAD_STEP
2026-07-09 18:32:16.544467400+05:30,100.0,33,24.1,2520.8,61.79,203,309,CHAOS,100.0,8.0,WORKLOAD_STEP
2026-07-09 18:32:18.616344300+05:30,100.0,33,24.6,2370.17,62.03,203,314,CHAOS,100.0,8.0,WORKLOAD_STEP
2026-07-09 18:32:20.702082100+05:30,100.0,33,24.6,2370.17,62.34,203,315,CHAOS,100.0,8.0,WORKLOAD_STEP
2026-07-09 18:32:22.787717500+05:30,100.0,33,25.1,2460.56,62.39,202,316,CHAOS,100.0,8.0,WORKLOAD_STEP
2026-07-09 18:32:24.907819400+05:30,100.0,33,24.2,2490.68,62.24,202,316,CHAOS,100.0,8.0,WORKLOAD_STEP
2026-07-09 18:32:26.984321400+05:30,100.0,33,24.2,2490.68,62.54,202,318,CHAOS,100.0,8.0,WORKLOAD_STEP
2026-07-09 18:32:29.162058200+05:30,100.0,33,25.7,2480.64,62.61,202,321,CHAOS,100.0,8.0,WORKLOAD_STEP
2026-07-09 18:32:31.249123+05:30,100.0,34,24.4,2480.64,62.59,205,320,CHAOS,100.0,8.0,WORKLOAD_STEP
2026-07-09 18:32:33.322386600+05:30,100.0,33,25.8,2520.8,62.58,205,320,CHAOS,100.0,8.0,WORKLOAD_STEP
2026-07-09 18:32:35.419963+05:30,100.0,34,25.0,2490.68,62.49,202,321,CHAOS,100.0,8.0,WORKLOAD_STEP
2026-07-09 18:32:37.477670500+05:30,100.0,33,26.1,2490.68,62.49,202,321,CHAOS,100.0,8.0,WORKLOAD_STEP
2026-07-09 18:32:39.539585200+05:30,100.0,33,25.7,2510.77,62.47,202,320,CHAOS,100.0,8.0,WORKLOAD_STEP
2026-07-09 18:32:41.600838700+05:30,100.0,33,24.8,2470.59,62.47,202,320,CHAOS,100.0,8.0,WORKLOAD_STEP
2026-07-09 18:32:43.647983200+05:30,100.0,33,24.8,2470.59,62.45,202,320,CHAOS,100.0,8.0,WORKLOAD_STEP
2026-07-09 18:32:45.720753300+05:30,100.0,33,24.9,2490.68,62.46,202,322,CHAOS,100.0,8.0,WORKLOAD_STEP
2026-07-09 18:32:47.809750+05:30,100.0,34,25.3,2510.75,62.5,202,325,CHAOS,100.0,8.0,WORKLOAD_STEP
2026-07-09 18:32:49.874446400+05:30,100.0,33,26.4,2480.64,62.56,202,325,CHAOS,100.0,8.0,WORKLOAD_STEP
2026-07-09 18:32:51.956211500+05:30,100.0,33,25.5,2510.75,62.51,202,324,CHAOS,100.0,8.0,WORKLOAD_STEP
2026-07-09 18:32:54.018971200+05:30,100.0,33,25.7,2520.81,62.61,202,323,CHAOS,100.0,8.0,WORKLOAD_STEP
2026-07-09 18:32:56.093727300+05:30,100.0,33,25.9,2530.85,62.6,202,323,CHAOS,100.0,8.0,WORKLOAD_STEP
2026-07-09 18:32:58.138561100+05:30,100.0,33,25.5,2530.84,62.61,202,323,CHAOS,100.0,8.0,WORKLOAD_STEP
2026-07-09 18:33:00.199775400+05:30,100.0,33,25.3,2550.93,62.6,202,323,CHAOS,100.0,8.0,WORKLOAD_STEP
2026-07-09 18:33:02.292522+05:30,100.0,33,25.7,2510.77,62.6,202,323,CHAOS,100.0,8.0,WORKLOAD_STEP
2026-07-09 18:33:04.384063+05:30,100.0,33,25.8,2520.8,62.6,202,323,CHAOS,100.0,8.0,WORKLOAD_STEP
2026-07-09 18:33:06.423906600+05:30,100.0,33,26.2,2520.79,62.6,202,323,CHAOS,100.0,8.0,WORKLOAD_STEP
2026-07-09 18:33:08.491618400+05:30,100.0,33,26.2,2470.59,62.67,202,324,CHAOS,100.0,8.0,WORKLOAD_STEP
2026-07-09 18:33:10.567866300+05:30,100.0,33,24.8,2520.8,62.67,202,323,CHAOS,100.0,8.0,WORKLOAD_STEP
2026-07-09 18:33:12.614609500+05:30,100.0,33,25.4,2540.88,62.76,202,324,CHAOS,100.0,8.0,WORKLOAD_STEP
2026-07-09 18:33:14.677744800+05:30,100.0,33,25.8,2530.85,62.75,204,321,CHAOS,100.0,8.0,WORKLOAD_STEP
2026-07-09 18:33:16.737150400+05:30,100.0,33,25.9,2500.72,62.75,204,321,CHAOS,100.0,8.0,WORKLOAD_STEP
2026-07-09 18:33:18.784183200+05:30,100.0,33,25.2,2510.76,62.75,204,321,CHAOS,100.0,8.0,WORKLOAD_STEP
2026-07-09 18:33:20.836250200+05:30,100.0,33,24.5,2520.8,62.75,204,320,CHAOS,100.0,8.0,WORKLOAD_STEP
2026-07-09 18:33:22.900577700+05:30,100.0,33,24.7,2530.85,62.75,204,320,CHAOS,100.0,8.0,WORKLOAD_STEP
2026-07-09 18:33:24.998457800+05:30,100.0,33,25.6,2560.97,62.76,204,320,CHAOS,100.0,8.0,WORKLOAD_STEP
2026-07-09 18:33:27.051710+05:30,100.0,33,26.5,2510.76,62.75,204,320,CHAOS,100.0,8.0,WORKLOAD_STEP
2026-07-09 18:33:29.131735100+05:30,100.0,33,24.6,2530.85,62.76,204,321,CHAOS,100.0,8.0,WORKLOAD_STEP
2026-07-09 18:33:31.204781600+05:30,100.0,33,25.0,2540.89,62.79,204,319,CHAOS,100.0,8.0,WORKLOAD_STEP
2026-07-09 18:33:33.269330400+05:30,95.3,36,26.5,2470.59,62.93,204,323,CHAOS,40.0,9.0,WORKLOAD_STEP
2026-07-09 18:33:35.299355500+05:30,57.6,40,24.7,2842.21,63.0,205,318,CHAOS,40.0,9.0,WORKLOAD_STEP
2026-07-09 18:33:37.321984200+05:30,43.9,37,18.5,2249.66,63.08,206,318,CHAOS,40.0,9.0,WORKLOAD_STEP
2026-07-09 18:33:39.347529900+05:30,40.3,39,19.4,2792.0,63.1,206,316,CHAOS,40.0,9.0,WORKLOAD_STEP
2026-07-09 18:33:41.369177500+05:30,41.5,29,22.7,3033.02,63.13,206,318,CHAOS,40.0,9.0,WORKLOAD_STEP
2026-07-09 18:33:43.397559500+05:30,41.2,27,26.1,2902.44,63.1,206,316,CHAOS,40.0,9.0,WORKLOAD_STEP
2026-07-09 18:33:45.421589100+05:30,40.5,33,24.9,3103.33,63.06,204,316,CHAOS,40.0,9.0,WORKLOAD_STEP
2026-07-09 18:33:47.440933500+05:30,42.5,32,22.2,2621.25,63.02,204,312,CHAOS,40.0,9.0,WORKLOAD_STEP
2026-07-09 18:33:49.462778500+05:30,40.3,29,24.9,2711.65,63.03,204,312,CHAOS,40.0,9.0,WORKLOAD_STEP
2026-07-09 18:33:51.485438800+05:30,41.2,32,25.8,2812.07,63.02,204,312,CHAOS,40.0,9.0,WORKLOAD_STEP
2026-07-09 18:33:53.508491200+05:30,40.8,32,23.3,2942.63,63.01,204,312,CHAOS,40.0,9.0,WORKLOAD_STEP
2026-07-09 18:33:55.532913900+05:30,40.8,32,24.0,2581.11,62.99,204,312,CHAOS,40.0,9.0,WORKLOAD_STEP
2026-07-09 18:33:57.575116200+05:30,40.2,30,24.0,2661.43,63.0,204,312,CHAOS,40.0,9.0,WORKLOAD_STEP
2026-07-09 18:33:59.602122400+05:30,42.4,30,23.7,2862.29,62.99,204,312,CHAOS,40.0,9.0,WORKLOAD_STEP
2026-07-09 18:34:01.628173900+05:30,42.8,27,23.3,2751.82,63.0,204,312,CHAOS,40.0,9.0,WORKLOAD_STEP
2026-07-09 18:34:03.656125+05:30,43.8,32,24.8,2852.25,62.97,204,312,CHAOS,40.0,9.0,WORKLOAD_STEP
2026-07-09 18:34:05.681335600+05:30,43.0,32,23.7,2852.24,62.94,204,312,CHAOS,40.0,9.0,WORKLOAD_STEP
2026-07-09 18:34:07.706843300+05:30,43.0,29,24.7,2842.2,62.98,204,312,CHAOS,40.0,9.0,WORKLOAD_STEP
2026-07-09 18:34:09.730776900+05:30,40.6,33,24.3,2832.16,62.95,204,312,CHAOS,40.0,9.0,WORKLOAD_STEP
2026-07-09 18:34:11.755549+05:30,44.4,29,25.6,2812.08,63.26,204,314,CHAOS,40.0,9.0,WORKLOAD_STEP
2026-07-09 18:34:13.782835100+05:30,41.2,33,21.9,2791.99,62.99,204,312,CHAOS,40.0,9.0,WORKLOAD_STEP
2026-07-09 18:34:15.810243+05:30,40.5,33,26.1,2701.61,63.0,204,312,CHAOS,40.0,9.0,WORKLOAD_STEP
2026-07-09 18:34:17.837685600+05:30,41.3,29,23.7,2540.93,62.97,204,312,CHAOS,40.0,9.0,WORKLOAD_STEP
2026-07-09 18:34:19.870730800+05:30,43.8,34,22.9,2902.46,63.07,204,312,CHAOS,40.0,9.0,WORKLOAD_STEP
2026-07-09 18:34:21.894806400+05:30,42.3,32,24.7,2932.58,63.0,205,312,CHAOS,40.0,9.0,WORKLOAD_STEP
2026-07-09 18:34:23.922510600+05:30,44.4,32,25.3,2942.62,63.0,205,312,CHAOS,40.0,9.0,WORKLOAD_STEP
2026-07-09 18:34:25.953897700+05:30,40.2,33,25.4,2942.62,62.99,205,312,CHAOS,40.0,9.0,WORKLOAD_STEP
2026-07-09 18:34:27.979312100+05:30,40.3,29,25.5,2721.69,62.87,205,311,CHAOS,40.0,9.0,WORKLOAD_STEP
2026-07-09 18:34:30.008933300+05:30,40.7,32,22.8,2892.41,62.81,205,310,CHAOS,40.0,9.0,WORKLOAD_STEP
2026-07-09 18:34:32.049373500+05:30,42.6,32,24.0,2852.24,62.66,209,310,CHAOS,40.0,9.0,WORKLOAD_STEP
2026-07-09 18:34:34.077421400+05:30,41.4,32,22.6,2731.73,62.69,209,310,CHAOS,40.0,9.0,WORKLOAD_STEP
2026-07-09 18:34:36.109651600+05:30,42.5,34,24.5,2912.5,62.62,206,308,CHAOS,40.0,9.0,WORKLOAD_STEP
2026-07-09 18:34:38.133587200+05:30,44.9,32,24.8,2470.62,62.41,204,307,CHAOS,40.0,9.0,WORKLOAD_STEP
2026-07-09 18:34:40.158726300+05:30,41.7,27,25.5,2771.9,62.45,204,307,CHAOS,40.0,9.0,WORKLOAD_STEP
2026-07-09 18:34:42.181734700+05:30,46.2,29,24.2,2932.59,62.48,204,307,CHAOS,40.0,9.0,WORKLOAD_STEP
2026-07-09 18:34:44.210534100+05:30,41.8,30,23.6,2842.21,62.45,204,307,CHAOS,40.0,9.0,WORKLOAD_STEP
2026-07-09 18:34:46.236124700+05:30,42.2,32,25.9,2651.4,62.46,204,307,CHAOS,40.0,9.0,WORKLOAD_STEP
2026-07-09 18:34:48.261047200+05:30,40.7,32,22.6,2661.44,62.45,204,307,CHAOS,40.0,9.0,WORKLOAD_STEP
2026-07-09 18:34:50.286390500+05:30,41.9,30,23.7,2761.85,62.44,204,307,CHAOS,40.0,9.0,WORKLOAD_STEP
2026-07-09 18:34:52.311502900+05:30,40.9,32,23.2,2822.11,62.41,204,307,CHAOS,40.0,9.0,WORKLOAD_STEP
2026-07-09 18:34:54.335393300+05:30,40.5,34,22.3,2721.69,62.4,204,307,CHAOS,40.0,9.0,WORKLOAD_STEP
2026-07-09 18:34:56.363865400+05:30,42.7,33,22.4,2691.55,62.46,204,309,CHAOS,40.0,9.0,WORKLOAD_STEP
2026-07-09 18:34:58.389871300+05:30,40.8,33,24.3,2661.43,62.51,204,307,CHAOS,40.0,9.0,WORKLOAD_STEP
2026-07-09 18:35:00.415282200+05:30,40.6,33,23.4,2842.19,62.51,204,307,CHAOS,40.0,9.0,WORKLOAD_STEP
2026-07-09 18:35:02.441239700+05:30,40.4,29,23.9,2771.9,62.49,204,307,CHAOS,40.0,9.0,WORKLOAD_STEP
2026-07-09 18:35:04.484071300+05:30,41.1,33,22.9,2822.12,62.45,204,307,CHAOS,40.0,9.0,WORKLOAD_STEP
2026-07-09 18:35:06.507518600+05:30,40.7,32,21.2,2661.43,62.44,204,307,CHAOS,40.0,9.0,WORKLOAD_STEP
2026-07-09 18:35:08.532396400+05:30,40.8,33,23.2,2651.4,62.44,204,306,CHAOS,40.0,9.0,WORKLOAD_STEP
2026-07-09 18:35:10.561840200+05:30,40.6,32,24.0,2932.58,62.4,204,306,CHAOS,40.0,9.0,WORKLOAD_STEP
2026-07-09 18:35:12.588417900+05:30,46.4,36,22.8,2781.95,62.43,204,306,CHAOS,40.0,9.0,WORKLOAD_STEP
2026-07-09 18:35:14.612161800+05:30,40.6,32,24.7,2942.62,62.42,204,306,CHAOS,40.0,9.0,WORKLOAD_STEP
2026-07-09 18:35:16.637046800+05:30,41.8,34,25.2,2812.07,62.4,204,306,CHAOS,40.0,9.0,WORKLOAD_STEP
2026-07-09 18:35:18.673519800+05:30,40.4,33,21.9,2771.9,62.41,204,306,CHAOS,40.0,9.0,WORKLOAD_STEP
2026-07-09 18:35:20.697472+05:30,42.6,30,22.6,2872.35,62.41,204,306,CHAOS,40.0,9.0,WORKLOAD_STEP
2026-07-09 18:35:22.723613300+05:30,41.2,34,23.0,2842.2,62.41,204,306,CHAOS,40.0,9.0,WORKLOAD_STEP
2026-07-09 18:35:24.749454400+05:30,43.9,34,24.8,2761.86,62.41,204,306,CHAOS,40.0,9.0,WORKLOAD_STEP
2026-07-09 18:35:26.770237400+05:30,45.2,33,22.9,2771.91,62.41,204,306,CHAOS,40.0,9.0,WORKLOAD_STEP
2026-07-09 18:35:28.797049200+05:30,46.3,32,22.4,2641.34,62.41,204,306,CHAOS,40.0,9.0,WORKLOAD_STEP
2026-07-09 18:35:30.823253200+05:30,45.2,30,25.0,2832.16,62.41,204,306,CHAOS,40.0,9.0,WORKLOAD_STEP
2026-07-09 18:35:32.852036+05:30,41.6,36,22.5,2721.7,62.4,204,306,CHAOS,40.0,9.0,WORKLOAD_STEP
2026-07-09 18:35:34.879373800+05:30,41.5,34,23.8,2802.02,62.43,201,306,CHAOS,40.0,9.0,WORKLOAD_STEP
2026-07-09 18:35:36.906080700+05:30,43.8,30,24.8,2571.04,62.32,201,306,CHAOS,40.0,9.0,WORKLOAD_STEP
2026-07-09 18:35:38.952789300+05:30,41.1,32,23.5,2902.45,62.33,201,306,CHAOS,40.0,9.0,WORKLOAD_STEP
2026-07-09 18:35:40.979370400+05:30,41.4,32,22.2,2691.57,62.36,201,306,CHAOS,40.0,9.0,WORKLOAD_STEP
2026-07-09 18:35:43.001591900+05:30,51.4,32,26.5,2852.23,62.41,201,306,CHAOS,40.0,9.0,WORKLOAD_STEP
2026-07-09 18:35:45.032572600+05:30,45.1,32,25.2,2671.47,62.41,201,306,CHAOS,40.0,9.0,WORKLOAD_STEP
2026-07-09 18:35:47.058352+05:30,41.3,34,24.2,2631.31,62.38,201,306,CHAOS,40.0,9.0,WORKLOAD_STEP
2026-07-09 18:35:49.090562100+05:30,41.0,27,23.9,2631.3,62.37,201,306,CHAOS,40.0,9.0,WORKLOAD_STEP
2026-07-09 18:35:51.131694900+05:30,40.9,33,25.5,2751.81,62.4,201,306,CHAOS,40.0,9.0,WORKLOAD_STEP
2026-07-09 18:35:53.157654+05:30,41.9,33,25.5,2812.06,62.41,201,306,CHAOS,40.0,9.0,WORKLOAD_STEP
2026-07-09 18:35:55.183207500+05:30,41.7,34,23.0,2571.05,62.41,204,306,CHAOS,40.0,9.0,WORKLOAD_STEP
2026-07-09 18:35:57.210013600+05:30,40.9,34,21.4,2601.18,62.42,204,306,CHAOS,40.0,9.0,WORKLOAD_STEP
2026-07-09 18:35:59.234758700+05:30,41.2,32,22.3,2581.09,62.42,204,306,CHAOS,40.0,9.0,WORKLOAD_STEP
2026-07-09 18:36:01.260677600+05:30,42.6,33,25.3,2751.8,62.4,204,306,CHAOS,40.0,9.0,WORKLOAD_STEP
2026-07-09 18:36:03.288186+05:30,40.6,32,21.9,2751.82,62.38,206,306,CHAOS,40.0,9.0,WORKLOAD_STEP
2026-07-09 18:36:05.311944400+05:30,41.0,30,23.3,2681.52,62.42,206,306,CHAOS,40.0,9.0,WORKLOAD_STEP
2026-07-09 18:36:07.337469300+05:30,42.5,32,23.3,2832.15,62.39,206,306,CHAOS,40.0,9.0,WORKLOAD_STEP
2026-07-09 18:36:09.365560300+05:30,40.8,33,22.5,2802.03,62.37,206,306,CHAOS,40.0,9.0,WORKLOAD_STEP
2026-07-09 18:36:11.395583700+05:30,42.7,32,24.4,2500.75,62.4,206,308,CHAOS,40.0,9.0,WORKLOAD_STEP
2026-07-09 18:36:13.441505200+05:30,42.9,34,23.3,2852.24,62.41,206,306,CHAOS,40.0,9.0,WORKLOAD_STEP
2026-07-09 18:36:15.468086900+05:30,57.3,32,21.2,2781.93,62.42,206,306,CHAOS,100.0,10.0,WORKLOAD_STEP
2026-07-09 18:36:17.534766400+05:30,100.0,34,26.5,2490.68,62.41,204,306,CHAOS,100.0,10.0,WORKLOAD_STEP
2026-07-09 18:36:19.615528900+05:30,100.0,34,25.2,2500.7,62.4,204,306,CHAOS,100.0,10.0,WORKLOAD_STEP
2026-07-09 18:36:21.749118200+05:30,100.0,33,25.1,2540.88,62.38,204,306,CHAOS,100.0,10.0,WORKLOAD_STEP
2026-07-09 18:36:23.782471+05:30,100.0,34,25.9,2490.69,62.39,204,306,CHAOS,100.0,10.0,WORKLOAD_STEP
2026-07-09 18:36:25.865567200+05:30,100.0,33,25.4,2480.64,62.37,204,306,CHAOS,100.0,10.0,WORKLOAD_STEP
2026-07-09 18:36:27.949080400+05:30,100.0,33,23.1,2530.84,62.39,204,306,CHAOS,100.0,10.0,WORKLOAD_STEP
2026-07-09 18:36:30.031208100+05:30,100.0,33,24.3,2500.71,62.38,204,306,CHAOS,100.0,10.0,WORKLOAD_STEP
2026-07-09 18:36:32.094310300+05:30,100.0,34,24.3,2510.76,62.38,205,306,CHAOS,100.0,10.0,WORKLOAD_STEP
2026-07-09 18:36:34.189445+05:30,100.0,33,25.6,2490.67,62.36,205,306,CHAOS,100.0,10.0,WORKLOAD_STEP
2026-07-09 18:36:36.249648100+05:30,100.0,34,24.5,2530.85,62.35,202,306,CHAOS,100.0,10.0,WORKLOAD_STEP
2026-07-09 18:36:38.315471700+05:30,100.0,33,23.4,2510.76,62.35,202,306,CHAOS,100.0,10.0,WORKLOAD_STEP
2026-07-09 18:36:40.440129600+05:30,100.0,33,24.1,2520.8,62.34,202,306,CHAOS,100.0,10.0,WORKLOAD_STEP
2026-07-09 18:36:42.511650300+05:30,100.0,34,26.9,2540.88,62.34,202,307,CHAOS,100.0,10.0,WORKLOAD_STEP
2026-07-09 18:36:44.582584400+05:30,100.0,33,24.2,2530.85,62.34,202,307,CHAOS,100.0,10.0,WORKLOAD_STEP
2026-07-09 18:36:46.669725500+05:30,100.0,33,25.8,2520.79,62.34,202,307,CHAOS,100.0,10.0,WORKLOAD_STEP
2026-07-09 18:36:48.730849800+05:30,100.0,34,25.2,2490.69,62.34,202,307,CHAOS,100.0,10.0,WORKLOAD_STEP
2026-07-09 18:36:50.808590400+05:30,100.0,33,25.8,2500.72,62.34,202,307,CHAOS,100.0,10.0,WORKLOAD_STEP
2026-07-09 18:36:52.872699100+05:30,100.0,33,25.4,2490.67,62.34,202,308,CHAOS,100.0,10.0,WORKLOAD_STEP
2026-07-09 18:36:54.930910600+05:30,100.0,33,24.5,2510.76,62.34,202,308,CHAOS,100.0,10.0,WORKLOAD_STEP
2026-07-09 18:36:57.018903500+05:30,100.0,33,25.5,2540.88,62.35,202,309,CHAOS,100.0,10.0,WORKLOAD_STEP
2026-07-09 18:36:59.097520100+05:30,100.0,33,24.5,2510.75,62.35,202,309,CHAOS,100.0,10.0,WORKLOAD_STEP
2026-07-09 18:37:01.173150+05:30,100.0,34,24.9,2530.86,62.35,202,309,CHAOS,100.0,10.0,WORKLOAD_STEP
2026-07-09 18:37:03.294062300+05:30,100.0,34,24.2,2550.93,62.38,202,309,CHAOS,100.0,10.0,WORKLOAD_STEP
2026-07-09 18:37:05.346696100+05:30,100.0,33,26.4,2510.76,62.38,202,309,CHAOS,100.0,10.0,WORKLOAD_STEP
2026-07-09 18:37:07.431707300+05:30,100.0,33,24.6,2530.85,62.39,202,309,CHAOS,100.0,10.0,WORKLOAD_STEP
2026-07-09 18:37:09.517696400+05:30,100.0,33,25.2,2530.84,62.39,202,309,CHAOS,100.0,10.0,WORKLOAD_STEP
2026-07-09 18:37:11.589038800+05:30,100.0,33,26.7,2550.94,62.4,202,311,CHAOS,100.0,10.0,WORKLOAD_STEP
2026-07-09 18:37:13.655176400+05:30,100.0,32,25.0,2530.85,62.92,202,315,CHAOS,100.0,10.0,WORKLOAD_STEP
2026-07-09 18:37:15.733597300+05:30,100.0,34,26.5,2510.77,62.76,202,314,CHAOS,100.0,10.0,WORKLOAD_STEP
2026-07-09 18:37:17.825293800+05:30,100.0,33,25.2,2520.8,62.61,204,314,CHAOS,100.0,10.0,WORKLOAD_STEP
2026-07-09 18:37:19.875560800+05:30,100.0,33,25.6,2490.67,62.61,204,314,CHAOS,100.0,10.0,WORKLOAD_STEP
2026-07-09 18:37:21.976508+05:30,100.0,34,24.4,2510.76,62.62,203,313,CHAOS,100.0,10.0,WORKLOAD_STEP
2026-07-09 18:37:24.039982800+05:30,100.0,33,26.6,2510.76,62.63,203,313,CHAOS,100.0,10.0,WORKLOAD_STEP
2026-07-09 18:37:26.088747700+05:30,100.0,33,26.0,2520.81,62.63,203,313,CHAOS,100.0,10.0,WORKLOAD_STEP
2026-07-09 18:37:28.178968100+05:30,100.0,33,25.4,2510.76,62.64,203,313,CHAOS,100.0,10.0,WORKLOAD_STEP
2026-07-09 18:37:30.238001700+05:30,100.0,33,25.1,2530.83,62.65,203,313,CHAOS,100.0,10.0,WORKLOAD_STEP
2026-07-09 18:37:32.302488200+05:30,100.0,33,25.7,2520.8,62.65,203,313,CHAOS,100.0,10.0,WORKLOAD_STEP
2026-07-09 18:37:34.373781300+05:30,100.0,33,24.1,2550.93,62.66,203,314,CHAOS,100.0,10.0,WORKLOAD_STEP
2026-07-09 18:37:36.433050300+05:30,100.0,33,25.4,2520.81,62.66,203,314,CHAOS,100.0,10.0,WORKLOAD_STEP
2026-07-09 18:37:38.492233500+05:30,100.0,34,25.3,2540.89,62.67,203,314,CHAOS,100.0,10.0,WORKLOAD_STEP
2026-07-09 18:37:40.576990400+05:30,100.0,33,26.1,2510.76,62.66,203,314,CHAOS,100.0,10.0,WORKLOAD_STEP
2026-07-09 18:37:42.645927+05:30,100.0,33,25.5,2520.8,62.66,203,315,CHAOS,100.0,10.0,WORKLOAD_STEP
2026-07-09 18:37:44.718502+05:30,100.0,33,24.9,2510.75,62.67,203,315,CHAOS,100.0,10.0,WORKLOAD_STEP
2026-07-09 18:37:46.780772600+05:30,100.0,34,24.1,2460.55,62.67,203,315,CHAOS,100.0,10.0,WORKLOAD_STEP
2026-07-09 18:37:48.859000300+05:30,100.0,34,26.3,2460.55,62.66,203,315,CHAOS,100.0,10.0,WORKLOAD_STEP
2026-07-09 18:37:50.910865200+05:30,100.0,33,24.0,2480.64,62.68,203,314,CHAOS,100.0,10.0,WORKLOAD_STEP
2026-07-09 18:37:52.942709700+05:30,100.0,33,25.8,2470.59,63.11,202,315,CHAOS,100.0,10.0,WORKLOAD_STEP
2026-07-09 18:37:55.001530800+05:30,100.0,34,25.9,2460.55,62.83,202,314,CHAOS,100.0,10.0,WORKLOAD_STEP
2026-07-09 18:37:57.102436800+05:30,100.0,33,24.8,2480.64,62.82,202,314,CHAOS,100.0,10.0,WORKLOAD_STEP
2026-07-09 18:37:59.178322+05:30,100.0,34,26.0,2520.81,62.77,202,314,CHAOS,100.0,10.0,WORKLOAD_STEP
2026-07-09 18:38:01.245471700+05:30,100.0,32,25.1,2500.72,62.78,202,314,CHAOS,100.0,10.0,WORKLOAD_STEP
2026-07-09 18:38:03.317388+05:30,100.0,33,25.4,2550.92,62.65,204,312,CHAOS,100.0,10.0,WORKLOAD_STEP
2026-07-09 18:38:05.375541900+05:30,100.0,33,24.8,2510.76,62.66,204,312,CHAOS,100.0,10.0,WORKLOAD_STEP
2026-07-09 18:38:07.445238300+05:30,100.0,33,25.0,2520.8,62.66,204,312,CHAOS,100.0,10.0,WORKLOAD_STEP
2026-07-09 18:38:09.514156200+05:30,100.0,34,25.2,2520.8,62.66,204,312,CHAOS,100.0,10.0,WORKLOAD_STEP
2026-07-09 18:38:11.576957500+05:30,100.0,33,24.8,2490.68,62.66,204,312,CHAOS,100.0,10.0,WORKLOAD_STEP
2026-07-09 18:38:13.631894700+05:30,100.0,34,23.9,2520.81,62.7,205,310,CHAOS,100.0,10.0,WORKLOAD_STEP
2026-07-09 18:38:15.685420600+05:30,100.0,33,25.9,2480.64,62.68,205,310,CHAOS,100.0,10.0,WORKLOAD_STEP
2026-07-09 18:38:17.742824+05:30,100.0,33,24.5,2490.68,62.68,205,310,CHAOS,100.0,10.0,WORKLOAD_STEP
2026-07-09 18:38:19.807547100+05:30,100.0,33,24.5,2500.72,62.68,205,310,CHAOS,100.0,10.0,WORKLOAD_STEP
2026-07-09 18:38:21.880850600+05:30,100.0,33,25.1,2500.72,62.69,205,310,CHAOS,100.0,10.0,WORKLOAD_STEP
2026-07-09 18:38:23.943544500+05:30,100.0,33,25.4,2520.8,62.67,203,310,CHAOS,100.0,10.0,WORKLOAD_STEP
2026-07-09 18:38:26.095219+05:30,100.0,33,23.8,2530.84,62.68,202,310,CHAOS,100.0,10.0,WORKLOAD_STEP
2026-07-09 18:38:28.158934700+05:30,100.0,34,24.7,2480.63,62.67,202,310,CHAOS,100.0,10.0,WORKLOAD_STEP
2026-07-09 18:38:30.242769700+05:30,100.0,33,26.4,2520.81,62.67,205,310,CHAOS,100.0,10.0,WORKLOAD_STEP
2026-07-09 18:38:32.282513700+05:30,100.0,33,25.7,2510.77,62.67,204,311,CHAOS,100.0,10.0,WORKLOAD_STEP
2026-07-09 18:38:34.348993300+05:30,100.0,33,24.9,2571.04,62.67,204,311,CHAOS,100.0,10.0,WORKLOAD_STEP
2026-07-09 18:38:36.428650700+05:30,100.0,33,26.4,2530.84,62.64,201,310,CHAOS,100.0,10.0,WORKLOAD_STEP
2026-07-09 18:38:38.496718800+05:30,100.0,33,25.4,2571.01,62.64,201,310,CHAOS,100.0,10.0,WORKLOAD_STEP
2026-07-09 18:38:40.565818500+05:30,100.0,33,25.1,2530.85,62.64,204,312,CHAOS,100.0,10.0,WORKLOAD_STEP
2026-07-09 18:38:42.640778400+05:30,100.0,33,25.9,2500.71,62.64,204,312,CHAOS,100.0,10.0,WORKLOAD_STEP
2026-07-09 18:38:44.722756800+05:30,100.0,34,26.3,2530.85,62.64,204,312,CHAOS,100.0,10.0,WORKLOAD_STEP
2026-07-09 18:38:46.803148600+05:30,100.0,33,26.5,2581.05,62.63,204,312,CHAOS,100.0,10.0,WORKLOAD_STEP
2026-07-09 18:38:48.876333900+05:30,100.0,33,25.9,2560.98,62.63,204,312,CHAOS,100.0,10.0,WORKLOAD_STEP
2026-07-09 18:38:50.990852900+05:30,100.0,33,26.0,2520.8,62.67,204,313,CHAOS,100.0,10.0,WORKLOAD_STEP
2026-07-09 18:38:53.061746700+05:30,100.0,33,26.4,2500.72,62.65,204,312,CHAOS,100.0,10.0,WORKLOAD_STEP
2026-07-09 18:38:55.113990100+05:30,98.5,34,25.5,2832.16,62.99,207,311,CHAOS,60.0,11.0,WORKLOAD_STEP
2026-07-09 18:38:57.136993100+05:30,71.9,34,24.2,2390.27,62.95,210,309,CHAOS,60.0,11.0,WORKLOAD_STEP
2026-07-09 18:38:59.157047600+05:30,66.5,36,20.6,2872.33,63.05,210,310,CHAOS,60.0,11.0,WORKLOAD_STEP
2026-07-09 18:39:01.177135900+05:30,64.9,37,23.7,2721.67,63.07,211,310,CHAOS,60.0,11.0,WORKLOAD_STEP
2026-07-09 18:39:03.210375300+05:30,64.3,39,24.4,2892.42,63.06,211,310,CHAOS,60.0,11.0,WORKLOAD_STEP
2026-07-09 18:39:05.243842600+05:30,60.9,37,23.4,2972.77,63.04,210,309,CHAOS,60.0,11.0,WORKLOAD_STEP
2026-07-09 18:39:07.272851300+05:30,61.2,34,23.3,2721.68,63.02,210,309,CHAOS,60.0,11.0,WORKLOAD_STEP
2026-07-09 18:39:09.304305500+05:30,61.8,37,23.7,2711.63,63.03,210,309,CHAOS,60.0,11.0,WORKLOAD_STEP
2026-07-09 18:39:11.327781600+05:30,60.6,37,23.9,2530.86,63.02,210,309,CHAOS,60.0,11.0,WORKLOAD_STEP
2026-07-09 18:39:13.347738+05:30,63.3,36,24.3,2892.41,63.03,210,309,CHAOS,60.0,11.0,WORKLOAD_STEP
2026-07-09 18:39:15.367902100+05:30,59.9,29,24.5,2651.4,63.02,211,309,CHAOS,60.0,11.0,WORKLOAD_STEP
2026-07-09 18:39:17.388931300+05:30,60.2,34,24.6,2601.16,63.02,211,309,CHAOS,60.0,11.0,WORKLOAD_STEP
2026-07-09 18:39:19.412902+05:30,60.7,30,23.8,2530.86,63.01,211,309,CHAOS,60.0,11.0,WORKLOAD_STEP
2026-07-09 18:39:21.437290700+05:30,64.1,33,25.2,2661.42,63.05,211,309,CHAOS,60.0,11.0,WORKLOAD_STEP
2026-07-09 18:39:23.461607900+05:30,60.5,32,24.4,2741.76,63.03,209,309,CHAOS,60.0,11.0,WORKLOAD_STEP
2026-07-09 18:39:25.489415400+05:30,61.1,32,25.1,2581.08,63.02,208,309,CHAOS,60.0,11.0,WORKLOAD_STEP
2026-07-09 18:39:27.524622200+05:30,60.7,36,26.0,2842.2,63.01,208,309,CHAOS,60.0,11.0,WORKLOAD_STEP
2026-07-09 18:39:29.559329400+05:30,60.2,30,25.2,2771.9,62.97,208,308,CHAOS,60.0,11.0,WORKLOAD_STEP
2026-07-09 18:39:31.584294400+05:30,60.9,30,24.8,2761.85,62.96,208,308,CHAOS,60.0,11.0,WORKLOAD_STEP
2026-07-09 18:39:33.609320300+05:30,59.5,30,25.8,2681.49,62.96,209,308,CHAOS,60.0,11.0,WORKLOAD_STEP
2026-07-09 18:39:35.643690800+05:30,60.3,29,25.2,2731.72,62.96,209,308,CHAOS,60.0,11.0,WORKLOAD_STEP
2026-07-09 18:39:37.697977500+05:30,60.4,29,26.7,2681.51,62.96,209,308,CHAOS,60.0,11.0,WORKLOAD_STEP
2026-07-09 18:39:39.727061700+05:30,61.7,30,22.0,2751.82,62.95,209,308,CHAOS,60.0,11.0,WORKLOAD_STEP
2026-07-09 18:39:41.755603600+05:30,60.3,36,23.2,2791.98,62.95,209,308,CHAOS,60.0,11.0,WORKLOAD_STEP
2026-07-09 18:39:43.788191800+05:30,61.6,34,26.5,2661.42,62.95,209,308,CHAOS,60.0,11.0,WORKLOAD_STEP
2026-07-09 18:39:45.817708900+05:30,59.9,29,24.8,2892.41,62.95,209,308,CHAOS,60.0,11.0,WORKLOAD_STEP
2026-07-09 18:39:47.849763500+05:30,62.6,29,27.7,2832.15,62.96,209,308,CHAOS,60.0,11.0,WORKLOAD_STEP
2026-07-09 18:39:49.887590400+05:30,64.6,29,26.1,2691.55,62.95,209,308,CHAOS,60.0,11.0,WORKLOAD_STEP
2026-07-09 18:39:51.915070400+05:30,94.4,34,25.2,2591.12,62.93,209,308,CHAOS,90.0,12.0,WORKLOAD_STEP
2026-07-09 18:39:53.946695+05:30,91.0,34,25.6,2591.11,62.95,209,308,CHAOS,90.0,12.0,WORKLOAD_STEP
2026-07-09 18:39:55.978215100+05:30,90.6,33,24.9,2550.94,62.95,209,308,CHAOS,90.0,12.0,WORKLOAD_STEP
2026-07-09 18:39:58.005948800+05:30,91.8,32,25.0,2601.14,62.94,209,308,CHAOS,90.0,12.0,WORKLOAD_STEP
2026-07-09 18:40:00.052213200+05:30,89.9,33,22.9,2571.02,62.71,207,307,CHAOS,90.0,12.0,WORKLOAD_STEP
2026-07-09 18:40:02.084027700+05:30,90.2,33,26.1,2601.14,62.7,207,307,CHAOS,90.0,12.0,WORKLOAD_STEP
2026-07-09 18:40:04.116840800+05:30,90.7,32,24.4,2560.99,62.7,207,307,CHAOS,90.0,12.0,WORKLOAD_STEP
2026-07-09 18:40:06.147799100+05:30,92.2,34,27.1,2540.9,62.69,207,307,CHAOS,90.0,12.0,WORKLOAD_STEP
2026-07-09 18:40:08.198874400+05:30,95.5,33,25.7,2530.84,62.97,207,313,CHAOS,90.0,12.0,WORKLOAD_STEP
2026-07-09 18:40:10.245766400+05:30,90.0,33,25.2,2571.02,62.84,207,313,CHAOS,90.0,12.0,WORKLOAD_STEP
2026-07-09 18:40:12.279891700+05:30,90.0,34,22.9,2601.14,62.8,207,313,CHAOS,90.0,12.0,WORKLOAD_STEP
2026-07-09 18:40:14.309916500+05:30,90.4,34,27.3,2581.08,62.79,207,311,CHAOS,90.0,12.0,WORKLOAD_STEP
2026-07-09 18:40:16.342945700+05:30,90.0,33,24.9,2540.89,62.78,207,311,CHAOS,90.0,12.0,WORKLOAD_STEP
2026-07-09 18:40:18.385344100+05:30,56.1,42,12.5,2179.36,62.75,207,311,CHAOS,40.0,13.0,WORKLOAD_STEP
2026-07-09 18:40:20.415116+05:30,39.2,40,16.8,2731.74,62.91,209,313,CHAOS,40.0,13.0,WORKLOAD_STEP
2026-07-09 18:40:22.442573300+05:30,44.0,39,16.6,2902.46,62.75,209,307,CHAOS,40.0,13.0,WORKLOAD_STEP
2026-07-09 18:40:24.462275100+05:30,40.4,44,18.2,2771.91,62.75,209,307,CHAOS,40.0,13.0,WORKLOAD_STEP
2026-07-09 18:40:26.484528800+05:30,41.8,30,24.4,3002.88,62.75,209,307,CHAOS,40.0,13.0,WORKLOAD_STEP
2026-07-09 18:40:28.504115300+05:30,40.6,32,21.9,3012.94,62.73,209,307,CHAOS,40.0,13.0,WORKLOAD_STEP
2026-07-09 18:40:30.524020700+05:30,41.4,33,22.8,2530.87,62.68,211,306,CHAOS,40.0,13.0,WORKLOAD_STEP
2026-07-09 18:40:32.544015500+05:30,40.9,32,23.7,2791.99,62.74,211,306,CHAOS,40.0,13.0,WORKLOAD_STEP
2026-07-09 18:40:34.564008600+05:30,42.2,29,25.2,2721.71,62.72,211,306,CHAOS,40.0,13.0,WORKLOAD_STEP
2026-07-09 18:40:36.585990+05:30,43.0,32,25.9,2791.99,62.73,208,306,CHAOS,40.0,13.0,WORKLOAD_STEP
2026-07-09 18:40:38.604220300+05:30,41.1,27,22.9,2661.43,62.71,208,306,CHAOS,40.0,13.0,WORKLOAD_STEP
2026-07-09 18:40:40.626041800+05:30,40.4,34,23.6,2751.82,62.72,207,306,CHAOS,40.0,13.0,WORKLOAD_STEP
2026-07-09 18:40:42.648119100+05:30,41.7,33,25.0,2812.07,62.7,207,306,CHAOS,40.0,13.0,WORKLOAD_STEP
2026-07-09 18:40:44.688629700+05:30,41.5,34,25.5,2822.11,62.72,207,306,CHAOS,40.0,13.0,WORKLOAD_STEP
2026-07-09 18:40:46.712375200+05:30,40.8,29,24.4,2751.82,62.71,207,306,CHAOS,40.0,13.0,WORKLOAD_STEP
2026-07-09 18:40:48.735318500+05:30,42.4,32,24.9,2751.82,62.69,207,306,CHAOS,40.0,13.0,WORKLOAD_STEP
2026-07-09 18:40:50.768052800+05:30,41.1,29,25.2,2711.66,63.0,207,308,CHAOS,40.0,13.0,WORKLOAD_STEP
2026-07-09 18:40:52.795492500+05:30,40.8,32,22.7,2490.7,62.66,206,306,CHAOS,30.0,14.0,WORKLOAD_STEP
2026-07-09 18:40:54.821337300+05:30,32.8,43,11.5,2380.22,62.64,206,306,CHAOS,30.0,14.0,WORKLOAD_STEP
2026-07-09 18:40:56.843826+05:30,34.9,42,14.4,2912.51,62.72,205,306,CHAOS,30.0,14.0,WORKLOAD_STEP
2026-07-09 18:40:58.863506300+05:30,34.8,42,17.2,2892.41,62.71,205,306,CHAOS,30.0,14.0,WORKLOAD_STEP
2026-07-09 18:41:00.882076900+05:30,34.8,41,15.7,2400.32,62.69,205,306,CHAOS,30.0,14.0,WORKLOAD_STEP
2026-07-09 18:41:02.901148+05:30,31.5,30,20.6,2631.3,62.62,204,306,CHAOS,30.0,14.0,WORKLOAD_STEP
2026-07-09 18:41:04.919142600+05:30,32.2,23,25.7,2731.75,62.62,204,306,CHAOS,30.0,14.0,WORKLOAD_STEP
2026-07-09 18:41:06.940333300+05:30,31.2,27,24.2,2872.35,62.72,204,306,CHAOS,30.0,14.0,WORKLOAD_STEP
2026-07-09 18:41:08.961282900+05:30,32.9,27,25.4,2470.61,62.7,204,306,CHAOS,30.0,14.0,WORKLOAD_STEP
2026-07-09 18:41:10.978877300+05:30,34.5,19,26.1,2972.78,62.71,204,306,CHAOS,30.0,14.0,WORKLOAD_STEP
2026-07-09 18:41:12.996039100+05:30,34.3,23,25.5,2691.55,62.69,204,306,CHAOS,30.0,14.0,WORKLOAD_STEP
2026-07-09 18:41:15.015161400+05:30,33.7,22,20.8,2711.66,62.64,204,306,CHAOS,30.0,14.0,WORKLOAD_STEP
2026-07-09 18:41:17.050588900+05:30,32.0,24,25.3,2952.67,62.63,204,306,CHAOS,30.0,14.0,WORKLOAD_STEP
2026-07-09 18:41:19.067748500+05:30,31.0,27,23.2,2812.08,62.72,204,306,CHAOS,30.0,14.0,WORKLOAD_STEP
2026-07-09 18:41:21.086110600+05:30,31.7,27,23.8,2802.03,62.73,205,306,CHAOS,30.0,14.0,WORKLOAD_STEP
2026-07-09 18:41:23.107887+05:30,32.1,29,28.2,2641.34,62.74,209,306,CHAOS,30.0,14.0,WORKLOAD_STEP
2026-07-09 18:41:25.133151900+05:30,31.0,36,24.3,2992.85,62.72,209,306,CHAOS,30.0,14.0,WORKLOAD_STEP
2026-07-09 18:41:27.158539+05:30,33.1,30,26.7,2902.46,62.67,209,306,CHAOS,30.0,14.0,WORKLOAD_STEP
2026-07-09 18:41:29.189929500+05:30,31.1,23,22.3,2771.91,62.66,209,306,CHAOS,30.0,14.0,WORKLOAD_STEP
2026-07-09 18:41:31.214613500+05:30,30.9,26,22.5,2812.06,62.65,209,306,CHAOS,30.0,14.0,WORKLOAD_STEP
2026-07-09 18:41:33.245970300+05:30,31.3,21,23.5,2932.6,62.78,209,306,CHAOS,30.0,14.0,WORKLOAD_STEP
2026-07-09 18:41:35.270128+05:30,30.4,34,24.2,2952.68,62.71,209,306,CHAOS,30.0,14.0,WORKLOAD_STEP
2026-07-09 18:41:37.294466900+05:30,32.3,33,24.8,3012.93,62.69,209,306,CHAOS,30.0,14.0,WORKLOAD_STEP
2026-07-09 18:41:39.315158100+05:30,30.9,36,25.7,3113.36,62.66,209,306,CHAOS,30.0,14.0,WORKLOAD_STEP
2026-07-09 18:41:41.333330+05:30,31.0,36,24.3,2751.83,62.64,209,306,CHAOS,30.0,14.0,WORKLOAD_STEP
2026-07-09 18:41:43.350276600+05:30,31.3,33,26.2,3183.67,62.67,209,306,CHAOS,30.0,14.0,WORKLOAD_STEP
2026-07-09 18:41:45.368901500+05:30,32.8,37,23.7,3083.23,62.69,211,306,CHAOS,30.0,14.0,WORKLOAD_STEP
2026-07-09 18:41:47.386479100+05:30,30.6,32,23.0,2802.03,62.69,211,306,CHAOS,30.0,14.0,WORKLOAD_STEP
2026-07-09 18:41:49.405976200+05:30,30.3,32,26.3,3063.16,62.67,211,306,CHAOS,30.0,14.0,WORKLOAD_STEP
2026-07-09 18:41:51.440258700+05:30,35.8,26,25.7,2741.77,62.66,211,306,CHAOS,30.0,14.0,WORKLOAD_STEP
2026-07-09 18:41:53.462270+05:30,30.1,29,24.6,3093.28,62.64,211,306,CHAOS,30.0,14.0,WORKLOAD_STEP
2026-07-09 18:41:55.483464800+05:30,32.2,29,23.6,2711.65,62.64,211,306,CHAOS,30.0,14.0,WORKLOAD_STEP
2026-07-09 18:41:57.506778100+05:30,31.4,34,23.9,2922.55,62.71,211,306,CHAOS,30.0,14.0,WORKLOAD_STEP
2026-07-09 18:41:59.537696500+05:30,33.0,29,23.4,3012.93,62.69,211,306,CHAOS,30.0,14.0,WORKLOAD_STEP
2026-07-09 18:42:01.558920900+05:30,35.2,34,21.8,2741.77,62.71,211,306,CHAOS,30.0,14.0,WORKLOAD_STEP
2026-07-09 18:42:03.580203200+05:30,38.4,29,22.5,2812.08,62.7,211,306,CHAOS,30.0,14.0,WORKLOAD_STEP
2026-07-09 18:42:05.599386200+05:30,35.1,30,23.6,2892.41,62.71,211,306,CHAOS,30.0,14.0,WORKLOAD_STEP
2026-07-09 18:42:07.623027300+05:30,61.6,33,25.3,2681.5,62.71,211,306,CHAOS,60.0,15.0,WORKLOAD_STEP
2026-07-09 18:42:09.646691700+05:30,61.3,34,22.9,2480.65,62.7,211,306,CHAOS,60.0,15.0,WORKLOAD_STEP
2026-07-09 18:42:11.669209+05:30,60.8,33,21.9,2701.59,62.71,211,306,CHAOS,60.0,15.0,WORKLOAD_STEP
2026-07-09 18:42:13.690691500+05:30,60.3,34,24.1,2520.82,62.7,209,306,CHAOS,60.0,15.0,WORKLOAD_STEP
2026-07-09 18:42:15.710822700+05:30,61.9,36,23.5,2962.72,62.71,209,306,CHAOS,60.0,15.0,WORKLOAD_STEP
2026-07-09 18:42:17.731000500+05:30,62.8,33,23.9,2832.15,62.68,209,306,CHAOS,60.0,15.0,WORKLOAD_STEP
2026-07-09 18:42:19.752478100+05:30,64.0,33,24.4,2470.6,62.7,209,306,CHAOS,60.0,15.0,WORKLOAD_STEP
2026-07-09 18:42:21.776398400+05:30,64.5,34,25.6,2701.59,62.75,209,306,CHAOS,60.0,15.0,WORKLOAD_STEP
2026-07-09 18:42:23.810004200+05:30,60.1,33,23.7,2721.68,62.74,209,306,CHAOS,60.0,15.0,WORKLOAD_STEP
2026-07-09 18:42:25.860528+05:30,60.1,37,24.6,2681.51,62.74,209,306,CHAOS,60.0,15.0,WORKLOAD_STEP
2026-07-09 18:42:27.884610700+05:30,60.1,36,23.9,2912.49,62.73,209,306,CHAOS,60.0,15.0,WORKLOAD_STEP
2026-07-09 18:42:29.909187900+05:30,60.0,36,22.2,2751.81,62.72,209,306,CHAOS,60.0,15.0,WORKLOAD_STEP
2026-07-09 18:42:31.931875700+05:30,60.0,33,25.8,2781.95,62.68,212,306,CHAOS,60.0,15.0,WORKLOAD_STEP
2026-07-09 18:42:33.958280300+05:30,62.7,33,27.9,2751.83,62.69,212,306,CHAOS,60.0,15.0,WORKLOAD_STEP
2026-07-09 18:42:35.990541800+05:30,61.1,37,26.1,2761.84,62.67,209,306,CHAOS,60.0,15.0,WORKLOAD_STEP
2026-07-09 18:42:38.026980700+05:30,62.4,34,26.8,2741.76,62.73,209,306,CHAOS,60.0,15.0,WORKLOAD_STEP
2026-07-09 18:42:40.057505200+05:30,60.3,34,25.8,2761.86,62.73,209,306,CHAOS,60.0,15.0,WORKLOAD_STEP
2026-07-09 18:42:42.089232800+05:30,85.5,33,24.2,2581.06,62.72,209,306,CHAOS,100.0,16.0,WORKLOAD_STEP
2026-07-09 18:42:44.155462900+05:30,100.0,36,24.5,2520.8,62.71,209,306,CHAOS,100.0,16.0,WORKLOAD_STEP
2026-07-09 18:42:46.229134800+05:30,100.0,36,26.3,2540.88,62.74,209,306,CHAOS,100.0,16.0,WORKLOAD_STEP
2026-07-09 18:42:48.298144300+05:30,100.0,34,25.1,2530.84,62.73,209,306,CHAOS,100.0,16.0,WORKLOAD_STEP
2026-07-09 18:42:50.346922500+05:30,100.0,34,24.5,2500.72,62.73,209,307,CHAOS,100.0,16.0,WORKLOAD_STEP
2026-07-09 18:42:52.409539200+05:30,100.0,33,25.3,2510.75,62.71,209,307,CHAOS,100.0,16.0,WORKLOAD_STEP
2026-07-09 18:42:54.473857500+05:30,100.0,33,25.2,2540.89,62.7,209,307,CHAOS,100.0,16.0,WORKLOAD_STEP
2026-07-09 18:42:56.532837200+05:30,100.0,34,26.4,2550.93,62.68,209,307,CHAOS,100.0,16.0,WORKLOAD_STEP
2026-07-09 18:42:58.593042900+05:30,100.0,33,24.1,2480.63,62.73,207,307,CHAOS,100.0,16.0,WORKLOAD_STEP
2026-07-09 18:43:00.687304+05:30,100.0,34,25.4,2500.72,62.69,207,307,CHAOS,100.0,16.0,WORKLOAD_STEP
2026-07-09 18:43:02.773386+05:30,100.0,36,23.2,2530.85,62.67,207,307,CHAOS,100.0,16.0,WORKLOAD_STEP
2026-07-09 18:43:04.854938200+05:30,100.0,33,26.6,2550.93,62.66,207,308,CHAOS,100.0,16.0,WORKLOAD_STEP
2026-07-09 18:43:06.936060200+05:30,77.6,43,17.2,2169.32,62.71,207,306,CHAOS,20.0,17.0,WORKLOAD_STEP
2026-07-09 18:43:08.964482200+05:30,23.4,45,13.0,2691.56,62.71,207,306,CHAOS,20.0,17.0,WORKLOAD_STEP
2026-07-09 18:43:10.997120400+05:30,25.2,45,11.0,2330.01,62.75,207,306,CHAOS,20.0,17.0,WORKLOAD_STEP
2026-07-09 18:43:13.028518100+05:30,21.4,48,9.9,2279.79,62.73,207,306,CHAOS,20.0,17.0,WORKLOAD_STEP
2026-07-09 18:43:15.061583400+05:30,21.8,44,13.1,2109.06,62.74,207,306,CHAOS,20.0,17.0,WORKLOAD_STEP
2026-07-09 18:43:17.083597+05:30,21.5,44,10.9,2249.67,62.72,208,306,CHAOS,20.0,17.0,WORKLOAD_STEP
2026-07-09 18:43:19.104966500+05:30,24.5,46,10.2,2219.53,62.71,208,306,CHAOS,20.0,17.0,WORKLOAD_STEP
2026-07-09 18:43:21.125860800+05:30,27.3,46,12.8,2500.75,62.72,207,306,CHAOS,20.0,17.0,WORKLOAD_STEP
2026-07-09 18:43:23.144523900+05:30,21.8,45,15.1,2450.52,62.76,206,306,CHAOS,20.0,17.0,WORKLOAD_STEP
2026-07-09 18:43:25.163318700+05:30,26.4,43,13.7,2410.35,62.74,206,306,CHAOS,20.0,17.0,WORKLOAD_STEP
2026-07-09 18:43:27.183469500+05:30,56.3,34,28.8,2962.71,62.76,206,306,CHAOS,60.0,18.0,WORKLOAD_STEP
2026-07-09 18:43:29.211575200+05:30,62.0,26,23.9,2540.91,62.76,206,306,CHAOS,60.0,18.0,WORKLOAD_STEP
2026-07-09 18:43:31.240853300+05:30,60.8,37,21.8,2771.9,62.76,206,306,CHAOS,60.0,18.0,WORKLOAD_STEP
2026-07-09 18:43:33.284485800+05:30,62.1,36,24.7,3002.91,62.75,206,306,CHAOS,60.0,18.0,WORKLOAD_STEP
2026-07-09 18:43:35.307555100+05:30,59.8,33,24.0,2761.86,62.75,206,306,CHAOS,60.0,18.0,WORKLOAD_STEP
2026-07-09 18:43:37.329421600+05:30,62.9,32,24.5,2591.11,62.73,206,306,CHAOS,60.0,18.0,WORKLOAD_STEP
2026-07-09 18:43:39.345848600+05:30,61.1,34,25.5,2721.69,62.7,206,306,CHAOS,60.0,18.0,WORKLOAD_STEP
2026-07-09 18:43:41.365920500+05:30,60.8,37,25.8,2982.8,62.75,207,306,CHAOS,60.0,18.0,WORKLOAD_STEP
2026-07-09 18:43:43.388231600+05:30,59.7,33,23.3,2671.46,62.75,207,306,CHAOS,60.0,18.0,WORKLOAD_STEP
2026-07-09 18:43:45.423732200+05:30,60.2,34,23.5,2751.81,62.78,207,306,CHAOS,60.0,18.0,WORKLOAD_STEP
2026-07-09 18:43:47.452628+05:30,59.9,32,25.5,2691.55,62.74,207,306,CHAOS,60.0,18.0,WORKLOAD_STEP
2026-07-09 18:43:49.486952400+05:30,60.0,34,22.8,2822.11,62.74,207,306,CHAOS,60.0,18.0,WORKLOAD_STEP
2026-07-09 18:43:51.513411+05:30,66.1,34,28.1,2711.63,62.78,207,306,CHAOS,60.0,18.0,WORKLOAD_STEP
2026-07-09 18:43:53.540106200+05:30,60.2,33,23.3,2791.99,62.75,207,306,CHAOS,60.0,18.0,WORKLOAD_STEP
2026-07-09 18:43:55.575663200+05:30,61.2,34,24.4,2751.8,62.79,207,306,CHAOS,60.0,18.0,WORKLOAD_STEP
2026-07-09 18:43:57.607511800+05:30,61.2,34,23.2,2681.51,62.76,207,305,CHAOS,60.0,18.0,WORKLOAD_STEP
2026-07-09 18:43:59.641299300+05:30,62.2,36,26.7,2771.89,62.76,207,305,CHAOS,60.0,18.0,WORKLOAD_STEP
2026-07-09 18:44:01.669213200+05:30,60.9,33,24.2,2802.02,62.76,207,305,CHAOS,60.0,18.0,WORKLOAD_STEP
2026-07-09 18:44:03.696407900+05:30,62.3,36,23.6,2761.84,62.74,207,305,CHAOS,60.0,18.0,WORKLOAD_STEP
2026-07-09 18:44:05.744441400+05:30,60.3,36,23.5,2661.42,62.76,207,305,CHAOS,60.0,18.0,WORKLOAD_STEP
2026-07-09 18:44:07.773588900+05:30,62.0,33,25.0,2671.45,62.74,207,305,CHAOS,60.0,18.0,WORKLOAD_STEP
2026-07-09 18:44:09.803395800+05:30,61.1,34,25.4,2731.72,62.76,207,305,CHAOS,60.0,18.0,WORKLOAD_STEP
2026-07-09 18:44:11.838312100+05:30,62.8,34,24.3,2621.25,62.75,206,305,CHAOS,60.0,18.0,WORKLOAD_STEP
2026-07-09 18:44:13.867869400+05:30,64.6,32,25.9,2842.19,62.75,206,305,CHAOS,60.0,18.0,WORKLOAD_STEP
2026-07-09 18:44:15.898580800+05:30,67.1,34,24.6,2741.76,62.75,206,305,CHAOS,60.0,18.0,WORKLOAD_STEP
2026-07-09 18:44:17.926586+05:30,65.8,33,24.2,2731.72,62.75,207,305,CHAOS,60.0,18.0,WORKLOAD_STEP
2026-07-09 18:44:19.955554300+05:30,61.4,34,25.0,2711.62,62.75,207,305,CHAOS,60.0,18.0,WORKLOAD_STEP
2026-07-09 18:44:21.981729200+05:30,67.0,36,25.9,2661.43,62.77,204,305,CHAOS,60.0,18.0,WORKLOAD_STEP
2026-07-09 18:44:24.013157800+05:30,62.3,36,23.9,2661.42,62.76,203,305,CHAOS,60.0,18.0,WORKLOAD_STEP
2026-07-09 18:44:26.043020400+05:30,62.0,36,26.0,2701.59,62.76,203,305,CHAOS,60.0,18.0,WORKLOAD_STEP
2026-07-09 18:44:28.069147100+05:30,61.6,34,24.8,2812.06,62.76,203,305,CHAOS,60.0,18.0,WORKLOAD_STEP
2026-07-09 18:44:30.097366800+05:30,64.4,34,26.3,2631.29,62.75,206,305,CHAOS,60.0,18.0,WORKLOAD_STEP
2026-07-09 18:44:32.132446200+05:30,61.8,33,24.8,2721.68,62.74,207,305,CHAOS,60.0,18.0,WORKLOAD_STEP
2026-07-09 18:44:34.162179300+05:30,63.1,32,24.8,2771.89,62.75,207,305,CHAOS,60.0,18.0,WORKLOAD_STEP
2026-07-09 18:44:36.190435900+05:30,60.9,32,22.5,2791.98,62.76,204,305,CHAOS,60.0,18.0,WORKLOAD_STEP
2026-07-09 18:44:38.222682+05:30,60.8,37,26.6,2721.69,62.75,204,305,CHAOS,60.0,18.0,WORKLOAD_STEP
2026-07-09 18:44:40.271663100+05:30,63.3,33,25.8,2852.24,62.81,204,305,CHAOS,60.0,18.0,WORKLOAD_STEP
2026-07-09 18:44:42.304041600+05:30,60.3,33,24.2,2681.51,62.74,204,305,CHAOS,60.0,18.0,WORKLOAD_STEP
2026-07-09 18:44:44.331672400+05:30,61.5,33,24.4,2922.54,62.74,204,305,CHAOS,60.0,18.0,WORKLOAD_STEP
2026-07-09 18:44:46.360766900+05:30,60.1,32,25.0,2912.51,62.74,204,305,CHAOS,60.0,18.0,WORKLOAD_STEP
2026-07-09 18:44:48.394202900+05:30,60.0,34,26.7,2862.29,62.73,204,305,CHAOS,60.0,18.0,WORKLOAD_STEP
2026-07-09 18:44:50.419643700+05:30,61.4,33,24.6,2771.89,62.73,204,307,CHAOS,60.0,18.0,WORKLOAD_STEP
2026-07-09 18:44:52.448059300+05:30,61.5,34,23.6,2641.35,62.76,202,305,CHAOS,60.0,18.0,WORKLOAD_STEP
2026-07-09 18:44:54.475010500+05:30,62.4,32,23.6,2771.89,62.75,202,305,CHAOS,60.0,18.0,WORKLOAD_STEP
2026-07-09 18:44:56.508765+05:30,62.6,33,24.9,2550.96,62.73,202,306,CHAOS,60.0,18.0,WORKLOAD_STEP
2026-07-09 18:44:58.539961800+05:30,60.7,33,24.6,2802.03,62.79,202,305,CHAOS,60.0,18.0,WORKLOAD_STEP
2026-07-09 18:45:00.568601500+05:30,62.2,33,26.1,2802.03,62.78,202,305,CHAOS,60.0,18.0,WORKLOAD_STEP
2026-07-09 18:45:02.594165600+05:30,63.8,32,25.5,2721.67,62.78,202,305,CHAOS,60.0,18.0,WORKLOAD_STEP
2026-07-09 18:45:04.617857100+05:30,62.1,33,24.6,2530.87,62.78,202,305,CHAOS,60.0,18.0,WORKLOAD_STEP
2026-07-09 18:45:06.649395+05:30,61.9,33,24.2,2681.5,62.78,202,305,CHAOS,60.0,18.0,WORKLOAD_STEP
2026-07-09 18:45:08.681069700+05:30,62.5,33,25.4,2621.25,62.77,202,305,CHAOS,60.0,18.0,WORKLOAD_STEP
2026-07-09 18:45:10.710724200+05:30,64.3,34,26.3,2691.54,62.79,202,305,CHAOS,60.0,18.0,WORKLOAD_STEP
2026-07-09 18:45:12.738987800+05:30,62.8,33,24.3,2761.87,62.78,202,307,CHAOS,60.0,18.0,WORKLOAD_STEP
2026-07-09 18:45:14.783424800+05:30,62.0,33,25.1,2771.88,62.8,202,307,CHAOS,60.0,18.0,WORKLOAD_STEP
2026-07-09 18:45:16.818268400+05:30,62.6,34,24.7,2771.89,62.79,203,307,CHAOS,60.0,18.0,WORKLOAD_STEP
2026-07-09 18:45:18.848101400+05:30,61.9,34,24.6,2701.6,62.82,203,307,CHAOS,60.0,18.0,WORKLOAD_STEP
2026-07-09 18:45:20.877499800+05:30,65.2,33,25.0,2681.5,63.01,203,309,CHAOS,60.0,18.0,WORKLOAD_STEP
2026-07-09 18:45:22.910661800+05:30,64.7,33,27.9,2671.47,62.83,202,307,CHAOS,60.0,18.0,WORKLOAD_STEP
2026-07-09 18:45:24.936874+05:30,63.0,32,26.4,2802.05,62.82,202,307,CHAOS,60.0,18.0,WORKLOAD_STEP
2026-07-09 18:45:26.967689200+05:30,60.5,29,28.4,2661.43,62.81,202,307,CHAOS,60.0,18.0,WORKLOAD_STEP
2026-07-09 18:45:28.998720100+05:30,60.3,33,25.0,2822.12,62.81,202,307,CHAOS,60.0,18.0,WORKLOAD_STEP
2026-07-09 18:45:31.030547500+05:30,60.7,33,24.3,2812.06,62.86,202,307,CHAOS,60.0,18.0,WORKLOAD_STEP
2026-07-09 18:45:33.059519400+05:30,60.2,36,23.6,2771.89,62.81,202,307,CHAOS,60.0,18.0,WORKLOAD_STEP
2026-07-09 18:45:35.088223600+05:30,61.9,33,25.0,2731.72,62.8,202,307,CHAOS,60.0,18.0,WORKLOAD_STEP
2026-07-09 18:45:37.117125+05:30,63.3,29,23.8,2802.03,62.78,202,306,CHAOS,60.0,18.0,WORKLOAD_STEP
2026-07-09 18:45:39.149651100+05:30,62.1,32,27.0,2771.89,62.78,202,306,CHAOS,60.0,18.0,WORKLOAD_STEP
2026-07-09 18:45:41.183247500+05:30,60.6,33,23.5,2862.28,62.78,202,306,CHAOS,60.0,18.0,WORKLOAD_STEP
2026-07-09 18:45:43.214106200+05:30,60.7,32,23.8,2791.98,62.77,202,306,CHAOS,60.0,18.0,WORKLOAD_STEP
2026-07-09 18:45:45.243047800+05:30,60.6,29,27.4,2892.41,62.77,202,306,CHAOS,60.0,18.0,WORKLOAD_STEP
2026-07-09 18:45:47.287737100+05:30,68.7,32,26.5,2761.85,62.76,202,306,CHAOS,60.0,18.0,WORKLOAD_STEP
2026-07-09 18:45:49.316537+05:30,61.7,34,23.3,2701.59,62.76,202,306,CHAOS,60.0,18.0,WORKLOAD_STEP
2026-07-09 18:45:51.340990900+05:30,64.6,30,25.2,2661.42,62.81,202,306,CHAOS,60.0,18.0,WORKLOAD_STEP
2026-07-09 18:45:53.369849900+05:30,61.8,34,25.5,2731.72,62.79,202,306,CHAOS,60.0,18.0,WORKLOAD_STEP
2026-07-09 18:45:55.396823700+05:30,60.5,36,24.7,2781.94,62.77,202,306,CHAOS,60.0,18.0,WORKLOAD_STEP
2026-07-09 18:45:57.424071800+05:30,63.1,29,25.2,2812.07,62.76,202,306,CHAOS,60.0,18.0,WORKLOAD_STEP
2026-07-09 18:45:59.461153900+05:30,61.0,32,22.9,2721.67,62.77,202,306,CHAOS,60.0,18.0,WORKLOAD_STEP
2026-07-09 18:46:01.491833+05:30,64.1,32,25.7,2822.12,62.77,202,306,CHAOS,60.0,18.0,WORKLOAD_STEP
2026-07-09 18:46:03.525292900+05:30,62.1,34,23.5,2791.97,62.77,202,306,CHAOS,60.0,18.0,WORKLOAD_STEP
2026-07-09 18:46:05.556056700+05:30,62.5,36,26.3,2802.02,62.76,202,306,CHAOS,60.0,18.0,WORKLOAD_STEP
2026-07-09 18:46:07.590663300+05:30,62.2,33,24.3,2912.49,62.74,202,306,CHAOS,60.0,18.0,WORKLOAD_STEP
2026-07-09 18:46:09.615361500+05:30,61.4,29,23.7,2761.86,62.75,202,306,CHAOS,60.0,18.0,WORKLOAD_STEP
2026-07-09 18:46:11.643062300+05:30,60.9,33,26.8,2681.51,62.68,202,306,CHAOS,60.0,18.0,WORKLOAD_STEP
2026-07-09 18:46:13.666776500+05:30,61.8,33,23.5,2791.98,62.75,202,306,CHAOS,60.0,18.0,WORKLOAD_STEP
2026-07-09 18:46:15.695644200+05:30,63.8,32,23.9,2812.07,62.74,202,306,CHAOS,60.0,18.0,WORKLOAD_STEP
2026-07-09 18:46:17.719787300+05:30,61.1,34,24.1,2671.47,62.74,203,306,CHAOS,60.0,18.0,WORKLOAD_STEP
2026-07-09 18:46:19.746315+05:30,60.7,30,23.6,2721.67,62.74,203,306,CHAOS,60.0,18.0,WORKLOAD_STEP
2026-07-09 18:46:21.793144300+05:30,68.5,30,24.8,2761.84,62.77,203,306,CHAOS,60.0,18.0,WORKLOAD_STEP
2026-07-09 18:46:23.824437500+05:30,61.1,34,25.4,2611.2,62.75,202,306,CHAOS,60.0,18.0,WORKLOAD_STEP
2026-07-09 18:46:25.857984700+05:30,61.9,34,24.7,2691.55,62.8,202,306,CHAOS,60.0,18.0,WORKLOAD_STEP
2026-07-09 18:46:27.885261900+05:30,65.4,33,26.0,2741.75,62.73,202,306,CHAOS,60.0,18.0,WORKLOAD_STEP
2026-07-09 18:46:29.923355100+05:30,65.6,33,25.4,2611.2,62.73,202,306,CHAOS,60.0,18.0,WORKLOAD_STEP
2026-07-09 18:46:31.957145900+05:30,64.5,29,24.9,2741.76,62.73,205,306,CHAOS,60.0,18.0,WORKLOAD_STEP
2026-07-09 18:46:33.986954100+05:30,59.8,30,25.4,2691.54,62.73,205,306,CHAOS,60.0,18.0,WORKLOAD_STEP
2026-07-09 18:46:36.063663500+05:30,61.3,34,25.8,2771.89,62.71,202,306,CHAOS,60.0,18.0,WORKLOAD_STEP
2026-07-09 18:46:38.096009400+05:30,60.5,33,24.0,2530.87,62.73,202,306,CHAOS,60.0,18.0,WORKLOAD_STEP
2026-07-09 18:46:40.125794200+05:30,60.5,34,23.3,2681.5,62.72,202,306,CHAOS,60.0,18.0,WORKLOAD_STEP
2026-07-09 18:46:42.158559500+05:30,63.5,33,25.9,2651.39,62.73,202,306,CHAOS,60.0,18.0,WORKLOAD_STEP
2026-07-09 18:46:44.186667900+05:30,61.2,34,24.2,2601.18,62.73,202,306,CHAOS,60.0,18.0,WORKLOAD_STEP
2026-07-09 18:46:46.218579700+05:30,61.4,33,24.5,2711.63,62.73,202,306,CHAOS,60.0,18.0,WORKLOAD_STEP
2026-07-09 18:46:48.248160300+05:30,61.6,30,25.9,2701.61,62.66,202,306,CHAOS,60.0,18.0,WORKLOAD_STEP
2026-07-09 18:46:50.282450500+05:30,61.2,30,24.5,2802.03,62.66,202,306,CHAOS,60.0,18.0,WORKLOAD_STEP
2026-07-09 18:46:52.310381+05:30,63.0,32,24.5,2711.64,62.67,202,306,CHAOS,60.0,18.0,WORKLOAD_STEP
2026-07-09 18:46:54.336251500+05:30,59.4,37,21.6,2109.06,62.66,202,306,CHAOS,20.0,19.0,WORKLOAD_STEP
2026-07-09 18:46:56.379065800+05:30,23.0,45,9.9,2109.06,62.67,202,306,CHAOS,20.0,19.0,WORKLOAD_STEP
2026-07-09 18:46:58.413035+05:30,20.0,45,8.8,2440.48,62.66,202,306,CHAOS,20.0,19.0,WORKLOAD_STEP
2026-07-09 18:47:00.446403900+05:30,24.0,46,11.2,2460.57,62.66,202,306,CHAOS,20.0,19.0,WORKLOAD_STEP
2026-07-09 18:47:02.478940300+05:30,21.2,45,15.2,2802.04,62.62,202,306,CHAOS,20.0,19.0,WORKLOAD_STEP
2026-07-09 18:47:04.497292300+05:30,22.3,42,14.7,2390.27,62.62,202,306,CHAOS,20.0,19.0,WORKLOAD_STEP
2026-07-09 18:47:06.515787500+05:30,21.7,46,12.5,2470.59,62.61,202,306,CHAOS,20.0,19.0,WORKLOAD_STEP
2026-07-09 18:47:08.533741100+05:30,24.1,45,11.9,2119.1,62.66,202,306,CHAOS,20.0,19.0,WORKLOAD_STEP
2026-07-09 18:47:10.553573400+05:30,22.3,40,12.6,2259.7,62.98,202,308,CHAOS,20.0,19.0,WORKLOAD_STEP
2026-07-09 18:47:12.572499600+05:30,27.0,43,12.7,2269.74,63.05,202,308,CHAOS,20.0,19.0,WORKLOAD_STEP
2026-07-09 18:47:14.631554+05:30,21.3,40,15.0,3063.17,62.13,202,308,CHAOS,20.0,19.0,WORKLOAD_STEP
2026-07-09 18:47:16.655132200+05:30,21.0,34,21.3,3143.49,62.16,203,308,CHAOS,20.0,19.0,WORKLOAD_STEP
2026-07-09 18:47:18.674422900+05:30,21.2,33,17.2,2761.87,62.2,206,308,CHAOS,20.0,19.0,WORKLOAD_STEP
2026-07-09 18:47:20.701058400+05:30,20.7,26,21.0,2942.63,62.51,206,310,CHAOS,20.0,19.0,WORKLOAD_STEP
2026-07-09 18:47:22.722837+05:30,22.5,26,21.7,3113.39,62.16,206,308,CHAOS,20.0,19.0,WORKLOAD_STEP
2026-07-09 18:47:24.743100500+05:30,21.2,36,20.9,2862.3,62.18,205,308,CHAOS,20.0,19.0,WORKLOAD_STEP
2026-07-09 18:47:26.764801700+05:30,21.5,23,22.8,3063.15,62.19,205,308,CHAOS,20.0,19.0,WORKLOAD_STEP
2026-07-09 18:47:28.797829900+05:30,20.6,26,20.2,3043.08,62.2,205,308,CHAOS,20.0,19.0,WORKLOAD_STEP
2026-07-09 18:47:30.816974300+05:30,22.6,19,19.5,3173.65,62.19,204,308,CHAOS,20.0,19.0,WORKLOAD_STEP
2026-07-09 18:47:32.834793800+05:30,24.0,26,22.5,3073.2,62.21,204,308,CHAOS,20.0,19.0,WORKLOAD_STEP
2026-07-09 18:47:34.856124+05:30,25.7,23,23.5,2701.6,62.22,204,308,CHAOS,20.0,19.0,WORKLOAD_STEP
2026-07-09 18:47:36.873288400+05:30,20.3,24,23.1,3193.72,62.21,204,308,CHAOS,20.0,19.0,WORKLOAD_STEP
2026-07-09 18:47:38.890382300+05:30,22.6,26,21.3,2872.35,62.23,204,308,CHAOS,20.0,19.0,WORKLOAD_STEP
2026-07-09 18:47:40.910407100+05:30,20.9,36,21.0,2932.6,62.22,204,308,CHAOS,20.0,19.0,WORKLOAD_STEP
2026-07-09 18:47:42.928177900+05:30,22.4,26,19.8,3093.3,62.22,200,308,CHAOS,20.0,19.0,WORKLOAD_STEP
2026-07-09 18:47:44.950353700+05:30,21.9,36,22.5,3223.85,62.2,200,308,CHAOS,20.0,19.0,WORKLOAD_STEP
2026-07-09 18:47:46.968921800+05:30,23.1,26,22.5,3043.08,62.25,198,308,CHAOS,20.0,19.0,WORKLOAD_STEP
2026-07-09 18:47:48.988155+05:30,23.4,21,20.9,3073.21,62.25,198,308,CHAOS,20.0,19.0,WORKLOAD_STEP
2026-07-09 18:47:51.005507200+05:30,25.3,36,22.8,2912.5,62.25,198,308,CHAOS,20.0,19.0,WORKLOAD_STEP
2026-07-09 18:47:53.022398300+05:30,20.9,32,21.7,2972.77,62.22,198,308,CHAOS,20.0,19.0,WORKLOAD_STEP
2026-07-09 18:47:55.040001300+05:30,20.5,29,20.3,3123.42,62.28,198,308,CHAOS,20.0,19.0,WORKLOAD_STEP
2026-07-09 18:47:57.071112600+05:30,20.3,37,21.0,2952.68,62.2,198,308,CHAOS,20.0,19.0,WORKLOAD_STEP
2026-07-09 18:47:59.097346900+05:30,49.6,34,24.1,2671.47,62.27,198,308,CHAOS,90.0,20.0,WORKLOAD_STEP
2026-07-09 18:48:01.142114200+05:30,90.7,34,26.3,2611.2,62.28,199,308,CHAOS,90.0,20.0,WORKLOAD_STEP
2026-07-09 18:48:03.189292800+05:30,90.7,34,23.9,2540.89,62.29,199,308,CHAOS,90.0,20.0,WORKLOAD_STEP
2026-07-09 18:48:05.219344800+05:30,90.7,29,26.6,2550.94,62.29,199,308,CHAOS,90.0,20.0,WORKLOAD_STEP
2026-07-09 18:48:07.250996600+05:30,91.4,33,24.9,2571.02,62.29,199,308,CHAOS,90.0,20.0,WORKLOAD_STEP
2026-07-09 18:48:09.280214700+05:30,92.3,34,25.9,2581.08,62.29,199,308,CHAOS,90.0,20.0,WORKLOAD_STEP
2026-07-09 18:48:11.312672300+05:30,90.6,33,25.7,2591.12,62.26,199,307,CHAOS,90.0,20.0,WORKLOAD_STEP
2026-07-09 18:48:13.342059200+05:30,94.4,34,26.1,2530.85,62.27,199,307,CHAOS,90.0,20.0,WORKLOAD_STEP
2026-07-09 18:48:15.372088800+05:30,94.4,34,25.4,2490.68,62.3,204,308,CHAOS,90.0,20.0,WORKLOAD_STEP
2026-07-09 18:48:17.403298200+05:30,97.6,36,25.0,2470.59,63.04,210,307,CHAOS,90.0,20.0,WORKLOAD_STEP
2026-07-09 18:48:19.446598200+05:30,95.4,33,25.0,2530.84,63.08,212,307,CHAOS,90.0,20.0,WORKLOAD_STEP
2026-07-09 18:48:21.485087600+05:30,94.4,34,27.0,2510.75,63.06,212,307,CHAOS,90.0,20.0,WORKLOAD_STEP
2026-07-09 18:48:23.519297200+05:30,92.2,33,24.9,2520.81,63.06,212,307,CHAOS,90.0,20.0,WORKLOAD_STEP
2026-07-09 18:48:25.563800600+05:30,95.1,34,23.9,2540.89,63.08,212,307,CHAOS,90.0,20.0,WORKLOAD_STEP
2026-07-09 18:48:27.620546200+05:30,97.7,34,26.1,2410.33,63.83,216,307,CHAOS,90.0,20.0,WORKLOAD_STEP
2026-07-09 18:48:29.716765600+05:30,99.7,34,26.1,2410.34,63.99,216,307,CHAOS,90.0,20.0,WORKLOAD_STEP
2026-07-09 18:48:31.946921100+05:30,97.4,34,23.0,2490.67,63.92,219,307,CHAOS,90.0,20.0,WORKLOAD_STEP
2026-07-09 18:48:33.997975300+05:30,97.3,34,23.7,2480.64,63.94,219,307,CHAOS,90.0,20.0,WORKLOAD_STEP
2026-07-09 18:48:36.089553100+05:30,94.6,34,25.0,2560.98,63.92,216,306,CHAOS,90.0,20.0,WORKLOAD_STEP
2026-07-09 18:48:38.137223900+05:30,93.1,34,26.0,2530.86,63.91,216,306,CHAOS,90.0,20.0,WORKLOAD_STEP
2026-07-09 18:48:40.192177300+05:30,91.6,33,23.9,2510.75,63.91,216,305,CHAOS,90.0,20.0,WORKLOAD_STEP
2026-07-09 18:48:42.222761800+05:30,93.6,34,25.9,2611.21,63.91,216,305,CHAOS,90.0,20.0,WORKLOAD_STEP
2026-07-09 18:48:44.255798300+05:30,90.6,33,25.4,2571.02,63.91,216,305,CHAOS,90.0,20.0,WORKLOAD_STEP
2026-07-09 18:48:46.287323+05:30,91.2,33,24.0,2560.98,63.91,214,305,CHAOS,90.0,20.0,WORKLOAD_STEP
2026-07-09 18:48:48.317920600+05:30,91.0,33,25.3,2641.32,63.91,212,305,CHAOS,90.0,20.0,WORKLOAD_STEP
2026-07-09 18:48:50.350117400+05:30,90.6,34,25.6,2581.07,63.91,211,305,CHAOS,90.0,20.0,WORKLOAD_STEP
2026-07-09 18:48:52.380546900+05:30,94.6,33,25.8,2601.14,64.02,210,305,CHAOS,90.0,20.0,WORKLOAD_STEP
2026-07-09 18:48:54.413241200+05:30,92.0,36,25.1,2520.81,64.02,210,305,CHAOS,90.0,20.0,WORKLOAD_STEP
2026-07-09 18:48:56.444070300+05:30,93.5,33,24.8,2581.06,64.01,209,305,CHAOS,90.0,20.0,WORKLOAD_STEP
2026-07-09 18:48:58.480043800+05:30,92.4,34,25.7,2581.05,64.0,206,305,CHAOS,90.0,20.0,WORKLOAD_STEP
2026-07-09 18:49:00.517765100+05:30,91.4,34,25.8,2571.02,64.0,206,305,CHAOS,90.0,20.0,WORKLOAD_STEP
2026-07-09 18:49:02.548966400+05:30,91.0,32,24.5,2550.94,64.0,206,305,CHAOS,90.0,20.0,WORKLOAD_STEP
2026-07-09 18:49:04.577006700+05:30,92.1,32,23.9,2530.85,64.0,206,305,CHAOS,90.0,20.0,WORKLOAD_STEP
2026-07-09 18:49:06.606867200+05:30,90.3,33,24.4,2591.09,63.97,206,305,CHAOS,90.0,20.0,WORKLOAD_STEP
2026-07-09 18:49:08.642473600+05:30,91.9,33,24.3,2621.24,64.01,206,305,CHAOS,90.0,20.0,WORKLOAD_STEP
2026-07-09 18:49:10.703164600+05:30,90.9,33,24.1,2540.89,64.01,206,305,CHAOS,90.0,20.0,WORKLOAD_STEP
2026-07-09 18:49:12.732161700+05:30,91.2,34,24.3,2560.97,64.01,206,305,CHAOS,90.0,20.0,WORKLOAD_STEP
2026-07-09 18:49:14.762964100+05:30,91.2,34,23.9,2540.88,64.01,206,305,CHAOS,90.0,20.0,WORKLOAD_STEP
2026-07-09 18:49:16.796434900+05:30,90.7,33,26.2,2540.89,64.0,206,305,CHAOS,90.0,20.0,WORKLOAD_STEP
2026-07-09 18:49:18.830865500+05:30,91.6,36,25.5,2520.8,64.01,206,305,CHAOS,90.0,20.0,WORKLOAD_STEP
2026-07-09 18:49:20.864680900+05:30,90.8,34,25.6,2571.01,64.15,205,307,CHAOS,90.0,20.0,WORKLOAD_STEP
2026-07-09 18:49:22.896499900+05:30,57.9,40,21.9,2751.8,63.54,205,305,CHAOS,50.0,21.0,WORKLOAD_STEP
2026-07-09 18:49:24.927504600+05:30,52.8,40,20.9,2842.2,63.59,205,305,CHAOS,50.0,21.0,WORKLOAD_STEP
2026-07-09 18:49:26.958893400+05:30,51.3,40,22.3,2661.42,63.54,205,305,CHAOS,50.0,21.0,WORKLOAD_STEP
2026-07-09 18:49:28.980224200+05:30,50.8,21,23.2,3243.94,63.54,205,305,CHAOS,50.0,21.0,WORKLOAD_STEP
2026-07-09 18:49:31.001395700+05:30,64.4,34,23.6,3133.43,63.54,209,305,CHAOS,50.0,21.0,WORKLOAD_STEP
2026-07-09 18:49:33.021054500+05:30,51.3,32,25.0,2882.38,63.53,209,305,CHAOS,50.0,21.0,WORKLOAD_STEP
2026-07-09 18:49:35.040935200+05:30,52.7,34,24.2,2651.39,63.58,209,305,CHAOS,50.0,21.0,WORKLOAD_STEP
2026-07-09 18:49:37.065815500+05:30,52.8,34,25.0,2972.76,63.56,209,305,CHAOS,50.0,21.0,WORKLOAD_STEP
2026-07-09 18:49:39.087986600+05:30,52.9,29,24.3,2761.85,63.57,209,305,CHAOS,50.0,21.0,WORKLOAD_STEP
2026-07-09 18:49:41.113157600+05:30,51.0,33,24.1,2751.81,63.57,209,305,CHAOS,50.0,21.0,WORKLOAD_STEP
2026-07-09 18:49:43.146944200+05:30,52.8,32,23.9,2581.08,63.57,209,305,CHAOS,50.0,21.0,WORKLOAD_STEP
2026-07-09 18:49:45.194385800+05:30,54.2,32,22.3,2671.46,63.58,209,305,CHAOS,50.0,21.0,WORKLOAD_STEP
2026-07-09 18:49:47.217056500+05:30,51.8,32,26.0,2822.11,63.55,209,305,CHAOS,50.0,21.0,WORKLOAD_STEP
2026-07-09 18:49:49.305254800+05:30,50.9,32,23.7,2812.07,63.58,209,305,CHAOS,50.0,21.0,WORKLOAD_STEP
2026-07-09 18:49:51.336336700+05:30,57.0,30,22.0,2691.55,63.62,209,305,CHAOS,50.0,21.0,WORKLOAD_STEP
2026-07-09 18:49:53.364889900+05:30,50.2,34,22.6,2761.85,63.66,209,305,CHAOS,50.0,21.0,WORKLOAD_STEP
2026-07-09 18:49:55.392558400+05:30,52.0,36,22.8,2601.17,63.65,209,305,CHAOS,50.0,21.0,WORKLOAD_STEP
2026-07-09 18:49:57.419012600+05:30,49.3,33,23.8,2611.21,63.66,209,305,CHAOS,50.0,21.0,WORKLOAD_STEP
2026-07-09 18:49:59.444277200+05:30,51.9,36,24.6,2671.47,63.66,209,305,CHAOS,50.0,21.0,WORKLOAD_STEP
2026-07-09 18:50:01.468774500+05:30,53.5,32,24.6,2751.81,63.66,209,305,CHAOS,50.0,21.0,WORKLOAD_STEP
2026-07-09 18:50:03.491367400+05:30,54.1,33,21.4,2711.64,63.66,211,305,CHAOS,50.0,21.0,WORKLOAD_STEP
2026-07-09 18:50:05.518295700+05:30,53.1,33,23.3,2741.77,63.65,209,305,CHAOS,50.0,21.0,WORKLOAD_STEP
2026-07-09 18:50:07.543326+05:30,52.3,36,22.7,2781.95,63.66,209,305,CHAOS,50.0,21.0,WORKLOAD_STEP
2026-07-09 18:50:09.571216+05:30,50.7,36,24.3,2781.94,63.63,209,305,CHAOS,50.0,21.0,WORKLOAD_STEP
2026-07-09 18:50:11.603745500+05:30,50.9,34,24.0,2751.8,63.66,209,305,CHAOS,50.0,21.0,WORKLOAD_STEP
2026-07-09 18:50:13.633770400+05:30,51.8,34,23.9,2721.67,63.65,209,305,CHAOS,50.0,21.0,WORKLOAD_STEP
2026-07-09 18:50:15.664003600+05:30,50.5,34,25.6,2842.21,63.69,209,305,CHAOS,50.0,21.0,WORKLOAD_STEP
2026-07-09 18:50:17.706027+05:30,52.4,33,22.9,2490.71,63.65,209,305,CHAOS,50.0,21.0,WORKLOAD_STEP
2026-07-09 18:50:19.733548700+05:30,50.4,36,25.7,2731.73,63.65,209,305,CHAOS,50.0,21.0,WORKLOAD_STEP
2026-07-09 18:50:21.759791100+05:30,55.8,33,23.9,2761.86,63.67,209,305,CHAOS,50.0,21.0,WORKLOAD_STEP
2026-07-09 18:50:23.791444400+05:30,50.3,33,23.7,2621.27,63.66,209,305,CHAOS,50.0,21.0,WORKLOAD_STEP
2026-07-09 18:50:25.818806500+05:30,51.7,32,24.3,2812.05,63.66,209,305,CHAOS,50.0,21.0,WORKLOAD_STEP
2026-07-09 18:50:27.853283200+05:30,50.6,33,22.7,2691.54,63.66,210,305,CHAOS,50.0,21.0,WORKLOAD_STEP
2026-07-09 18:50:29.876776600+05:30,51.8,32,23.3,2812.09,63.65,209,305,CHAOS,50.0,21.0,WORKLOAD_STEP
2026-07-09 18:50:31.906668700+05:30,51.4,32,23.3,2540.91,63.66,212,305,CHAOS,50.0,21.0,WORKLOAD_STEP
2026-07-09 18:50:33.935680700+05:30,52.7,32,23.8,2641.34,63.64,210,305,CHAOS,50.0,21.0,WORKLOAD_STEP
2026-07-09 18:50:35.963438+05:30,51.0,32,23.2,2781.94,63.65,207,305,CHAOS,50.0,21.0,WORKLOAD_STEP
2026-07-09 18:50:37.991334900+05:30,52.4,34,25.4,2781.95,63.64,207,305,CHAOS,50.0,21.0,WORKLOAD_STEP
2026-07-09 18:50:40.021083100+05:30,34.7,42,15.1,2109.06,63.61,208,305,CHAOS,10.0,22.0,WORKLOAD_STEP
2026-07-09 18:50:42.050566800+05:30,12.7,46,7.5,2350.09,63.64,208,305,CHAOS,10.0,22.0,WORKLOAD_STEP
2026-07-09 18:50:44.079529700+05:30,11.9,48,8.0,2249.66,63.65,208,305,CHAOS,10.0,22.0,WORKLOAD_STEP
2026-07-09 18:50:46.105647500+05:30,13.5,46,8.7,2661.44,63.63,208,305,CHAOS,10.0,22.0,WORKLOAD_STEP
2026-07-09 18:50:48.132620100+05:30,10.6,46,9.0,2360.14,63.59,208,305,CHAOS,10.0,22.0,WORKLOAD_STEP
2026-07-09 18:50:50.163248800+05:30,12.5,48,9.4,2370.19,63.59,207,305,CHAOS,10.0,22.0,WORKLOAD_STEP
2026-07-09 18:50:52.199967400+05:30,16.0,43,13.0,2641.35,63.57,207,305,CHAOS,10.0,22.0,WORKLOAD_STEP
2026-07-09 18:50:54.217847900+05:30,13.6,45,12.4,2781.96,63.61,206,305,CHAOS,10.0,22.0,WORKLOAD_STEP
2026-07-09 18:50:56.234724500+05:30,12.4,43,13.1,2360.14,63.61,206,305,CHAOS,10.0,22.0,WORKLOAD_STEP
2026-07-09 18:50:58.252154400+05:30,10.6,46,11.1,2530.88,63.7,206,305,CHAOS,10.0,22.0,WORKLOAD_STEP
2026-07-09 18:51:00.280038200+05:30,11.0,48,11.3,2540.92,63.61,206,305,CHAOS,10.0,22.0,WORKLOAD_STEP
2026-07-09 18:51:02.308026100+05:30,11.0,48,11.4,2631.31,63.58,206,305,CHAOS,10.0,22.0,WORKLOAD_STEP
2026-07-09 18:51:04.337735500+05:30,11.1,46,10.8,2530.88,63.57,206,305,CHAOS,10.0,22.0,WORKLOAD_STEP
2026-07-09 18:51:06.362922700+05:30,11.6,49,12.5,2299.87,63.57,206,305,CHAOS,10.0,22.0,WORKLOAD_STEP
2026-07-09 18:51:08.390158400+05:30,13.4,37,11.4,2631.3,63.58,206,305,CHAOS,10.0,22.0,WORKLOAD_STEP
2026-07-09 18:51:10.417591300+05:30,11.8,50,10.6,2159.27,63.63,206,305,CHAOS,10.0,22.0,WORKLOAD_STEP
2026-07-09 18:51:12.440545300+05:30,12.2,32,10.4,2360.14,63.65,206,305,CHAOS,10.0,22.0,WORKLOAD_STEP
2026-07-09 18:51:14.458952200+05:30,10.9,46,10.4,2340.04,63.64,206,305,CHAOS,10.0,22.0,WORKLOAD_STEP
2026-07-09 18:51:16.477517900+05:30,14.9,46,11.0,2942.64,63.6,206,305,CHAOS,10.0,22.0,WORKLOAD_STEP
2026-07-09 18:51:18.498693600+05:30,10.9,49,11.3,2179.36,63.59,206,305,CHAOS,10.0,22.0,WORKLOAD_STEP
2026-07-09 18:51:20.519032400+05:30,13.2,48,10.8,2480.67,63.67,206,307,CHAOS,10.0,22.0,WORKLOAD_STEP
2026-07-09 18:51:22.537985700+05:30,11.5,45,14.2,2330.01,63.64,206,305,CHAOS,10.0,22.0,WORKLOAD_STEP
2026-07-09 18:51:24.565893700+05:30,12.1,49,9.6,2550.95,63.67,206,305,CHAOS,10.0,22.0,WORKLOAD_STEP
2026-07-09 18:51:26.615046600+05:30,10.9,53,9.2,2330.01,63.66,206,305,CHAOS,10.0,22.0,WORKLOAD_STEP
2026-07-09 18:51:28.636071800+05:30,11.9,48,9.5,2350.1,63.66,206,305,CHAOS,10.0,22.0,WORKLOAD_STEP
2026-07-09 18:51:30.656809200+05:30,11.8,50,9.8,2259.71,63.63,206,305,CHAOS,10.0,22.0,WORKLOAD_STEP
2026-07-09 18:51:32.677473900+05:30,11.5,48,8.2,2199.45,63.63,206,305,CHAOS,10.0,22.0,WORKLOAD_STEP
2026-07-09 18:51:34.698265300+05:30,11.0,52,8.6,2410.35,63.58,204,305,CHAOS,0.0,23.0,WORKLOAD_STEP
2026-07-09 18:51:36.725500900+05:30,2.5,53,3.9,2109.06,63.58,204,305,CHAOS,0.0,23.0,WORKLOAD_STEP
2026-07-09 18:51:38.752772300+05:30,1.1,53,3.9,2109.06,63.56,204,305,CHAOS,0.0,23.0,WORKLOAD_STEP
2026-07-09 18:51:40.779408800+05:30,2.0,54,3.9,2109.06,63.57,202,305,CHAOS,0.0,23.0,WORKLOAD_STEP
2026-07-09 18:51:42.809068900+05:30,2.1,54,4.2,2109.06,63.56,202,305,CHAOS,0.0,23.0,WORKLOAD_STEP
2026-07-09 18:51:44.836494700+05:30,1.5,54,4.1,2109.06,63.55,202,305,CHAOS,0.0,23.0,WORKLOAD_STEP
2026-07-09 18:51:46.861300+05:30,4.8,54,4.0,2109.06,63.55,202,305,CHAOS,0.0,23.0,WORKLOAD_STEP
2026-07-09 18:51:48.884307+05:30,2.9,54,4.3,2109.06,63.55,202,305,CHAOS,0.0,23.0,WORKLOAD_STEP
2026-07-09 18:51:50.913861500+05:30,3.6,54,4.6,2109.06,63.61,202,305,CHAOS,0.0,23.0,WORKLOAD_STEP
2026-07-09 18:51:52.941563500+05:30,2.7,54,4.1,2109.06,63.57,202,305,CHAOS,0.0,23.0,WORKLOAD_STEP
2026-07-09 18:51:54.970070100+05:30,3.5,54,4.7,2109.06,63.57,202,305,CHAOS,0.0,23.0,WORKLOAD_STEP
2026-07-09 18:51:56.997603400+05:30,3.5,53,6.5,1958.41,63.56,202,305,CHAOS,0.0,23.0,WORKLOAD_STEP
2026-07-09 18:51:59.016453300+05:30,10.0,58,7.2,2109.06,63.57,202,305,CHAOS,0.0,23.0,WORKLOAD_STEP
2026-07-09 18:52:01.058016500+05:30,7.7,53,6.7,2139.19,63.56,202,305,CHAOS,0.0,23.0,WORKLOAD_STEP
2026-07-09 18:52:03.085869700+05:30,1.7,54,4.7,2109.06,63.57,202,305,CHAOS,0.0,23.0,WORKLOAD_STEP
2026-07-09 18:52:05.112162100+05:30,1.6,55,4.0,2109.06,63.56,202,305,CHAOS,0.0,23.0,WORKLOAD_STEP
2026-07-09 18:52:07.140614400+05:30,1.4,55,4.2,2109.06,63.57,202,305,CHAOS,0.0,23.0,WORKLOAD_STEP
2026-07-09 18:52:09.171157200+05:30,0.8,54,4.3,2109.06,63.56,202,305,CHAOS,0.0,23.0,WORKLOAD_STEP
2026-07-09 18:52:11.200493700+05:30,2.8,54,4.0,2109.06,63.56,202,305,CHAOS,0.0,23.0,WORKLOAD_STEP
2026-07-09 18:52:13.227230600+05:30,2.1,55,5.4,2109.06,63.56,202,305,CHAOS,0.0,23.0,WORKLOAD_STEP
2026-07-09 18:52:15.250204600+05:30,6.0,54,4.6,2109.06,63.57,202,305,CHAOS,0.0,23.0,WORKLOAD_STEP
2026-07-09 18:52:17.278894200+05:30,0.9,54,5.5,2109.06,63.59,202,305,CHAOS,0.0,23.0,WORKLOAD_STEP
2026-07-09 18:52:19.308248400+05:30,4.1,55,4.3,2109.06,63.6,202,305,CHAOS,0.0,23.0,WORKLOAD_STEP
2026-07-09 18:52:21.340006900+05:30,4.4,55,4.3,2119.1,63.63,202,305,CHAOS,0.0,23.0,WORKLOAD_STEP
2026-07-09 18:52:23.363519600+05:30,0.9,55,4.2,2109.06,63.62,202,305,CHAOS,0.0,23.0,WORKLOAD_STEP
2026-07-09 18:52:25.384525100+05:30,0.9,55,4.4,2109.06,63.61,202,305,CHAOS,0.0,23.0,WORKLOAD_STEP
2026-07-09 18:52:27.411151700+05:30,0.7000000000000001,61,4.1,2109.06,63.61,203,305,CHAOS,0.0,23.0,WORKLOAD_STEP
2026-07-09 18:52:29.439014400+05:30,1.5,57,4.7,2109.06,63.61,202,305,CHAOS,0.0,23.0,WORKLOAD_STEP
2026-07-09 18:52:31.469104400+05:30,2.1,54,5.1,2109.06,63.91,206,308,CHAOS,0.0,23.0,WORKLOAD_STEP
2026-07-09 18:52:33.506530700+05:30,2.4,54,7.0,2109.06,63.79,205,308,CHAOS,0.0,23.0,WORKLOAD_STEP
2026-07-09 18:52:35.534123900+05:30,2.1,57,3.7,2109.06,63.77,202,307,CHAOS,0.0,23.0,WORKLOAD_STEP
2026-07-09 18:52:37.563449100+05:30,1.5,57,3.8,2109.06,63.76,202,307,CHAOS,0.0,23.0,WORKLOAD_STEP
2026-07-09 18:52:39.591936900+05:30,41.9,23,15.4,2651.4,63.82,202,307,CHAOS,40.0,24.0,WORKLOAD_STEP
2026-07-09 18:52:41.626641300+05:30,43.5,46,19.4,2791.98,63.85,204,307,CHAOS,40.0,24.0,WORKLOAD_STEP
2026-07-09 18:52:43.654856600+05:30,42.1,36,25.5,2882.39,63.86,204,307,CHAOS,40.0,24.0,WORKLOAD_STEP
2026-07-09 18:52:45.685847600+05:30,42.6,37,24.9,3233.88,63.86,204,307,CHAOS,40.0,24.0,WORKLOAD_STEP
2026-07-09 18:52:47.710728300+05:30,41.2,37,25.3,2601.18,63.85,204,307,CHAOS,40.0,24.0,WORKLOAD_STEP
2026-07-09 18:52:49.735140700+05:30,42.3,30,28.6,3243.93,63.85,204,307,CHAOS,40.0,24.0,WORKLOAD_STEP
2026-07-09 18:52:51.755894100+05:30,44.5,34,26.3,2882.39,63.83,204,307,CHAOS,40.0,24.0,WORKLOAD_STEP
2026-07-09 18:52:53.774355700+05:30,45.7,29,24.3,3063.17,63.85,204,307,CHAOS,40.0,24.0,WORKLOAD_STEP
2026-07-09 18:52:55.793558200+05:30,40.3,39,26.4,3354.39,63.9,204,307,CHAOS,40.0,24.0,WORKLOAD_STEP
2026-07-09 18:52:57.815945+05:30,40.9,30,26.0,2912.51,63.89,204,307,CHAOS,40.0,24.0,WORKLOAD_STEP
2026-07-09 18:52:59.838925700+05:30,40.8,33,28.7,2711.65,63.88,204,307,CHAOS,40.0,24.0,WORKLOAD_STEP
2026-07-09 18:53:01.861267+05:30,41.5,39,27.4,2711.65,63.9,204,307,CHAOS,40.0,24.0,WORKLOAD_STEP
2026-07-09 18:53:03.889335600+05:30,44.3,36,26.4,2741.76,63.86,204,307,CHAOS,40.0,24.0,WORKLOAD_STEP
2026-07-09 18:53:05.922319800+05:30,43.3,36,26.0,2832.14,63.87,204,307,CHAOS,40.0,24.0,WORKLOAD_STEP
2026-07-09 18:53:07.964964500+05:30,41.8,34,25.4,2791.99,63.86,204,307,CHAOS,40.0,24.0,WORKLOAD_STEP
2026-07-09 18:53:09.990449600+05:30,41.0,36,25.5,2852.23,63.86,202,307,CHAOS,40.0,24.0,WORKLOAD_STEP
2026-07-09 18:53:12.012930900+05:30,40.3,36,25.2,2832.17,63.81,202,306,CHAOS,40.0,24.0,WORKLOAD_STEP
2026-07-09 18:53:14.039415900+05:30,40.5,34,23.6,2962.72,63.79,202,306,CHAOS,40.0,24.0,WORKLOAD_STEP
2026-07-09 18:53:16.065825600+05:30,40.6,36,23.8,2781.94,63.86,202,306,CHAOS,40.0,24.0,WORKLOAD_STEP
2026-07-09 18:53:18.087650300+05:30,43.0,34,24.9,2741.78,63.86,203,306,CHAOS,40.0,24.0,WORKLOAD_STEP
2026-07-09 18:53:20.113415400+05:30,46.6,37,25.6,2721.68,63.83,203,306,CHAOS,40.0,24.0,WORKLOAD_STEP
2026-07-09 18:53:22.138418800+05:30,46.3,37,24.1,3022.96,63.81,203,306,CHAOS,40.0,24.0,WORKLOAD_STEP
2026-07-09 18:53:24.161625500+05:30,42.5,33,24.5,2802.02,63.86,202,306,CHAOS,40.0,24.0,WORKLOAD_STEP
2026-07-09 18:53:26.189115300+05:30,40.8,34,23.8,2822.1,64.02,202,306,CHAOS,40.0,24.0,WORKLOAD_STEP
2026-07-09 18:53:28.223643500+05:30,46.2,30,24.9,2641.33,64.08,202,306,CHAOS,40.0,24.0,WORKLOAD_STEP
2026-07-09 18:53:30.310636+05:30,43.9,36,24.9,2822.12,63.98,202,306,CHAOS,40.0,24.0,WORKLOAD_STEP
2026-07-09 18:53:32.345804500+05:30,85.4,36,27.7,2480.64,64.27,202,306,CHAOS,50.0,25.0,WORKLOAD_STEP
2026-07-09 18:53:34.518390900+05:30,88.8,37,24.9,2430.42,64.34,202,306,CHAOS,50.0,25.0,WORKLOAD_STEP
2026-07-09 18:53:36.550946800+05:30,67.2,34,23.6,2500.73,64.36,202,306,CHAOS,50.0,25.0,WORKLOAD_STEP
2026-07-09 18:53:38.577500+05:30,57.9,37,25.2,2972.75,64.36,202,306,CHAOS,50.0,25.0,WORKLOAD_STEP
2026-07-09 18:53:40.613776800+05:30,53.3,34,22.4,2822.11,64.36,202,306,CHAOS,50.0,25.0,WORKLOAD_STEP
2026-07-09 18:53:42.666445600+05:30,58.7,34,24.6,2761.87,64.37,202,306,CHAOS,50.0,25.0,WORKLOAD_STEP
2026-07-09 18:53:44.695706100+05:30,58.5,33,23.3,2621.24,64.37,202,306,CHAOS,50.0,25.0,WORKLOAD_STEP
2026-07-09 18:53:46.722084200+05:30,52.6,36,23.2,2641.35,64.39,202,306,CHAOS,50.0,25.0,WORKLOAD_STEP
2026-07-09 18:53:48.752695500+05:30,52.0,34,23.4,2641.34,64.36,202,306,CHAOS,50.0,25.0,WORKLOAD_STEP
2026-07-09 18:53:50.780163700+05:30,54.7,36,25.3,2540.9,64.57,202,308,CHAOS,50.0,25.0,WORKLOAD_STEP
2026-07-09 18:53:52.811360800+05:30,51.9,32,25.0,2711.63,64.37,202,306,CHAOS,50.0,25.0,WORKLOAD_STEP
2026-07-09 18:53:54.851315900+05:30,50.5,33,22.9,2661.42,64.45,202,306,CHAOS,50.0,25.0,WORKLOAD_STEP
2026-07-09 18:53:56.874965+05:30,54.9,33,23.5,2852.24,64.45,202,306,CHAOS,50.0,25.0,WORKLOAD_STEP
2026-07-09 18:53:58.906227300+05:30,54.9,34,24.7,2791.98,64.38,202,306,CHAOS,50.0,25.0,WORKLOAD_STEP
2026-07-09 18:54:00.929177600+05:30,51.2,33,24.1,2691.55,64.45,202,306,CHAOS,50.0,25.0,WORKLOAD_STEP
2026-07-09 18:54:02.954009500+05:30,49.7,34,24.5,2631.29,64.42,202,306,CHAOS,50.0,25.0,WORKLOAD_STEP
2026-07-09 18:54:04.977535600+05:30,56.9,36,24.5,2631.29,64.44,202,306,CHAOS,50.0,25.0,WORKLOAD_STEP
2026-07-09 18:54:07.007393800+05:30,50.4,32,24.5,2731.74,64.4,202,306,CHAOS,50.0,25.0,WORKLOAD_STEP
2026-07-09 18:54:09.039198300+05:30,54.7,32,22.9,2701.6,64.37,202,306,CHAOS,50.0,25.0,WORKLOAD_STEP
2026-07-09 18:54:11.066912300+05:30,53.8,33,23.2,2771.89,64.43,202,306,CHAOS,50.0,25.0,WORKLOAD_STEP
2026-07-09 18:54:13.092725300+05:30,53.1,36,23.5,2791.99,64.42,202,306,CHAOS,50.0,25.0,WORKLOAD_STEP
2026-07-09 18:54:15.134105600+05:30,51.7,30,25.0,2691.56,64.41,202,306,CHAOS,50.0,25.0,WORKLOAD_STEP
2026-07-09 18:54:17.164720400+05:30,51.5,34,20.8,2711.63,64.38,203,306,CHAOS,50.0,25.0,WORKLOAD_STEP
2026-07-09 18:54:19.198289400+05:30,51.1,29,23.0,2571.05,64.41,202,306,CHAOS,50.0,25.0,WORKLOAD_STEP
2026-07-09 18:54:21.229360400+05:30,55.3,36,22.9,2631.31,64.37,202,306,CHAOS,50.0,25.0,WORKLOAD_STEP
2026-07-09 18:54:23.259384100+05:30,52.6,33,23.5,2852.26,64.44,201,306,CHAOS,50.0,25.0,WORKLOAD_STEP
2026-07-09 18:54:25.283826200+05:30,52.8,33,23.6,2802.01,64.45,201,306,CHAOS,50.0,25.0,WORKLOAD_STEP
2026-07-09 18:54:27.306666600+05:30,56.5,36,26.3,2882.37,64.42,202,305,CHAOS,50.0,25.0,WORKLOAD_STEP
2026-07-09 18:54:29.334947900+05:30,50.7,33,26.3,2681.51,64.33,200,304,CHAOS,50.0,25.0,WORKLOAD_STEP
2026-07-09 18:54:31.370261700+05:30,64.5,30,22.5,2631.3,64.32,207,304,CHAOS,50.0,25.0,WORKLOAD_STEP
2026-07-09 18:54:33.399337300+05:30,50.6,30,24.0,2882.36,64.33,207,304,CHAOS,50.0,25.0,WORKLOAD_STEP
2026-07-09 18:54:35.431525500+05:30,49.8,32,23.6,2550.97,64.32,204,304,CHAOS,50.0,25.0,WORKLOAD_STEP
2026-07-09 18:54:37.460038300+05:30,49.8,33,24.5,2852.24,64.28,204,304,CHAOS,50.0,25.0,WORKLOAD_STEP
2026-07-09 18:54:39.480529300+05:30,50.5,33,23.1,2802.03,64.3,204,304,CHAOS,50.0,25.0,WORKLOAD_STEP
2026-07-09 18:54:41.509103700+05:30,50.6,32,25.7,2771.9,64.29,204,304,CHAOS,50.0,25.0,WORKLOAD_STEP
2026-07-09 18:54:43.537080100+05:30,50.4,32,24.7,2711.65,64.28,204,304,CHAOS,50.0,25.0,WORKLOAD_STEP
2026-07-09 18:54:45.571753200+05:30,49.9,32,24.5,2822.12,64.28,204,304,CHAOS,50.0,25.0,WORKLOAD_STEP
2026-07-09 18:54:47.603309300+05:30,51.0,32,25.8,2862.27,64.27,204,304,CHAOS,50.0,25.0,WORKLOAD_STEP
2026-07-09 18:54:49.645992100+05:30,53.7,33,23.3,2751.81,63.52,203,304,CHAOS,50.0,25.0,WORKLOAD_STEP
2026-07-09 18:54:51.675219400+05:30,55.9,36,24.3,2872.33,63.53,203,304,CHAOS,50.0,25.0,WORKLOAD_STEP
2026-07-09 18:54:53.702710100+05:30,51.8,36,22.9,2842.2,63.52,203,304,CHAOS,50.0,25.0,WORKLOAD_STEP
2026-07-09 18:54:55.734949+05:30,51.4,32,24.4,2802.03,63.51,203,304,CHAOS,50.0,25.0,WORKLOAD_STEP
2026-07-09 18:54:57.767599900+05:30,52.4,29,26.0,2661.42,63.48,203,306,CHAOS,50.0,25.0,WORKLOAD_STEP
2026-07-09 18:54:59.796870100+05:30,50.8,30,24.7,2842.21,63.55,203,304,CHAOS,50.0,25.0,WORKLOAD_STEP
2026-07-09 18:55:01.827230100+05:30,51.4,36,23.3,2852.25,63.54,203,304,CHAOS,50.0,25.0,WORKLOAD_STEP
2026-07-09 18:55:03.857205200+05:30,50.1,34,25.6,2912.5,63.55,203,304,CHAOS,50.0,25.0,WORKLOAD_STEP
2026-07-09 18:55:05.889724300+05:30,53.3,32,25.4,2832.17,63.51,203,304,CHAOS,50.0,25.0,WORKLOAD_STEP
2026-07-09 18:55:07.917065900+05:30,50.9,29,23.3,2731.74,63.53,203,304,CHAOS,50.0,25.0,WORKLOAD_STEP
2026-07-09 18:55:09.945747100+05:30,51.9,30,24.5,2902.45,63.52,203,304,CHAOS,50.0,25.0,WORKLOAD_STEP
2026-07-09 18:55:11.979561100+05:30,52.4,29,24.7,2942.63,63.52,203,304,CHAOS,50.0,25.0,WORKLOAD_STEP
2026-07-09 18:55:14.005557600+05:30,52.8,33,24.4,2540.92,63.51,203,304,CHAOS,50.0,25.0,WORKLOAD_STEP
2026-07-09 18:55:16.032305500+05:30,54.3,33,23.3,2721.68,63.49,205,304,CHAOS,50.0,25.0,WORKLOAD_STEP
2026-07-09 18:55:18.062493500+05:30,58.0,32,24.5,2701.6,63.53,206,304,CHAOS,50.0,25.0,WORKLOAD_STEP
2026-07-09 18:55:20.092808500+05:30,54.3,36,23.3,2771.9,63.53,206,304,CHAOS,50.0,25.0,WORKLOAD_STEP
2026-07-09 18:55:22.118737400+05:30,58.0,34,23.9,2812.06,63.54,206,304,CHAOS,50.0,25.0,WORKLOAD_STEP
2026-07-09 18:55:24.163061800+05:30,51.8,32,22.9,2822.11,63.54,205,304,CHAOS,50.0,25.0,WORKLOAD_STEP
2026-07-09 18:55:26.192831700+05:30,50.9,30,24.2,2842.21,63.54,205,304,CHAOS,50.0,25.0,WORKLOAD_STEP
2026-07-09 18:55:28.227447800+05:30,51.5,30,24.3,2932.58,63.5,205,304,CHAOS,50.0,25.0,WORKLOAD_STEP
2026-07-09 18:55:30.253061600+05:30,52.4,33,25.2,2822.1,63.59,205,304,CHAOS,50.0,25.0,WORKLOAD_STEP
2026-07-09 18:55:32.280343400+05:30,52.5,34,21.3,2741.76,63.53,205,304,CHAOS,50.0,25.0,WORKLOAD_STEP
2026-07-09 18:55:34.309558400+05:30,51.2,33,23.8,2822.12,63.53,205,304,CHAOS,50.0,25.0,WORKLOAD_STEP
2026-07-09 18:55:36.335712500+05:30,49.9,30,23.5,2721.69,63.51,207,304,CHAOS,50.0,25.0,WORKLOAD_STEP
2026-07-09 18:55:38.360090100+05:30,50.2,27,25.1,2802.04,63.53,204,304,CHAOS,50.0,25.0,WORKLOAD_STEP
2026-07-09 18:55:40.393162700+05:30,51.0,33,24.2,2892.41,63.49,204,304,CHAOS,50.0,25.0,WORKLOAD_STEP
2026-07-09 18:55:42.427487200+05:30,50.5,30,21.9,2902.46,63.52,204,304,CHAOS,50.0,25.0,WORKLOAD_STEP
2026-07-09 18:55:44.458788500+05:30,50.7,32,23.3,2761.86,63.52,204,304,CHAOS,50.0,25.0,WORKLOAD_STEP
2026-07-09 18:55:46.485139500+05:30,51.7,33,24.4,2832.14,63.52,204,304,CHAOS,50.0,25.0,WORKLOAD_STEP
2026-07-09 18:55:48.510399300+05:30,50.8,30,27.2,2791.98,63.52,204,304,CHAOS,50.0,25.0,WORKLOAD_STEP
2026-07-09 18:55:50.536800400+05:30,50.7,33,22.6,2661.44,63.52,204,306,CHAOS,50.0,25.0,WORKLOAD_STEP
2026-07-09 18:55:52.561746400+05:30,53.0,33,23.9,2922.53,63.46,204,304,CHAOS,50.0,25.0,WORKLOAD_STEP
2026-07-09 18:55:54.588328900+05:30,50.4,34,22.4,2721.69,63.45,204,304,CHAOS,50.0,25.0,WORKLOAD_STEP
2026-07-09 18:55:56.616381400+05:30,52.3,36,24.8,2872.33,63.54,204,304,CHAOS,50.0,25.0,WORKLOAD_STEP
2026-07-09 18:55:58.665467300+05:30,50.6,34,24.7,2802.02,63.53,204,304,CHAOS,50.0,25.0,WORKLOAD_STEP
2026-07-09 18:56:00.690614600+05:30,53.3,36,23.8,2651.38,63.54,204,304,CHAOS,50.0,25.0,WORKLOAD_STEP
2026-07-09 18:56:02.713695100+05:30,50.5,37,24.3,2832.17,63.54,204,304,CHAOS,50.0,25.0,WORKLOAD_STEP
2026-07-09 18:56:04.736402200+05:30,51.5,33,23.8,2731.72,63.54,202,304,CHAOS,50.0,25.0,WORKLOAD_STEP
2026-07-09 18:56:06.762013100+05:30,50.4,32,24.3,2711.65,63.54,202,304,CHAOS,50.0,25.0,WORKLOAD_STEP
2026-07-09 18:56:08.792638100+05:30,52.3,34,24.4,2892.41,63.53,202,304,CHAOS,50.0,25.0,WORKLOAD_STEP
2026-07-09 18:56:10.824314200+05:30,49.9,33,22.6,2731.73,63.45,202,304,CHAOS,50.0,25.0,WORKLOAD_STEP
2026-07-09 18:56:12.855368+05:30,50.6,34,23.7,2812.08,63.54,202,304,CHAOS,50.0,25.0,WORKLOAD_STEP
2026-07-09 18:56:14.881757900+05:30,50.4,33,24.4,2842.2,63.54,202,304,CHAOS,50.0,25.0,WORKLOAD_STEP
2026-07-09 18:56:16.905929200+05:30,54.0,36,23.3,2661.43,63.53,207,304,CHAOS,50.0,25.0,WORKLOAD_STEP
2026-07-09 18:56:18.934200100+05:30,49.8,33,21.9,2862.28,63.52,207,304,CHAOS,50.0,25.0,WORKLOAD_STEP
2026-07-09 18:56:20.961463200+05:30,53.9,33,25.4,2671.46,63.8,207,306,CHAOS,50.0,25.0,WORKLOAD_STEP
2026-07-09 18:56:22.994743400+05:30,54.6,33,23.2,2892.4,63.52,206,304,CHAOS,50.0,25.0,WORKLOAD_STEP
2026-07-09 18:56:25.025340300+05:30,50.8,33,21.7,2581.08,63.49,206,304,CHAOS,50.0,25.0,WORKLOAD_STEP
2026-07-09 18:56:27.059700+05:30,57.3,36,25.3,2701.59,63.51,206,304,CHAOS,50.0,25.0,WORKLOAD_STEP
2026-07-09 18:56:29.083783100+05:30,53.3,36,22.9,2701.61,63.51,206,304,CHAOS,50.0,25.0,WORKLOAD_STEP
2026-07-09 18:56:31.124974200+05:30,53.7,33,24.4,2721.69,63.5,208,304,CHAOS,50.0,25.0,WORKLOAD_STEP
2026-07-09 18:56:33.156610100+05:30,51.4,30,24.9,2771.89,63.51,208,304,CHAOS,50.0,25.0,WORKLOAD_STEP
2026-07-09 18:56:35.185973300+05:30,56.1,36,22.0,2621.25,63.47,204,304,CHAOS,50.0,25.0,WORKLOAD_STEP
2026-07-09 18:56:37.211117400+05:30,59.3,33,23.7,2651.38,63.52,204,304,CHAOS,50.0,25.0,WORKLOAD_STEP
2026-07-09 18:56:39.241182+05:30,61.0,34,24.7,2661.42,63.53,204,304,CHAOS,50.0,25.0,WORKLOAD_STEP
2026-07-09 18:56:41.271117500+05:30,50.6,29,23.2,2731.73,63.5,202,304,CHAOS,50.0,25.0,WORKLOAD_STEP
2026-07-09 18:56:43.295260+05:30,53.8,33,25.1,2832.16,63.5,202,304,CHAOS,50.0,25.0,WORKLOAD_STEP
2026-07-09 18:56:45.322561300+05:30,62.8,36,24.4,2691.55,63.54,202,304,CHAOS,50.0,25.0,WORKLOAD_STEP
2026-07-09 18:56:47.357478800+05:30,67.6,36,24.1,2631.29,63.56,202,304,CHAOS,50.0,25.0,WORKLOAD_STEP
2026-07-09 18:56:49.383983700+05:30,51.5,33,23.0,2661.41,63.58,201,304,CHAOS,50.0,25.0,WORKLOAD_STEP
2026-07-09 18:56:51.411859900+05:30,52.9,32,23.5,2571.03,63.71,201,304,CHAOS,50.0,25.0,WORKLOAD_STEP
2026-07-09 18:56:53.451708400+05:30,51.4,34,23.7,2571.04,63.66,201,304,CHAOS,80.0,26.0,WORKLOAD_STEP
2026-07-09 18:56:55.479382400+05:30,80.5,33,23.4,2500.72,63.66,201,304,CHAOS,80.0,26.0,WORKLOAD_STEP
2026-07-09 18:56:57.502759800+05:30,81.0,36,23.9,2631.27,63.66,201,304,CHAOS,80.0,26.0,WORKLOAD_STEP
2026-07-09 18:56:59.529951400+05:30,80.9,33,24.3,2621.24,63.66,201,304,CHAOS,80.0,26.0,WORKLOAD_STEP
2026-07-09 18:57:01.559135800+05:30,80.6,33,26.0,2520.8,63.65,201,304,CHAOS,80.0,26.0,WORKLOAD_STEP
2026-07-09 18:57:03.616173200+05:30,80.6,34,25.3,2571.02,63.65,201,304,CHAOS,80.0,26.0,WORKLOAD_STEP
2026-07-09 18:57:05.661727700+05:30,80.3,36,26.2,2571.04,63.65,201,304,CHAOS,80.0,26.0,WORKLOAD_STEP
2026-07-09 18:57:07.699253700+05:30,80.6,34,24.7,2681.49,63.69,201,304,CHAOS,80.0,26.0,WORKLOAD_STEP
2026-07-09 18:57:09.757466600+05:30,80.8,34,24.3,2571.01,63.64,201,304,CHAOS,80.0,26.0,WORKLOAD_STEP
2026-07-09 18:57:11.790159300+05:30,80.7,33,24.0,2641.33,63.64,201,304,CHAOS,80.0,26.0,WORKLOAD_STEP
2026-07-09 18:57:13.816952600+05:30,79.4,33,26.3,2611.2,63.63,201,304,CHAOS,80.0,26.0,WORKLOAD_STEP
2026-07-09 18:57:15.851830200+05:30,80.7,29,24.9,2641.32,63.62,201,304,CHAOS,80.0,26.0,WORKLOAD_STEP
2026-07-09 18:57:17.882938400+05:30,80.6,33,24.4,2621.25,63.66,202,304,CHAOS,80.0,26.0,WORKLOAD_STEP
2026-07-09 18:57:19.912778700+05:30,25.3,48,25.1,2109.06,63.63,202,304,CHAOS,0.0,27.0,WORKLOAD_STEP
2026-07-09 18:57:21.934802800+05:30,2.5,49,7.7,2109.06,63.58,202,304,CHAOS,0.0,27.0,WORKLOAD_STEP
2026-07-09 18:57:23.960966900+05:30,2.0,50,5.1,2109.06,63.57,201,304,CHAOS,0.0,27.0,WORKLOAD_STEP
2026-07-09 18:57:25.984534+05:30,2.3,50,5.1,2109.06,63.55,201,304,CHAOS,0.0,27.0,WORKLOAD_STEP
2026-07-09 18:57:28.003875100+05:30,7.9,50,7.0,2109.06,63.55,201,304,CHAOS,0.0,27.0,WORKLOAD_STEP
2026-07-09 18:57:30.031513600+05:30,5.1,49,5.8,2109.06,63.55,201,304,CHAOS,0.0,27.0,WORKLOAD_STEP
2026-07-09 18:57:32.059949300+05:30,2.3,52,3.9,2109.06,63.55,201,304,CHAOS,0.0,27.0,WORKLOAD_STEP
2026-07-09 18:57:34.086830900+05:30,2.5,52,4.2,2109.06,63.56,201,304,CHAOS,0.0,27.0,WORKLOAD_STEP
2026-07-09 18:57:36.115510400+05:30,1.6,53,3.8,2109.06,63.55,201,304,CHAOS,0.0,27.0,WORKLOAD_STEP
2026-07-09 18:57:38.140451900+05:30,3.3,52,4.5,2109.06,63.55,201,304,CHAOS,0.0,27.0,WORKLOAD_STEP
2026-07-09 18:57:40.178400+05:30,0.7000000000000001,53,3.8,2109.06,63.58,201,304,CHAOS,0.0,27.0,WORKLOAD_STEP
2026-07-09 18:57:42.207152200+05:30,5.5,53,6.0,2340.05,63.58,201,304,CHAOS,0.0,27.0,WORKLOAD_STEP
2026-07-09 18:57:44.234268200+05:30,2.3,53,4.7,2109.06,63.55,201,304,CHAOS,0.0,27.0,WORKLOAD_STEP
2026-07-09 18:57:46.257809300+05:30,5.4,41,5.2,2530.88,63.55,205,304,CHAOS,0.0,27.0,WORKLOAD_STEP
2026-07-09 18:57:48.278057300+05:30,2.1,52,3.8,1958.41,63.54,205,304,CHAOS,0.0,27.0,WORKLOAD_STEP
2026-07-09 18:57:50.305870500+05:30,0.9,53,4.6,2119.1,63.61,205,304,CHAOS,0.0,27.0,WORKLOAD_STEP
2026-07-09 18:57:52.328593100+05:30,8.7,53,4.1,2109.06,63.54,205,304,CHAOS,0.0,27.0,WORKLOAD_STEP
2026-07-09 18:57:54.374999300+05:30,1.4,53,3.7,2109.06,63.55,205,304,CHAOS,0.0,27.0,WORKLOAD_STEP
2026-07-09 18:57:56.405015100+05:30,1.4,53,3.8,2109.06,63.53,205,304,CHAOS,0.0,27.0,WORKLOAD_STEP
2026-07-09 18:57:58.430966100+05:30,21.6,50,10.2,2199.45,63.63,205,304,CHAOS,20.0,28.0,WORKLOAD_STEP
2026-07-09 18:58:00.455954400+05:30,20.6,50,9.2,2309.92,63.6,205,304,CHAOS,20.0,28.0,WORKLOAD_STEP
2026-07-09 18:58:02.478502500+05:30,22.0,48,15.9,2802.04,63.63,205,304,CHAOS,20.0,28.0,WORKLOAD_STEP
2026-07-09 18:58:04.499423700+05:30,20.1,51,14.2,2651.38,63.62,205,304,CHAOS,20.0,28.0,WORKLOAD_STEP
2026-07-09 18:58:06.518978400+05:30,20.5,49,10.8,2550.95,63.63,203,304,CHAOS,20.0,28.0,WORKLOAD_STEP
2026-07-09 18:58:08.538283500+05:30,22.3,48,10.3,2078.92,63.62,203,304,CHAOS,20.0,28.0,WORKLOAD_STEP
2026-07-09 18:58:10.558017400+05:30,22.2,42,13.5,2591.14,63.61,203,304,CHAOS,20.0,28.0,WORKLOAD_STEP
2026-07-09 18:58:12.581334600+05:30,22.3,49,12.0,2972.78,63.58,203,304,CHAOS,20.0,28.0,WORKLOAD_STEP
2026-07-09 18:58:14.629214900+05:30,20.8,48,15.0,2691.56,63.57,203,304,CHAOS,20.0,28.0,WORKLOAD_STEP
2026-07-09 18:58:16.659824200+05:30,24.0,49,13.0,2571.04,63.61,204,304,CHAOS,20.0,28.0,WORKLOAD_STEP
2026-07-09 18:58:18.681786200+05:30,21.4,46,15.3,2751.81,63.64,208,304,CHAOS,20.0,28.0,WORKLOAD_STEP
2026-07-09 18:58:20.706114900+05:30,23.2,22,15.5,2591.13,63.8,208,306,CHAOS,20.0,28.0,WORKLOAD_STEP
2026-07-09 18:58:22.732396200+05:30,22.8,42,13.8,2249.67,63.64,207,304,CHAOS,20.0,28.0,WORKLOAD_STEP
2026-07-09 18:58:24.752762800+05:30,22.1,46,12.4,2651.4,63.62,207,304,CHAOS,20.0,28.0,WORKLOAD_STEP
2026-07-09 18:58:26.772572900+05:30,21.0,40,14.0,2510.79,63.59,207,304,CHAOS,20.0,28.0,WORKLOAD_STEP
2026-07-09 18:58:28.789909500+05:30,20.5,49,17.7,2711.65,63.59,207,304,CHAOS,20.0,28.0,WORKLOAD_STEP
2026-07-09 18:58:30.809760800+05:30,21.3,49,17.1,3203.76,63.64,210,304,CHAOS,20.0,28.0,WORKLOAD_STEP
2026-07-09 18:58:32.828312200+05:30,24.1,29,19.9,2651.4,63.68,210,304,CHAOS,20.0,28.0,WORKLOAD_STEP
2026-07-09 18:58:34.846331600+05:30,23.9,34,19.3,2792.0,63.6,210,304,CHAOS,20.0,28.0,WORKLOAD_STEP
2026-07-09 18:58:36.868080600+05:30,24.7,34,21.5,2892.43,63.58,207,304,CHAOS,20.0,28.0,WORKLOAD_STEP
2026-07-09 18:58:38.886224+05:30,20.7,41,20.3,3143.5,63.58,207,304,CHAOS,20.0,28.0,WORKLOAD_STEP
2026-07-09 18:58:40.907747+05:30,20.5,24,22.3,2872.34,63.57,207,304,CHAOS,20.0,28.0,WORKLOAD_STEP
2026-07-09 18:58:42.927552+05:30,22.5,29,22.2,2982.81,63.61,207,304,CHAOS,20.0,28.0,WORKLOAD_STEP
2026-07-09 18:58:44.946433300+05:30,20.9,37,21.2,2741.78,63.59,207,304,CHAOS,20.0,28.0,WORKLOAD_STEP
2026-07-09 18:58:46.964422+05:30,22.2,29,23.0,3083.23,63.56,207,304,CHAOS,20.0,28.0,WORKLOAD_STEP
2026-07-09 18:58:49.000316800+05:30,25.0,33,20.5,2892.42,63.56,205,304,CHAOS,20.0,28.0,WORKLOAD_STEP
2026-07-09 18:58:51.018832900+05:30,26.3,33,26.4,2651.37,63.59,205,304,CHAOS,20.0,28.0,WORKLOAD_STEP
2026-07-09 18:58:53.039183800+05:30,19.9,23,24.3,2812.06,63.56,205,304,CHAOS,20.0,28.0,WORKLOAD_STEP
2026-07-09 18:58:55.056472300+05:30,22.5,30,23.6,3444.78,63.59,205,304,CHAOS,20.0,28.0,WORKLOAD_STEP
2026-07-09 18:58:57.077766800+05:30,21.0,27,25.4,2350.1,63.6,205,304,CHAOS,20.0,28.0,WORKLOAD_STEP
2026-07-09 18:58:59.097756+05:30,21.5,36,25.1,2992.86,63.63,205,304,CHAOS,20.0,28.0,WORKLOAD_STEP
2026-07-09 18:59:01.117681500+05:30,20.4,34,25.5,3043.06,63.62,205,304,CHAOS,20.0,28.0,WORKLOAD_STEP
2026-07-09 18:59:03.136132600+05:30,21.8,33,26.0,3083.25,63.59,205,304,CHAOS,20.0,28.0,WORKLOAD_STEP
2026-07-09 18:59:05.154845+05:30,20.2,23,23.3,2932.6,63.58,205,304,CHAOS,20.0,28.0,WORKLOAD_STEP
2026-07-09 18:59:07.173261+05:30,20.5,23,26.6,3083.24,63.58,205,304,CHAOS,20.0,28.0,WORKLOAD_STEP
2026-07-09 18:59:09.194243+05:30,23.1,32,25.5,2902.48,63.56,205,304,CHAOS,20.0,28.0,WORKLOAD_STEP
2026-07-09 18:59:11.214484300+05:30,21.1,19,27.0,2872.33,63.59,205,304,CHAOS,20.0,28.0,WORKLOAD_STEP
2026-07-09 18:59:13.235631900+05:30,20.5,21,24.8,3022.98,63.56,205,304,CHAOS,20.0,28.0,WORKLOAD_STEP
2026-07-09 18:59:15.253232500+05:30,20.7,18,22.8,3043.08,63.55,205,304,CHAOS,20.0,28.0,WORKLOAD_STEP
2026-07-09 18:59:17.271794800+05:30,20.6,23,24.3,3002.9,63.58,206,304,CHAOS,20.0,28.0,WORKLOAD_STEP
2026-07-09 18:59:19.288888600+05:30,21.1,22,23.8,2972.76,63.59,205,304,CHAOS,20.0,28.0,WORKLOAD_STEP
2026-07-09 18:59:21.322319100+05:30,24.0,30,25.3,2952.69,63.59,206,304,CHAOS,20.0,28.0,WORKLOAD_STEP
2026-07-09 18:59:23.341314+05:30,20.5,24,25.8,2992.86,63.65,205,304,CHAOS,20.0,28.0,WORKLOAD_STEP
2026-07-09 18:59:25.359168600+05:30,22.9,23,24.9,3223.83,63.65,205,304,CHAOS,20.0,28.0,WORKLOAD_STEP
2026-07-09 18:59:27.376316700+05:30,23.3,19,21.2,3123.41,63.64,206,306,CHAOS,20.0,28.0,WORKLOAD_STEP
2026-07-09 18:59:29.395050700+05:30,23.9,34,23.5,3073.21,63.67,207,307,CHAOS,20.0,28.0,WORKLOAD_STEP
2026-07-09 18:59:31.411853+05:30,21.0,27,24.4,2912.5,63.66,205,306,CHAOS,20.0,28.0,WORKLOAD_STEP
2026-07-09 18:59:33.430821600+05:30,22.9,22,23.4,3364.44,63.69,205,306,CHAOS,20.0,28.0,WORKLOAD_STEP
2026-07-09 18:59:35.450545100+05:30,20.5,34,25.2,2852.26,63.71,205,306,CHAOS,20.0,28.0,WORKLOAD_STEP
2026-07-09 18:59:37.468714800+05:30,22.1,29,23.3,2781.95,63.72,205,306,CHAOS,20.0,28.0,WORKLOAD_STEP
2026-07-09 18:59:39.488720300+05:30,22.3,26,27.1,2450.53,63.69,205,306,CHAOS,20.0,28.0,WORKLOAD_STEP
2026-07-09 18:59:41.506632600+05:30,21.7,34,25.1,2651.38,63.71,205,306,CHAOS,20.0,28.0,WORKLOAD_STEP
2026-07-09 18:59:43.523290400+05:30,20.7,24,24.1,2701.61,63.68,205,306,CHAOS,20.0,28.0,WORKLOAD_STEP
2026-07-09 18:59:45.544704900+05:30,21.2,34,25.0,2661.43,63.73,205,306,CHAOS,20.0,28.0,WORKLOAD_STEP
2026-07-09 18:59:47.562546500+05:30,21.8,34,26.9,2520.83,63.63,204,306,CHAOS,20.0,28.0,WORKLOAD_STEP
2026-07-09 18:59:49.581953300+05:30,22.1,23,24.0,2711.65,63.63,204,306,CHAOS,20.0,28.0,WORKLOAD_STEP
2026-07-09 18:59:51.600979600+05:30,24.0,27,26.4,2952.7,63.64,202,306,CHAOS,20.0,28.0,WORKLOAD_STEP
2026-07-09 18:59:53.618991200+05:30,22.8,34,19.9,2802.03,63.61,202,306,CHAOS,20.0,28.0,WORKLOAD_STEP
2026-07-09 18:59:55.656366500+05:30,22.7,34,23.0,3314.23,63.65,202,306,CHAOS,20.0,28.0,WORKLOAD_STEP
2026-07-09 18:59:57.673892300+05:30,23.1,37,20.7,2952.7,63.64,200,306,CHAOS,20.0,28.0,WORKLOAD_STEP
2026-07-09 18:59:59.691603900+05:30,22.7,36,22.1,2812.08,63.57,200,305,CHAOS,20.0,28.0,WORKLOAD_STEP
2026-07-09 19:00:01.709840700+05:30,20.3,36,22.0,2711.65,63.57,200,305,CHAOS,20.0,28.0,WORKLOAD_STEP
2026-07-09 19:00:03.728404500+05:30,22.0,22,21.0,2792.0,63.57,200,305,CHAOS,20.0,28.0,WORKLOAD_STEP
2026-07-09 19:00:05.755938500+05:30,21.4,23,22.6,2962.73,63.57,200,305,CHAOS,20.0,28.0,WORKLOAD_STEP
2026-07-09 19:00:07.778345400+05:30,23.4,29,21.9,2952.67,63.56,202,304,CHAOS,20.0,28.0,WORKLOAD_STEP
2026-07-09 19:00:09.799697+05:30,20.5,30,21.9,3033.03,63.58,202,304,CHAOS,20.0,28.0,WORKLOAD_STEP
2026-07-09 19:00:11.820475200+05:30,21.5,30,22.5,2842.2,63.65,202,304,CHAOS,20.0,28.0,WORKLOAD_STEP
2026-07-09 19:00:13.838640+05:30,20.2,23,23.1,2832.17,63.64,202,304,CHAOS,20.0,28.0,WORKLOAD_STEP
2026-07-09 19:00:15.856853600+05:30,21.0,29,22.2,2932.6,63.63,202,304,CHAOS,20.0,28.0,WORKLOAD_STEP
2026-07-09 19:00:17.875786500+05:30,20.1,33,24.6,3002.91,63.6,203,304,CHAOS,20.0,28.0,WORKLOAD_STEP
2026-07-09 19:00:19.892940700+05:30,21.3,33,19.4,2611.21,63.59,203,304,CHAOS,20.0,28.0,WORKLOAD_STEP
2026-07-09 19:00:21.913488800+05:30,25.1,26,21.5,3193.72,63.57,203,304,CHAOS,20.0,28.0,WORKLOAD_STEP
2026-07-09 19:00:23.930240700+05:30,21.4,24,21.3,3354.4,63.56,202,304,CHAOS,20.0,28.0,WORKLOAD_STEP
2026-07-09 19:00:25.948102+05:30,20.2,27,22.3,3103.33,63.55,201,304,CHAOS,20.0,28.0,WORKLOAD_STEP
2026-07-09 19:00:27.965581500+05:30,21.4,21,25.0,2992.87,63.58,201,304,CHAOS,20.0,28.0,WORKLOAD_STEP
2026-07-09 19:00:30.000879900+05:30,20.2,30,21.9,2771.92,63.56,201,304,CHAOS,20.0,28.0,WORKLOAD_STEP
2026-07-09 19:00:32.021866600+05:30,20.3,21,25.5,2922.56,63.55,204,304,CHAOS,20.0,28.0,WORKLOAD_STEP
2026-07-09 19:00:34.041426600+05:30,22.2,23,24.2,3304.19,63.56,204,304,CHAOS,20.0,28.0,WORKLOAD_STEP
2026-07-09 19:00:36.061098700+05:30,20.9,22,23.1,2942.63,63.55,201,304,CHAOS,20.0,28.0,WORKLOAD_STEP
2026-07-09 19:00:38.082280500+05:30,23.3,32,22.1,2781.96,63.55,201,304,CHAOS,20.0,28.0,WORKLOAD_STEP
2026-07-09 19:00:40.103126100+05:30,20.4,23,20.7,3183.67,63.55,201,304,CHAOS,20.0,28.0,WORKLOAD_STEP
2026-07-09 19:00:42.125393300+05:30,25.2,19,22.2,2530.87,63.59,201,304,CHAOS,20.0,28.0,WORKLOAD_STEP
2026-07-09 19:00:44.143997600+05:30,20.9,30,22.4,3063.16,63.57,201,304,CHAOS,20.0,28.0,WORKLOAD_STEP
2026-07-09 19:00:46.162336600+05:30,27.2,30,23.3,2882.37,63.54,201,304,CHAOS,20.0,28.0,WORKLOAD_STEP
2026-07-09 19:00:48.183734700+05:30,30.2,24,21.4,2761.85,63.85,202,307,CHAOS,20.0,28.0,WORKLOAD_STEP
2026-07-09 19:00:50.203518700+05:30,24.5,36,23.2,3002.88,63.73,201,307,CHAOS,20.0,28.0,WORKLOAD_STEP
2026-07-09 19:00:52.220863900+05:30,24.4,23,24.6,2912.51,63.72,201,307,CHAOS,20.0,28.0,WORKLOAD_STEP
2026-07-09 19:00:54.241402500+05:30,20.8,22,20.8,2942.64,63.74,201,307,CHAOS,20.0,28.0,WORKLOAD_STEP
2026-07-09 19:00:56.258874+05:30,21.4,23,22.5,3083.23,63.72,201,307,CHAOS,20.0,28.0,WORKLOAD_STEP
2026-07-09 19:00:58.277442800+05:30,21.5,27,21.7,3253.97,63.71,201,307,CHAOS,20.0,28.0,WORKLOAD_STEP
2026-07-09 19:01:00.295282300+05:30,23.8,36,24.1,2812.07,63.7,201,307,CHAOS,20.0,28.0,WORKLOAD_STEP
2026-07-09 19:01:02.315022+05:30,22.1,19,21.6,3223.84,63.76,202,307,CHAOS,20.0,28.0,WORKLOAD_STEP
2026-07-09 19:01:04.350942500+05:30,26.8,36,22.3,2932.61,63.73,202,307,CHAOS,30.0,29.0,WORKLOAD_STEP
2026-07-09 19:01:06.371130900+05:30,31.9,42,12.9,2540.92,63.8,204,307,CHAOS,30.0,29.0,WORKLOAD_STEP
2026-07-09 19:01:08.390071+05:30,31.9,40,13.2,2430.44,63.78,204,307,CHAOS,30.0,29.0,WORKLOAD_STEP
2026-07-09 19:01:10.408975200+05:30,30.3,41,16.2,2530.88,63.76,204,307,CHAOS,30.0,29.0,WORKLOAD_STEP
2026-07-09 19:01:12.428960200+05:30,33.3,36,22.1,2390.26,63.8,204,307,CHAOS,30.0,29.0,WORKLOAD_STEP
2026-07-09 19:01:14.447327600+05:30,31.5,33,21.3,2691.55,63.79,204,307,CHAOS,30.0,29.0,WORKLOAD_STEP
2026-07-09 19:01:16.465706500+05:30,33.3,39,19.8,2802.02,63.79,204,307,CHAOS,30.0,29.0,WORKLOAD_STEP
2026-07-09 19:01:18.483147800+05:30,30.8,27,23.1,2771.92,63.7,204,306,CHAOS,30.0,29.0,WORKLOAD_STEP
2026-07-09 19:01:20.501752200+05:30,32.8,26,24.9,3063.16,63.67,204,306,CHAOS,30.0,29.0,WORKLOAD_STEP
2026-07-09 19:01:22.521526+05:30,34.1,30,22.5,2922.54,63.69,204,306,CHAOS,30.0,29.0,WORKLOAD_STEP
2026-07-09 19:01:24.539263300+05:30,33.2,37,22.5,2611.21,63.74,204,306,CHAOS,30.0,29.0,WORKLOAD_STEP
2026-07-09 19:01:26.558110900+05:30,32.4,34,24.1,2781.94,63.73,204,306,CHAOS,30.0,29.0,WORKLOAD_STEP
2026-07-09 19:01:28.577717+05:30,32.8,21,24.5,2912.51,63.72,204,306,CHAOS,30.0,29.0,WORKLOAD_STEP
2026-07-09 19:01:30.595972+05:30,31.1,26,23.7,2771.89,63.68,204,306,CHAOS,30.0,29.0,WORKLOAD_STEP
2026-07-09 19:01:32.614462400+05:30,31.4,32,22.7,2912.5,63.69,204,306,CHAOS,30.0,29.0,WORKLOAD_STEP
2026-07-09 19:01:34.634852100+05:30,30.9,29,21.5,2832.15,63.68,202,306,CHAOS,30.0,29.0,WORKLOAD_STEP
2026-07-09 19:01:36.667837400+05:30,33.0,29,23.4,3123.4,63.74,202,306,CHAOS,30.0,29.0,WORKLOAD_STEP
2026-07-09 19:01:38.693337100+05:30,31.1,32,21.8,3083.24,63.72,202,306,CHAOS,30.0,29.0,WORKLOAD_STEP
2026-07-09 19:01:40.720975500+05:30,31.5,30,24.8,2651.4,63.7,202,306,CHAOS,30.0,29.0,WORKLOAD_STEP
2026-07-09 19:01:42.747277700+05:30,30.9,36,23.2,3083.24,63.69,202,306,CHAOS,30.0,29.0,WORKLOAD_STEP
2026-07-09 19:01:44.788160700+05:30,31.6,37,23.4,2882.36,63.75,202,306,CHAOS,30.0,29.0,WORKLOAD_STEP
2026-07-09 19:01:46.817752300+05:30,31.7,33,21.6,2922.54,63.65,202,306,CHAOS,30.0,29.0,WORKLOAD_STEP
2026-07-09 19:01:48.840252700+05:30,30.9,27,22.8,2761.87,63.67,202,305,CHAOS,30.0,29.0,WORKLOAD_STEP
2026-07-09 19:01:50.861803400+05:30,35.0,36,23.5,2882.36,63.8,202,306,CHAOS,30.0,29.0,WORKLOAD_STEP
2026-07-09 19:01:52.891019300+05:30,33.5,30,23.8,3073.17,63.6,202,304,CHAOS,30.0,29.0,WORKLOAD_STEP
2026-07-09 19:01:54.912494200+05:30,32.3,33,25.2,2972.74,63.58,202,304,CHAOS,30.0,29.0,WORKLOAD_STEP
2026-07-09 19:01:56.936339100+05:30,32.4,30,24.7,3143.47,63.6,202,304,CHAOS,30.0,29.0,WORKLOAD_STEP
2026-07-09 19:01:58.955829100+05:30,30.6,29,22.9,2651.38,63.58,202,304,CHAOS,30.0,29.0,WORKLOAD_STEP
2026-07-09 19:02:00.975405400+05:30,30.9,29,24.2,2761.86,63.58,202,304,CHAOS,30.0,29.0,WORKLOAD_STEP
2026-07-09 19:02:02.997197200+05:30,31.6,30,22.4,2731.74,63.58,202,304,CHAOS,30.0,29.0,WORKLOAD_STEP
2026-07-09 19:02:05.018608600+05:30,30.9,32,22.2,2842.19,63.56,202,304,CHAOS,30.0,29.0,WORKLOAD_STEP
2026-07-09 19:02:07.038979100+05:30,34.9,27,23.1,2852.24,63.59,202,304,CHAOS,30.0,29.0,WORKLOAD_STEP
2026-07-09 19:02:09.061102900+05:30,31.8,34,22.9,2561.0,63.79,202,309,CHAOS,30.0,29.0,WORKLOAD_STEP
2026-07-09 19:02:11.114538100+05:30,46.9,32,23.0,3012.91,64.05,204,309,CHAOS,20.0,30.0,WORKLOAD_STEP
2026-07-09 19:02:13.144137500+05:30,21.2,45,8.2,2319.97,64.06,204,309,CHAOS,20.0,30.0,WORKLOAD_STEP
2026-07-09 19:02:15.164773400+05:30,29.2,40,11.7,2360.14,64.35,204,309,CHAOS,20.0,30.0,WORKLOAD_STEP
2026-07-09 19:02:17.184771600+05:30,23.1,43,9.2,2229.57,63.44,204,309,CHAOS,20.0,30.0,WORKLOAD_STEP
2026-07-09 19:02:19.204377+05:30,22.0,45,9.5,2370.18,63.45,204,309,CHAOS,20.0,30.0,WORKLOAD_STEP
2026-07-09 19:02:21.228069100+05:30,24.7,33,14.2,2450.52,63.49,204,309,CHAOS,20.0,30.0,WORKLOAD_STEP
2026-07-09 19:02:23.250020300+05:30,23.0,37,11.8,2229.58,63.55,204,309,CHAOS,20.0,30.0,WORKLOAD_STEP
2026-07-09 19:02:25.273492200+05:30,24.4,45,12.0,2319.97,63.39,203,309,CHAOS,20.0,30.0,WORKLOAD_STEP
2026-07-09 19:02:27.303385500+05:30,21.6,45,11.7,2390.28,63.34,204,309,CHAOS,20.0,30.0,WORKLOAD_STEP
2026-07-09 19:02:29.336356800+05:30,20.8,26,12.2,2360.14,62.83,203,309,CHAOS,20.0,30.0,WORKLOAD_STEP
2026-07-09 19:02:31.367893400+05:30,21.8,34,14.2,2601.18,62.83,206,309,CHAOS,20.0,30.0,WORKLOAD_STEP
2026-07-09 19:02:33.394012500+05:30,20.6,40,18.2,2922.55,62.86,206,309,CHAOS,20.0,30.0,WORKLOAD_STEP
2026-07-09 19:02:35.419674400+05:30,20.6,40,19.8,3043.07,62.88,203,310,CHAOS,20.0,30.0,WORKLOAD_STEP
2026-07-09 19:02:37.439710600+05:30,21.7,44,19.0,2711.64,62.89,203,310,CHAOS,20.0,30.0,WORKLOAD_STEP
2026-07-09 19:02:39.459168+05:30,20.9,39,21.0,3555.26,62.87,203,310,CHAOS,20.0,30.0,WORKLOAD_STEP
2026-07-09 19:02:41.478055600+05:30,23.3,40,16.6,2822.12,62.87,203,310,CHAOS,20.0,30.0,WORKLOAD_STEP
2026-07-09 19:02:43.499339500+05:30,40.8,29,20.0,2520.83,62.93,203,310,CHAOS,40.0,31.0,WORKLOAD_STEP
2026-07-09 19:02:45.553199500+05:30,43.0,41,18.5,2842.22,62.95,203,310,CHAOS,40.0,31.0,WORKLOAD_STEP
2026-07-09 19:02:47.589218200+05:30,43.3,40,16.8,2621.26,63.0,203,310,CHAOS,40.0,31.0,WORKLOAD_STEP
2026-07-09 19:02:49.611863600+05:30,42.0,41,18.1,2912.51,63.0,203,310,CHAOS,40.0,31.0,WORKLOAD_STEP
2026-07-09 19:02:51.635789300+05:30,44.3,40,23.1,2561.01,63.06,203,310,CHAOS,40.0,31.0,WORKLOAD_STEP
2026-07-09 19:02:53.653348200+05:30,42.0,32,22.4,2571.04,63.04,203,310,CHAOS,40.0,31.0,WORKLOAD_STEP
2026-07-09 19:02:55.673446600+05:30,41.2,34,23.4,3223.85,63.02,203,310,CHAOS,40.0,31.0,WORKLOAD_STEP
2026-07-09 19:02:57.695078+05:30,45.9,34,22.7,3163.58,63.04,203,310,CHAOS,40.0,31.0,WORKLOAD_STEP
2026-07-09 19:02:59.714848400+05:30,43.0,30,25.7,3123.4,63.02,203,310,CHAOS,40.0,31.0,WORKLOAD_STEP
2026-07-09 19:03:01.732506400+05:30,41.6,27,23.5,2530.88,63.05,203,310,CHAOS,40.0,31.0,WORKLOAD_STEP
2026-07-09 19:03:03.752190700+05:30,40.5,33,23.8,2671.49,63.04,203,310,CHAOS,40.0,31.0,WORKLOAD_STEP
2026-07-09 19:03:05.768790200+05:30,41.8,39,23.6,2912.5,63.05,203,310,CHAOS,40.0,31.0,WORKLOAD_STEP
2026-07-09 19:03:07.788745100+05:30,41.6,27,23.1,2611.2,63.03,203,310,CHAOS,40.0,31.0,WORKLOAD_STEP
2026-07-09 19:03:09.809229200+05:30,41.3,22,24.1,2802.02,62.89,204,308,CHAOS,40.0,31.0,WORKLOAD_STEP
2026-07-09 19:03:11.827735400+05:30,41.3,33,25.4,2701.61,62.8,202,307,CHAOS,40.0,31.0,WORKLOAD_STEP
2026-07-09 19:03:13.851003400+05:30,43.3,33,24.1,2872.35,62.8,202,307,CHAOS,40.0,31.0,WORKLOAD_STEP
2026-07-09 19:03:15.874144+05:30,42.9,19,25.5,2791.98,62.8,202,307,CHAOS,40.0,31.0,WORKLOAD_STEP
2026-07-09 19:03:17.910976200+05:30,41.5,29,22.7,2852.25,62.8,202,307,CHAOS,40.0,31.0,WORKLOAD_STEP
2026-07-09 19:03:19.935341+05:30,45.0,33,24.3,2882.35,62.76,202,307,CHAOS,40.0,31.0,WORKLOAD_STEP
2026-07-09 19:03:21.969534900+05:30,45.2,34,23.1,2671.46,62.75,202,307,CHAOS,40.0,31.0,WORKLOAD_STEP
2026-07-09 19:03:23.998455500+05:30,46.2,33,24.7,2992.83,62.78,202,307,CHAOS,40.0,31.0,WORKLOAD_STEP
2026-07-09 19:03:26.022105+05:30,40.1,33,24.5,2852.24,62.79,202,307,CHAOS,40.0,31.0,WORKLOAD_STEP
2026-07-09 19:03:28.048963+05:30,42.8,33,25.4,2942.62,62.79,202,307,CHAOS,40.0,31.0,WORKLOAD_STEP
2026-07-09 19:03:30.076231100+05:30,40.6,32,25.4,2992.84,62.8,202,307,CHAOS,40.0,31.0,WORKLOAD_STEP
2026-07-09 19:03:32.100009400+05:30,41.7,29,25.2,2842.21,62.8,202,307,CHAOS,40.0,31.0,WORKLOAD_STEP
2026-07-09 19:03:34.126825900+05:30,40.8,32,23.2,2892.4,62.79,202,307,CHAOS,100.0,32.0,WORKLOAD_STEP
2026-07-09 19:03:36.182201400+05:30,71.8,34,25.7,2530.85,62.79,202,307,CHAOS,100.0,32.0,WORKLOAD_STEP
2026-07-09 19:03:38.259089800+05:30,100.0,34,25.1,2550.94,62.77,202,307,CHAOS,100.0,32.0,WORKLOAD_STEP
2026-07-09 19:03:40.335662500+05:30,100.0,33,26.7,2520.8,62.77,202,307,CHAOS,100.0,32.0,WORKLOAD_STEP
2026-07-09 19:03:42.394324+05:30,100.0,33,26.5,2540.88,62.73,202,306,CHAOS,100.0,32.0,WORKLOAD_STEP
2026-07-09 19:03:44.463734+05:30,100.0,34,26.4,2500.72,62.74,202,306,CHAOS,100.0,32.0,WORKLOAD_STEP
2026-07-09 19:03:46.495612900+05:30,100.0,33,25.8,2540.88,62.73,202,306,CHAOS,100.0,32.0,WORKLOAD_STEP
2026-07-09 19:03:48.573867800+05:30,100.0,33,24.6,2530.83,62.72,202,306,CHAOS,100.0,32.0,WORKLOAD_STEP
2026-07-09 19:03:50.755494300+05:30,100.0,34,24.9,2530.85,62.71,202,306,CHAOS,100.0,32.0,WORKLOAD_STEP
2026-07-09 19:03:52.829476300+05:30,100.0,33,25.4,2510.76,62.7,202,306,CHAOS,100.0,32.0,WORKLOAD_STEP
2026-07-09 19:03:54.889432900+05:30,100.0,33,26.2,2490.69,62.7,202,306,CHAOS,100.0,32.0,WORKLOAD_STEP
2026-07-09 19:03:56.946473+05:30,100.0,33,24.4,2510.75,62.7,204,306,CHAOS,100.0,32.0,WORKLOAD_STEP
2026-07-09 19:03:59.014937800+05:30,100.0,33,25.1,2540.88,62.71,206,307,CHAOS,100.0,32.0,WORKLOAD_STEP
2026-07-09 19:04:01.082109700+05:30,100.0,34,26.7,2520.8,62.72,206,307,CHAOS,100.0,32.0,WORKLOAD_STEP
2026-07-09 19:04:03.152899700+05:30,100.0,34,26.4,2540.89,62.72,206,307,CHAOS,100.0,32.0,WORKLOAD_STEP
2026-07-09 19:04:05.220895100+05:30,100.0,33,25.3,2500.71,62.71,206,307,CHAOS,100.0,32.0,WORKLOAD_STEP
2026-07-09 19:04:07.305986200+05:30,100.0,34,25.9,2540.89,62.72,206,307,CHAOS,100.0,32.0,WORKLOAD_STEP
2026-07-09 19:04:09.392344900+05:30,100.0,34,25.6,2540.88,62.72,206,307,CHAOS,100.0,32.0,WORKLOAD_STEP
2026-07-09 19:04:11.446683700+05:30,100.0,33,25.1,2520.8,62.72,206,307,CHAOS,100.0,32.0,WORKLOAD_STEP
2026-07-09 19:04:13.543092200+05:30,100.0,34,24.8,2550.92,62.72,206,307,CHAOS,100.0,32.0,WORKLOAD_STEP
2026-07-09 19:04:15.608946900+05:30,100.0,34,24.8,2510.76,62.72,206,307,CHAOS,100.0,32.0,WORKLOAD_STEP
2026-07-09 19:04:17.678688900+05:30,100.0,33,24.3,2490.68,62.72,206,307,CHAOS,100.0,32.0,WORKLOAD_STEP
2026-07-09 19:04:19.736628+05:30,100.0,33,26.0,2510.76,62.73,206,308,CHAOS,100.0,32.0,WORKLOAD_STEP
2026-07-09 19:04:21.802933700+05:30,100.0,33,25.2,2520.81,62.73,206,308,CHAOS,100.0,32.0,WORKLOAD_STEP
2026-07-09 19:04:23.881508+05:30,100.0,34,25.5,2520.8,62.74,206,308,CHAOS,100.0,32.0,WORKLOAD_STEP
2026-07-09 19:04:25.981097600+05:30,100.0,34,25.8,2530.85,62.73,204,308,CHAOS,100.0,32.0,WORKLOAD_STEP
2026-07-09 19:04:28.067823100+05:30,100.0,34,25.1,2520.8,62.75,202,308,CHAOS,100.0,32.0,WORKLOAD_STEP
2026-07-09 19:04:30.123465400+05:30,100.0,33,25.6,2530.85,62.74,202,308,CHAOS,100.0,32.0,WORKLOAD_STEP
2026-07-09 19:04:32.183910900+05:30,100.0,34,26.0,2540.88,62.75,205,308,CHAOS,100.0,32.0,WORKLOAD_STEP
2026-07-09 19:04:34.275024600+05:30,100.0,34,25.1,2530.84,62.74,205,309,CHAOS,100.0,32.0,WORKLOAD_STEP
2026-07-09 19:04:36.340878400+05:30,100.0,34,25.1,2510.76,62.74,202,309,CHAOS,100.0,32.0,WORKLOAD_STEP
2026-07-09 19:04:38.395806100+05:30,100.0,33,25.1,2540.88,62.75,202,309,CHAOS,100.0,32.0,WORKLOAD_STEP
2026-07-09 19:04:40.466845400+05:30,100.0,33,25.4,2571.02,62.75,202,309,CHAOS,100.0,32.0,WORKLOAD_STEP
2026-07-09 19:04:42.535450300+05:30,100.0,34,25.1,2520.81,62.75,202,309,CHAOS,100.0,32.0,WORKLOAD_STEP
2026-07-09 19:04:44.611818500+05:30,100.0,33,24.9,2510.76,62.75,202,310,CHAOS,100.0,32.0,WORKLOAD_STEP
2026-07-09 19:04:46.686594200+05:30,100.0,34,22.6,2490.69,62.75,202,310,CHAOS,100.0,32.0,WORKLOAD_STEP
2026-07-09 19:04:48.728825100+05:30,100.0,33,24.4,2490.68,62.98,206,310,CHAOS,100.0,32.0,WORKLOAD_STEP
2026-07-09 19:04:50.800041300+05:30,100.0,34,25.0,2480.63,63.0,206,310,CHAOS,100.0,32.0,WORKLOAD_STEP
2026-07-09 19:04:52.882373400+05:30,100.0,33,26.1,2520.8,63.0,206,310,CHAOS,100.0,32.0,WORKLOAD_STEP
2026-07-09 19:04:54.945990100+05:30,100.0,34,24.8,2510.76,63.01,206,310,CHAOS,100.0,32.0,WORKLOAD_STEP
2026-07-09 19:04:57.004634400+05:30,100.0,33,24.9,2550.92,63.0,206,309,CHAOS,100.0,32.0,WORKLOAD_STEP
2026-07-09 19:04:59.035382400+05:30,100.0,33,25.3,2510.76,63.38,206,312,CHAOS,100.0,32.0,WORKLOAD_STEP
2026-07-09 19:05:01.085363700+05:30,100.0,33,24.6,2520.8,63.46,206,312,CHAOS,100.0,32.0,WORKLOAD_STEP
2026-07-09 19:05:03.177650600+05:30,100.0,34,26.1,2500.72,63.39,206,311,CHAOS,100.0,32.0,WORKLOAD_STEP
2026-07-09 19:05:05.241895700+05:30,100.0,34,25.0,2510.76,63.36,205,310,CHAOS,100.0,32.0,WORKLOAD_STEP
2026-07-09 19:05:07.299842200+05:30,100.0,33,24.8,2520.8,63.36,205,310,CHAOS,100.0,32.0,WORKLOAD_STEP
2026-07-09 19:05:09.363765700+05:30,100.0,33,25.4,2520.79,63.34,205,309,CHAOS,100.0,32.0,WORKLOAD_STEP
2026-07-09 19:05:11.431435300+05:30,100.0,33,25.7,2490.69,63.34,204,309,CHAOS,100.0,32.0,WORKLOAD_STEP
2026-07-09 19:05:13.540889500+05:30,100.0,34,25.2,2530.84,63.34,204,309,CHAOS,100.0,32.0,WORKLOAD_STEP
2026-07-09 19:05:15.591163800+05:30,100.0,33,24.7,2510.76,63.34,204,309,CHAOS,100.0,32.0,WORKLOAD_STEP
2026-07-09 19:05:17.688732500+05:30,100.0,33,24.6,2500.72,63.34,204,309,CHAOS,100.0,32.0,WORKLOAD_STEP
2026-07-09 19:05:19.773183800+05:30,100.0,33,26.8,2530.84,63.34,204,309,CHAOS,100.0,32.0,WORKLOAD_STEP
2026-07-09 19:05:21.853533+05:30,100.0,33,24.0,2520.8,63.32,203,309,CHAOS,100.0,32.0,WORKLOAD_STEP
2026-07-09 19:05:23.920798700+05:30,100.0,33,25.6,2510.76,63.32,203,311,CHAOS,100.0,32.0,WORKLOAD_STEP
2026-07-09 19:05:25.995841+05:30,100.0,34,25.6,2480.64,63.33,203,308,CHAOS,0.0,33.0,WORKLOAD_STEP
2026-07-09 19:05:28.046774300+05:30,3.0,49,4.8,2109.06,63.29,203,308,CHAOS,0.0,33.0,WORKLOAD_STEP
2026-07-09 19:05:30.070676400+05:30,6.1,48,5.2,2109.06,62.97,203,306,CHAOS,0.0,33.0,WORKLOAD_STEP
2026-07-09 19:05:32.097511300+05:30,1.8,50,4.1,2109.06,62.97,203,306,CHAOS,0.0,33.0,WORKLOAD_STEP
2026-07-09 19:05:34.118931300+05:30,3.4,50,5.0,2109.06,62.99,203,306,CHAOS,0.0,33.0,WORKLOAD_STEP
2026-07-09 19:05:36.160903500+05:30,1.6,50,4.2,2109.06,62.99,203,306,CHAOS,0.0,33.0,WORKLOAD_STEP
2026-07-09 19:05:38.189969500+05:30,3.5,52,5.0,2109.06,63.0,203,306,CHAOS,0.0,33.0,WORKLOAD_STEP
2026-07-09 19:05:40.217063600+05:30,1.7,52,4.2,2109.06,63.0,203,306,CHAOS,0.0,33.0,WORKLOAD_STEP
2026-07-09 19:05:42.244811900+05:30,3.1,52,4.4,2119.09,63.01,203,306,CHAOS,0.0,33.0,WORKLOAD_STEP
2026-07-09 19:05:44.271498300+05:30,1.4,52,4.1,2109.06,63.0,203,306,CHAOS,0.0,33.0,WORKLOAD_STEP
2026-07-09 19:05:46.298494700+05:30,1.8,50,4.2,2109.06,63.04,204,306,CHAOS,0.0,33.0,WORKLOAD_STEP
2026-07-09 19:05:48.325630700+05:30,2.3,53,4.1,2109.06,63.03,204,306,CHAOS,0.0,33.0,WORKLOAD_STEP
2026-07-09 19:05:50.353777300+05:30,3.7,53,4.4,2008.62,63.06,204,306,CHAOS,0.0,33.0,WORKLOAD_STEP
2026-07-09 19:05:52.383120500+05:30,2.2,53,4.3,2109.06,63.04,204,306,CHAOS,0.0,33.0,WORKLOAD_STEP
2026-07-09 19:05:54.416113700+05:30,2.0,56,4.2,2109.06,63.07,204,306,CHAOS,20.0,34.0,WORKLOAD_STEP
2026-07-09 19:05:56.452198700+05:30,23.6,48,8.0,2109.06,63.05,204,306,CHAOS,20.0,34.0,WORKLOAD_STEP
2026-07-09 19:05:58.478712300+05:30,24.1,39,11.0,2390.27,63.11,204,306,CHAOS,20.0,34.0,WORKLOAD_STEP
2026-07-09 19:06:00.503419700+05:30,24.4,48,9.3,2109.06,63.15,204,306,CHAOS,20.0,34.0,WORKLOAD_STEP
2026-07-09 19:06:02.523109500+05:30,20.3,45,12.1,2269.75,63.15,205,306,CHAOS,20.0,34.0,WORKLOAD_STEP
2026-07-09 19:06:04.542834700+05:30,23.3,46,14.3,2530.88,63.15,205,306,CHAOS,20.0,34.0,WORKLOAD_STEP
2026-07-09 19:06:06.569010500+05:30,20.6,26,18.1,2691.56,63.14,205,306,CHAOS,20.0,34.0,WORKLOAD_STEP
2026-07-09 19:06:08.599117+05:30,22.9,43,16.0,2340.06,63.11,205,306,CHAOS,20.0,34.0,WORKLOAD_STEP
2026-07-09 19:06:10.622748500+05:30,21.4,42,18.6,3193.69,63.09,204,306,CHAOS,20.0,34.0,WORKLOAD_STEP
2026-07-09 19:06:12.644850100+05:30,19.6,41,18.9,3193.72,63.1,204,306,CHAOS,20.0,34.0,WORKLOAD_STEP
2026-07-09 19:06:14.675088600+05:30,23.0,36,20.8,2952.68,63.13,204,306,CHAOS,20.0,34.0,WORKLOAD_STEP
2026-07-09 19:06:16.696988+05:30,26.5,39,20.1,3284.12,63.18,204,307,CHAOS,20.0,34.0,WORKLOAD_STEP
2026-07-09 19:06:18.724189600+05:30,22.4,51,16.5,3022.98,63.17,204,306,CHAOS,20.0,34.0,WORKLOAD_STEP
2026-07-09 19:06:20.747526100+05:30,22.5,41,16.3,2430.44,63.15,204,306,CHAOS,20.0,34.0,WORKLOAD_STEP
2026-07-09 19:06:22.772386900+05:30,21.8,30,19.2,3213.8,63.12,204,306,CHAOS,20.0,34.0,WORKLOAD_STEP
2026-07-09 19:06:24.792900800+05:30,22.5,32,20.9,3213.81,63.11,204,306,CHAOS,20.0,34.0,WORKLOAD_STEP
2026-07-09 19:06:26.811143200+05:30,29.8,43,21.8,2922.57,63.16,204,306,CHAOS,30.0,35.0,WORKLOAD_STEP
2026-07-09 19:06:28.840636+05:30,37.2,45,16.9,2761.85,63.1,204,306,CHAOS,30.0,35.0,WORKLOAD_STEP
2026-07-09 19:06:30.875826+05:30,32.0,46,18.4,2370.17,63.09,207,306,CHAOS,30.0,35.0,WORKLOAD_STEP
2026-07-09 19:06:32.905232100+05:30,33.6,43,14.5,2571.04,63.17,209,306,CHAOS,30.0,35.0,WORKLOAD_STEP
2026-07-09 19:06:34.928561200+05:30,32.7,33,20.0,3073.19,63.17,209,306,CHAOS,30.0,35.0,WORKLOAD_STEP
2026-07-09 19:06:36.952600400+05:30,31.7,40,21.6,3223.85,63.23,206,306,CHAOS,30.0,35.0,WORKLOAD_STEP
2026-07-09 19:06:38.972267200+05:30,32.5,33,25.1,3002.9,63.13,206,306,CHAOS,30.0,35.0,WORKLOAD_STEP
2026-07-09 19:06:40.995326400+05:30,30.6,39,23.2,2912.49,63.12,206,306,CHAOS,30.0,35.0,WORKLOAD_STEP
2026-07-09 19:06:43.028906600+05:30,30.5,30,21.8,3274.06,63.15,206,306,CHAOS,30.0,35.0,WORKLOAD_STEP
2026-07-09 19:06:45.046549900+05:30,30.7,32,23.1,3033.04,63.15,206,306,CHAOS,30.0,35.0,WORKLOAD_STEP
2026-07-09 19:06:47.064543300+05:30,35.4,32,25.2,3123.39,63.27,207,309,CHAOS,30.0,35.0,WORKLOAD_STEP
2026-07-09 19:06:49.083604700+05:30,23.8,44,25.1,2109.06,63.21,206,308,CHAOS,20.0,36.0,WORKLOAD_STEP
2026-07-09 19:06:51.111344500+05:30,22.0,34,8.8,2109.06,63.18,206,308,CHAOS,20.0,36.0,WORKLOAD_STEP
2026-07-09 19:06:53.138766200+05:30,20.9,47,9.2,2591.14,63.24,206,308,CHAOS,20.0,36.0,WORKLOAD_STEP
2026-07-09 19:06:55.164975+05:30,20.3,44,11.4,2319.97,63.23,206,308,CHAOS,20.0,36.0,WORKLOAD_STEP
2026-07-09 19:06:57.198635500+05:30,23.0,51,10.4,2350.1,63.23,206,308,CHAOS,20.0,36.0,WORKLOAD_STEP
2026-07-09 19:06:59.229731500+05:30,24.3,45,15.7,2430.44,63.26,206,308,CHAOS,20.0,36.0,WORKLOAD_STEP
2026-07-09 19:07:01.252739200+05:30,20.8,46,13.6,2621.26,63.24,206,308,CHAOS,20.0,36.0,WORKLOAD_STEP
2026-07-09 19:07:03.272754200+05:30,23.3,43,14.2,2480.65,63.24,204,308,CHAOS,20.0,36.0,WORKLOAD_STEP
2026-07-09 19:07:05.292076+05:30,21.9,23,15.9,2691.56,63.23,203,308,CHAOS,20.0,36.0,WORKLOAD_STEP
2026-07-09 19:07:07.310268800+05:30,25.0,45,13.2,2400.32,63.23,203,308,CHAOS,20.0,36.0,WORKLOAD_STEP
2026-07-09 19:07:09.330098500+05:30,20.0,42,16.0,2962.74,63.22,202,308,CHAOS,20.0,36.0,WORKLOAD_STEP
2026-07-09 19:07:11.348549100+05:30,22.8,41,21.4,3505.05,63.22,202,308,CHAOS,20.0,36.0,WORKLOAD_STEP
2026-07-09 19:07:13.368934+05:30,20.7,24,24.1,3023.0,63.2,202,308,CHAOS,20.0,36.0,WORKLOAD_STEP
2026-07-09 19:07:15.387758200+05:30,22.9,37,23.6,2942.64,63.19,202,308,CHAOS,20.0,36.0,WORKLOAD_STEP
2026-07-09 19:07:17.419067500+05:30,20.7,26,21.3,3123.41,63.15,202,307,CHAOS,20.0,36.0,WORKLOAD_STEP
2026-07-09 19:07:19.438062+05:30,21.2,37,20.0,2792.0,63.25,202,307,CHAOS,20.0,36.0,WORKLOAD_STEP
2026-07-09 19:07:21.467939300+05:30,26.6,39,22.7,3063.16,63.17,202,307,CHAOS,20.0,36.0,WORKLOAD_STEP
2026-07-09 19:07:23.485852700+05:30,24.3,40,24.2,3083.25,63.17,202,307,CHAOS,20.0,36.0,WORKLOAD_STEP
2026-07-09 19:07:25.503600400+05:30,22.7,30,21.9,3113.38,63.14,202,307,CHAOS,20.0,36.0,WORKLOAD_STEP
2026-07-09 19:07:27.522960100+05:30,21.4,37,19.5,3103.34,63.11,202,306,CHAOS,20.0,36.0,WORKLOAD_STEP
2026-07-09 19:07:29.544964500+05:30,20.7,27,18.0,2872.34,63.17,202,306,CHAOS,20.0,36.0,WORKLOAD_STEP
2026-07-09 19:07:31.569950600+05:30,20.8,22,22.2,2932.61,63.18,202,306,CHAOS,20.0,36.0,WORKLOAD_STEP
2026-07-09 19:07:33.589239600+05:30,20.9,40,18.4,2952.68,63.18,203,306,CHAOS,20.0,36.0,WORKLOAD_STEP
2026-07-09 19:07:35.611994300+05:30,21.0,37,19.7,3193.71,63.16,204,306,CHAOS,20.0,36.0,WORKLOAD_STEP
2026-07-09 19:07:37.630741400+05:30,24.6,40,21.0,3083.23,63.14,204,306,CHAOS,20.0,36.0,WORKLOAD_STEP
2026-07-09 19:07:39.659208+05:30,25.1,37,20.1,2480.65,63.12,204,306,CHAOS,20.0,36.0,WORKLOAD_STEP
2026-07-09 19:07:41.682481900+05:30,22.3,26,19.2,2691.56,63.14,204,306,CHAOS,20.0,36.0,WORKLOAD_STEP
2026-07-09 19:07:43.704920200+05:30,70.8,33,27.3,2791.96,63.18,204,306,CHAOS,70.0,37.0,WORKLOAD_STEP
2026-07-09 19:07:45.730511500+05:30,71.1,32,23.9,2621.24,63.17,204,306,CHAOS,70.0,37.0,WORKLOAD_STEP
2026-07-09 19:07:47.762154500+05:30,70.1,33,26.0,2651.36,63.18,204,306,CHAOS,70.0,37.0,WORKLOAD_STEP
2026-07-09 19:07:49.811095500+05:30,72.8,33,26.0,2651.37,63.18,204,306,CHAOS,70.0,37.0,WORKLOAD_STEP
2026-07-09 19:07:51.838735600+05:30,70.6,32,25.3,2661.42,63.18,204,306,CHAOS,70.0,37.0,WORKLOAD_STEP
2026-07-09 19:07:53.868124700+05:30,71.2,33,26.0,2751.81,63.18,204,306,CHAOS,70.0,37.0,WORKLOAD_STEP
2026-07-09 19:07:55.893787200+05:30,69.9,33,24.0,2761.83,63.18,204,306,CHAOS,70.0,37.0,WORKLOAD_STEP
2026-07-09 19:07:57.921075600+05:30,70.3,34,23.2,2631.28,63.27,204,308,CHAOS,70.0,37.0,WORKLOAD_STEP
2026-07-09 19:07:59.957627200+05:30,70.0,33,26.0,2812.06,63.2,204,306,CHAOS,70.0,37.0,WORKLOAD_STEP
2026-07-09 19:08:01.992151400+05:30,70.0,34,25.7,2751.8,63.21,204,306,CHAOS,70.0,37.0,WORKLOAD_STEP
2026-07-09 19:08:04.023919+05:30,72.4,33,26.5,2781.94,63.19,204,306,CHAOS,70.0,37.0,WORKLOAD_STEP
2026-07-09 19:08:06.048009300+05:30,70.9,33,26.6,2691.53,63.26,204,306,CHAOS,70.0,37.0,WORKLOAD_STEP
2026-07-09 19:08:08.079709600+05:30,70.5,36,24.9,2671.45,63.19,204,306,CHAOS,70.0,37.0,WORKLOAD_STEP
2026-07-09 19:08:10.110267600+05:30,71.2,27,23.8,2591.11,63.18,204,306,CHAOS,70.0,37.0,WORKLOAD_STEP
2026-07-09 19:08:12.142188800+05:30,73.1,32,23.8,2731.72,63.15,204,305,CHAOS,70.0,37.0,WORKLOAD_STEP
2026-07-09 19:08:14.171328+05:30,73.6,33,23.8,2661.41,63.15,204,305,CHAOS,70.0,37.0,WORKLOAD_STEP
2026-07-09 19:08:16.205382100+05:30,72.0,33,23.1,2701.59,63.14,204,305,CHAOS,70.0,37.0,WORKLOAD_STEP
2026-07-09 19:08:18.232171200+05:30,71.3,36,23.5,2721.68,63.15,204,305,CHAOS,70.0,37.0,WORKLOAD_STEP
2026-07-09 19:08:20.262546600+05:30,74.9,32,23.7,2701.58,63.16,204,305,CHAOS,70.0,37.0,WORKLOAD_STEP
2026-07-09 19:08:22.293291600+05:30,70.5,30,26.7,2711.63,63.16,204,305,CHAOS,70.0,37.0,WORKLOAD_STEP
2026-07-09 19:08:24.343529+05:30,72.6,32,26.0,2731.72,63.16,204,305,CHAOS,70.0,37.0,WORKLOAD_STEP
2026-07-09 19:08:26.373685200+05:30,70.7,33,26.8,2691.54,63.15,204,305,CHAOS,70.0,37.0,WORKLOAD_STEP
2026-07-09 19:08:28.399025700+05:30,78.4,32,24.8,2651.39,63.41,204,307,CHAOS,70.0,37.0,WORKLOAD_STEP
2026-07-09 19:08:30.428452800+05:30,76.9,33,24.8,2571.02,63.16,207,305,CHAOS,70.0,37.0,WORKLOAD_STEP
2026-07-09 19:08:32.459787900+05:30,74.6,34,24.7,2731.73,63.15,205,305,CHAOS,70.0,37.0,WORKLOAD_STEP
2026-07-09 19:08:34.486845+05:30,71.9,34,24.7,2691.53,63.15,205,305,CHAOS,70.0,37.0,WORKLOAD_STEP
2026-07-09 19:08:36.515938600+05:30,70.6,32,23.8,2581.07,63.15,202,305,CHAOS,70.0,37.0,WORKLOAD_STEP
2026-07-09 19:08:38.544794500+05:30,71.3,33,22.8,2651.37,63.15,202,305,CHAOS,70.0,37.0,WORKLOAD_STEP
2026-07-09 19:08:40.575482300+05:30,70.8,33,24.2,2621.23,63.15,202,305,CHAOS,70.0,37.0,WORKLOAD_STEP
2026-07-09 19:08:42.607056+05:30,73.7,33,26.2,2591.11,63.13,202,305,CHAOS,70.0,37.0,WORKLOAD_STEP
2026-07-09 19:08:44.643891300+05:30,72.0,33,24.1,2611.2,63.14,202,305,CHAOS,80.0,38.0,WORKLOAD_STEP
2026-07-09 19:08:46.703812100+05:30,80.8,33,23.4,2581.06,63.13,202,305,CHAOS,80.0,38.0,WORKLOAD_STEP
2026-07-09 19:08:48.732640700+05:30,82.5,33,24.8,2560.99,63.14,202,305,CHAOS,80.0,38.0,WORKLOAD_STEP
2026-07-09 19:08:50.757996100+05:30,80.9,32,25.5,2711.63,63.13,202,305,CHAOS,80.0,38.0,WORKLOAD_STEP
2026-07-09 19:08:52.793568300+05:30,81.2,33,24.5,2581.08,63.14,202,305,CHAOS,80.0,38.0,WORKLOAD_STEP
2026-07-09 19:08:54.828809800+05:30,80.4,32,24.6,2621.24,63.13,202,305,CHAOS,80.0,38.0,WORKLOAD_STEP
2026-07-09 19:08:56.865169+05:30,81.9,34,23.2,2651.38,63.14,202,305,CHAOS,80.0,38.0,WORKLOAD_STEP
2026-07-09 19:08:58.912190800+05:30,85.8,36,24.1,2440.47,63.11,202,305,CHAOS,80.0,38.0,WORKLOAD_STEP
2026-07-09 19:09:00.945088100+05:30,81.7,33,24.5,2530.87,63.15,202,305,CHAOS,80.0,38.0,WORKLOAD_STEP
2026-07-09 19:09:02.973452900+05:30,80.2,34,24.3,2571.03,63.13,202,305,CHAOS,80.0,38.0,WORKLOAD_STEP
2026-07-09 19:09:05.007415+05:30,79.7,32,24.1,2651.36,63.13,202,305,CHAOS,80.0,38.0,WORKLOAD_STEP
2026-07-09 19:09:07.040313700+05:30,10.7,45,9.2,2530.88,63.11,202,305,CHAOS,10.0,39.0,WORKLOAD_STEP
2026-07-09 19:09:09.060043500+05:30,11.9,48,8.1,2109.06,63.09,202,305,CHAOS,10.0,39.0,WORKLOAD_STEP
2026-07-09 19:09:11.090597600+05:30,10.0,46,8.4,2219.53,63.08,202,305,CHAOS,10.0,39.0,WORKLOAD_STEP
2026-07-09 19:09:13.119213100+05:30,11.4,49,7.2,2560.99,63.12,202,305,CHAOS,10.0,39.0,WORKLOAD_STEP
2026-07-09 19:09:15.144979700+05:30,12.6,49,6.1,2199.45,63.13,202,305,CHAOS,10.0,39.0,WORKLOAD_STEP
2026-07-09 19:09:17.168785800+05:30,11.1,51,7.3,2109.06,63.11,206,305,CHAOS,10.0,39.0,WORKLOAD_STEP
2026-07-09 19:09:19.193839900+05:30,14.9,48,7.6,2289.84,63.13,206,305,CHAOS,10.0,39.0,WORKLOAD_STEP
2026-07-09 19:09:21.223037+05:30,10.2,46,7.9,2149.03,63.11,206,305,CHAOS,10.0,39.0,WORKLOAD_STEP
2026-07-09 19:09:23.249522500+05:30,14.1,46,8.2,2109.06,63.12,206,305,CHAOS,10.0,39.0,WORKLOAD_STEP
2026-07-09 19:09:25.275020700+05:30,10.9,46,10.2,2259.71,63.11,206,305,CHAOS,10.0,39.0,WORKLOAD_STEP
2026-07-09 19:09:27.303177700+05:30,13.1,45,10.8,2500.75,63.17,206,305,CHAOS,10.0,39.0,WORKLOAD_STEP
2026-07-09 19:09:29.321454300+05:30,13.8,34,12.3,2189.41,63.17,206,305,CHAOS,10.0,39.0,WORKLOAD_STEP
2026-07-09 19:09:31.345603300+05:30,11.6,46,9.9,2330.01,63.16,206,305,CHAOS,10.0,39.0,WORKLOAD_STEP
2026-07-09 19:09:33.374968900+05:30,14.6,48,12.7,2109.06,63.12,206,305,CHAOS,10.0,39.0,WORKLOAD_STEP
2026-07-09 19:09:35.398986100+05:30,13.5,46,15.2,2952.7,63.12,205,305,CHAOS,10.0,39.0,WORKLOAD_STEP
2026-07-09 19:09:37.427306800+05:30,12.9,46,11.4,2450.53,63.09,203,305,CHAOS,10.0,39.0,WORKLOAD_STEP
2026-07-09 19:09:39.455089+05:30,10.6,46,10.5,2279.79,63.16,203,305,CHAOS,10.0,39.0,WORKLOAD_STEP
2026-07-09 19:09:41.495112900+05:30,11.2,40,11.8,2330.01,63.13,203,305,CHAOS,10.0,39.0,WORKLOAD_STEP
2026-07-09 19:09:43.516098300+05:30,11.0,43,11.7,2340.06,63.14,203,305,CHAOS,10.0,39.0,WORKLOAD_STEP
2026-07-09 19:09:45.534765100+05:30,10.6,30,17.7,2842.21,63.15,201,305,CHAOS,70.0,40.0,WORKLOAD_STEP
2026-07-09 19:09:47.563977300+05:30,69.8,34,27.0,2611.19,63.15,201,305,CHAOS,70.0,40.0,WORKLOAD_STEP
2026-07-09 19:09:49.609129500+05:30,73.1,34,27.8,2912.48,63.15,201,305,CHAOS,70.0,40.0,WORKLOAD_STEP
2026-07-09 19:09:51.638182700+05:30,72.3,36,26.3,2872.34,63.15,201,305,CHAOS,70.0,40.0,WORKLOAD_STEP
2026-07-09 19:09:53.664459600+05:30,72.9,34,26.5,2842.19,63.15,201,305,CHAOS,70.0,40.0,WORKLOAD_STEP
2026-07-09 19:09:55.691423200+05:30,70.1,34,26.2,2731.72,63.15,201,305,CHAOS,70.0,40.0,WORKLOAD_STEP
2026-07-09 19:09:57.724036700+05:30,72.1,33,26.3,2781.93,63.13,201,305,CHAOS,70.0,40.0,WORKLOAD_STEP
2026-07-09 19:09:59.753658+05:30,73.1,36,25.9,2812.06,63.16,201,305,CHAOS,70.0,40.0,WORKLOAD_STEP
2026-07-09 19:10:01.782123800+05:30,73.1,33,26.1,2862.27,63.17,201,305,CHAOS,70.0,40.0,WORKLOAD_STEP
2026-07-09 19:10:03.812866600+05:30,70.5,34,24.8,2761.86,63.16,201,305,CHAOS,70.0,40.0,WORKLOAD_STEP
2026-07-09 19:10:05.853049900+05:30,72.7,33,26.1,2741.75,63.16,201,305,CHAOS,70.0,40.0,WORKLOAD_STEP
2026-07-09 19:10:07.885570400+05:30,69.7,34,25.7,2731.72,63.16,201,305,CHAOS,70.0,40.0,WORKLOAD_STEP
2026-07-09 19:10:09.915854800+05:30,73.7,33,23.9,2781.93,63.16,201,305,CHAOS,70.0,40.0,WORKLOAD_STEP
2026-07-09 19:10:11.947489100+05:30,71.6,33,27.2,2621.25,63.15,201,305,CHAOS,70.0,40.0,WORKLOAD_STEP
2026-07-09 19:10:13.977698500+05:30,72.8,36,26.9,2791.98,63.15,201,305,CHAOS,70.0,40.0,WORKLOAD_STEP
2026-07-09 19:10:16.006925800+05:30,70.0,36,26.5,2802.02,63.15,201,305,CHAOS,70.0,40.0,WORKLOAD_STEP
2026-07-09 19:10:18.034908600+05:30,70.6,33,24.9,2691.55,63.16,201,305,CHAOS,70.0,40.0,WORKLOAD_STEP
2026-07-09 19:10:20.062865300+05:30,70.2,33,25.9,2852.24,63.15,201,305,CHAOS,70.0,40.0,WORKLOAD_STEP
2026-07-09 19:10:22.096296600+05:30,70.1,36,28.1,2741.76,63.16,202,305,CHAOS,70.0,40.0,WORKLOAD_STEP
2026-07-09 19:10:24.124746500+05:30,71.3,32,23.9,2721.69,63.16,202,305,CHAOS,70.0,40.0,WORKLOAD_STEP
2026-07-09 19:10:26.155700400+05:30,70.4,33,28.6,2862.28,63.16,202,305,CHAOS,70.0,40.0,WORKLOAD_STEP
2026-07-09 19:10:28.184483+05:30,70.8,33,26.4,2701.58,63.41,202,307,CHAOS,70.0,40.0,WORKLOAD_STEP
2026-07-09 19:10:30.220390100+05:30,71.6,33,24.0,2832.15,63.21,205,305,CHAOS,70.0,40.0,WORKLOAD_STEP
2026-07-09 19:10:32.252028300+05:30,70.8,34,25.8,2731.73,63.21,205,305,CHAOS,70.0,40.0,WORKLOAD_STEP
2026-07-09 19:10:34.279401700+05:30,72.1,34,25.7,2721.68,63.21,205,305,CHAOS,70.0,40.0,WORKLOAD_STEP
2026-07-09 19:10:36.308307700+05:30,73.4,34,25.8,2721.67,63.2,202,305,CHAOS,70.0,40.0,WORKLOAD_STEP
2026-07-09 19:10:38.334657900+05:30,71.1,32,23.5,2781.94,63.19,202,305,CHAOS,70.0,40.0,WORKLOAD_STEP
2026-07-09 19:10:40.382272500+05:30,77.9,33,25.3,2651.38,62.94,202,305,CHAOS,70.0,40.0,WORKLOAD_STEP
2026-07-09 19:10:42.410009500+05:30,75.0,34,25.9,2671.47,62.44,202,305,CHAOS,70.0,40.0,WORKLOAD_STEP
2026-07-09 19:10:44.438322700+05:30,74.6,34,26.0,2671.48,62.48,202,305,CHAOS,70.0,40.0,WORKLOAD_STEP
2026-07-09 19:10:46.467173500+05:30,72.1,27,27.4,2711.64,62.48,202,305,CHAOS,70.0,40.0,WORKLOAD_STEP
2026-07-09 19:10:48.495560600+05:30,72.0,33,26.6,2721.68,62.48,202,305,CHAOS,70.0,40.0,WORKLOAD_STEP
2026-07-09 19:10:50.522505900+05:30,72.0,30,26.3,2781.93,62.48,202,305,CHAOS,70.0,40.0,WORKLOAD_STEP
2026-07-09 19:10:52.550048800+05:30,72.6,29,25.4,2751.81,62.48,201,305,CHAOS,70.0,40.0,WORKLOAD_STEP
2026-07-09 19:10:54.576699200+05:30,71.3,37,26.8,2641.33,62.48,201,305,CHAOS,70.0,40.0,WORKLOAD_STEP
2026-07-09 19:10:56.608979300+05:30,74.6,32,25.8,2661.4,62.51,201,305,CHAOS,70.0,40.0,WORKLOAD_STEP
2026-07-09 19:10:58.640940200+05:30,74.2,32,26.0,2631.29,62.52,201,305,CHAOS,70.0,40.0,WORKLOAD_STEP
2026-07-09 19:11:00.672477700+05:30,73.9,33,26.0,2611.19,62.59,201,305,CHAOS,70.0,40.0,WORKLOAD_STEP
2026-07-09 19:11:02.701363700+05:30,71.0,36,24.9,2771.88,62.59,201,305,CHAOS,70.0,40.0,WORKLOAD_STEP
2026-07-09 19:11:04.726934400+05:30,71.2,33,25.3,2771.89,62.58,201,305,CHAOS,70.0,40.0,WORKLOAD_STEP
2026-07-09 19:11:06.757004700+05:30,71.9,36,27.5,2681.51,62.59,201,305,CHAOS,70.0,40.0,WORKLOAD_STEP
2026-07-09 19:11:08.827862700+05:30,72.1,30,25.9,2671.46,62.58,201,305,CHAOS,70.0,40.0,WORKLOAD_STEP
2026-07-09 19:11:10.856237800+05:30,69.9,34,24.5,2721.69,62.58,201,305,CHAOS,70.0,40.0,WORKLOAD_STEP
2026-07-09 19:11:12.891211700+05:30,72.2,32,23.9,2681.51,62.59,201,305,CHAOS,70.0,40.0,WORKLOAD_STEP
2026-07-09 19:11:14.937861900+05:30,70.4,33,25.8,2601.16,62.59,201,305,CHAOS,70.0,40.0,WORKLOAD_STEP
2026-07-09 19:11:16.967891400+05:30,73.1,32,25.4,2611.2,62.58,201,305,CHAOS,70.0,40.0,WORKLOAD_STEP
2026-07-09 19:11:18.997426300+05:30,70.2,32,25.0,2661.41,62.58,201,305,CHAOS,70.0,40.0,WORKLOAD_STEP
2026-07-09 19:11:21.031802500+05:30,70.3,33,26.9,2530.85,62.58,201,305,CHAOS,70.0,40.0,WORKLOAD_STEP
2026-07-09 19:11:23.065102600+05:30,70.3,33,27.6,2711.62,62.58,201,305,CHAOS,70.0,40.0,WORKLOAD_STEP
2026-07-09 19:11:25.097432800+05:30,71.2,33,23.5,2661.42,62.58,201,305,CHAOS,70.0,40.0,WORKLOAD_STEP
2026-07-09 19:11:27.134626900+05:30,70.0,34,23.1,2711.62,62.58,201,305,CHAOS,70.0,40.0,WORKLOAD_STEP
2026-07-09 19:11:29.165577200+05:30,74.4,34,23.6,2661.42,62.53,201,305,CHAOS,70.0,40.0,WORKLOAD_STEP
2026-07-09 19:11:31.195151500+05:30,73.4,36,25.7,2701.58,62.6,201,305,CHAOS,70.0,40.0,WORKLOAD_STEP
2026-07-09 19:11:33.224605800+05:30,70.1,36,24.4,2691.53,62.6,202,305,CHAOS,70.0,40.0,WORKLOAD_STEP
2026-07-09 19:11:35.257416500+05:30,71.5,32,24.1,2671.45,62.6,202,305,CHAOS,70.0,40.0,WORKLOAD_STEP
2026-07-09 19:11:37.289307900+05:30,69.9,34,25.0,2721.67,62.6,202,305,CHAOS,70.0,40.0,WORKLOAD_STEP
2026-07-09 19:11:39.316449200+05:30,71.5,33,25.1,2781.94,62.57,202,305,CHAOS,70.0,40.0,WORKLOAD_STEP
2026-07-09 19:11:41.346447600+05:30,71.1,34,23.5,2802.03,62.59,202,305,CHAOS,70.0,40.0,WORKLOAD_STEP
2026-07-09 19:11:43.376451400+05:30,81.1,33,25.1,2701.59,62.59,202,305,CHAOS,70.0,40.0,WORKLOAD_STEP
2026-07-09 19:11:45.413682600+05:30,71.8,33,25.0,2691.56,62.59,202,305,CHAOS,70.0,40.0,WORKLOAD_STEP
2026-07-09 19:11:47.448681100+05:30,75.6,34,25.1,2711.62,62.59,202,305,CHAOS,70.0,40.0,WORKLOAD_STEP
2026-07-09 19:11:49.499496800+05:30,73.1,32,23.9,2560.98,62.58,202,305,CHAOS,70.0,40.0,WORKLOAD_STEP
2026-07-09 19:11:51.527006700+05:30,72.8,34,26.1,2731.71,62.58,204,305,CHAOS,70.0,40.0,WORKLOAD_STEP
2026-07-09 19:11:53.558199900+05:30,70.1,33,24.0,2731.73,62.58,204,305,CHAOS,70.0,40.0,WORKLOAD_STEP
2026-07-09 19:11:55.591253100+05:30,72.7,33,24.5,2681.51,62.58,204,305,CHAOS,70.0,40.0,WORKLOAD_STEP
2026-07-09 19:11:57.640718800+05:30,70.1,36,24.4,2751.81,62.6,204,305,CHAOS,70.0,40.0,WORKLOAD_STEP
2026-07-09 19:11:59.671523+05:30,74.8,34,23.2,2591.1,62.64,204,305,CHAOS,70.0,40.0,WORKLOAD_STEP
2026-07-09 19:12:01.703416500+05:30,72.8,33,24.6,2671.45,62.62,204,305,CHAOS,70.0,40.0,WORKLOAD_STEP
2026-07-09 19:12:03.737484600+05:30,71.9,30,26.1,2591.11,62.62,204,305,CHAOS,70.0,40.0,WORKLOAD_STEP
2026-07-09 19:12:05.767880900+05:30,72.3,33,24.0,2671.45,62.62,204,305,CHAOS,70.0,40.0,WORKLOAD_STEP
2026-07-09 19:12:07.795764900+05:30,70.6,33,24.0,2651.37,62.62,204,305,CHAOS,70.0,40.0,WORKLOAD_STEP
2026-07-09 19:12:09.826923500+05:30,72.0,33,24.4,2731.72,62.62,204,305,CHAOS,70.0,40.0,WORKLOAD_STEP
2026-07-09 19:12:11.859946500+05:30,71.0,30,25.1,2651.38,62.62,204,305,CHAOS,70.0,40.0,WORKLOAD_STEP
2026-07-09 19:12:13.897424100+05:30,73.3,34,25.8,2631.3,62.61,204,305,CHAOS,70.0,40.0,WORKLOAD_STEP
2026-07-09 19:12:15.927459+05:30,70.8,29,25.2,2681.5,62.67,204,305,CHAOS,70.0,40.0,WORKLOAD_STEP
2026-07-09 19:12:17.957299100+05:30,70.9,34,24.3,2681.51,62.62,206,305,CHAOS,70.0,40.0,WORKLOAD_STEP
2026-07-09 19:12:19.983155200+05:30,70.9,34,23.8,2641.33,62.61,206,305,CHAOS,70.0,40.0,WORKLOAD_STEP
2026-07-09 19:12:22.023665900+05:30,71.0,34,25.6,2571.03,62.61,204,305,CHAOS,70.0,40.0,WORKLOAD_STEP
2026-07-09 19:12:24.054810900+05:30,71.1,29,24.4,2721.68,62.61,204,305,CHAOS,70.0,40.0,WORKLOAD_STEP
2026-07-09 19:12:26.085407700+05:30,72.1,34,25.5,2781.94,62.61,204,305,CHAOS,70.0,40.0,WORKLOAD_STEP
2026-07-09 19:12:28.117753300+05:30,71.5,32,26.3,2701.58,62.81,204,307,CHAOS,70.0,40.0,WORKLOAD_STEP
2026-07-09 19:12:30.150180100+05:30,77.1,34,24.5,2641.33,62.55,204,305,CHAOS,70.0,40.0,WORKLOAD_STEP
2026-07-09 19:12:32.181989700+05:30,71.7,32,25.0,2842.19,62.64,207,305,CHAOS,70.0,40.0,WORKLOAD_STEP
2026-07-09 19:12:34.217641800+05:30,72.8,34,25.5,2671.44,62.62,207,305,CHAOS,70.0,40.0,WORKLOAD_STEP
2026-07-09 19:12:36.246041100+05:30,70.3,29,26.0,2761.85,62.64,204,305,CHAOS,70.0,40.0,WORKLOAD_STEP
2026-07-09 19:12:38.282836+05:30,71.4,29,24.4,2641.34,62.62,204,305,CHAOS,70.0,40.0,WORKLOAD_STEP
2026-07-09 19:12:40.313720800+05:30,69.8,33,24.3,2721.67,62.64,203,305,CHAOS,70.0,40.0,WORKLOAD_STEP
2026-07-09 19:12:42.342562500+05:30,71.1,34,24.7,2791.98,62.64,203,305,CHAOS,70.0,40.0,WORKLOAD_STEP
2026-07-09 19:12:44.379265+05:30,70.8,29,24.6,2741.77,62.63,203,305,CHAOS,70.0,40.0,WORKLOAD_STEP
2026-07-09 19:12:46.414095100+05:30,71.1,33,24.8,2721.67,62.63,203,305,CHAOS,70.0,40.0,WORKLOAD_STEP
2026-07-09 19:12:48.438966700+05:30,81.2,33,24.7,2601.14,62.98,200,310,CHAOS,70.0,40.0,WORKLOAD_STEP
2026-07-09 19:12:50.476644500+05:30,74.2,29,25.0,2420.4,63.05,205,310,CHAOS,70.0,40.0,WORKLOAD_STEP
2026-07-09 19:12:52.512698+05:30,75.5,33,25.2,2621.23,63.05,205,310,CHAOS,70.0,40.0,WORKLOAD_STEP
2026-07-09 19:12:54.541042100+05:30,73.6,33,24.0,2621.25,63.06,205,310,CHAOS,70.0,40.0,WORKLOAD_STEP
2026-07-09 19:12:56.587556200+05:30,72.6,32,24.6,2691.54,63.06,205,310,CHAOS,70.0,40.0,WORKLOAD_STEP
2026-07-09 19:12:58.618010500+05:30,76.5,34,26.7,2621.25,63.12,205,310,CHAOS,70.0,40.0,WORKLOAD_STEP
2026-07-09 19:13:00.648771500+05:30,71.3,34,24.3,2721.68,63.16,205,310,CHAOS,70.0,40.0,WORKLOAD_STEP
2026-07-09 19:13:02.679469800+05:30,71.8,33,24.5,2641.33,63.16,205,310,CHAOS,70.0,40.0,WORKLOAD_STEP
2026-07-09 19:13:04.714311300+05:30,70.7,33,25.3,2631.29,63.16,205,310,CHAOS,70.0,40.0,WORKLOAD_STEP
2026-07-09 19:13:06.743036500+05:30,71.2,34,25.8,2651.37,63.16,205,310,CHAOS,70.0,40.0,WORKLOAD_STEP
2026-07-09 19:13:08.772496600+05:30,73.3,34,25.4,2681.51,63.15,205,310,CHAOS,70.0,40.0,WORKLOAD_STEP
2026-07-09 19:13:10.803478200+05:30,72.7,33,24.4,2450.51,63.21,205,310,CHAOS,70.0,40.0,WORKLOAD_STEP
2026-07-09 19:13:12.832741900+05:30,72.6,33,23.9,2741.77,63.14,205,310,CHAOS,70.0,40.0,WORKLOAD_STEP
2026-07-09 19:13:14.868104400+05:30,70.4,32,26.4,2711.65,63.14,205,310,CHAOS,70.0,40.0,WORKLOAD_STEP
2026-07-09 19:13:16.902160500+05:30,69.9,29,23.3,2711.63,63.14,205,310,CHAOS,70.0,40.0,WORKLOAD_STEP
2026-07-09 19:13:18.929623600+05:30,72.6,33,24.8,2571.03,63.13,205,310,CHAOS,70.0,40.0,WORKLOAD_STEP
2026-07-09 19:13:20.959876200+05:30,70.6,30,24.3,2510.78,63.12,205,310,CHAOS,70.0,40.0,WORKLOAD_STEP
2026-07-09 19:13:22.991888900+05:30,71.1,33,22.4,2711.63,63.12,205,310,CHAOS,70.0,40.0,WORKLOAD_STEP
2026-07-09 19:13:25.023895+05:30,70.8,33,23.2,2731.71,63.11,205,310,CHAOS,70.0,40.0,WORKLOAD_STEP
2026-07-09 19:13:27.050621600+05:30,71.0,32,22.8,2641.31,63.12,205,310,CHAOS,70.0,40.0,WORKLOAD_STEP
2026-07-09 19:13:29.080860500+05:30,79.9,32,26.0,2611.2,63.06,205,310,CHAOS,70.0,40.0,WORKLOAD_STEP
2026-07-09 19:13:31.131923+05:30,71.1,32,24.8,2681.51,63.13,207,310,CHAOS,70.0,40.0,WORKLOAD_STEP
2026-07-09 19:13:33.159203800+05:30,72.1,32,23.5,2741.76,63.12,207,310,CHAOS,70.0,40.0,WORKLOAD_STEP
2026-07-09 19:13:35.186609700+05:30,71.5,34,23.1,2751.81,63.13,207,310,CHAOS,70.0,40.0,WORKLOAD_STEP
2026-07-09 19:13:37.217773200+05:30,73.1,32,23.8,2721.69,63.11,207,310,CHAOS,50.0,41.0,WORKLOAD_STEP
2026-07-09 19:13:39.284650300+05:30,49.7,40,12.0,2761.87,63.09,207,310,CHAOS,50.0,41.0,WORKLOAD_STEP
2026-07-09 19:13:41.306873300+05:30,52.3,32,20.3,3073.19,63.12,208,310,CHAOS,50.0,41.0,WORKLOAD_STEP
2026-07-09 19:13:43.331336+05:30,50.4,33,21.4,2741.77,63.13,208,310,CHAOS,50.0,41.0,WORKLOAD_STEP
2026-07-09 19:13:45.356728700+05:30,51.0,33,24.3,2822.12,63.13,208,310,CHAOS,50.0,41.0,WORKLOAD_STEP
2026-07-09 19:13:47.378217100+05:30,52.0,27,24.0,2922.55,63.1,208,310,CHAOS,50.0,41.0,WORKLOAD_STEP
2026-07-09 19:13:49.400155300+05:30,53.6,27,24.9,2581.09,62.98,208,308,CHAOS,50.0,41.0,WORKLOAD_STEP
2026-07-09 19:13:51.423330900+05:30,50.9,30,26.1,2812.07,62.73,206,307,CHAOS,50.0,41.0,WORKLOAD_STEP
2026-07-09 19:13:53.450539500+05:30,49.8,32,22.5,2581.08,62.74,206,307,CHAOS,50.0,41.0,WORKLOAD_STEP
2026-07-09 19:13:55.481198200+05:30,51.2,32,24.1,2771.91,62.73,206,307,CHAOS,50.0,41.0,WORKLOAD_STEP
2026-07-09 19:13:57.513409900+05:30,51.6,33,21.8,2651.38,62.73,206,307,CHAOS,50.0,41.0,WORKLOAD_STEP
2026-07-09 19:13:59.544710400+05:30,60.6,32,22.0,2641.34,62.69,204,307,CHAOS,50.0,41.0,WORKLOAD_STEP
2026-07-09 19:14:01.581404300+05:30,57.4,34,23.7,2791.99,62.65,204,307,CHAOS,50.0,41.0,WORKLOAD_STEP
2026-07-09 19:14:03.623239300+05:30,56.4,34,26.4,2671.47,62.59,204,307,CHAOS,50.0,41.0,WORKLOAD_STEP
2026-07-09 19:14:05.651776300+05:30,50.6,34,23.9,2721.68,62.59,204,307,CHAOS,50.0,41.0,WORKLOAD_STEP
2026-07-09 19:14:07.685325800+05:30,52.0,34,23.8,2561.0,62.6,204,307,CHAOS,50.0,41.0,WORKLOAD_STEP
2026-07-09 19:14:09.716627800+05:30,50.9,34,22.7,2862.28,62.6,204,307,CHAOS,50.0,41.0,WORKLOAD_STEP
2026-07-09 19:14:11.748601700+05:30,52.5,32,21.8,2631.29,62.6,203,307,CHAOS,50.0,41.0,WORKLOAD_STEP
2026-07-09 19:14:13.776055500+05:30,50.9,30,22.1,2681.51,62.6,203,307,CHAOS,50.0,41.0,WORKLOAD_STEP
2026-07-09 19:14:15.806267+05:30,57.6,32,24.3,2781.94,62.61,203,307,CHAOS,50.0,41.0,WORKLOAD_STEP
2026-07-09 19:14:17.832791700+05:30,52.8,36,22.0,2601.16,62.61,203,307,CHAOS,50.0,41.0,WORKLOAD_STEP
2026-07-09 19:14:19.861293500+05:30,59.9,37,20.4,2822.11,62.61,203,307,CHAOS,60.0,42.0,WORKLOAD_STEP
2026-07-09 19:14:21.910046800+05:30,59.6,34,25.7,2802.01,62.61,203,306,CHAOS,60.0,42.0,WORKLOAD_STEP
2026-07-09 19:14:23.936918600+05:30,60.2,34,26.6,2771.89,62.61,203,306,CHAOS,60.0,42.0,WORKLOAD_STEP
2026-07-09 19:14:25.963106400+05:30,59.9,30,24.0,2812.06,62.62,203,306,CHAOS,60.0,42.0,WORKLOAD_STEP
2026-07-09 19:14:27.990944700+05:30,61.7,33,24.3,2500.74,62.67,205,308,CHAOS,60.0,42.0,WORKLOAD_STEP
2026-07-09 19:14:30.021880800+05:30,60.7,34,24.3,2661.42,62.68,205,306,CHAOS,60.0,42.0,WORKLOAD_STEP
2026-07-09 19:14:32.053422600+05:30,61.9,30,23.1,2832.15,62.67,208,306,CHAOS,60.0,42.0,WORKLOAD_STEP
2026-07-09 19:14:34.086467200+05:30,60.4,32,23.1,2822.1,62.67,208,306,CHAOS,60.0,42.0,WORKLOAD_STEP
2026-07-09 19:14:36.118948600+05:30,61.5,36,24.2,2691.56,62.67,205,306,CHAOS,60.0,42.0,WORKLOAD_STEP
2026-07-09 19:14:38.170368900+05:30,60.2,32,23.5,2842.2,62.67,205,306,CHAOS,60.0,42.0,WORKLOAD_STEP
2026-07-09 19:14:40.196139700+05:30,61.8,33,24.0,2711.64,62.66,204,306,CHAOS,60.0,42.0,WORKLOAD_STEP
2026-07-09 19:14:42.230686500+05:30,63.0,36,26.1,2520.83,62.67,204,306,CHAOS,60.0,42.0,WORKLOAD_STEP
2026-07-09 19:14:44.258190200+05:30,64.3,34,23.1,2581.07,62.67,204,306,CHAOS,60.0,42.0,WORKLOAD_STEP
2026-07-09 19:14:46.292883900+05:30,60.2,32,24.7,2751.81,62.65,204,306,CHAOS,60.0,42.0,WORKLOAD_STEP
2026-07-09 19:14:48.325430800+05:30,60.5,33,24.2,2671.47,62.64,204,306,CHAOS,60.0,42.0,WORKLOAD_STEP
2026-07-09 19:14:50.360449200+05:30,60.5,30,23.8,2791.96,62.67,204,306,CHAOS,60.0,42.0,WORKLOAD_STEP
2026-07-09 19:14:52.393500600+05:30,60.2,32,23.8,2631.28,62.67,204,306,CHAOS,60.0,42.0,WORKLOAD_STEP
2026-07-09 19:14:54.424593800+05:30,60.9,32,24.4,2771.9,62.66,204,306,CHAOS,60.0,42.0,WORKLOAD_STEP
2026-07-09 19:14:56.462353800+05:30,79.9,36,23.8,2560.99,62.71,204,306,CHAOS,80.0,43.0,WORKLOAD_STEP
2026-07-09 19:14:58.522804800+05:30,81.9,36,23.4,2510.77,62.88,202,308,CHAOS,80.0,43.0,WORKLOAD_STEP
2026-07-09 19:15:00.556265100+05:30,80.1,33,25.9,2601.16,62.7,202,306,CHAOS,80.0,43.0,WORKLOAD_STEP
2026-07-09 19:15:02.584417600+05:30,80.4,36,25.3,2581.07,62.68,202,306,CHAOS,80.0,43.0,WORKLOAD_STEP
2026-07-09 19:15:04.623303100+05:30,89.0,33,24.3,2621.24,62.72,202,306,CHAOS,80.0,43.0,WORKLOAD_STEP
2026-07-09 19:15:06.658866+05:30,82.8,33,25.3,2510.77,62.71,202,306,CHAOS,80.0,43.0,WORKLOAD_STEP
2026-07-09 19:15:08.692353900+05:30,85.6,36,23.9,2601.17,62.7,202,306,CHAOS,80.0,43.0,WORKLOAD_STEP
2026-07-09 19:15:10.744438800+05:30,84.2,34,23.7,2510.77,62.7,202,306,CHAOS,80.0,43.0,WORKLOAD_STEP
2026-07-09 19:15:12.773306500+05:30,82.3,32,25.8,2611.2,62.7,202,306,CHAOS,80.0,43.0,WORKLOAD_STEP
2026-07-09 19:15:14.802581700+05:30,82.1,34,25.0,2621.25,62.7,202,306,CHAOS,80.0,43.0,WORKLOAD_STEP
2026-07-09 19:15:16.834121500+05:30,81.7,32,25.7,2591.11,62.7,202,307,CHAOS,80.0,43.0,WORKLOAD_STEP
2026-07-09 19:15:18.865465100+05:30,82.2,33,23.0,2641.32,62.71,202,307,CHAOS,80.0,43.0,WORKLOAD_STEP
2026-07-09 19:15:20.893373200+05:30,11.8,43,9.6,2109.06,62.69,202,307,CHAOS,10.0,44.0,WORKLOAD_STEP
2026-07-09 19:15:22.921360500+05:30,14.0,37,9.7,2109.06,62.67,202,307,CHAOS,10.0,44.0,WORKLOAD_STEP
2026-07-09 19:15:24.950511+05:30,13.0,24,8.8,2490.69,62.72,202,307,CHAOS,10.0,44.0,WORKLOAD_STEP
2026-07-09 19:15:26.978738100+05:30,12.5,26,10.4,2540.92,62.73,202,307,CHAOS,10.0,44.0,WORKLOAD_STEP
2026-07-09 19:15:29.009761500+05:30,15.4,43,10.7,2109.06,62.66,202,307,CHAOS,10.0,44.0,WORKLOAD_STEP
2026-07-09 19:15:31.037633+05:30,11.3,48,7.1,2440.49,62.66,202,307,CHAOS,10.0,44.0,WORKLOAD_STEP
2026-07-09 19:15:33.059904700+05:30,11.7,47,7.4,2109.06,62.64,202,307,CHAOS,10.0,44.0,WORKLOAD_STEP
2026-07-09 19:15:35.081713300+05:30,11.8,48,8.9,2229.58,62.65,202,307,CHAOS,10.0,44.0,WORKLOAD_STEP
2026-07-09 19:15:37.099829600+05:30,11.3,37,10.1,2109.06,62.64,202,307,CHAOS,10.0,44.0,WORKLOAD_STEP
2026-07-09 19:15:39.119299+05:30,10.6,44,9.2,2209.49,62.72,202,307,CHAOS,10.0,44.0,WORKLOAD_STEP
2026-07-09 19:15:41.140232500+05:30,12.4,43,7.5,2119.1,62.71,202,307,CHAOS,10.0,44.0,WORKLOAD_STEP
2026-07-09 19:15:43.165717700+05:30,11.2,46,7.8,2109.06,62.7,202,307,CHAOS,10.0,44.0,WORKLOAD_STEP
2026-07-09 19:15:45.210281300+05:30,12.0,48,8.6,2109.06,62.67,202,307,CHAOS,10.0,44.0,WORKLOAD_STEP
2026-07-09 19:15:47.240796100+05:30,11.7,47,10.2,2360.14,62.66,202,307,CHAOS,10.0,44.0,WORKLOAD_STEP
2026-07-09 19:15:49.264505100+05:30,13.0,42,12.0,2671.48,62.68,202,307,CHAOS,10.0,44.0,WORKLOAD_STEP
2026-07-09 19:15:51.284311600+05:30,11.4,51,11.3,3063.16,62.72,202,307,CHAOS,10.0,44.0,WORKLOAD_STEP
2026-07-09 19:15:53.303511600+05:30,15.8,46,12.1,2319.97,62.72,202,307,CHAOS,10.0,44.0,WORKLOAD_STEP
2026-07-09 19:15:55.331404900+05:30,11.5,48,9.0,2149.23,62.72,202,307,CHAOS,10.0,44.0,WORKLOAD_STEP
2026-07-09 19:15:57.349987+05:30,14.6,52,8.9,2129.15,62.7,202,307,CHAOS,10.0,44.0,WORKLOAD_STEP
2026-07-09 19:15:59.373759800+05:30,17.4,46,12.1,2319.97,62.66,202,307,CHAOS,10.0,44.0,WORKLOAD_STEP
2026-07-09 19:16:01.401356800+05:30,13.6,47,8.7,2480.65,62.66,202,307,CHAOS,10.0,44.0,WORKLOAD_STEP
2026-07-09 19:16:03.429776800+05:30,11.6,46,11.8,2199.45,62.65,202,307,CHAOS,10.0,44.0,WORKLOAD_STEP
2026-07-09 19:16:05.454276900+05:30,13.1,48,10.3,2360.13,62.71,202,307,CHAOS,10.0,44.0,WORKLOAD_STEP
2026-07-09 19:16:07.473621700+05:30,11.3,40,11.5,2219.53,62.75,202,307,CHAOS,10.0,44.0,WORKLOAD_STEP
2026-07-09 19:16:09.495310600+05:30,11.1,39,12.0,2380.23,62.74,202,307,CHAOS,10.0,44.0,WORKLOAD_STEP
2026-07-09 19:16:11.517726400+05:30,12.7,40,14.9,2400.32,62.7,202,307,CHAOS,10.0,44.0,WORKLOAD_STEP
2026-07-09 19:16:13.538730900+05:30,12.9,46,11.9,2761.87,62.75,202,307,CHAOS,70.0,45.0,WORKLOAD_STEP
2026-07-09 19:16:15.566196500+05:30,73.0,34,28.3,2852.23,62.74,202,307,CHAOS,70.0,45.0,WORKLOAD_STEP
2026-07-09 19:16:17.595167300+05:30,70.5,30,27.9,2761.86,62.74,202,307,CHAOS,70.0,45.0,WORKLOAD_STEP
2026-07-09 19:16:19.643733100+05:30,71.0,36,26.1,2631.3,62.73,202,307,CHAOS,70.0,45.0,WORKLOAD_STEP
2026-07-09 19:16:21.671978600+05:30,70.1,32,25.5,2852.22,62.74,201,307,CHAOS,70.0,45.0,WORKLOAD_STEP
2026-07-09 19:16:23.697613600+05:30,71.2,33,26.0,2651.37,62.73,201,307,CHAOS,70.0,45.0,WORKLOAD_STEP
2026-07-09 19:16:25.726756400+05:30,72.8,34,28.0,2852.23,62.73,201,307,CHAOS,70.0,45.0,WORKLOAD_STEP
2026-07-09 19:16:27.759480600+05:30,71.6,36,26.0,2741.76,62.72,202,307,CHAOS,70.0,45.0,WORKLOAD_STEP
2026-07-09 19:16:29.788014200+05:30,79.1,36,27.0,2802.03,62.74,201,307,CHAOS,70.0,45.0,WORKLOAD_STEP
2026-07-09 19:16:31.816996500+05:30,75.1,33,25.3,2771.89,62.73,204,307,CHAOS,70.0,45.0,WORKLOAD_STEP
2026-07-09 19:16:33.845349600+05:30,70.6,34,27.3,2832.16,62.73,205,307,CHAOS,70.0,45.0,WORKLOAD_STEP
2026-07-09 19:16:35.871926800+05:30,35.4,43,28.5,2741.76,62.71,202,307,CHAOS,20.0,46.0,WORKLOAD_STEP
2026-07-09 19:16:37.895071900+05:30,20.9,34,11.0,2159.28,62.73,202,307,CHAOS,20.0,46.0,WORKLOAD_STEP
2026-07-09 19:16:39.915644300+05:30,20.7,34,11.0,2159.28,62.72,202,307,CHAOS,20.0,46.0,WORKLOAD_STEP
2026-07-09 19:16:41.935978200+05:30,20.5,43,11.1,2149.23,62.72,202,307,CHAOS,20.0,46.0,WORKLOAD_STEP
2026-07-09 19:16:43.956420900+05:30,20.9,44,11.1,2832.17,62.69,202,307,CHAOS,20.0,46.0,WORKLOAD_STEP
2026-07-09 19:16:45.975436500+05:30,23.8,33,10.5,2340.05,62.68,202,307,CHAOS,20.0,46.0,WORKLOAD_STEP
2026-07-09 19:16:47.995823+05:30,21.0,26,21.3,2751.83,62.69,202,307,CHAOS,20.0,46.0,WORKLOAD_STEP
2026-07-09 19:16:50.014352400+05:30,21.0,23,20.4,2942.63,62.72,202,307,CHAOS,20.0,46.0,WORKLOAD_STEP
2026-07-09 19:16:52.033406300+05:30,22.2,41,21.7,2992.86,62.73,202,307,CHAOS,20.0,46.0,WORKLOAD_STEP
2026-07-09 19:16:54.069918800+05:30,20.2,40,22.2,3043.07,62.72,202,307,CHAOS,20.0,46.0,WORKLOAD_STEP
2026-07-09 19:16:56.092921400+05:30,21.6,44,19.3,2691.56,62.72,202,307,CHAOS,20.0,46.0,WORKLOAD_STEP
2026-07-09 19:16:58.116282300+05:30,23.9,36,22.4,2942.64,62.89,202,309,CHAOS,20.0,46.0,WORKLOAD_STEP
2026-07-09 19:17:00.134583200+05:30,23.1,40,20.8,3163.59,62.66,202,307,CHAOS,20.0,46.0,WORKLOAD_STEP
2026-07-09 19:17:02.160665+05:30,20.7,36,22.9,3083.24,62.65,202,307,CHAOS,20.0,46.0,WORKLOAD_STEP
2026-07-09 19:17:04.185867900+05:30,22.2,26,22.9,2842.22,62.67,204,307,CHAOS,20.0,46.0,WORKLOAD_STEP
2026-07-09 19:17:06.209360+05:30,20.4,30,21.0,3012.95,62.68,204,307,CHAOS,20.0,46.0,WORKLOAD_STEP
2026-07-09 19:17:08.231725700+05:30,21.0,37,22.9,2741.79,62.75,204,307,CHAOS,20.0,46.0,WORKLOAD_STEP
2026-07-09 19:17:10.252008600+05:30,20.9,34,20.6,2952.7,62.7,204,307,CHAOS,20.0,46.0,WORKLOAD_STEP
2026-07-09 19:17:12.270468700+05:30,21.0,44,22.1,3002.89,62.68,204,307,CHAOS,20.0,46.0,WORKLOAD_STEP
2026-07-09 19:17:14.290337500+05:30,20.6,26,24.7,3002.91,62.66,204,307,CHAOS,20.0,46.0,WORKLOAD_STEP
2026-07-09 19:17:16.309942400+05:30,23.5,23,22.5,3344.36,62.68,204,307,CHAOS,20.0,46.0,WORKLOAD_STEP
2026-07-09 19:17:18.327350+05:30,28.6,29,23.7,3063.17,63.01,204,307,CHAOS,20.0,46.0,WORKLOAD_STEP
2026-07-09 19:17:20.344923200+05:30,24.0,30,19.2,3243.95,62.21,204,307,CHAOS,20.0,46.0,WORKLOAD_STEP
2026-07-09 19:17:22.365084100+05:30,21.9,39,21.8,2540.92,62.2,204,307,CHAOS,20.0,46.0,WORKLOAD_STEP
2026-07-09 19:17:24.383027100+05:30,20.6,27,23.4,3274.08,62.19,204,307,CHAOS,20.0,46.0,WORKLOAD_STEP
2026-07-09 19:17:26.413930200+05:30,21.8,29,24.6,3253.96,62.18,204,307,CHAOS,20.0,46.0,WORKLOAD_STEP
2026-07-09 19:17:28.432459800+05:30,26.7,34,22.1,2842.22,62.18,204,307,CHAOS,20.0,46.0,WORKLOAD_STEP
2026-07-09 19:17:30.460249800+05:30,23.6,40,20.4,3304.21,62.17,203,307,CHAOS,20.0,46.0,WORKLOAD_STEP
2026-07-09 19:17:32.489283300+05:30,21.7,26,24.9,3173.64,62.2,201,307,CHAOS,20.0,46.0,WORKLOAD_STEP
2026-07-09 19:17:34.511355400+05:30,23.5,26,24.3,2812.08,62.2,201,307,CHAOS,20.0,46.0,WORKLOAD_STEP
2026-07-09 19:17:36.536548500+05:30,22.9,21,24.9,2771.9,62.18,201,307,CHAOS,20.0,46.0,WORKLOAD_STEP
2026-07-09 19:17:38.557707100+05:30,22.2,30,21.4,3515.11,62.18,201,307,CHAOS,20.0,46.0,WORKLOAD_STEP
2026-07-09 19:17:40.581215900+05:30,20.3,37,19.0,3253.99,62.17,201,307,CHAOS,20.0,46.0,WORKLOAD_STEP
2026-07-09 19:17:42.601487400+05:30,22.7,23,21.2,3233.89,62.17,201,307,CHAOS,20.0,46.0,WORKLOAD_STEP
2026-07-09 19:17:44.618829800+05:30,20.9,24,21.0,2440.47,62.21,201,307,CHAOS,20.0,46.0,WORKLOAD_STEP
2026-07-09 19:17:46.639420+05:30,21.1,37,20.8,2711.65,62.23,201,307,CHAOS,20.0,46.0,WORKLOAD_STEP
2026-07-09 19:17:48.656673100+05:30,20.1,34,24.4,2771.91,62.23,201,307,CHAOS,20.0,46.0,WORKLOAD_STEP
2026-07-09 19:17:50.676117900+05:30,21.4,18,24.5,2691.55,62.22,201,307,CHAOS,20.0,46.0,WORKLOAD_STEP
2026-07-09 19:17:52.694952400+05:30,20.9,36,21.3,3123.38,62.2,201,307,CHAOS,20.0,46.0,WORKLOAD_STEP
2026-07-09 19:17:54.714023+05:30,20.9,24,21.2,2882.35,62.2,201,307,CHAOS,20.0,46.0,WORKLOAD_STEP
2026-07-09 19:17:56.735079700+05:30,21.3,30,22.8,3022.98,62.21,201,307,CHAOS,20.0,46.0,WORKLOAD_STEP
2026-07-09 19:17:58.752216600+05:30,25.2,32,21.5,3344.36,62.22,201,307,CHAOS,20.0,46.0,WORKLOAD_STEP
2026-07-09 19:18:00.787277500+05:30,20.8,22,23.2,3213.79,62.24,201,307,CHAOS,20.0,46.0,WORKLOAD_STEP
2026-07-09 19:18:02.809202+05:30,20.8,30,22.0,3344.35,62.21,201,307,CHAOS,20.0,46.0,WORKLOAD_STEP
2026-07-09 19:18:04.829571400+05:30,22.3,32,21.4,2922.56,62.21,201,307,CHAOS,20.0,46.0,WORKLOAD_STEP
2026-07-09 19:18:06.850409500+05:30,35.1,34,22.9,2651.39,62.28,201,307,CHAOS,70.0,47.0,WORKLOAD_STEP
2026-07-09 19:18:08.879682700+05:30,72.8,32,25.4,2591.11,62.28,201,307,CHAOS,70.0,47.0,WORKLOAD_STEP
2026-07-09 19:18:10.908579500+05:30,69.8,33,24.7,2611.2,62.28,201,307,CHAOS,70.0,47.0,WORKLOAD_STEP
2026-07-09 19:18:12.939529500+05:30,71.9,32,25.6,2591.11,62.27,201,307,CHAOS,70.0,47.0,WORKLOAD_STEP
2026-07-09 19:18:14.966605200+05:30,73.1,34,24.5,2751.81,62.28,201,308,CHAOS,70.0,47.0,WORKLOAD_STEP
2026-07-09 19:18:16.995975100+05:30,72.0,32,24.9,2611.2,62.29,201,308,CHAOS,70.0,47.0,WORKLOAD_STEP
2026-07-09 19:18:19.024294200+05:30,70.0,33,21.9,2691.54,62.3,199,308,CHAOS,70.0,47.0,WORKLOAD_STEP
2026-07-09 19:18:21.053350100+05:30,71.6,33,24.0,2701.59,62.3,199,308,CHAOS,70.0,47.0,WORKLOAD_STEP
2026-07-09 19:18:23.082316500+05:30,76.8,34,25.6,2721.66,62.3,199,308,CHAOS,70.0,47.0,WORKLOAD_STEP
2026-07-09 19:18:25.111930700+05:30,74.1,37,26.1,2611.2,62.3,199,308,CHAOS,70.0,47.0,WORKLOAD_STEP
2026-07-09 19:18:27.141768600+05:30,72.3,32,25.3,2661.41,62.31,199,308,CHAOS,70.0,47.0,WORKLOAD_STEP
2026-07-09 19:18:29.171816900+05:30,76.1,32,28.5,2641.34,62.28,199,308,CHAOS,70.0,47.0,WORKLOAD_STEP
2026-07-09 19:18:31.198362300+05:30,70.6,34,26.0,2731.72,62.33,202,308,CHAOS,70.0,47.0,WORKLOAD_STEP
2026-07-09 19:18:33.232624100+05:30,75.4,32,23.4,2500.74,62.34,202,308,CHAOS,80.0,48.0,WORKLOAD_STEP
2026-07-09 19:18:35.312287500+05:30,79.8,37,23.8,2681.51,62.34,199,308,CHAOS,80.0,48.0,WORKLOAD_STEP
2026-07-09 19:18:37.350521100+05:30,80.3,36,24.9,2761.85,62.34,199,307,CHAOS,80.0,48.0,WORKLOAD_STEP
2026-07-09 19:18:39.378061500+05:30,83.1,34,24.2,2651.39,62.33,199,307,CHAOS,80.0,48.0,WORKLOAD_STEP
2026-07-09 19:18:41.432778300+05:30,83.7,34,24.4,2611.21,62.32,199,307,CHAOS,80.0,48.0,WORKLOAD_STEP
2026-07-09 19:18:43.463248400+05:30,81.6,33,25.7,2641.33,62.33,199,307,CHAOS,80.0,48.0,WORKLOAD_STEP
2026-07-09 19:18:45.492775700+05:30,80.3,34,24.0,2651.37,62.32,199,307,CHAOS,80.0,48.0,WORKLOAD_STEP
2026-07-09 19:18:47.523972800+05:30,82.4,34,24.1,2611.2,62.32,199,307,CHAOS,80.0,48.0,WORKLOAD_STEP
2026-07-09 19:18:49.558168400+05:30,81.2,33,27.8,2661.4,62.33,199,307,CHAOS,80.0,48.0,WORKLOAD_STEP
2026-07-09 19:18:51.591178100+05:30,82.0,33,23.7,2601.15,62.3,199,306,CHAOS,80.0,48.0,WORKLOAD_STEP
2026-07-09 19:18:53.622214600+05:30,82.2,30,23.9,2591.11,62.3,199,306,CHAOS,80.0,48.0,WORKLOAD_STEP
2026-07-09 19:18:55.652446700+05:30,79.9,34,26.7,2651.37,62.3,199,306,CHAOS,80.0,48.0,WORKLOAD_STEP
2026-07-09 19:18:57.689243700+05:30,80.2,30,26.2,2661.41,62.3,199,306,CHAOS,80.0,48.0,WORKLOAD_STEP
2026-07-09 19:18:59.714132700+05:30,83.3,34,26.3,2500.73,62.48,199,306,CHAOS,80.0,48.0,WORKLOAD_STEP
2026-07-09 19:19:01.767734+05:30,80.7,34,25.7,2591.1,62.48,199,306,CHAOS,80.0,48.0,WORKLOAD_STEP
2026-07-09 19:19:03.797910800+05:30,81.3,33,25.8,2701.59,62.48,199,306,CHAOS,80.0,48.0,WORKLOAD_STEP
2026-07-09 19:19:05.831653900+05:30,80.7,32,25.3,2611.2,62.49,199,306,CHAOS,80.0,48.0,WORKLOAD_STEP
2026-07-09 19:19:07.873162700+05:30,85.1,32,24.5,2581.06,62.49,199,306,CHAOS,80.0,48.0,WORKLOAD_STEP
2026-07-09 19:19:09.901854300+05:30,80.7,30,25.6,2571.03,62.49,199,306,CHAOS,80.0,48.0,WORKLOAD_STEP
2026-07-09 19:19:11.932799800+05:30,82.1,34,25.6,2671.47,62.5,199,306,CHAOS,80.0,48.0,WORKLOAD_STEP
2026-07-09 19:19:13.959852500+05:30,80.8,32,24.3,2701.58,62.49,199,306,CHAOS,80.0,48.0,WORKLOAD_STEP
2026-07-09 19:19:15.989202200+05:30,81.7,32,26.4,2701.59,62.48,199,305,CHAOS,80.0,48.0,WORKLOAD_STEP
2026-07-09 19:19:18.020458800+05:30,81.9,33,25.5,2651.37,62.48,199,305,CHAOS,80.0,48.0,WORKLOAD_STEP
2026-07-09 19:19:20.047078+05:30,81.1,33,24.1,2611.2,62.49,199,305,CHAOS,80.0,48.0,WORKLOAD_STEP
2026-07-09 19:19:22.081505400+05:30,80.4,36,23.9,2621.24,62.49,199,305,CHAOS,80.0,48.0,WORKLOAD_STEP
2026-07-09 19:19:24.111252200+05:30,81.2,36,25.2,2631.28,62.5,199,305,CHAOS,80.0,48.0,WORKLOAD_STEP
2026-07-09 19:19:26.139907700+05:30,80.9,33,25.3,2560.98,62.5,199,305,CHAOS,80.0,48.0,WORKLOAD_STEP
2026-07-09 19:19:28.174688200+05:30,79.2,33,25.4,2510.76,62.59,199,307,CHAOS,80.0,48.0,WORKLOAD_STEP
2026-07-09 19:19:30.205914900+05:30,84.2,33,24.1,2631.28,62.5,199,305,CHAOS,80.0,48.0,WORKLOAD_STEP
2026-07-09 19:19:32.237490500+05:30,84.6,34,24.1,2581.06,62.54,199,305,CHAOS,80.0,48.0,WORKLOAD_STEP
2026-07-09 19:19:34.267962200+05:30,83.9,33,24.5,2601.15,62.5,199,305,CHAOS,80.0,48.0,WORKLOAD_STEP
2026-07-09 19:19:36.292071400+05:30,79.9,32,26.5,2520.8,62.5,201,305,CHAOS,80.0,48.0,WORKLOAD_STEP
2026-07-09 19:19:38.329696700+05:30,80.5,33,24.3,2611.21,62.5,201,305,CHAOS,80.0,48.0,WORKLOAD_STEP
2026-07-09 19:19:40.358643500+05:30,80.5,30,24.9,2651.37,62.5,203,305,CHAOS,80.0,48.0,WORKLOAD_STEP
2026-07-09 19:19:42.408362900+05:30,80.1,33,23.5,2611.19,62.49,203,305,CHAOS,80.0,48.0,WORKLOAD_STEP
2026-07-09 19:19:44.442090200+05:30,81.8,36,24.4,2540.91,62.49,203,305,CHAOS,80.0,48.0,WORKLOAD_STEP
2026-07-09 19:19:46.475832600+05:30,83.7,33,24.4,2581.07,62.49,203,305,CHAOS,80.0,48.0,WORKLOAD_STEP
2026-07-09 19:19:48.511450300+05:30,83.9,33,24.7,2611.2,62.49,203,305,CHAOS,80.0,48.0,WORKLOAD_STEP
2026-07-09 19:19:50.546901800+05:30,82.4,33,24.4,2661.41,62.5,203,305,CHAOS,80.0,48.0,WORKLOAD_STEP
2026-07-09 19:19:52.579939200+05:30,81.2,33,24.5,2631.29,62.5,203,305,CHAOS,80.0,48.0,WORKLOAD_STEP
2026-07-09 19:19:54.618161100+05:30,82.7,33,23.8,2661.42,62.49,203,305,CHAOS,80.0,48.0,WORKLOAD_STEP
2026-07-09 19:19:56.650610100+05:30,80.0,34,24.5,2641.33,62.5,203,305,CHAOS,80.0,48.0,WORKLOAD_STEP
2026-07-09 19:19:58.684395400+05:30,82.9,34,25.6,2530.84,62.45,203,305,CHAOS,80.0,48.0,WORKLOAD_STEP
2026-07-09 19:20:00.714419700+05:30,80.8,34,25.0,2601.16,62.52,203,305,CHAOS,80.0,48.0,WORKLOAD_STEP
2026-07-09 19:20:02.745615900+05:30,82.3,32,24.9,2661.42,62.52,202,305,CHAOS,80.0,48.0,WORKLOAD_STEP
2026-07-09 19:20:04.781412700+05:30,80.7,32,23.9,2611.2,62.5,201,305,CHAOS,80.0,48.0,WORKLOAD_STEP
2026-07-09 19:20:06.812639400+05:30,81.5,33,23.6,2641.31,62.51,201,305,CHAOS,80.0,48.0,WORKLOAD_STEP
2026-07-09 19:20:08.841684100+05:30,54.5,40,11.6,2219.53,62.51,199,305,CHAOS,50.0,49.0,WORKLOAD_STEP
2026-07-09 19:20:10.912049+05:30,49.8,43,13.3,2330.01,62.51,199,305,CHAOS,50.0,49.0,WORKLOAD_STEP
2026-07-09 19:20:12.936710800+05:30,51.1,27,15.0,2319.97,62.5,199,305,CHAOS,50.0,49.0,WORKLOAD_STEP
2026-07-09 19:20:14.957919400+05:30,51.6,42,16.6,2771.92,62.51,199,305,CHAOS,50.0,49.0,WORKLOAD_STEP
2026-07-09 19:20:16.990681200+05:30,50.3,37,17.7,2711.65,62.49,200,305,CHAOS,50.0,49.0,WORKLOAD_STEP
2026-07-09 19:20:19.009006+05:30,51.2,39,21.3,2721.69,62.51,200,305,CHAOS,50.0,49.0,WORKLOAD_STEP
2026-07-09 19:20:21.027513100+05:30,50.6,33,21.8,2741.77,62.5,200,305,CHAOS,50.0,49.0,WORKLOAD_STEP
2026-07-09 19:20:23.045656500+05:30,51.8,32,23.5,2761.87,62.51,199,305,CHAOS,50.0,49.0,WORKLOAD_STEP
2026-07-09 19:20:25.067763100+05:30,51.1,30,22.7,2701.61,62.5,199,305,CHAOS,50.0,49.0,WORKLOAD_STEP
2026-07-09 19:20:27.091143700+05:30,51.2,30,24.1,2872.32,62.5,199,305,CHAOS,50.0,49.0,WORKLOAD_STEP
2026-07-09 19:20:29.112476400+05:30,55.8,33,22.9,2741.78,62.46,199,305,CHAOS,50.0,49.0,WORKLOAD_STEP
2026-07-09 19:20:31.136689500+05:30,51.2,32,23.9,2892.41,62.44,202,305,CHAOS,50.0,49.0,WORKLOAD_STEP
2026-07-09 19:20:33.166443300+05:30,54.1,32,24.2,2681.51,62.38,202,305,CHAOS,50.0,49.0,WORKLOAD_STEP
2026-07-09 19:20:35.197862700+05:30,51.2,30,22.1,2771.89,62.39,202,305,CHAOS,50.0,49.0,WORKLOAD_STEP
2026-07-09 19:20:37.227972500+05:30,57.7,34,24.5,2631.3,62.41,199,305,CHAOS,50.0,49.0,WORKLOAD_STEP
2026-07-09 19:20:39.255084400+05:30,54.4,32,26.4,2691.57,62.42,199,305,CHAOS,50.0,49.0,WORKLOAD_STEP
2026-07-09 19:20:41.280454900+05:30,54.7,34,23.7,2741.77,62.41,199,305,CHAOS,50.0,49.0,WORKLOAD_STEP
2026-07-09 19:20:43.310479600+05:30,51.9,30,22.3,2530.86,62.41,199,305,CHAOS,50.0,49.0,WORKLOAD_STEP
2026-07-09 19:20:45.335474200+05:30,52.8,36,23.6,2902.44,62.4,199,305,CHAOS,50.0,49.0,WORKLOAD_STEP
2026-07-09 19:20:47.366748200+05:30,51.9,30,23.5,2691.55,62.43,199,305,CHAOS,50.0,49.0,WORKLOAD_STEP
2026-07-09 19:20:49.398563100+05:30,51.3,33,25.3,2581.08,62.42,199,305,CHAOS,50.0,49.0,WORKLOAD_STEP
2026-07-09 19:20:51.440435+05:30,53.0,37,24.5,2832.13,62.43,199,305,CHAOS,50.0,49.0,WORKLOAD_STEP
2026-07-09 19:20:53.465871900+05:30,52.4,34,22.4,2741.76,62.46,200,305,CHAOS,50.0,49.0,WORKLOAD_STEP
2026-07-09 19:20:55.491873600+05:30,51.9,33,23.7,2550.96,62.46,200,305,CHAOS,50.0,49.0,WORKLOAD_STEP
2026-07-09 19:20:57.521633700+05:30,54.5,33,23.0,2731.73,62.47,200,305,CHAOS,50.0,49.0,WORKLOAD_STEP
2026-07-09 19:20:59.553930800+05:30,52.4,34,24.4,2641.35,62.49,200,305,CHAOS,50.0,49.0,WORKLOAD_STEP
2026-07-09 19:21:01.580602800+05:30,52.6,32,22.5,2641.34,62.51,200,305,CHAOS,50.0,49.0,WORKLOAD_STEP
2026-07-09 19:21:03.609704100+05:30,51.3,33,22.6,2611.19,62.5,200,305,CHAOS,50.0,49.0,WORKLOAD_STEP
2026-07-09 19:21:05.634256800+05:30,52.1,32,23.1,2731.73,62.5,203,305,CHAOS,50.0,49.0,WORKLOAD_STEP
2026-07-09 19:21:07.660840200+05:30,50.7,33,22.7,2671.47,62.49,203,305,CHAOS,50.0,49.0,WORKLOAD_STEP
2026-07-09 19:21:09.689247900+05:30,51.1,33,22.8,2751.8,62.56,203,305,CHAOS,50.0,49.0,WORKLOAD_STEP
2026-07-09 19:21:11.714667+05:30,51.3,33,24.6,2641.35,62.48,203,305,CHAOS,50.0,49.0,WORKLOAD_STEP
2026-07-09 19:21:13.740267900+05:30,53.2,30,23.7,2701.59,62.49,203,305,CHAOS,50.0,49.0,WORKLOAD_STEP
2026-07-09 19:21:15.765531900+05:30,49.5,33,23.0,2791.97,62.49,203,305,CHAOS,50.0,49.0,WORKLOAD_STEP
2026-07-09 19:21:17.793266800+05:30,53.0,33,23.0,2721.7,62.49,204,305,CHAOS,50.0,49.0,WORKLOAD_STEP
2026-07-09 19:21:19.826496200+05:30,50.1,30,23.2,2781.94,62.49,204,305,CHAOS,50.0,49.0,WORKLOAD_STEP
2026-07-09 19:21:21.848508200+05:30,51.3,33,23.5,2751.81,62.49,204,305,CHAOS,50.0,49.0,WORKLOAD_STEP
2026-07-09 19:21:23.888624100+05:30,50.3,34,24.5,2812.07,62.49,203,305,CHAOS,50.0,49.0,WORKLOAD_STEP
2026-07-09 19:21:25.910615400+05:30,51.0,32,25.8,2942.63,62.49,203,305,CHAOS,50.0,49.0,WORKLOAD_STEP
2026-07-09 19:21:27.939281200+05:30,52.0,32,24.4,2771.9,62.48,203,305,CHAOS,50.0,49.0,WORKLOAD_STEP
2026-07-09 19:21:29.965556800+05:30,49.8,30,24.6,2751.82,62.51,203,305,CHAOS,50.0,49.0,WORKLOAD_STEP
2026-07-09 19:21:31.996155900+05:30,52.2,33,26.6,2791.99,62.49,204,305,CHAOS,50.0,49.0,WORKLOAD_STEP
2026-07-09 19:21:34.023280400+05:30,51.3,30,24.9,2631.31,62.5,204,305,CHAOS,50.0,49.0,WORKLOAD_STEP
2026-07-09 19:21:36.057228900+05:30,52.7,33,24.6,2932.59,62.49,204,305,CHAOS,50.0,49.0,WORKLOAD_STEP
2026-07-09 19:21:38.082110400+05:30,51.5,32,24.7,2862.29,62.49,204,305,CHAOS,50.0,49.0,WORKLOAD_STEP
2026-07-09 19:21:40.117844500+05:30,52.7,32,25.1,2721.7,62.5,204,305,CHAOS,50.0,49.0,WORKLOAD_STEP
2026-07-09 19:21:42.147410+05:30,54.2,33,24.0,2771.9,62.48,204,305,CHAOS,50.0,49.0,WORKLOAD_STEP
2026-07-09 19:21:44.172197700+05:30,53.5,32,24.1,2842.21,62.49,204,305,CHAOS,50.0,49.0,WORKLOAD_STEP
2026-07-09 19:21:46.202770100+05:30,51.7,32,24.8,2822.11,62.49,204,305,CHAOS,50.0,49.0,WORKLOAD_STEP
2026-07-09 19:21:48.234317800+05:30,51.9,33,25.0,2862.29,62.5,204,305,CHAOS,50.0,49.0,WORKLOAD_STEP
2026-07-09 19:21:50.261055300+05:30,53.1,32,25.2,2852.25,62.5,204,305,CHAOS,50.0,49.0,WORKLOAD_STEP
2026-07-09 19:21:52.285362500+05:30,51.1,30,24.4,2641.34,62.5,204,305,CHAOS,50.0,49.0,WORKLOAD_STEP
2026-07-09 19:21:54.308598800+05:30,51.2,29,24.2,2842.21,62.49,204,305,CHAOS,50.0,49.0,WORKLOAD_STEP
2026-07-09 19:21:56.336526+05:30,51.4,33,24.2,2751.82,62.51,204,305,CHAOS,50.0,49.0,WORKLOAD_STEP
2026-07-09 19:21:58.387191200+05:30,54.5,30,23.3,2781.93,62.72,204,307,CHAOS,50.0,49.0,WORKLOAD_STEP
2026-07-09 19:22:00.418694900+05:30,54.6,33,24.3,2802.03,62.55,204,305,CHAOS,50.0,49.0,WORKLOAD_STEP
2026-07-09 19:22:02.448210600+05:30,50.4,32,23.3,2791.98,62.51,204,305,CHAOS,50.0,49.0,WORKLOAD_STEP
2026-07-09 19:22:04.477793100+05:30,51.8,30,23.9,2781.95,62.5,203,305,CHAOS,50.0,49.0,WORKLOAD_STEP
2026-07-09 19:22:06.501253200+05:30,50.5,30,22.7,2701.6,62.53,203,305,CHAOS,50.0,49.0,WORKLOAD_STEP
2026-07-09 19:22:08.528203800+05:30,51.4,27,24.4,2781.94,62.52,203,305,CHAOS,50.0,49.0,WORKLOAD_STEP
2026-07-09 19:22:10.554539800+05:30,52.0,30,25.4,2922.56,62.53,203,305,CHAOS,50.0,49.0,WORKLOAD_STEP
2026-07-09 19:22:12.587152200+05:30,50.6,29,25.8,2721.69,62.53,205,305,CHAOS,50.0,49.0,WORKLOAD_STEP
2026-07-09 19:22:14.616045+05:30,53.4,30,23.9,2500.76,62.53,205,305,CHAOS,50.0,49.0,WORKLOAD_STEP
2026-07-09 19:22:16.643341+05:30,50.9,27,24.3,2721.7,62.53,206,305,CHAOS,50.0,49.0,WORKLOAD_STEP
2026-07-09 19:22:18.665826+05:30,52.8,30,25.2,2812.09,62.53,207,305,CHAOS,50.0,49.0,WORKLOAD_STEP
2026-07-09 19:22:20.693355100+05:30,52.0,27,24.1,2731.74,62.53,209,305,CHAOS,50.0,49.0,WORKLOAD_STEP
2026-07-09 19:22:22.727104300+05:30,53.7,32,25.9,2912.51,62.51,208,305,CHAOS,50.0,49.0,WORKLOAD_STEP
2026-07-09 19:22:24.756064800+05:30,51.6,33,26.1,2972.76,62.53,208,305,CHAOS,50.0,49.0,WORKLOAD_STEP
2026-07-09 19:22:26.786250800+05:30,55.7,36,26.5,2932.58,62.52,208,305,CHAOS,50.0,49.0,WORKLOAD_STEP
2026-07-09 19:22:28.812858200+05:30,51.3,32,24.0,2671.46,62.52,208,305,CHAOS,50.0,49.0,WORKLOAD_STEP
2026-07-09 19:22:30.841081800+05:30,53.1,32,24.7,2701.61,62.57,211,305,CHAOS,50.0,49.0,WORKLOAD_STEP
2026-07-09 19:22:32.889600200+05:30,51.1,32,23.6,2892.41,62.55,211,305,CHAOS,50.0,49.0,WORKLOAD_STEP
2026-07-09 19:22:34.916191600+05:30,51.4,27,24.1,2751.81,62.56,211,305,CHAOS,50.0,49.0,WORKLOAD_STEP
2026-07-09 19:22:36.949939+05:30,52.0,33,25.1,2761.86,62.55,208,305,CHAOS,50.0,49.0,WORKLOAD_STEP
2026-07-09 19:22:38.984659300+05:30,53.0,29,21.2,2852.24,62.56,208,305,CHAOS,50.0,49.0,WORKLOAD_STEP
2026-07-09 19:22:41.022984600+05:30,49.5,32,20.4,2761.85,62.54,207,305,CHAOS,50.0,49.0,WORKLOAD_STEP
2026-07-09 19:22:43.052916900+05:30,53.0,32,25.7,2791.97,62.55,207,305,CHAOS,50.0,49.0,WORKLOAD_STEP
2026-07-09 19:22:45.080499900+05:30,51.0,33,23.9,2601.18,62.52,207,305,CHAOS,50.0,49.0,WORKLOAD_STEP
2026-07-09 19:22:47.110537200+05:30,57.4,33,24.6,2731.74,62.56,207,305,CHAOS,50.0,49.0,WORKLOAD_STEP
2026-07-09 19:22:49.137391600+05:30,54.0,33,24.6,2761.85,62.53,207,305,CHAOS,50.0,49.0,WORKLOAD_STEP
2026-07-09 19:22:51.165331+05:30,57.7,27,24.5,2611.23,62.63,205,305,CHAOS,50.0,49.0,WORKLOAD_STEP
2026-07-09 19:22:53.192417700+05:30,49.8,33,24.7,2691.58,62.56,205,305,CHAOS,50.0,49.0,WORKLOAD_STEP
2026-07-09 19:22:55.223108500+05:30,50.8,33,26.0,2641.34,62.56,205,305,CHAOS,50.0,49.0,WORKLOAD_STEP
2026-07-09 19:22:57.248184700+05:30,53.3,30,24.1,2741.75,62.56,205,305,CHAOS,50.0,49.0,WORKLOAD_STEP
2026-07-09 19:22:59.273502600+05:30,55.5,34,22.7,2721.68,62.51,205,305,CHAOS,50.0,49.0,WORKLOAD_STEP
2026-07-09 19:23:01.307029100+05:30,50.7,33,25.8,2751.82,62.53,205,305,CHAOS,50.0,49.0,WORKLOAD_STEP
2026-07-09 19:23:03.338057700+05:30,51.8,34,25.0,2781.93,62.54,205,305,CHAOS,50.0,49.0,WORKLOAD_STEP
2026-07-09 19:23:05.363671800+05:30,51.6,36,23.6,2560.97,62.52,205,305,CHAOS,50.0,49.0,WORKLOAD_STEP
2026-07-09 19:23:07.406068600+05:30,51.9,32,24.5,2781.94,62.55,205,305,CHAOS,50.0,49.0,WORKLOAD_STEP
2026-07-09 19:23:09.433309500+05:30,50.3,36,24.0,2872.33,62.54,205,305,CHAOS,50.0,49.0,WORKLOAD_STEP
2026-07-09 19:23:11.457529200+05:30,50.5,30,23.9,2781.94,62.54,205,305,CHAOS,50.0,49.0,WORKLOAD_STEP
2026-07-09 19:23:13.489716800+05:30,51.8,32,24.8,2832.16,62.54,205,305,CHAOS,50.0,49.0,WORKLOAD_STEP
2026-07-09 19:23:15.525010+05:30,51.1,32,22.5,2751.8,62.53,205,305,CHAOS,50.0,49.0,WORKLOAD_STEP
2026-07-09 19:23:17.552381500+05:30,52.1,33,25.2,2751.8,62.54,206,305,CHAOS,50.0,49.0,WORKLOAD_STEP
2026-07-09 19:23:19.581704+05:30,54.2,34,25.8,2832.15,62.53,201,305,CHAOS,50.0,49.0,WORKLOAD_STEP
2026-07-09 19:23:21.611210200+05:30,52.7,33,26.1,2641.31,62.51,202,305,CHAOS,50.0,49.0,WORKLOAD_STEP
2026-07-09 19:23:23.644212600+05:30,54.0,33,24.4,2641.33,62.56,201,307,CHAOS,50.0,49.0,WORKLOAD_STEP
2026-07-09 19:23:25.670827500+05:30,52.2,33,24.1,2651.39,62.57,205,307,CHAOS,50.0,49.0,WORKLOAD_STEP
2026-07-09 19:23:27.701145900+05:30,50.1,32,24.5,2751.81,62.6,205,307,CHAOS,50.0,49.0,WORKLOAD_STEP
2026-07-09 19:23:29.732891300+05:30,55.0,33,24.3,2741.78,62.63,205,307,CHAOS,50.0,49.0,WORKLOAD_STEP
2026-07-09 19:23:31.756382500+05:30,50.7,30,23.2,2681.51,62.6,205,307,CHAOS,50.0,49.0,WORKLOAD_STEP
2026-07-09 19:23:33.778574500+05:30,50.2,33,24.0,2731.74,62.58,205,307,CHAOS,50.0,49.0,WORKLOAD_STEP
2026-07-09 19:23:35.807733500+05:30,50.9,33,25.1,2671.48,62.6,205,307,CHAOS,50.0,49.0,WORKLOAD_STEP
2026-07-09 19:23:37.834306400+05:30,50.7,33,22.8,2892.42,62.6,205,307,CHAOS,50.0,49.0,WORKLOAD_STEP
2026-07-09 19:23:39.876522+05:30,49.9,32,22.7,2691.56,62.59,205,307,CHAOS,50.0,49.0,WORKLOAD_STEP
2026-07-09 19:23:41.904678+05:30,50.7,32,24.8,2872.32,62.6,205,307,CHAOS,50.0,49.0,WORKLOAD_STEP
2026-07-09 19:23:43.933177900+05:30,46.5,40,17.5,2319.97,62.55,205,306,CHAOS,20.0,50.0,WORKLOAD_STEP
2026-07-09 19:23:45.964745700+05:30,20.8,40,7.7,2109.06,62.58,205,306,CHAOS,20.0,50.0,WORKLOAD_STEP
2026-07-09 19:23:47.995935300+05:30,21.3,46,10.0,2129.14,62.58,205,306,CHAOS,20.0,50.0,WORKLOAD_STEP
2026-07-09 19:23:50.030099400+05:30,20.5,42,11.4,2701.6,62.57,205,306,CHAOS,20.0,50.0,WORKLOAD_STEP
2026-07-09 19:23:52.054245300+05:30,23.4,42,18.0,2510.78,62.55,205,306,CHAOS,20.0,50.0,WORKLOAD_STEP
2026-07-09 19:23:54.077280200+05:30,23.5,40,20.3,2771.92,62.53,205,306,CHAOS,20.0,50.0,WORKLOAD_STEP
2026-07-09 19:23:56.099766600+05:30,24.2,24,18.6,2400.32,62.54,205,306,CHAOS,20.0,50.0,WORKLOAD_STEP
2026-07-09 19:23:58.119150400+05:30,23.1,47,18.0,2581.09,62.67,205,308,CHAOS,20.0,50.0,WORKLOAD_STEP
2026-07-09 19:24:00.139409300+05:30,23.2,29,14.0,2711.65,62.62,205,306,CHAOS,20.0,50.0,WORKLOAD_STEP
2026-07-09 19:24:02.159952600+05:30,21.6,37,17.0,2842.22,62.59,205,306,CHAOS,20.0,50.0,WORKLOAD_STEP
2026-07-09 19:24:04.180688800+05:30,23.4,41,15.5,2661.42,62.61,205,306,CHAOS,20.0,50.0,WORKLOAD_STEP
2026-07-09 19:24:06.200821400+05:30,22.0,41,18.1,3123.41,62.59,205,306,CHAOS,20.0,50.0,WORKLOAD_STEP
2026-07-09 19:24:08.220316800+05:30,22.2,41,18.0,3002.9,62.62,205,306,CHAOS,20.0,50.0,WORKLOAD_STEP
2026-07-09 19:24:10.239491+05:30,24.2,39,19.2,2651.4,62.61,205,306,CHAOS,20.0,50.0,WORKLOAD_STEP
2026-07-09 19:24:12.259447+05:30,22.9,32,16.1,2631.31,62.62,205,306,CHAOS,20.0,50.0,WORKLOAD_STEP
2026-07-09 19:24:14.301044300+05:30,22.5,34,16.7,2852.26,62.59,205,306,CHAOS,20.0,50.0,WORKLOAD_STEP
2026-07-09 19:24:16.329071300+05:30,22.5,39,19.0,2942.63,62.58,205,306,CHAOS,20.0,50.0,WORKLOAD_STEP
2026-07-09 19:24:18.350611200+05:30,20.6,37,16.0,2952.69,62.55,205,306,CHAOS,20.0,50.0,WORKLOAD_STEP
2026-07-09 19:24:20.380625800+05:30,21.4,40,18.0,2912.51,62.62,205,306,CHAOS,20.0,50.0,WORKLOAD_STEP
2026-07-09 19:24:22.401752300+05:30,20.9,33,21.1,2932.59,62.6,205,306,CHAOS,20.0,50.0,WORKLOAD_STEP
2026-07-09 19:24:24.424257700+05:30,21.1,27,20.3,3133.45,62.66,204,306,CHAOS,20.0,50.0,WORKLOAD_STEP
2026-07-09 19:24:26.450216400+05:30,22.5,30,23.0,2792.0,62.57,204,306,CHAOS,20.0,50.0,WORKLOAD_STEP
2026-07-09 19:24:28.470920500+05:30,21.1,33,22.2,3053.11,62.56,204,306,CHAOS,20.0,50.0,WORKLOAD_STEP
2026-07-09 19:24:30.489340+05:30,21.9,21,21.8,2671.47,62.54,207,306,CHAOS,20.0,50.0,WORKLOAD_STEP
2026-07-09 19:24:32.508592600+05:30,22.6,32,22.4,2651.39,62.47,207,306,CHAOS,20.0,50.0,WORKLOAD_STEP
2026-07-09 19:24:34.527300+05:30,23.0,30,22.2,2852.26,62.48,207,306,CHAOS,20.0,50.0,WORKLOAD_STEP
2026-07-09 19:24:36.545409300+05:30,21.5,37,21.1,2882.37,62.49,204,306,CHAOS,20.0,50.0,WORKLOAD_STEP
2026-07-09 19:24:38.563830+05:30,25.5,23,22.5,2731.74,62.51,204,306,CHAOS,20.0,50.0,WORKLOAD_STEP
2026-07-09 19:24:40.581615900+05:30,21.2,34,22.6,2862.3,62.51,203,306,CHAOS,20.0,50.0,WORKLOAD_STEP
2026-07-09 19:24:42.601739900+05:30,22.8,26,22.2,3173.64,62.5,202,306,CHAOS,20.0,50.0,WORKLOAD_STEP
2026-07-09 19:24:44.619190300+05:30,21.6,24,22.4,3153.54,62.52,202,306,CHAOS,20.0,50.0,WORKLOAD_STEP
2026-07-09 19:24:46.635711900+05:30,22.7,23,21.1,3033.03,62.51,202,306,CHAOS,20.0,50.0,WORKLOAD_STEP
2026-07-09 19:24:48.667776600+05:30,22.7,23,23.5,2952.69,62.53,202,306,CHAOS,20.0,50.0,WORKLOAD_STEP
2026-07-09 19:24:50.686784700+05:30,21.4,26,22.5,2741.78,62.53,202,306,CHAOS,20.0,50.0,WORKLOAD_STEP
2026-07-09 19:24:52.708228600+05:30,21.6,24,22.8,3153.55,62.51,202,306,CHAOS,20.0,50.0,WORKLOAD_STEP
2026-07-09 19:24:54.730052600+05:30,20.9,23,20.3,2912.5,62.55,202,306,CHAOS,20.0,50.0,WORKLOAD_STEP
2026-07-09 19:24:56.747715+05:30,20.8,30,20.8,3334.3,62.53,202,306,CHAOS,20.0,50.0,WORKLOAD_STEP
2026-07-09 19:24:58.767682300+05:30,21.0,16,23.1,3203.76,62.57,204,306,CHAOS,20.0,50.0,WORKLOAD_STEP
2026-07-09 19:25:00.786559800+05:30,24.0,22,24.8,3274.08,62.58,204,306,CHAOS,20.0,50.0,WORKLOAD_STEP
2026-07-09 19:25:02.804065400+05:30,26.4,33,23.3,2952.66,62.66,204,306,CHAOS,20.0,50.0,WORKLOAD_STEP
2026-07-09 19:25:04.824453800+05:30,24.4,37,22.2,2942.65,62.52,204,306,CHAOS,20.0,50.0,WORKLOAD_STEP
2026-07-09 19:25:06.845011500+05:30,21.2,23,20.6,2972.77,62.51,204,306,CHAOS,20.0,50.0,WORKLOAD_STEP
2026-07-09 19:25:08.864137800+05:30,22.5,29,20.8,3033.01,62.6,204,306,CHAOS,20.0,50.0,WORKLOAD_STEP
2026-07-09 19:25:10.883688300+05:30,20.5,30,21.3,3093.29,62.59,204,306,CHAOS,20.0,50.0,WORKLOAD_STEP
2026-07-09 19:25:12.903268800+05:30,23.1,32,22.7,2812.07,62.56,204,306,CHAOS,20.0,50.0,WORKLOAD_STEP
2026-07-09 19:25:14.920336800+05:30,21.1,33,23.8,2852.26,62.56,204,306,CHAOS,20.0,50.0,WORKLOAD_STEP
2026-07-09 19:25:16.939074600+05:30,27.4,21,23.1,3053.12,62.54,205,306,CHAOS,20.0,50.0,WORKLOAD_STEP
2026-07-09 19:25:18.959511200+05:30,22.9,27,22.1,3022.99,62.55,205,306,CHAOS,20.0,50.0,WORKLOAD_STEP
2026-07-09 19:25:20.992503+05:30,25.6,32,21.9,3314.24,62.56,205,306,CHAOS,20.0,50.0,WORKLOAD_STEP
2026-07-09 19:25:23.015386100+05:30,30.9,41,13.5,2330.01,62.58,204,306,CHAOS,30.0,51.0,WORKLOAD_STEP
2026-07-09 19:25:25.034025900+05:30,31.8,42,12.7,2330.01,62.56,204,306,CHAOS,30.0,51.0,WORKLOAD_STEP
2026-07-09 19:25:27.053595600+05:30,32.4,37,15.1,2530.88,62.57,204,306,CHAOS,30.0,51.0,WORKLOAD_STEP
2026-07-09 19:25:29.073678700+05:30,31.8,30,17.4,2862.31,62.52,202,306,CHAOS,30.0,51.0,WORKLOAD_STEP
2026-07-09 19:25:31.093089600+05:30,32.3,32,12.8,2661.43,62.48,201,306,CHAOS,30.0,51.0,WORKLOAD_STEP
2026-07-09 19:25:33.112412200+05:30,31.7,30,17.2,2812.06,62.57,201,306,CHAOS,30.0,51.0,WORKLOAD_STEP
2026-07-09 19:25:35.131600700+05:30,32.0,41,16.3,2661.44,62.57,201,306,CHAOS,30.0,51.0,WORKLOAD_STEP
2026-07-09 19:25:37.148220300+05:30,30.9,19,18.9,2751.81,62.57,201,306,CHAOS,30.0,51.0,WORKLOAD_STEP
2026-07-09 19:25:39.165647100+05:30,30.2,36,22.3,2510.79,62.56,201,306,CHAOS,30.0,51.0,WORKLOAD_STEP
2026-07-09 19:25:41.182152900+05:30,31.5,33,19.8,2902.46,62.56,201,306,CHAOS,30.0,51.0,WORKLOAD_STEP
2026-07-09 19:25:43.201532100+05:30,32.3,37,24.0,2922.55,62.52,201,306,CHAOS,30.0,51.0,WORKLOAD_STEP
2026-07-09 19:25:45.221569900+05:30,30.7,27,23.3,3093.27,62.52,201,306,CHAOS,30.0,51.0,WORKLOAD_STEP
2026-07-09 19:25:47.241487800+05:30,30.8,30,24.8,2922.56,62.54,201,306,CHAOS,30.0,51.0,WORKLOAD_STEP
2026-07-09 19:25:49.260339600+05:30,30.4,29,24.9,2942.64,62.58,201,306,CHAOS,30.0,51.0,WORKLOAD_STEP
2026-07-09 19:25:51.281073300+05:30,30.0,27,24.1,2691.56,62.59,201,306,CHAOS,30.0,51.0,WORKLOAD_STEP
2026-07-09 19:25:53.302814600+05:30,51.9,39,21.2,2520.83,62.59,201,306,CHAOS,50.0,52.0,WORKLOAD_STEP
2026-07-09 19:25:55.342226100+05:30,51.5,32,20.5,3143.49,62.59,201,306,CHAOS,50.0,52.0,WORKLOAD_STEP
2026-07-09 19:25:57.361592400+05:30,50.0,30,23.5,2601.16,62.59,201,306,CHAOS,50.0,52.0,WORKLOAD_STEP
2026-07-09 19:25:59.380247900+05:30,52.2,27,22.8,2671.46,62.63,201,306,CHAOS,50.0,52.0,WORKLOAD_STEP
2026-07-09 19:26:01.401619800+05:30,50.0,32,21.8,2902.46,62.61,201,306,CHAOS,50.0,52.0,WORKLOAD_STEP
2026-07-09 19:26:03.422225800+05:30,52.2,34,22.2,2822.11,62.59,201,306,CHAOS,50.0,52.0,WORKLOAD_STEP
2026-07-09 19:26:05.442815100+05:30,49.7,30,23.8,2520.82,62.62,201,306,CHAOS,50.0,52.0,WORKLOAD_STEP
2026-07-09 19:26:07.465146600+05:30,55.7,36,24.1,2922.55,62.62,201,306,CHAOS,50.0,52.0,WORKLOAD_STEP
2026-07-09 19:26:09.487892400+05:30,53.5,33,23.2,2691.55,62.61,201,306,CHAOS,50.0,52.0,WORKLOAD_STEP
2026-07-09 19:26:11.518151500+05:30,54.1,34,25.8,2561.0,62.62,201,306,CHAOS,50.0,52.0,WORKLOAD_STEP
2026-07-09 19:26:13.548307500+05:30,51.2,36,25.6,2822.11,62.59,201,306,CHAOS,50.0,52.0,WORKLOAD_STEP
2026-07-09 19:26:15.578613+05:30,52.2,32,23.5,2922.54,62.61,201,306,CHAOS,50.0,52.0,WORKLOAD_STEP
2026-07-09 19:26:17.606613800+05:30,52.8,33,23.5,2942.62,62.59,202,306,CHAOS,50.0,52.0,WORKLOAD_STEP
2026-07-09 19:26:19.631088500+05:30,51.8,33,23.9,2691.56,62.61,202,306,CHAOS,50.0,52.0,WORKLOAD_STEP
2026-07-09 19:26:21.652525800+05:30,53.4,36,23.5,2832.15,62.6,202,306,CHAOS,50.0,52.0,WORKLOAD_STEP
2026-07-09 19:26:23.674101600+05:30,53.0,34,23.1,2721.67,62.59,201,305,CHAOS,50.0,52.0,WORKLOAD_STEP
2026-07-09 19:26:25.696695100+05:30,51.0,34,25.0,2701.61,62.58,201,305,CHAOS,50.0,52.0,WORKLOAD_STEP
2026-07-09 19:26:27.726523800+05:30,50.5,32,22.9,2791.97,62.58,202,305,CHAOS,50.0,52.0,WORKLOAD_STEP
2026-07-09 19:26:29.771831700+05:30,55.5,36,23.2,2671.47,62.52,201,305,CHAOS,50.0,52.0,WORKLOAD_STEP
2026-07-09 19:26:31.797240800+05:30,50.6,33,24.0,2520.83,62.58,204,305,CHAOS,50.0,52.0,WORKLOAD_STEP
2026-07-09 19:26:33.822409400+05:30,50.3,32,23.8,2751.81,62.57,201,305,CHAOS,50.0,52.0,WORKLOAD_STEP
2026-07-09 19:26:35.849734400+05:30,50.5,32,22.6,2892.43,62.58,198,305,CHAOS,50.0,52.0,WORKLOAD_STEP
2026-07-09 19:26:37.881051200+05:30,51.0,33,24.3,2651.4,62.55,198,305,CHAOS,50.0,52.0,WORKLOAD_STEP
2026-07-09 19:26:39.912185300+05:30,52.5,32,24.0,2741.78,62.57,198,305,CHAOS,50.0,52.0,WORKLOAD_STEP
2026-07-09 19:26:41.945445800+05:30,51.8,36,24.1,2721.68,62.55,198,305,CHAOS,50.0,52.0,WORKLOAD_STEP
2026-07-09 19:26:43.973694+05:30,51.3,34,24.0,2731.72,62.57,197,305,CHAOS,50.0,52.0,WORKLOAD_STEP
2026-07-09 19:26:45.999575300+05:30,52.2,33,23.3,2751.81,62.55,197,305,CHAOS,50.0,52.0,WORKLOAD_STEP
2026-07-09 19:26:48.025018800+05:30,50.7,33,25.1,2741.77,62.57,197,305,CHAOS,50.0,52.0,WORKLOAD_STEP
2026-07-09 19:26:50.049225+05:30,51.4,34,23.8,2581.09,62.58,197,305,CHAOS,50.0,52.0,WORKLOAD_STEP
2026-07-09 19:26:52.077837+05:30,52.0,33,23.3,2952.66,62.57,197,305,CHAOS,50.0,52.0,WORKLOAD_STEP
2026-07-09 19:26:54.108213400+05:30,52.7,33,23.8,2802.02,62.57,197,305,CHAOS,50.0,52.0,WORKLOAD_STEP
2026-07-09 19:26:56.133450+05:30,50.9,34,24.2,2822.11,62.56,197,305,CHAOS,50.0,52.0,WORKLOAD_STEP
2026-07-09 19:26:58.166458700+05:30,51.3,33,24.1,2701.6,62.61,197,307,CHAOS,50.0,52.0,WORKLOAD_STEP
2026-07-09 19:27:00.197903100+05:30,50.4,29,23.4,2812.07,62.59,197,305,CHAOS,50.0,52.0,WORKLOAD_STEP
2026-07-09 19:27:02.222375800+05:30,49.7,34,23.9,2631.3,62.6,197,305,CHAOS,50.0,52.0,WORKLOAD_STEP
2026-07-09 19:27:04.262036+05:30,50.4,32,25.3,2741.77,62.59,197,305,CHAOS,50.0,52.0,WORKLOAD_STEP
2026-07-09 19:27:06.286211400+05:30,52.5,32,23.5,2781.94,62.6,197,305,CHAOS,50.0,52.0,WORKLOAD_STEP
2026-07-09 19:27:08.322397500+05:30,50.6,33,23.3,2671.46,62.58,197,305,CHAOS,50.0,52.0,WORKLOAD_STEP
2026-07-09 19:27:10.353772700+05:30,50.3,33,25.7,2932.58,62.59,197,305,CHAOS,50.0,52.0,WORKLOAD_STEP
2026-07-09 19:27:12.379427400+05:30,52.5,33,22.5,2460.56,62.57,197,305,CHAOS,50.0,52.0,WORKLOAD_STEP
2026-07-09 19:27:14.408525700+05:30,53.5,32,25.3,2671.47,62.57,197,305,CHAOS,50.0,52.0,WORKLOAD_STEP
2026-07-09 19:27:16.439718900+05:30,53.2,33,24.4,2560.98,62.57,200,305,CHAOS,50.0,52.0,WORKLOAD_STEP
2026-07-09 19:27:18.461930200+05:30,51.2,29,26.1,2701.6,62.57,201,305,CHAOS,50.0,52.0,WORKLOAD_STEP
2026-07-09 19:27:20.490911500+05:30,52.0,33,23.5,2711.64,62.57,201,305,CHAOS,50.0,52.0,WORKLOAD_STEP
2026-07-09 19:27:22.513707100+05:30,50.9,33,22.1,2731.72,62.57,201,305,CHAOS,50.0,52.0,WORKLOAD_STEP
2026-07-09 19:27:24.540262600+05:30,51.9,32,24.8,2832.16,62.57,200,305,CHAOS,50.0,52.0,WORKLOAD_STEP
2026-07-09 19:27:26.572260700+05:30,49.8,30,28.5,2711.65,62.57,200,305,CHAOS,50.0,52.0,WORKLOAD_STEP
2026-07-09 19:27:28.598957200+05:30,57.5,29,25.7,2922.55,62.74,200,307,CHAOS,50.0,52.0,WORKLOAD_STEP
2026-07-09 19:27:30.625067300+05:30,52.2,27,24.3,2832.15,62.56,200,305,CHAOS,50.0,52.0,WORKLOAD_STEP
2026-07-09 19:27:32.655965900+05:30,54.0,32,26.3,2832.16,62.56,200,305,CHAOS,50.0,52.0,WORKLOAD_STEP
2026-07-09 19:27:34.680901800+05:30,50.6,32,25.5,2721.69,62.56,200,305,CHAOS,50.0,52.0,WORKLOAD_STEP
2026-07-09 19:27:36.719299900+05:30,52.5,33,22.8,3002.89,62.56,200,305,CHAOS,50.0,52.0,WORKLOAD_STEP
2026-07-09 19:27:38.752184600+05:30,52.0,30,26.6,2761.87,62.56,200,305,CHAOS,50.0,52.0,WORKLOAD_STEP
2026-07-09 19:27:40.780708+05:30,52.2,29,25.8,2751.82,62.55,200,305,CHAOS,50.0,52.0,WORKLOAD_STEP
2026-07-09 19:27:42.803960100+05:30,52.5,32,26.1,2922.55,62.55,202,305,CHAOS,50.0,52.0,WORKLOAD_STEP
2026-07-09 19:27:44.831973800+05:30,51.5,32,25.5,2661.45,62.57,202,305,CHAOS,50.0,52.0,WORKLOAD_STEP
2026-07-09 19:27:46.864135800+05:30,50.6,32,25.4,2812.08,62.56,202,305,CHAOS,50.0,52.0,WORKLOAD_STEP
2026-07-09 19:27:48.890951400+05:30,51.9,32,25.9,2902.46,62.57,202,305,CHAOS,50.0,52.0,WORKLOAD_STEP
2026-07-09 19:27:50.924056800+05:30,52.6,32,24.1,2721.7,62.56,202,305,CHAOS,50.0,52.0,WORKLOAD_STEP
2026-07-09 19:27:52.953890100+05:30,51.5,29,25.7,2912.51,62.56,202,305,CHAOS,50.0,52.0,WORKLOAD_STEP
2026-07-09 19:27:54.977752800+05:30,51.0,32,25.6,2731.73,62.56,202,305,CHAOS,50.0,52.0,WORKLOAD_STEP
2026-07-09 19:27:57.001291+05:30,51.9,32,23.2,2791.98,62.57,202,305,CHAOS,50.0,52.0,WORKLOAD_STEP
2026-07-09 19:27:59.051001800+05:30,57.5,32,23.8,2701.59,62.53,202,305,CHAOS,50.0,52.0,WORKLOAD_STEP
2026-07-09 19:28:01.078136800+05:30,50.9,30,22.1,2912.5,62.58,202,305,CHAOS,50.0,52.0,WORKLOAD_STEP
2026-07-09 19:28:03.103999+05:30,50.7,33,24.8,2872.32,62.57,202,305,CHAOS,50.0,52.0,WORKLOAD_STEP
2026-07-09 19:28:05.134342800+05:30,52.5,33,24.8,2822.12,62.58,202,305,CHAOS,50.0,52.0,WORKLOAD_STEP
2026-07-09 19:28:07.159722900+05:30,50.1,32,27.2,2802.02,62.56,202,305,CHAOS,50.0,52.0,WORKLOAD_STEP
2026-07-09 19:28:09.190845700+05:30,53.6,34,24.6,2701.61,62.58,202,305,CHAOS,50.0,52.0,WORKLOAD_STEP
2026-07-09 19:28:11.236850100+05:30,50.6,29,23.2,2892.43,62.58,202,305,CHAOS,50.0,52.0,WORKLOAD_STEP
2026-07-09 19:28:13.265303400+05:30,51.0,32,24.7,2832.15,62.57,200,305,CHAOS,50.0,52.0,WORKLOAD_STEP
2026-07-09 19:28:15.290799500+05:30,52.2,32,25.5,2731.74,62.55,200,305,CHAOS,50.0,52.0,WORKLOAD_STEP
2026-07-09 19:28:17.316667500+05:30,50.5,30,24.4,2791.98,62.58,201,305,CHAOS,50.0,52.0,WORKLOAD_STEP
2026-07-09 19:28:19.339163400+05:30,58.4,30,23.7,2651.4,62.57,202,305,CHAOS,50.0,52.0,WORKLOAD_STEP
2026-07-09 19:28:21.367983800+05:30,53.3,32,24.0,2661.41,62.57,203,305,CHAOS,50.0,52.0,WORKLOAD_STEP
2026-07-09 19:28:23.396766500+05:30,51.7,32,22.2,2651.39,62.57,202,305,CHAOS,50.0,52.0,WORKLOAD_STEP
2026-07-09 19:28:25.424734400+05:30,52.2,33,23.8,2912.5,62.56,202,305,CHAOS,50.0,52.0,WORKLOAD_STEP
2026-07-09 19:28:27.458699100+05:30,52.3,32,25.6,2691.57,62.55,203,305,CHAOS,50.0,52.0,WORKLOAD_STEP
2026-07-09 19:28:29.495332100+05:30,53.5,30,24.2,2731.72,62.6,202,305,CHAOS,50.0,52.0,WORKLOAD_STEP
2026-07-09 19:28:31.520261900+05:30,51.6,30,24.0,2440.49,62.59,205,305,CHAOS,50.0,52.0,WORKLOAD_STEP
2026-07-09 19:28:33.549189900+05:30,50.5,29,26.0,2721.68,62.58,205,305,CHAOS,50.0,52.0,WORKLOAD_STEP
2026-07-09 19:28:35.576833700+05:30,55.5,29,25.4,2561.01,62.57,202,305,CHAOS,50.0,52.0,WORKLOAD_STEP
2026-07-09 19:28:37.605589700+05:30,52.8,33,23.6,2812.06,62.58,202,305,CHAOS,50.0,52.0,WORKLOAD_STEP
2026-07-09 19:28:39.634737100+05:30,52.3,37,24.6,2942.62,62.58,202,305,CHAOS,50.0,52.0,WORKLOAD_STEP
2026-07-09 19:28:41.666041900+05:30,51.2,29,23.7,2731.73,62.58,202,305,CHAOS,50.0,52.0,WORKLOAD_STEP
2026-07-09 19:28:43.698077800+05:30,50.1,32,24.6,2741.76,62.58,202,305,CHAOS,50.0,52.0,WORKLOAD_STEP
2026-07-09 19:28:45.740593700+05:30,50.8,32,23.6,2842.19,62.57,202,305,CHAOS,50.0,52.0,WORKLOAD_STEP
2026-07-09 19:28:47.772537400+05:30,50.9,33,24.0,2771.89,62.58,202,305,CHAOS,50.0,52.0,WORKLOAD_STEP
2026-07-09 19:28:49.801034+05:30,50.4,29,23.8,2872.32,62.56,202,305,CHAOS,50.0,52.0,WORKLOAD_STEP
2026-07-09 19:28:51.830390+05:30,49.9,29,24.2,2781.94,62.58,202,305,CHAOS,50.0,52.0,WORKLOAD_STEP
2026-07-09 19:28:53.861934700+05:30,50.0,34,23.1,2761.84,62.56,202,305,CHAOS,50.0,52.0,WORKLOAD_STEP
2026-07-09 19:28:55.886967600+05:30,50.6,30,23.4,2691.56,62.54,202,305,CHAOS,50.0,52.0,WORKLOAD_STEP
2026-07-09 19:28:57.916778400+05:30,52.5,34,21.5,2781.94,62.57,202,305,CHAOS,50.0,52.0,WORKLOAD_STEP
2026-07-09 19:28:59.941530300+05:30,53.2,34,23.4,2661.42,62.59,202,305,CHAOS,50.0,52.0,WORKLOAD_STEP
2026-07-09 19:29:01.966388200+05:30,50.8,30,25.2,2872.31,62.59,202,305,CHAOS,50.0,52.0,WORKLOAD_STEP
2026-07-09 19:29:04.001630+05:30,53.0,33,25.0,2781.95,62.59,202,305,CHAOS,50.0,52.0,WORKLOAD_STEP
2026-07-09 19:29:06.027671100+05:30,51.3,34,22.7,2781.93,62.57,202,305,CHAOS,50.0,52.0,WORKLOAD_STEP
2026-07-09 19:29:08.053864800+05:30,50.5,36,22.5,2932.59,62.58,202,305,CHAOS,50.0,52.0,WORKLOAD_STEP
2026-07-09 19:29:10.081511200+05:30,51.5,32,23.5,2691.56,62.57,202,305,CHAOS,50.0,52.0,WORKLOAD_STEP
2026-07-09 19:29:12.117851700+05:30,51.7,34,22.0,2601.17,62.57,202,305,CHAOS,50.0,52.0,WORKLOAD_STEP
2026-07-09 19:29:14.141543800+05:30,53.0,33,23.0,2912.5,62.56,202,305,CHAOS,50.0,52.0,WORKLOAD_STEP
2026-07-09 19:29:16.170726600+05:30,51.1,33,23.6,2520.83,62.56,203,305,CHAOS,80.0,53.0,WORKLOAD_STEP
2026-07-09 19:29:18.232435700+05:30,82.2,36,23.3,2490.68,62.55,202,305,CHAOS,80.0,53.0,WORKLOAD_STEP
2026-07-09 19:29:20.274656+05:30,81.1,32,25.2,2581.07,62.57,202,305,CHAOS,80.0,53.0,WORKLOAD_STEP
2026-07-09 19:29:22.298834500+05:30,81.6,33,23.8,2621.24,62.57,200,305,CHAOS,80.0,53.0,WORKLOAD_STEP
2026-07-09 19:29:24.325393100+05:30,81.2,34,24.4,2460.55,62.57,200,305,CHAOS,80.0,53.0,WORKLOAD_STEP
2026-07-09 19:29:26.364865800+05:30,84.1,32,24.1,2611.2,62.58,200,305,CHAOS,80.0,53.0,WORKLOAD_STEP
2026-07-09 19:29:28.398091100+05:30,84.0,34,23.1,2510.77,62.68,200,307,CHAOS,80.0,53.0,WORKLOAD_STEP
2026-07-09 19:29:30.433215800+05:30,83.0,33,23.5,2591.11,62.6,200,305,CHAOS,80.0,53.0,WORKLOAD_STEP
2026-07-09 19:29:32.459272+05:30,82.5,33,25.4,2631.28,62.59,200,305,CHAOS,80.0,53.0,WORKLOAD_STEP
2026-07-09 19:29:34.490599600+05:30,80.6,30,23.8,2641.34,62.6,200,305,CHAOS,80.0,53.0,WORKLOAD_STEP
2026-07-09 19:29:36.520028300+05:30,80.5,33,24.8,2611.19,62.59,200,305,CHAOS,80.0,53.0,WORKLOAD_STEP
2026-07-09 19:29:38.553515100+05:30,80.9,33,21.9,2621.24,62.59,200,305,CHAOS,80.0,53.0,WORKLOAD_STEP
2026-07-09 19:29:40.587864900+05:30,79.8,33,25.5,2550.95,62.58,200,305,CHAOS,80.0,53.0,WORKLOAD_STEP
2026-07-09 19:29:42.618311800+05:30,82.0,33,24.4,2530.85,62.65,200,305,CHAOS,80.0,53.0,WORKLOAD_STEP
2026-07-09 19:29:44.733037600+05:30,79.0,33,22.2,2560.99,62.58,200,305,CHAOS,80.0,53.0,WORKLOAD_STEP
2026-07-09 19:29:46.765607100+05:30,79.6,33,23.4,2611.19,62.58,200,305,CHAOS,80.0,53.0,WORKLOAD_STEP
2026-07-09 19:29:48.802898700+05:30,81.9,34,23.0,2631.29,62.58,200,305,CHAOS,80.0,53.0,WORKLOAD_STEP
2026-07-09 19:29:50.834414800+05:30,80.5,33,24.1,2571.02,62.58,200,305,CHAOS,80.0,53.0,WORKLOAD_STEP
2026-07-09 19:29:52.885355800+05:30,80.6,33,25.1,2530.84,62.57,200,305,CHAOS,80.0,53.0,WORKLOAD_STEP
2026-07-09 19:29:54.915747+05:30,80.6,33,23.1,2621.24,62.57,200,305,CHAOS,80.0,53.0,WORKLOAD_STEP
2026-07-09 19:29:56.950038+05:30,51.9,37,18.4,2731.72,62.57,200,305,CHAOS,50.0,54.0,WORKLOAD_STEP
2026-07-09 19:29:58.970057300+05:30,54.9,34,24.8,2751.81,62.55,200,305,CHAOS,50.0,54.0,WORKLOAD_STEP
2026-07-09 19:30:00.991368600+05:30,51.4,34,24.8,2350.08,62.51,200,305,CHAOS,50.0,54.0,WORKLOAD_STEP
2026-07-09 19:30:03.011736900+05:30,50.5,33,22.3,2852.24,62.51,200,305,CHAOS,50.0,54.0,WORKLOAD_STEP
2026-07-09 19:30:05.033065+05:30,52.7,32,22.8,2721.69,62.53,200,305,CHAOS,50.0,54.0,WORKLOAD_STEP
2026-07-09 19:30:07.054739500+05:30,52.1,34,21.4,2460.57,62.55,200,305,CHAOS,50.0,54.0,WORKLOAD_STEP
2026-07-09 19:30:09.076682300+05:30,52.4,29,22.5,2641.35,62.55,200,305,CHAOS,50.0,54.0,WORKLOAD_STEP
2026-07-09 19:30:11.110454100+05:30,49.8,30,21.8,2992.83,62.55,200,305,CHAOS,50.0,54.0,WORKLOAD_STEP
2026-07-09 19:30:13.140916500+05:30,52.0,34,22.4,2761.86,62.56,200,305,CHAOS,50.0,54.0,WORKLOAD_STEP
2026-07-09 19:30:15.169957700+05:30,50.8,37,21.7,2852.26,62.54,200,305,CHAOS,50.0,54.0,WORKLOAD_STEP
2026-07-09 19:30:17.194857800+05:30,51.8,24,22.5,2771.89,62.55,200,305,CHAOS,50.0,54.0,WORKLOAD_STEP
2026-07-09 19:30:19.217617100+05:30,50.2,32,24.1,2872.34,62.56,200,305,CHAOS,50.0,54.0,WORKLOAD_STEP
2026-07-09 19:30:21.238644800+05:30,50.8,32,23.9,2802.04,62.57,200,305,CHAOS,50.0,54.0,WORKLOAD_STEP
2026-07-09 19:30:23.267975800+05:30,50.1,27,24.0,2611.2,62.57,200,305,CHAOS,50.0,54.0,WORKLOAD_STEP
2026-07-09 19:30:25.293623800+05:30,50.4,30,24.1,2701.6,62.57,200,305,CHAOS,50.0,54.0,WORKLOAD_STEP
2026-07-09 19:30:27.348097100+05:30,50.5,34,23.9,2751.81,62.57,200,306,CHAOS,50.0,54.0,WORKLOAD_STEP
2026-07-09 19:30:29.379570200+05:30,60.3,29,24.9,2751.82,62.82,203,308,CHAOS,50.0,54.0,WORKLOAD_STEP
2026-07-09 19:30:31.406802900+05:30,53.5,32,23.4,2691.56,62.69,205,307,CHAOS,50.0,54.0,WORKLOAD_STEP
2026-07-09 19:30:33.427494200+05:30,51.2,32,22.4,2912.49,62.68,205,307,CHAOS,50.0,54.0,WORKLOAD_STEP
2026-07-09 19:30:35.450438800+05:30,52.6,27,22.4,2671.48,62.68,202,307,CHAOS,50.0,54.0,WORKLOAD_STEP
2026-07-09 19:30:37.480980600+05:30,49.6,30,21.6,2711.63,62.68,204,307,CHAOS,50.0,54.0,WORKLOAD_STEP
2026-07-09 19:30:39.518097600+05:30,51.2,27,23.6,2771.89,62.68,204,307,CHAOS,50.0,54.0,WORKLOAD_STEP
2026-07-09 19:30:41.547593500+05:30,51.1,30,23.7,2781.95,62.67,204,307,CHAOS,50.0,54.0,WORKLOAD_STEP
2026-07-09 19:30:43.573008500+05:30,52.3,34,22.0,2802.03,62.65,204,307,CHAOS,50.0,54.0,WORKLOAD_STEP
2026-07-09 19:30:45.601284100+05:30,51.0,29,22.8,2550.96,62.67,204,307,CHAOS,50.0,54.0,WORKLOAD_STEP
2026-07-09 19:30:47.622338800+05:30,55.5,27,24.2,2721.68,62.66,204,307,CHAOS,50.0,54.0,WORKLOAD_STEP
2026-07-09 19:30:49.647202900+05:30,52.3,32,25.4,2802.03,62.67,204,307,CHAOS,50.0,54.0,WORKLOAD_STEP
2026-07-09 19:30:51.677133900+05:30,53.8,32,24.4,2912.5,62.67,204,307,CHAOS,50.0,54.0,WORKLOAD_STEP
2026-07-09 19:30:53.711721300+05:30,50.9,33,23.2,2631.3,62.66,204,307,CHAOS,40.0,55.0,WORKLOAD_STEP
2026-07-09 19:30:55.729399800+05:30,41.5,40,13.8,2530.88,62.66,204,307,CHAOS,40.0,55.0,WORKLOAD_STEP
2026-07-09 19:30:57.748790700+05:30,39.2,34,13.9,2520.82,62.66,204,307,CHAOS,40.0,55.0,WORKLOAD_STEP
2026-07-09 19:30:59.770470900+05:30,47.2,30,20.0,2681.52,62.57,204,306,CHAOS,40.0,55.0,WORKLOAD_STEP
2026-07-09 19:31:01.803272400+05:30,41.0,24,19.3,2681.52,62.63,203,306,CHAOS,40.0,55.0,WORKLOAD_STEP
2026-07-09 19:31:03.824147700+05:30,42.3,33,22.6,2711.65,62.64,203,306,CHAOS,40.0,55.0,WORKLOAD_STEP
2026-07-09 19:31:05.841012300+05:30,40.3,36,20.9,2731.73,62.63,203,306,CHAOS,40.0,55.0,WORKLOAD_STEP
2026-07-09 19:31:07.858977300+05:30,40.7,33,22.9,2701.6,62.61,200,305,CHAOS,40.0,55.0,WORKLOAD_STEP
2026-07-09 19:31:09.876140800+05:30,40.9,34,22.8,2852.25,62.59,200,305,CHAOS,40.0,55.0,WORKLOAD_STEP
2026-07-09 19:31:11.895875800+05:30,41.4,24,22.8,2781.94,62.49,200,305,CHAOS,40.0,55.0,WORKLOAD_STEP
2026-07-09 19:31:13.914889600+05:30,40.7,32,20.1,2721.68,62.49,200,305,CHAOS,40.0,55.0,WORKLOAD_STEP
2026-07-09 19:31:15.936238300+05:30,40.0,22,23.1,2781.95,62.51,200,305,CHAOS,40.0,55.0,WORKLOAD_STEP
2026-07-09 19:31:17.957739800+05:30,42.4,30,23.0,2651.39,62.52,200,305,CHAOS,40.0,55.0,WORKLOAD_STEP
2026-07-09 19:31:19.983213800+05:30,41.2,29,22.7,2651.38,62.53,200,305,CHAOS,40.0,55.0,WORKLOAD_STEP
2026-07-09 19:31:22.008888200+05:30,43.4,29,22.0,2942.62,62.55,199,305,CHAOS,40.0,55.0,WORKLOAD_STEP
2026-07-09 19:31:24.044906900+05:30,43.5,27,23.0,2902.47,62.55,199,305,CHAOS,40.0,55.0,WORKLOAD_STEP
2026-07-09 19:31:26.072652300+05:30,43.3,29,21.9,2731.73,62.53,199,305,CHAOS,40.0,55.0,WORKLOAD_STEP
2026-07-09 19:31:28.100294100+05:30,41.6,27,23.0,2641.36,62.56,199,305,CHAOS,40.0,55.0,WORKLOAD_STEP
2026-07-09 19:31:30.126030400+05:30,48.2,30,23.4,2631.3,62.58,199,305,CHAOS,40.0,55.0,WORKLOAD_STEP
2026-07-09 19:31:32.148378+05:30,40.7,32,23.3,2631.32,62.58,199,305,CHAOS,40.0,55.0,WORKLOAD_STEP
2026-07-09 19:31:34.170164400+05:30,44.2,27,24.8,2912.51,62.57,199,305,CHAOS,40.0,55.0,WORKLOAD_STEP
2026-07-09 19:31:36.210410800+05:30,40.8,30,23.0,2852.25,62.58,199,305,CHAOS,40.0,55.0,WORKLOAD_STEP
2026-07-09 19:31:38.233213700+05:30,45.8,33,24.4,2711.64,62.56,199,305,CHAOS,40.0,55.0,WORKLOAD_STEP
2026-07-09 19:31:40.262653800+05:30,41.4,33,23.1,2832.15,62.54,199,305,CHAOS,40.0,55.0,WORKLOAD_STEP
2026-07-09 19:31:42.289112600+05:30,42.3,29,24.4,2822.12,62.59,199,305,CHAOS,40.0,55.0,WORKLOAD_STEP
2026-07-09 19:31:44.317716100+05:30,42.0,33,23.6,2862.28,62.58,199,305,CHAOS,40.0,55.0,WORKLOAD_STEP
2026-07-09 19:31:46.343464100+05:30,43.0,30,23.9,2781.95,62.58,199,305,CHAOS,40.0,55.0,WORKLOAD_STEP
2026-07-09 19:31:48.366895400+05:30,41.0,30,23.2,2671.48,62.57,199,305,CHAOS,40.0,55.0,WORKLOAD_STEP
2026-07-09 19:31:50.390298400+05:30,44.0,32,22.5,2721.7,62.59,199,305,CHAOS,40.0,55.0,WORKLOAD_STEP
2026-07-09 19:31:52.416121100+05:30,42.8,30,21.6,2611.22,62.57,199,305,CHAOS,40.0,55.0,WORKLOAD_STEP
2026-07-09 19:31:54.441921200+05:30,43.6,32,21.6,2791.99,62.58,200,305,CHAOS,40.0,55.0,WORKLOAD_STEP
2026-07-09 19:31:56.465612500+05:30,42.1,33,23.6,2751.82,62.59,200,305,CHAOS,40.0,55.0,WORKLOAD_STEP
2026-07-09 19:31:58.491581400+05:30,44.6,27,23.5,2651.39,62.79,200,307,CHAOS,40.0,55.0,WORKLOAD_STEP
2026-07-09 19:32:00.517649600+05:30,41.5,32,22.0,2701.61,62.62,200,305,CHAOS,40.0,55.0,WORKLOAD_STEP
2026-07-09 19:32:02.542934+05:30,40.6,33,22.0,2872.33,62.62,201,305,CHAOS,40.0,55.0,WORKLOAD_STEP
2026-07-09 19:32:04.568693300+05:30,41.8,33,22.5,2882.38,62.61,201,305,CHAOS,40.0,55.0,WORKLOAD_STEP
2026-07-09 19:32:06.594433900+05:30,40.6,32,20.6,2822.13,62.58,201,305,CHAOS,40.0,55.0,WORKLOAD_STEP
2026-07-09 19:32:08.637170600+05:30,42.5,32,22.0,2681.52,62.62,201,305,CHAOS,40.0,55.0,WORKLOAD_STEP
2026-07-09 19:32:10.667828+05:30,43.5,34,21.5,2751.8,62.97,203,310,CHAOS,40.0,55.0,WORKLOAD_STEP
2026-07-09 19:32:12.692174300+05:30,42.0,32,23.0,2591.12,63.09,203,316,CHAOS,40.0,55.0,WORKLOAD_STEP
2026-07-09 19:32:14.719324500+05:30,40.3,34,24.4,2581.06,63.12,203,316,CHAOS,40.0,55.0,WORKLOAD_STEP
2026-07-09 19:32:16.749333400+05:30,43.5,34,22.6,2741.76,63.13,203,316,CHAOS,40.0,55.0,WORKLOAD_STEP
2026-07-09 19:32:18.780373700+05:30,41.3,32,22.2,2761.87,63.13,204,314,CHAOS,40.0,55.0,WORKLOAD_STEP
2026-07-09 19:32:20.806480900+05:30,48.3,33,23.2,2832.16,63.43,204,314,CHAOS,40.0,55.0,WORKLOAD_STEP
2026-07-09 19:32:22.835010200+05:30,43.8,32,21.7,2540.92,62.83,204,314,CHAOS,40.0,55.0,WORKLOAD_STEP
2026-07-09 19:32:24.862828400+05:30,40.5,36,22.5,2902.46,62.89,204,314,CHAOS,40.0,55.0,WORKLOAD_STEP
2026-07-09 19:32:26.889724100+05:30,41.3,32,23.4,2681.51,62.83,204,314,CHAOS,40.0,55.0,WORKLOAD_STEP
2026-07-09 19:32:28.922622300+05:30,75.3,33,24.5,2530.86,63.09,204,312,CHAOS,70.0,56.0,WORKLOAD_STEP
2026-07-09 19:32:30.955425900+05:30,69.7,32,23.4,2611.21,62.7,207,310,CHAOS,70.0,56.0,WORKLOAD_STEP
2026-07-09 19:32:32.986097300+05:30,71.1,32,24.1,2671.45,62.71,207,310,CHAOS,70.0,56.0,WORKLOAD_STEP
2026-07-09 19:32:35.014246300+05:30,69.9,32,22.8,2751.83,62.74,207,310,CHAOS,70.0,56.0,WORKLOAD_STEP
2026-07-09 19:32:37.039188700+05:30,70.1,33,25.3,2751.82,62.75,204,310,CHAOS,70.0,56.0,WORKLOAD_STEP
2026-07-09 19:32:39.074810600+05:30,70.7,32,24.9,2611.19,62.75,204,310,CHAOS,70.0,56.0,WORKLOAD_STEP
2026-07-09 19:32:41.112890400+05:30,71.9,34,23.6,2631.28,62.76,204,310,CHAOS,70.0,56.0,WORKLOAD_STEP
2026-07-09 19:32:43.163882600+05:30,76.2,33,23.7,2510.76,62.76,204,310,CHAOS,70.0,56.0,WORKLOAD_STEP
2026-07-09 19:32:45.193833400+05:30,71.9,34,24.2,2661.43,62.77,204,310,CHAOS,70.0,56.0,WORKLOAD_STEP
2026-07-09 19:32:47.229508200+05:30,73.6,33,22.9,2560.97,62.78,204,310,CHAOS,70.0,56.0,WORKLOAD_STEP
2026-07-09 19:32:49.264693+05:30,70.2,34,23.9,2681.5,62.77,204,310,CHAOS,70.0,56.0,WORKLOAD_STEP
2026-07-09 19:32:51.296428200+05:30,72.5,30,23.7,2611.21,62.78,204,310,CHAOS,70.0,56.0,WORKLOAD_STEP
2026-07-09 19:32:53.330857900+05:30,71.2,33,25.1,2681.5,62.78,204,310,CHAOS,70.0,56.0,WORKLOAD_STEP
2026-07-09 19:32:55.366086700+05:30,72.1,30,23.5,2571.03,62.8,204,310,CHAOS,70.0,56.0,WORKLOAD_STEP
2026-07-09 19:32:57.398304700+05:30,71.0,32,22.9,2661.41,62.79,204,310,CHAOS,70.0,56.0,WORKLOAD_STEP
2026-07-09 19:32:59.436603300+05:30,79.7,32,24.8,2550.95,62.84,204,310,CHAOS,70.0,56.0,WORKLOAD_STEP
2026-07-09 19:33:01.466496100+05:30,77.5,32,23.6,2641.33,62.83,204,310,CHAOS,70.0,56.0,WORKLOAD_STEP
2026-07-09 19:33:03.499101800+05:30,70.6,32,23.9,2621.24,62.85,204,310,CHAOS,70.0,56.0,WORKLOAD_STEP
2026-07-09 19:33:05.533642700+05:30,70.2,32,23.9,2581.07,62.84,204,310,CHAOS,70.0,56.0,WORKLOAD_STEP
2026-07-09 19:33:07.564592200+05:30,70.9,32,25.2,2581.06,62.85,204,310,CHAOS,70.0,56.0,WORKLOAD_STEP
2026-07-09 19:33:09.600696400+05:30,70.4,33,24.5,2601.15,62.76,204,309,CHAOS,70.0,56.0,WORKLOAD_STEP
2026-07-09 19:33:11.637266800+05:30,70.4,32,22.3,2560.97,62.51,202,307,CHAOS,70.0,56.0,WORKLOAD_STEP
2026-07-09 19:33:13.672233+05:30,70.6,34,23.3,2661.42,62.52,202,309,CHAOS,70.0,56.0,WORKLOAD_STEP
2026-07-09 19:33:15.719522400+05:30,71.0,32,25.0,2651.36,62.51,202,307,CHAOS,70.0,56.0,WORKLOAD_STEP
2026-07-09 19:33:17.747090100+05:30,72.3,30,24.6,2651.37,62.61,202,307,CHAOS,70.0,56.0,WORKLOAD_STEP
2026-07-09 19:33:19.777323900+05:30,74.2,33,21.4,2621.24,62.61,202,307,CHAOS,70.0,56.0,WORKLOAD_STEP
2026-07-09 19:33:21.815330100+05:30,71.4,33,24.7,2721.68,62.62,202,307,CHAOS,70.0,56.0,WORKLOAD_STEP
2026-07-09 19:33:23.847201300+05:30,73.4,32,25.2,2721.7,62.61,202,307,CHAOS,70.0,56.0,WORKLOAD_STEP
2026-07-09 19:33:25.878084400+05:30,72.1,27,24.6,2641.32,62.62,202,307,CHAOS,70.0,56.0,WORKLOAD_STEP
2026-07-09 19:33:27.907393800+05:30,73.1,32,23.1,2641.33,62.62,202,307,CHAOS,70.0,56.0,WORKLOAD_STEP
2026-07-09 19:33:29.939986100+05:30,78.6,32,24.4,2561.0,62.65,202,307,CHAOS,70.0,56.0,WORKLOAD_STEP
2026-07-09 19:33:31.967736800+05:30,71.0,32,24.8,2671.47,62.64,202,307,CHAOS,70.0,56.0,WORKLOAD_STEP
2026-07-09 19:33:34.000965600+05:30,71.3,32,24.3,2651.38,62.64,204,307,CHAOS,70.0,56.0,WORKLOAD_STEP
2026-07-09 19:33:36.033368600+05:30,70.4,32,24.5,2751.8,62.63,204,307,CHAOS,70.0,56.0,WORKLOAD_STEP
2026-07-09 19:33:38.062853400+05:30,1.3,46,6.4,2109.06,62.6,204,307,CHAOS,0.0,57.0,WORKLOAD_STEP
2026-07-09 19:33:40.091174400+05:30,1.2,49,4.2,1958.41,62.58,204,307,CHAOS,0.0,57.0,WORKLOAD_STEP
2026-07-09 19:33:42.119437900+05:30,3.7,49,5.0,2340.05,62.48,204,306,CHAOS,0.0,57.0,WORKLOAD_STEP
2026-07-09 19:33:44.147876900+05:30,2.5,48,4.7,2109.06,62.48,204,306,CHAOS,0.0,57.0,WORKLOAD_STEP
2026-07-09 19:33:46.165943600+05:30,1.9000000000000001,49,4.6,2109.06,62.51,204,306,CHAOS,0.0,57.0,WORKLOAD_STEP
2026-07-09 19:33:48.193962700+05:30,2.4,48,5.2,2109.06,62.64,204,306,CHAOS,0.0,57.0,WORKLOAD_STEP
2026-07-09 19:33:50.229168400+05:30,8.5,51,7.9,2109.06,62.66,204,306,CHAOS,0.0,57.0,WORKLOAD_STEP
2026-07-09 19:33:52.257836600+05:30,6.7,48,6.0,2330.01,62.66,204,306,CHAOS,0.0,57.0,WORKLOAD_STEP
2026-07-09 19:33:54.284085900+05:30,3.0,49,4.7,2109.06,62.67,204,306,CHAOS,0.0,57.0,WORKLOAD_STEP
2026-07-09 19:33:56.312273100+05:30,1.4,50,4.0,2109.06,62.67,204,306,CHAOS,0.0,57.0,WORKLOAD_STEP
2026-07-09 19:33:58.331412100+05:30,1.8,50,4.5,2611.22,62.77,204,308,CHAOS,0.0,57.0,WORKLOAD_STEP
2026-07-09 19:34:00.354685400+05:30,1.2,52,4.1,2109.06,62.72,204,306,CHAOS,0.0,57.0,WORKLOAD_STEP
2026-07-09 19:34:02.382466700+05:30,2.2,52,4.0,2109.06,62.71,204,306,CHAOS,0.0,57.0,WORKLOAD_STEP
2026-07-09 19:34:04.407828700+05:30,4.7,50,5.2,2109.06,62.7,202,306,CHAOS,0.0,57.0,WORKLOAD_STEP
2026-07-09 19:34:06.470017900+05:30,1.6,52,4.5,2109.06,62.68,202,306,CHAOS,0.0,57.0,WORKLOAD_STEP
2026-07-09 19:34:08.490997500+05:30,3.5,50,4.8,2109.06,62.69,202,306,CHAOS,0.0,57.0,WORKLOAD_STEP
2026-07-09 19:34:10.516926+05:30,0.6000000000000001,52,3.8,2109.06,62.68,202,306,CHAOS,0.0,57.0,WORKLOAD_STEP
2026-07-09 19:34:12.543919800+05:30,3.6,50,5.1,1958.41,62.66,202,306,CHAOS,0.0,57.0,WORKLOAD_STEP
2026-07-09 19:34:14.571931500+05:30,1.1,52,3.9,2109.06,62.66,202,306,CHAOS,0.0,57.0,WORKLOAD_STEP
2026-07-09 19:34:16.603324800+05:30,1.8,52,4.0,2109.06,62.73,202,306,CHAOS,0.0,57.0,WORKLOAD_STEP
2026-07-09 19:34:18.634115700+05:30,1.6,52,3.9,2109.06,62.73,202,306,CHAOS,0.0,57.0,WORKLOAD_STEP
2026-07-09 19:34:20.661399100+05:30,2.9,57,3.9,2109.06,62.69,202,306,CHAOS,0.0,57.0,WORKLOAD_STEP
2026-07-09 19:34:22.690830200+05:30,0.6000000000000001,53,3.7,2109.06,62.69,202,306,CHAOS,0.0,57.0,WORKLOAD_STEP
2026-07-09 19:34:24.726172400+05:30,3.6,52,4.5,2109.06,62.68,202,306,CHAOS,0.0,57.0,WORKLOAD_STEP
2026-07-09 19:34:26.752969400+05:30,0.9,53,3.7,2109.06,62.67,202,306,CHAOS,0.0,57.0,WORKLOAD_STEP
2026-07-09 19:34:28.778450100+05:30,4.6,52,6.8,2571.04,62.73,202,306,CHAOS,0.0,57.0,WORKLOAD_STEP
2026-07-09 19:34:30.805392+05:30,0.9,53,3.9,2109.06,62.68,205,306,CHAOS,0.0,57.0,WORKLOAD_STEP
2026-07-09 19:34:32.832497500+05:30,3.0,53,4.5,2109.06,62.68,205,306,CHAOS,0.0,57.0,WORKLOAD_STEP
2026-07-09 19:34:34.859969+05:30,1.5,53,3.8,2109.06,62.67,205,306,CHAOS,0.0,57.0,WORKLOAD_STEP
2026-07-09 19:34:36.885085600+05:30,1.3,54,4.1,1968.45,62.67,202,306,CHAOS,0.0,57.0,WORKLOAD_STEP
2026-07-09 19:34:38.912483600+05:30,1.1,53,3.7,2109.06,62.63,202,306,CHAOS,0.0,57.0,WORKLOAD_STEP
2026-07-09 19:34:40.939768700+05:30,0.5,53,3.8,2109.06,62.7,202,306,CHAOS,0.0,57.0,WORKLOAD_STEP
2026-07-09 19:34:42.978798600+05:30,1.7,54,4.0,2109.06,62.64,202,306,CHAOS,0.0,57.0,WORKLOAD_STEP
2026-07-09 19:34:45.006779600+05:30,1.1,53,3.7,2109.06,62.64,202,306,CHAOS,0.0,57.0,WORKLOAD_STEP
2026-07-09 19:34:47.032867+05:30,1.3,53,3.7,2109.06,62.65,202,306,CHAOS,0.0,57.0,WORKLOAD_STEP
2026-07-09 19:34:49.060575700+05:30,0.7000000000000001,54,3.8,2109.06,62.65,202,306,CHAOS,0.0,57.0,WORKLOAD_STEP
2026-07-09 19:34:51.085303200+05:30,0.8,54,3.9,2109.06,62.66,202,306,CHAOS,0.0,57.0,WORKLOAD_STEP
2026-07-09 19:34:53.109123200+05:30,3.8,54,3.6,2109.06,62.66,202,306,CHAOS,0.0,57.0,WORKLOAD_STEP
2026-07-09 19:34:55.138738900+05:30,7.2,55,6.0,2109.06,62.66,202,306,CHAOS,0.0,57.0,WORKLOAD_STEP
2026-07-09 19:34:57.168942200+05:30,6.9,53,5.6,2510.77,62.7,202,306,CHAOS,0.0,57.0,WORKLOAD_STEP
2026-07-09 19:34:59.197793100+05:30,12.8,49,8.7,2309.92,62.72,202,306,CHAOS,0.0,57.0,WORKLOAD_STEP
2026-07-09 19:35:01.226386500+05:30,21.0,36,17.7,2651.39,62.79,202,306,CHAOS,40.0,58.0,WORKLOAD_STEP
2026-07-09 19:35:03.256014+05:30,42.4,32,22.7,2842.17,62.78,202,306,CHAOS,40.0,58.0,WORKLOAD_STEP
2026-07-09 19:35:05.280350400+05:30,41.6,34,29.4,2631.3,62.82,202,306,CHAOS,40.0,58.0,WORKLOAD_STEP
2026-07-09 19:35:07.300217600+05:30,43.2,33,26.9,2972.77,62.82,202,306,CHAOS,40.0,58.0,WORKLOAD_STEP
2026-07-09 19:35:09.317911600+05:30,40.0,34,26.7,2922.55,62.83,202,306,CHAOS,40.0,58.0,WORKLOAD_STEP
2026-07-09 19:35:11.337236400+05:30,43.0,33,23.5,2822.12,62.82,202,306,CHAOS,40.0,58.0,WORKLOAD_STEP
2026-07-09 19:35:13.354856800+05:30,45.0,34,26.3,2892.42,62.77,202,306,CHAOS,40.0,58.0,WORKLOAD_STEP
2026-07-09 19:35:15.378921300+05:30,40.0,36,26.9,2962.73,62.78,202,306,CHAOS,40.0,58.0,WORKLOAD_STEP
2026-07-09 19:35:17.398684200+05:30,41.3,33,24.0,2852.24,62.83,202,306,CHAOS,40.0,58.0,WORKLOAD_STEP
2026-07-09 19:35:19.418811800+05:30,43.4,33,24.4,2822.12,62.84,202,306,CHAOS,40.0,58.0,WORKLOAD_STEP
2026-07-09 19:35:21.440074600+05:30,52.8,42,16.3,2319.97,62.81,202,306,CHAOS,60.0,59.0,WORKLOAD_STEP
2026-07-09 19:35:23.461133400+05:30,60.3,40,18.1,2902.46,62.84,202,306,CHAOS,60.0,59.0,WORKLOAD_STEP
2026-07-09 19:35:25.480133600+05:30,61.2,29,19.8,2882.37,62.83,202,306,CHAOS,60.0,59.0,WORKLOAD_STEP
2026-07-09 19:35:27.497446100+05:30,60.8,37,22.1,2741.77,62.84,202,306,CHAOS,60.0,59.0,WORKLOAD_STEP
2026-07-09 19:35:29.513972600+05:30,66.0,33,23.9,2892.43,62.85,202,306,CHAOS,60.0,59.0,WORKLOAD_STEP
2026-07-09 19:35:31.549545500+05:30,59.3,36,23.2,3133.46,62.85,202,306,CHAOS,60.0,59.0,WORKLOAD_STEP
2026-07-09 19:35:33.576177200+05:30,61.8,27,22.3,2510.78,62.83,202,306,CHAOS,60.0,59.0,WORKLOAD_STEP
2026-07-09 19:35:35.603293100+05:30,60.7,32,24.1,3153.53,62.82,202,306,CHAOS,60.0,59.0,WORKLOAD_STEP
2026-07-09 19:35:37.637889900+05:30,62.0,34,24.6,2601.15,62.83,202,306,CHAOS,60.0,59.0,WORKLOAD_STEP
2026-07-09 19:35:39.665720300+05:30,60.4,24,23.6,2671.47,62.83,202,306,CHAOS,60.0,59.0,WORKLOAD_STEP
2026-07-09 19:35:41.691531700+05:30,62.1,36,22.3,2691.54,62.82,202,306,CHAOS,60.0,59.0,WORKLOAD_STEP
2026-07-09 19:35:43.712666800+05:30,62.8,27,23.3,2852.22,62.82,202,306,CHAOS,60.0,59.0,WORKLOAD_STEP
2026-07-09 19:35:45.734374400+05:30,62.1,34,23.8,2651.38,62.82,202,306,CHAOS,60.0,59.0,WORKLOAD_STEP
2026-07-09 19:35:47.759113+05:30,63.4,37,24.5,2781.94,62.82,202,306,CHAOS,60.0,59.0,WORKLOAD_STEP
2026-07-09 19:35:49.780366800+05:30,62.8,33,23.9,2741.76,62.82,202,306,CHAOS,60.0,59.0,WORKLOAD_STEP
2026-07-09 19:35:51.806422700+05:30,61.7,32,22.7,2802.03,62.82,202,306,CHAOS,60.0,59.0,WORKLOAD_STEP
2026-07-09 19:35:53.836005400+05:30,60.5,36,22.5,2651.4,62.83,202,306,CHAOS,60.0,59.0,WORKLOAD_STEP
2026-07-09 19:35:55.866992700+05:30,61.2,33,24.4,2791.99,62.82,202,306,CHAOS,60.0,59.0,WORKLOAD_STEP
2026-07-09 19:35:57.897273400+05:30,61.6,33,24.5,2661.41,62.84,199,306,CHAOS,60.0,59.0,WORKLOAD_STEP
2026-07-09 19:35:59.923346400+05:30,67.0,32,25.9,2791.97,62.84,199,306,CHAOS,60.0,59.0,WORKLOAD_STEP
2026-07-09 19:36:01.954207100+05:30,63.6,33,24.3,2641.34,62.85,199,306,CHAOS,60.0,59.0,WORKLOAD_STEP
2026-07-09 19:36:03.978396100+05:30,64.6,34,24.1,2671.46,62.85,199,306,CHAOS,60.0,59.0,WORKLOAD_STEP
2026-07-09 19:36:06.027273500+05:30,62.2,32,22.3,2561.0,62.84,199,306,CHAOS,60.0,59.0,WORKLOAD_STEP
2026-07-09 19:36:08.063746600+05:30,61.1,33,24.9,2751.8,62.83,198,306,CHAOS,60.0,59.0,WORKLOAD_STEP
2026-07-09 19:36:10.089658900+05:30,62.0,34,22.0,2550.95,62.84,198,306,CHAOS,60.0,59.0,WORKLOAD_STEP
2026-07-09 19:36:12.114847+05:30,62.0,33,22.5,2611.22,62.83,198,306,CHAOS,60.0,59.0,WORKLOAD_STEP
2026-07-09 19:36:14.143466500+05:30,61.5,33,22.5,2731.71,62.82,198,306,CHAOS,60.0,59.0,WORKLOAD_STEP
2026-07-09 19:36:16.168995900+05:30,23.1,43,9.5,2109.06,62.79,201,306,CHAOS,20.0,60.0,WORKLOAD_STEP
2026-07-09 19:36:18.192633400+05:30,24.4,42,13.1,2109.06,62.82,201,306,CHAOS,20.0,60.0,WORKLOAD_STEP
2026-07-09 19:36:20.222851300+05:30,22.4,42,10.4,2410.36,62.78,201,306,CHAOS,20.0,60.0,WORKLOAD_STEP
2026-07-09 19:36:22.259143+05:30,21.7,43,9.4,2088.97,62.81,201,306,CHAOS,20.0,60.0,WORKLOAD_STEP
2026-07-09 19:36:24.286535300+05:30,21.2,45,11.6,2671.48,62.82,200,306,CHAOS,20.0,60.0,WORKLOAD_STEP
2026-07-09 19:36:26.308275500+05:30,21.3,45,11.4,2621.27,62.81,202,306,CHAOS,20.0,60.0,WORKLOAD_STEP
2026-07-09 19:36:28.326942700+05:30,22.6,43,12.4,2711.65,62.85,202,308,CHAOS,20.0,60.0,WORKLOAD_STEP
2026-07-09 19:36:30.349399900+05:30,21.8,43,17.1,2490.69,62.77,205,306,CHAOS,20.0,60.0,WORKLOAD_STEP
2026-07-09 19:36:32.369287100+05:30,20.7,45,11.5,2641.34,62.81,204,306,CHAOS,20.0,60.0,WORKLOAD_STEP
2026-07-09 19:36:34.388667200+05:30,23.2,40,16.2,2540.92,62.82,204,306,CHAOS,20.0,60.0,WORKLOAD_STEP
2026-07-09 19:36:36.407364+05:30,22.0,49,15.4,2611.22,62.81,201,306,CHAOS,20.0,60.0,WORKLOAD_STEP
2026-07-09 19:36:38.444056100+05:30,20.7,34,15.8,2862.3,62.78,201,306,CHAOS,20.0,60.0,WORKLOAD_STEP
2026-07-09 19:36:40.461077400+05:30,22.4,29,16.5,3083.22,62.77,201,306,CHAOS,20.0,60.0,WORKLOAD_STEP
2026-07-09 19:36:42.480692700+05:30,22.3,37,18.4,3173.63,62.74,201,306,CHAOS,20.0,60.0,WORKLOAD_STEP
2026-07-09 19:36:44.499353700+05:30,23.4,39,19.7,2781.94,62.76,201,306,CHAOS,20.0,60.0,WORKLOAD_STEP
2026-07-09 19:36:46.519603400+05:30,24.7,37,19.1,2822.13,62.68,201,306,CHAOS,20.0,60.0,WORKLOAD_STEP
2026-07-09 19:36:48.547391100+05:30,21.8,30,18.7,2741.78,62.7,201,306,CHAOS,20.0,60.0,WORKLOAD_STEP
2026-07-09 19:36:50.576011+05:30,21.1,39,20.0,3133.46,62.7,201,306,CHAOS,20.0,60.0,WORKLOAD_STEP
2026-07-09 19:36:52.593755600+05:30,20.9,40,18.5,3304.2,62.72,201,306,CHAOS,20.0,60.0,WORKLOAD_STEP
2026-07-09 19:36:54.618340700+05:30,21.4,34,20.6,3274.05,62.72,199,306,CHAOS,20.0,60.0,WORKLOAD_STEP
2026-07-09 19:36:56.641894500+05:30,21.0,33,20.2,3083.23,62.79,199,306,CHAOS,20.0,60.0,WORKLOAD_STEP
2026-07-09 19:36:58.666179700+05:30,24.7,30,21.7,3193.73,62.75,199,306,CHAOS,20.0,60.0,WORKLOAD_STEP
2026-07-09 19:37:00.687378+05:30,20.9,40,21.0,2671.48,62.81,199,306,CHAOS,20.0,60.0,WORKLOAD_STEP
2026-07-09 19:37:02.708707400+05:30,21.0,36,20.6,3505.06,62.79,200,306,CHAOS,20.0,60.0,WORKLOAD_STEP
2026-07-09 19:37:04.727298200+05:30,21.7,37,21.2,3002.9,62.77,200,306,CHAOS,20.0,60.0,WORKLOAD_STEP
2026-07-09 19:37:06.745569800+05:30,22.9,30,22.7,2741.78,62.74,200,306,CHAOS,20.0,60.0,WORKLOAD_STEP
2026-07-09 19:37:08.769371600+05:30,26.1,37,23.5,2621.25,62.73,200,306,CHAOS,20.0,60.0,WORKLOAD_STEP
2026-07-09 19:37:10.787154500+05:30,28.1,29,23.5,3093.29,62.72,200,306,CHAOS,20.0,60.0,WORKLOAD_STEP
2026-07-09 19:37:12.822989500+05:30,21.4,39,19.3,3093.29,62.72,200,306,CHAOS,20.0,60.0,WORKLOAD_STEP
2026-07-09 19:37:14.844259300+05:30,23.6,21,20.5,2781.94,62.73,200,306,CHAOS,20.0,60.0,WORKLOAD_STEP
2026-07-09 19:37:16.865009+05:30,21.1,24,22.5,3414.67,62.79,201,306,CHAOS,20.0,60.0,WORKLOAD_STEP
2026-07-09 19:37:18.889391100+05:30,21.9,19,22.1,3002.9,62.78,202,306,CHAOS,20.0,60.0,WORKLOAD_STEP
2026-07-09 19:37:20.914478400+05:30,21.6,30,19.8,2992.86,62.74,202,306,CHAOS,20.0,60.0,WORKLOAD_STEP
2026-07-09 19:37:22.936513800+05:30,24.0,33,20.8,2731.71,62.78,201,306,CHAOS,20.0,60.0,WORKLOAD_STEP
2026-07-09 19:37:24.957352200+05:30,24.7,39,21.0,2892.44,62.76,201,306,CHAOS,20.0,60.0,WORKLOAD_STEP
2026-07-09 19:37:26.978482300+05:30,23.0,26,18.5,2751.82,62.81,201,306,CHAOS,20.0,60.0,WORKLOAD_STEP
2026-07-09 19:37:28.998533800+05:30,24.9,29,20.5,3033.03,62.76,201,306,CHAOS,20.0,60.0,WORKLOAD_STEP
2026-07-09 19:37:31.017819400+05:30,21.0,37,19.0,3163.58,62.81,201,306,CHAOS,20.0,60.0,WORKLOAD_STEP
2026-07-09 19:37:33.038763300+05:30,19.9,30,20.5,3213.79,62.77,201,306,CHAOS,20.0,60.0,WORKLOAD_STEP
2026-07-09 19:37:35.057003+05:30,21.0,24,22.1,3093.28,62.77,201,306,CHAOS,20.0,60.0,WORKLOAD_STEP
2026-07-09 19:37:37.087481100+05:30,21.1,30,21.3,3083.24,62.75,201,306,CHAOS,20.0,60.0,WORKLOAD_STEP
2026-07-09 19:37:39.114432500+05:30,20.8,36,20.8,3253.99,62.77,201,306,CHAOS,20.0,60.0,WORKLOAD_STEP
2026-07-09 19:37:41.138005900+05:30,20.7,34,19.3,2812.08,62.76,201,306,CHAOS,20.0,60.0,WORKLOAD_STEP
2026-07-09 19:37:43.159525100+05:30,21.3,32,21.8,2912.52,62.76,201,306,CHAOS,20.0,60.0,WORKLOAD_STEP
2026-07-09 19:37:45.188808500+05:30,21.1,37,21.7,3173.62,62.79,201,306,CHAOS,20.0,60.0,WORKLOAD_STEP
2026-07-09 19:37:47.224168100+05:30,22.3,36,20.5,3002.9,62.78,201,306,CHAOS,40.0,61.0,WORKLOAD_STEP
2026-07-09 19:37:49.252380600+05:30,41.2,41,19.7,2530.88,62.79,201,306,CHAOS,40.0,61.0,WORKLOAD_STEP
2026-07-09 19:37:51.270976600+05:30,41.7,40,18.1,2480.65,62.8,205,306,CHAOS,40.0,61.0,WORKLOAD_STEP
2026-07-09 19:37:53.290962300+05:30,40.9,37,20.7,3033.03,62.83,205,306,CHAOS,40.0,61.0,WORKLOAD_STEP
2026-07-09 19:37:55.308103500+05:30,41.3,37,20.7,2802.03,62.83,205,306,CHAOS,40.0,61.0,WORKLOAD_STEP
2026-07-09 19:37:57.324200200+05:30,42.7,27,21.1,2561.0,62.83,205,306,CHAOS,40.0,61.0,WORKLOAD_STEP
2026-07-09 19:37:59.341081+05:30,45.9,36,24.3,2902.46,62.79,205,306,CHAOS,40.0,61.0,WORKLOAD_STEP
2026-07-09 19:38:01.358190600+05:30,43.5,34,22.1,2510.79,62.82,205,306,CHAOS,40.0,61.0,WORKLOAD_STEP
2026-07-09 19:38:03.379279800+05:30,39.6,30,22.6,2902.47,62.84,205,306,CHAOS,40.0,61.0,WORKLOAD_STEP
2026-07-09 19:38:05.397841600+05:30,42.1,29,22.9,2812.08,62.85,205,306,CHAOS,40.0,61.0,WORKLOAD_STEP
2026-07-09 19:38:07.414439800+05:30,40.8,34,21.4,2842.2,62.85,205,306,CHAOS,40.0,61.0,WORKLOAD_STEP
2026-07-09 19:38:09.433655900+05:30,41.7,37,22.9,2832.16,62.86,205,306,CHAOS,40.0,61.0,WORKLOAD_STEP
2026-07-09 19:38:11.453291+05:30,41.8,34,22.6,2661.43,62.83,205,305,CHAOS,40.0,61.0,WORKLOAD_STEP
2026-07-09 19:38:13.492294500+05:30,43.2,33,23.6,2812.06,62.83,205,305,CHAOS,40.0,61.0,WORKLOAD_STEP
2026-07-09 19:38:15.523624400+05:30,43.1,34,22.2,2390.26,62.82,205,305,CHAOS,40.0,61.0,WORKLOAD_STEP
2026-07-09 19:38:17.555452400+05:30,43.8,33,24.3,2701.6,62.82,206,305,CHAOS,40.0,61.0,WORKLOAD_STEP
2026-07-09 19:38:19.581095800+05:30,46.7,34,23.2,2751.82,62.82,205,305,CHAOS,40.0,61.0,WORKLOAD_STEP
2026-07-09 19:38:21.619959300+05:30,41.3,34,25.4,2761.87,62.82,206,305,CHAOS,40.0,61.0,WORKLOAD_STEP
2026-07-09 19:38:23.639721600+05:30,40.6,32,23.9,2721.68,62.8,205,305,CHAOS,40.0,61.0,WORKLOAD_STEP
2026-07-09 19:38:25.660737300+05:30,30.5,36,14.1,2761.87,62.79,205,305,CHAOS,30.0,62.0,WORKLOAD_STEP
2026-07-09 19:38:27.685590200+05:30,31.1,42,13.5,2952.7,62.77,206,305,CHAOS,30.0,62.0,WORKLOAD_STEP
2026-07-09 19:38:29.719920800+05:30,38.3,39,17.6,2500.74,62.83,205,305,CHAOS,30.0,62.0,WORKLOAD_STEP
2026-07-09 19:38:31.751943900+05:30,33.5,37,17.5,2370.19,62.83,208,305,CHAOS,30.0,62.0,WORKLOAD_STEP
2026-07-09 19:38:33.785491+05:30,31.4,40,17.4,2802.04,62.83,208,305,CHAOS,30.0,62.0,WORKLOAD_STEP
2026-07-09 19:38:35.815626500+05:30,32.3,39,21.6,2942.65,62.81,205,305,CHAOS,30.0,62.0,WORKLOAD_STEP
2026-07-09 19:38:37.839840200+05:30,30.0,40,19.6,2862.29,62.79,205,305,CHAOS,30.0,62.0,WORKLOAD_STEP
2026-07-09 19:38:39.860378600+05:30,46.2,33,20.4,2470.62,63.17,207,309,CHAOS,30.0,62.0,WORKLOAD_STEP
2026-07-09 19:38:41.880899600+05:30,32.5,34,19.9,2862.28,63.23,207,309,CHAOS,30.0,62.0,WORKLOAD_STEP
2026-07-09 19:38:43.900538400+05:30,33.7,33,21.9,2992.86,63.23,207,309,CHAOS,30.0,62.0,WORKLOAD_STEP
2026-07-09 19:38:45.922819800+05:30,30.6,39,21.8,3063.16,63.22,207,309,CHAOS,30.0,62.0,WORKLOAD_STEP
2026-07-09 19:38:47.946509700+05:30,32.2,40,22.3,2952.68,63.21,207,309,CHAOS,30.0,62.0,WORKLOAD_STEP
2026-07-09 19:38:49.967737500+05:30,31.8,45,22.9,2591.12,63.19,207,309,CHAOS,40.0,63.0,WORKLOAD_STEP
2026-07-09 19:38:51.988884900+05:30,42.3,36,21.6,2751.82,63.23,207,309,CHAOS,40.0,63.0,WORKLOAD_STEP
2026-07-09 19:38:54.034254200+05:30,41.0,34,22.7,2731.74,63.23,207,309,CHAOS,40.0,63.0,WORKLOAD_STEP
2026-07-09 19:38:56.059032+05:30,41.5,30,22.8,2842.21,63.23,207,309,CHAOS,40.0,63.0,WORKLOAD_STEP
2026-07-09 19:38:58.094285100+05:30,41.2,36,23.2,3083.21,63.21,207,309,CHAOS,40.0,63.0,WORKLOAD_STEP
2026-07-09 19:39:00.125774600+05:30,42.7,37,20.5,2711.65,63.27,207,309,CHAOS,40.0,63.0,WORKLOAD_STEP
2026-07-09 19:39:02.148224300+05:30,40.9,34,21.3,2691.55,63.25,207,309,CHAOS,40.0,63.0,WORKLOAD_STEP
2026-07-09 19:39:04.168811700+05:30,41.2,29,24.1,2631.29,63.21,207,309,CHAOS,40.0,63.0,WORKLOAD_STEP
2026-07-09 19:39:06.189984700+05:30,40.6,36,22.7,2902.46,63.26,207,309,CHAOS,40.0,63.0,WORKLOAD_STEP
2026-07-09 19:39:08.213094+05:30,41.8,34,22.8,2751.82,63.26,207,309,CHAOS,40.0,63.0,WORKLOAD_STEP
2026-07-09 19:39:10.240438+05:30,41.5,36,22.7,2540.92,63.24,207,309,CHAOS,40.0,63.0,WORKLOAD_STEP
2026-07-09 19:39:12.262263200+05:30,39.9,32,22.6,2691.55,63.24,207,309,CHAOS,20.0,64.0,WORKLOAD_STEP
2026-07-09 19:39:14.293074800+05:30,23.1,43,9.5,2691.56,63.21,207,309,CHAOS,20.0,64.0,WORKLOAD_STEP
2026-07-09 19:39:16.325106600+05:30,20.4,42,9.5,2109.06,63.2,208,309,CHAOS,20.0,64.0,WORKLOAD_STEP
2026-07-09 19:39:18.360973700+05:30,24.2,42,14.6,2510.79,63.3,209,310,CHAOS,20.0,64.0,WORKLOAD_STEP
2026-07-09 19:39:20.384177400+05:30,28.8,41,14.1,2500.74,63.27,210,309,CHAOS,20.0,64.0,WORKLOAD_STEP
2026-07-09 19:39:22.402760300+05:30,26.4,26,11.3,2169.32,63.27,210,309,CHAOS,20.0,64.0,WORKLOAD_STEP
2026-07-09 19:39:24.425067600+05:30,21.0,36,11.4,2330.01,63.26,209,309,CHAOS,20.0,64.0,WORKLOAD_STEP
2026-07-09 19:39:26.444641+05:30,22.4,39,13.0,2319.97,63.26,209,309,CHAOS,20.0,64.0,WORKLOAD_STEP
2026-07-09 19:39:28.475297800+05:30,21.3,47,20.6,3113.37,63.42,209,311,CHAOS,20.0,64.0,WORKLOAD_STEP
2026-07-09 19:39:30.493667700+05:30,21.4,40,21.7,2792.0,63.3,209,309,CHAOS,20.0,64.0,WORKLOAD_STEP
2026-07-09 19:39:32.511376500+05:30,23.3,32,18.5,2842.22,63.28,209,309,CHAOS,20.0,64.0,WORKLOAD_STEP
2026-07-09 19:39:34.530343400+05:30,23.6,29,22.6,3033.03,63.27,209,309,CHAOS,20.0,64.0,WORKLOAD_STEP
2026-07-09 19:39:36.550122700+05:30,23.3,30,20.7,2802.02,63.25,209,309,CHAOS,20.0,64.0,WORKLOAD_STEP
2026-07-09 19:39:38.568130800+05:30,23.2,30,20.8,2661.44,63.25,209,309,CHAOS,20.0,64.0,WORKLOAD_STEP
2026-07-09 19:39:40.585614100+05:30,21.8,27,16.9,2550.96,63.13,208,308,CHAOS,20.0,64.0,WORKLOAD_STEP
2026-07-09 19:39:42.602719700+05:30,21.3,33,15.5,2701.61,62.95,206,307,CHAOS,20.0,64.0,WORKLOAD_STEP
2026-07-09 19:39:44.620942100+05:30,21.1,40,18.7,2460.57,62.93,206,307,CHAOS,20.0,64.0,WORKLOAD_STEP
2026-07-09 19:39:46.649572900+05:30,21.0,24,22.0,2992.84,62.92,204,307,CHAOS,20.0,64.0,WORKLOAD_STEP
2026-07-09 19:39:48.672990200+05:30,25.1,21,19.7,3203.75,62.91,203,307,CHAOS,100.0,65.0,WORKLOAD_STEP
2026-07-09 19:39:50.749106400+05:30,85.3,33,26.6,2530.84,62.93,201,307,CHAOS,100.0,65.0,WORKLOAD_STEP
2026-07-09 19:39:52.798986800+05:30,100.0,33,25.8,2560.97,62.91,201,307,CHAOS,100.0,65.0,WORKLOAD_STEP
2026-07-09 19:39:54.895958300+05:30,100.0,33,23.7,2510.76,62.91,201,307,CHAOS,100.0,65.0,WORKLOAD_STEP
2026-07-09 19:39:56.973902600+05:30,100.0,33,25.9,2530.84,62.89,201,307,CHAOS,100.0,65.0,WORKLOAD_STEP
2026-07-09 19:39:59.038321300+05:30,100.0,33,25.9,2560.97,62.89,201,308,CHAOS,100.0,65.0,WORKLOAD_STEP
2026-07-09 19:40:01.125189+05:30,100.0,33,26.0,2530.84,62.87,201,308,CHAOS,100.0,65.0,WORKLOAD_STEP
2026-07-09 19:40:03.198631900+05:30,100.0,33,23.6,2520.8,62.86,201,308,CHAOS,100.0,65.0,WORKLOAD_STEP
2026-07-09 19:40:05.236968300+05:30,100.0,34,26.8,2520.81,62.86,201,308,CHAOS,100.0,65.0,WORKLOAD_STEP
2026-07-09 19:40:07.337826700+05:30,100.0,33,24.7,2550.92,62.86,201,310,CHAOS,100.0,65.0,WORKLOAD_STEP
2026-07-09 19:40:09.490029600+05:30,100.0,33,25.2,2550.92,62.85,201,310,CHAOS,100.0,65.0,WORKLOAD_STEP
2026-07-09 19:40:11.534172700+05:30,100.0,32,25.4,2520.81,62.84,201,309,CHAOS,100.0,65.0,WORKLOAD_STEP
2026-07-09 19:40:13.579612600+05:30,100.0,32,24.8,2530.85,62.85,201,309,CHAOS,100.0,65.0,WORKLOAD_STEP
2026-07-09 19:40:15.624716400+05:30,100.0,33,24.1,2510.76,62.84,201,309,CHAOS,100.0,65.0,WORKLOAD_STEP
2026-07-09 19:40:17.669929+05:30,100.0,33,23.8,2520.81,62.85,202,309,CHAOS,100.0,65.0,WORKLOAD_STEP
2026-07-09 19:40:19.752425900+05:30,100.0,33,24.8,2510.76,62.84,205,309,CHAOS,100.0,65.0,WORKLOAD_STEP
2026-07-09 19:40:21.803320700+05:30,100.0,33,25.2,2520.8,62.85,205,310,CHAOS,100.0,65.0,WORKLOAD_STEP
2026-07-09 19:40:23.890445600+05:30,100.0,33,24.3,2540.89,62.84,204,310,CHAOS,100.0,65.0,WORKLOAD_STEP
2026-07-09 19:40:25.948728400+05:30,100.0,33,24.4,2530.84,62.84,204,310,CHAOS,100.0,65.0,WORKLOAD_STEP
2026-07-09 19:40:28.105857700+05:30,100.0,33,27.4,2510.76,62.85,204,310,CHAOS,100.0,65.0,WORKLOAD_STEP
2026-07-09 19:40:30.184661800+05:30,100.0,34,24.8,2460.56,62.85,204,310,CHAOS,100.0,65.0,WORKLOAD_STEP
2026-07-09 19:40:32.248506500+05:30,100.0,33,24.9,2470.6,62.85,207,310,CHAOS,100.0,65.0,WORKLOAD_STEP
2026-07-09 19:40:34.319083500+05:30,100.0,33,24.7,2490.68,62.85,207,310,CHAOS,100.0,65.0,WORKLOAD_STEP
2026-07-09 19:40:36.398195200+05:30,100.0,33,24.5,2510.76,62.85,204,311,CHAOS,100.0,65.0,WORKLOAD_STEP
2026-07-09 19:40:38.467678900+05:30,100.0,33,24.1,2510.76,62.86,205,311,CHAOS,100.0,65.0,WORKLOAD_STEP
2026-07-09 19:40:40.516646800+05:30,100.0,33,23.9,2490.68,62.86,205,311,CHAOS,100.0,65.0,WORKLOAD_STEP
2026-07-09 19:40:42.578099400+05:30,100.0,33,25.3,2480.63,62.88,205,311,CHAOS,100.0,65.0,WORKLOAD_STEP
2026-07-09 19:40:44.659444+05:30,100.0,33,24.1,2500.72,62.89,206,311,CHAOS,100.0,65.0,WORKLOAD_STEP
2026-07-09 19:40:46.719774+05:30,100.0,33,24.9,2490.69,62.89,206,311,CHAOS,100.0,65.0,WORKLOAD_STEP
2026-07-09 19:40:48.785252300+05:30,100.0,32,25.6,2470.6,62.91,206,311,CHAOS,100.0,65.0,WORKLOAD_STEP
2026-07-09 19:40:50.852230800+05:30,98.4,46,24.2,2420.39,63.36,206,318,CHAOS,10.0,66.0,WORKLOAD_STEP
2026-07-09 19:40:52.879176600+05:30,21.6,49,11.3,2490.7,63.16,206,312,CHAOS,10.0,66.0,WORKLOAD_STEP
2026-07-09 19:40:54.906219100+05:30,11.0,46,6.9,2470.62,63.12,206,312,CHAOS,10.0,66.0,WORKLOAD_STEP
2026-07-09 19:40:56.936423100+05:30,11.6,50,7.8,2109.06,63.13,206,310,CHAOS,10.0,66.0,WORKLOAD_STEP
2026-07-09 19:40:58.959049300+05:30,11.6,46,8.2,2109.06,63.12,206,310,CHAOS,10.0,66.0,WORKLOAD_STEP
2026-07-09 19:41:00.982837500+05:30,16.6,46,7.7,2319.97,63.15,206,310,CHAOS,10.0,66.0,WORKLOAD_STEP
2026-07-09 19:41:03.012929300+05:30,11.7,51,7.5,2139.19,63.08,206,310,CHAOS,10.0,66.0,WORKLOAD_STEP
2026-07-09 19:41:05.043017500+05:30,16.6,41,9.7,2561.0,63.29,206,312,CHAOS,10.0,66.0,WORKLOAD_STEP
2026-07-09 19:41:07.068334800+05:30,16.2,45,9.0,2299.88,63.23,206,308,CHAOS,10.0,66.0,WORKLOAD_STEP
2026-07-09 19:41:09.114279200+05:30,24.0,48,12.0,2550.96,63.71,209,308,CHAOS,10.0,66.0,WORKLOAD_STEP
2026-07-09 19:41:11.139784600+05:30,38.6,34,25.6,2781.94,63.89,209,308,CHAOS,10.0,66.0,WORKLOAD_STEP
2026-07-09 19:41:13.201646200+05:30,45.1,33,26.3,2601.15,64.16,221,308,CHAOS,10.0,66.0,WORKLOAD_STEP
2026-07-09 19:41:15.244801800+05:30,44.8,27,25.9,2571.05,64.27,221,308,CHAOS,10.0,66.0,WORKLOAD_STEP
2026-07-09 19:41:17.267130900+05:30,13.2,50,8.1,2360.14,64.29,222,308,CHAOS,10.0,66.0,WORKLOAD_STEP
2026-07-09 19:41:19.306384100+05:30,56.9,34,27.3,2550.94,64.41,221,308,CHAOS,10.0,66.0,WORKLOAD_STEP
2026-07-09 19:41:21.332168700+05:30,56.8,36,25.3,2561.0,64.48,222,308,CHAOS,10.0,66.0,WORKLOAD_STEP
2026-07-09 19:41:23.356213300+05:30,27.1,33,22.2,3033.0,64.45,221,308,CHAOS,10.0,66.0,WORKLOAD_STEP
2026-07-09 19:41:25.414144900+05:30,21.0,43,14.5,2430.44,64.44,221,308,CHAOS,10.0,66.0,WORKLOAD_STEP
2026-07-09 19:41:27.435336100+05:30,14.2,42,11.7,2751.83,64.47,221,308,CHAOS,10.0,66.0,WORKLOAD_STEP
2026-07-09 19:41:29.459527200+05:30,12.7,42,11.8,2711.64,64.67,221,310,CHAOS,10.0,66.0,WORKLOAD_STEP
2026-07-09 19:41:31.487465100+05:30,15.1,46,16.4,3022.97,64.44,221,308,CHAOS,10.0,66.0,WORKLOAD_STEP
2026-07-09 19:41:33.507291900+05:30,16.4,30,13.6,3193.72,64.42,221,308,CHAOS,10.0,66.0,WORKLOAD_STEP
2026-07-09 19:41:35.527242500+05:30,15.2,44,12.6,2892.41,64.4,221,308,CHAOS,10.0,66.0,WORKLOAD_STEP
2026-07-09 19:41:37.554296900+05:30,11.4,46,9.4,2440.48,64.38,221,308,CHAOS,10.0,66.0,WORKLOAD_STEP
2026-07-09 19:41:39.577177200+05:30,12.8,46,12.2,2902.47,64.42,220,308,CHAOS,10.0,66.0,WORKLOAD_STEP
2026-07-09 19:41:41.603422600+05:30,10.9,42,11.0,2299.88,64.43,220,308,CHAOS,10.0,66.0,WORKLOAD_STEP
2026-07-09 19:41:43.646548400+05:30,12.4,48,9.6,2179.35,64.43,216,308,CHAOS,10.0,66.0,WORKLOAD_STEP
2026-07-09 19:41:45.677638500+05:30,14.8,46,10.2,2410.36,64.37,220,308,CHAOS,10.0,66.0,WORKLOAD_STEP
2026-07-09 19:41:47.699037500+05:30,15.9,46,11.2,2139.19,64.33,220,308,CHAOS,10.0,66.0,WORKLOAD_STEP
2026-07-09 19:41:49.722178600+05:30,13.9,46,11.4,2862.3,64.3,215,308,CHAOS,10.0,66.0,WORKLOAD_STEP
2026-07-09 19:41:51.742222100+05:30,11.0,48,10.9,2591.13,64.39,215,308,CHAOS,10.0,66.0,WORKLOAD_STEP
2026-07-09 19:41:53.762147300+05:30,11.1,48,8.8,2340.05,64.35,215,308,CHAOS,10.0,66.0,WORKLOAD_STEP
2026-07-09 19:41:55.781001100+05:30,11.8,46,10.9,2239.6,64.37,215,308,CHAOS,10.0,66.0,WORKLOAD_STEP
2026-07-09 19:41:57.809989100+05:30,10.8,47,12.8,2309.91,64.35,217,308,CHAOS,10.0,66.0,WORKLOAD_STEP
2026-07-09 19:41:59.836456100+05:30,14.7,43,12.8,2299.88,64.34,217,308,CHAOS,10.0,66.0,WORKLOAD_STEP
2026-07-09 19:42:01.862926800+05:30,11.1,39,10.0,2299.88,64.28,216,308,CHAOS,10.0,66.0,WORKLOAD_STEP
2026-07-09 19:42:03.889149200+05:30,12.9,46,10.0,2309.91,64.28,217,308,CHAOS,10.0,66.0,WORKLOAD_STEP
2026-07-09 19:42:05.914316400+05:30,12.1,46,12.1,2340.05,64.2,217,307,CHAOS,10.0,66.0,WORKLOAD_STEP
2026-07-09 19:42:07.934903400+05:30,12.2,45,11.9,2591.14,64.2,217,307,CHAOS,10.0,66.0,WORKLOAD_STEP
2026-07-09 19:42:09.957333+05:30,12.1,46,12.3,2299.88,64.23,217,307,CHAOS,10.0,66.0,WORKLOAD_STEP
2026-07-09 19:42:11.980863200+05:30,12.1,48,10.3,2480.64,64.25,217,307,CHAOS,10.0,66.0,WORKLOAD_STEP
2026-07-09 19:42:14.001596600+05:30,12.7,46,12.3,2350.08,64.23,216,307,CHAOS,10.0,66.0,WORKLOAD_STEP
2026-07-09 19:42:16.038773800+05:30,13.8,46,13.0,2440.49,64.22,216,307,CHAOS,10.0,66.0,WORKLOAD_STEP
2026-07-09 19:42:18.061626900+05:30,13.1,42,12.8,2319.97,64.25,221,307,CHAOS,10.0,66.0,WORKLOAD_STEP
2026-07-09 19:42:20.081274300+05:30,12.1,37,14.3,2480.66,64.23,221,307,CHAOS,10.0,66.0,WORKLOAD_STEP
2026-07-09 19:42:22.103872300+05:30,12.7,51,11.9,2259.71,64.23,221,307,CHAOS,10.0,66.0,WORKLOAD_STEP
2026-07-09 19:42:24.124702300+05:30,10.9,42,13.4,2510.79,64.24,220,307,CHAOS,10.0,66.0,WORKLOAD_STEP
2026-07-09 19:42:26.144870100+05:30,12.0,49,15.0,2741.79,64.28,218,307,CHAOS,10.0,66.0,WORKLOAD_STEP
2026-07-09 19:42:28.162554800+05:30,12.5,43,14.9,2902.48,64.24,218,307,CHAOS,10.0,66.0,WORKLOAD_STEP
2026-07-09 19:42:30.181870900+05:30,16.2,41,14.2,2731.74,64.22,218,307,CHAOS,10.0,66.0,WORKLOAD_STEP
2026-07-09 19:42:32.207649900+05:30,10.9,43,13.6,2751.83,64.18,221,307,CHAOS,10.0,66.0,WORKLOAD_STEP
2026-07-09 19:42:34.230073800+05:30,11.0,42,11.0,2400.32,64.22,221,307,CHAOS,10.0,66.0,WORKLOAD_STEP
2026-07-09 19:42:36.254420900+05:30,15.6,32,12.6,2892.44,64.17,218,305,CHAOS,10.0,66.0,WORKLOAD_STEP
2026-07-09 19:42:38.274563500+05:30,16.1,32,17.8,2450.52,64.15,218,305,CHAOS,10.0,66.0,WORKLOAD_STEP
2026-07-09 19:42:40.291412900+05:30,14.6,34,17.4,2571.04,64.19,218,305,CHAOS,10.0,66.0,WORKLOAD_STEP
2026-07-09 19:42:42.312803100+05:30,11.2,48,15.2,2239.62,64.16,218,305,CHAOS,10.0,66.0,WORKLOAD_STEP
2026-07-09 19:42:44.339475800+05:30,10.6,46,10.9,2189.41,64.16,218,305,CHAOS,10.0,66.0,WORKLOAD_STEP
2026-07-09 19:42:46.364160+05:30,10.2,48,9.1,2480.65,64.16,218,305,CHAOS,10.0,66.0,WORKLOAD_STEP
2026-07-09 19:42:48.407370100+05:30,11.5,52,9.6,2731.72,64.19,218,305,CHAOS,10.0,66.0,WORKLOAD_STEP
2026-07-09 19:42:50.424767400+05:30,12.1,46,9.1,2440.47,64.18,218,305,CHAOS,10.0,66.0,WORKLOAD_STEP
2026-07-09 19:42:52.453902200+05:30,16.4,45,12.5,2832.18,64.16,218,305,CHAOS,10.0,66.0,WORKLOAD_STEP
2026-07-09 19:42:54.483080100+05:30,12.9,43,7.9,2259.71,64.17,218,305,CHAOS,10.0,66.0,WORKLOAD_STEP
2026-07-09 19:42:56.511643200+05:30,13.3,34,10.2,3022.98,64.15,216,305,CHAOS,10.0,66.0,WORKLOAD_STEP
2026-07-09 19:42:58.530769+05:30,14.0,45,11.8,2601.18,64.14,216,305,CHAOS,10.0,66.0,WORKLOAD_STEP
2026-07-09 19:43:00.548983800+05:30,12.4,43,12.9,2380.23,64.17,216,305,CHAOS,10.0,66.0,WORKLOAD_STEP
2026-07-09 19:43:02.568147500+05:30,11.1,39,12.7,2581.09,64.15,216,305,CHAOS,10.0,66.0,WORKLOAD_STEP
2026-07-09 19:43:04.586979800+05:30,11.7,48,8.9,2209.49,64.18,216,305,CHAOS,10.0,66.0,WORKLOAD_STEP
2026-07-09 19:43:06.605763200+05:30,12.8,43,11.8,2490.7,64.19,216,305,CHAOS,10.0,66.0,WORKLOAD_STEP
2026-07-09 19:43:08.625216400+05:30,12.3,48,11.7,2771.91,64.19,216,305,CHAOS,10.0,66.0,WORKLOAD_STEP
2026-07-09 19:43:10.649327600+05:30,12.8,42,12.7,2701.62,64.16,216,305,CHAOS,10.0,66.0,WORKLOAD_STEP
2026-07-09 19:43:12.675049800+05:30,11.4,40,13.2,2802.05,64.22,216,305,CHAOS,10.0,66.0,WORKLOAD_STEP
2026-07-09 19:43:14.704961300+05:30,11.9,50,13.0,2912.52,64.14,216,305,CHAOS,10.0,66.0,WORKLOAD_STEP
2026-07-09 19:43:16.731112800+05:30,11.6,48,10.4,2179.36,64.14,217,305,CHAOS,10.0,66.0,WORKLOAD_STEP
2026-07-09 19:43:18.759254300+05:30,11.9,41,13.2,3163.61,64.14,217,305,CHAOS,10.0,66.0,WORKLOAD_STEP
2026-07-09 19:43:20.779131200+05:30,13.8,46,10.4,2289.84,64.18,216,305,CHAOS,10.0,66.0,WORKLOAD_STEP
2026-07-09 19:43:22.811462+05:30,10.3,42,13.7,2671.48,64.15,215,305,CHAOS,10.0,66.0,WORKLOAD_STEP
2026-07-09 19:43:24.827994500+05:30,11.0,49,12.4,2490.7,64.15,215,305,CHAOS,10.0,66.0,WORKLOAD_STEP
2026-07-09 19:43:26.850878300+05:30,12.3,48,9.4,2882.39,64.14,215,305,CHAOS,10.0,66.0,WORKLOAD_STEP
2026-07-09 19:43:28.879800+05:30,11.7,32,12.6,2169.31,64.14,215,305,CHAOS,10.0,66.0,WORKLOAD_STEP
2026-07-09 19:43:30.902768600+05:30,12.6,46,10.6,2380.21,64.16,215,305,CHAOS,10.0,66.0,WORKLOAD_STEP
2026-07-09 19:43:32.920718100+05:30,10.9,44,11.6,2360.14,64.19,215,305,CHAOS,10.0,66.0,WORKLOAD_STEP
2026-07-09 19:43:34.945241600+05:30,12.0,30,12.2,2771.91,64.22,215,305,CHAOS,10.0,66.0,WORKLOAD_STEP
2026-07-09 19:43:36.962014300+05:30,10.9,46,13.2,2661.44,64.19,215,305,CHAOS,10.0,66.0,WORKLOAD_STEP
2026-07-09 19:43:38.980766900+05:30,12.0,36,10.9,2209.5,64.21,215,305,CHAOS,10.0,66.0,WORKLOAD_STEP
2026-07-09 19:43:40.999366300+05:30,10.8,43,12.0,2812.08,64.19,216,305,CHAOS,10.0,66.0,WORKLOAD_STEP
2026-07-09 19:43:43.018779600+05:30,14.8,41,13.3,2460.56,64.18,216,305,CHAOS,10.0,66.0,WORKLOAD_STEP
2026-07-09 19:43:45.040094+05:30,13.2,33,14.8,2209.49,64.16,216,305,CHAOS,10.0,66.0,WORKLOAD_STEP
2026-07-09 19:43:47.060019400+05:30,15.8,45,14.7,2651.4,64.15,216,305,CHAOS,10.0,66.0,WORKLOAD_STEP
2026-07-09 19:43:49.086463500+05:30,10.7,32,12.1,2530.88,64.15,216,305,CHAOS,10.0,66.0,WORKLOAD_STEP
2026-07-09 19:43:51.104931600+05:30,10.5,45,12.6,2460.57,64.16,216,305,CHAOS,10.0,66.0,WORKLOAD_STEP
2026-07-09 19:43:53.126424100+05:30,13.2,45,13.2,2741.79,64.14,216,305,CHAOS,10.0,66.0,WORKLOAD_STEP
2026-07-09 19:43:55.165557800+05:30,11.1,45,14.9,2530.88,64.14,216,305,CHAOS,10.0,66.0,WORKLOAD_STEP
2026-07-09 19:43:57.219443800+05:30,11.2,45,13.4,2691.56,64.14,216,305,CHAOS,10.0,66.0,WORKLOAD_STEP
2026-07-09 19:43:59.241500600+05:30,11.5,43,15.1,2109.06,64.26,216,307,CHAOS,10.0,66.0,WORKLOAD_STEP
2026-07-09 19:44:01.259947900+05:30,13.0,34,14.4,2741.79,64.17,216,305,CHAOS,10.0,66.0,WORKLOAD_STEP
2026-07-09 19:44:03.277293400+05:30,14.4,45,15.6,2530.87,64.16,216,305,CHAOS,10.0,66.0,WORKLOAD_STEP
2026-07-09 19:44:05.293673500+05:30,11.8,43,14.1,3063.16,64.16,216,305,CHAOS,10.0,66.0,WORKLOAD_STEP
2026-07-09 19:44:07.315116900+05:30,11.4,46,12.8,2299.88,64.16,216,305,CHAOS,10.0,66.0,WORKLOAD_STEP
2026-07-09 19:44:09.334685300+05:30,12.7,46,11.3,2219.54,64.17,217,305,CHAOS,10.0,66.0,WORKLOAD_STEP
2026-07-09 19:44:11.351473+05:30,10.3,39,11.3,2862.3,64.16,217,305,CHAOS,10.0,66.0,WORKLOAD_STEP
2026-07-09 19:44:13.369366+05:30,13.7,48,10.9,2370.18,64.15,217,305,CHAOS,10.0,66.0,WORKLOAD_STEP
2026-07-09 19:44:15.386434800+05:30,10.8,45,12.2,2510.79,64.14,217,305,CHAOS,10.0,66.0,WORKLOAD_STEP
2026-07-09 19:44:17.409474+05:30,5.1,52,5.2,2109.06,64.17,215,305,CHAOS,0.0,67.0,WORKLOAD_STEP
2026-07-09 19:44:19.436247900+05:30,0.9,52,3.9,2109.06,64.15,214,305,CHAOS,0.0,67.0,WORKLOAD_STEP
2026-07-09 19:44:21.463619400+05:30,3.0,52,4.4,2109.06,64.14,214,305,CHAOS,0.0,67.0,WORKLOAD_STEP
2026-07-09 19:44:23.491501+05:30,1.0,53,3.7,2109.06,64.12,213,305,CHAOS,0.0,67.0,WORKLOAD_STEP
2026-07-09 19:44:25.519358600+05:30,1.9000000000000001,52,4.4,2109.06,64.12,213,305,CHAOS,0.0,67.0,WORKLOAD_STEP
2026-07-09 19:44:27.546537800+05:30,1.1,53,3.9,2109.06,64.11,212,305,CHAOS,0.0,67.0,WORKLOAD_STEP
2026-07-09 19:44:29.583115300+05:30,0.9,52,4.6,2269.74,64.4,211,306,CHAOS,0.0,67.0,WORKLOAD_STEP
2026-07-09 19:44:31.604096900+05:30,2.1,53,4.0,2109.06,64.12,216,305,CHAOS,0.0,67.0,WORKLOAD_STEP
2026-07-09 19:44:33.630031700+05:30,0.9,53,3.8,2109.06,64.13,216,305,CHAOS,0.0,67.0,WORKLOAD_STEP
2026-07-09 19:44:35.655426700+05:30,2.0,54,3.7,2109.06,64.12,213,305,CHAOS,0.0,67.0,WORKLOAD_STEP
2026-07-09 19:44:37.682617400+05:30,2.0,54,4.1,2109.06,64.12,213,305,CHAOS,0.0,67.0,WORKLOAD_STEP
2026-07-09 19:44:39.710894600+05:30,6.2,54,5.4,2109.06,63.4,213,305,CHAOS,0.0,67.0,WORKLOAD_STEP
2026-07-09 19:44:41.738034+05:30,1.8,54,3.8,2109.06,63.4,213,304,CHAOS,0.0,67.0,WORKLOAD_STEP
2026-07-09 19:44:43.766671600+05:30,1.4,54,4.6,1958.41,63.39,213,304,CHAOS,0.0,67.0,WORKLOAD_STEP
2026-07-09 19:44:45.796462800+05:30,1.1,54,3.8,2109.06,63.39,209,304,CHAOS,0.0,67.0,WORKLOAD_STEP
2026-07-09 19:44:47.824084500+05:30,3.8,54,5.0,2561.0,63.41,209,304,CHAOS,0.0,67.0,WORKLOAD_STEP
2026-07-09 19:44:49.851371800+05:30,1.6,53,4.0,2109.06,63.4,209,304,CHAOS,0.0,67.0,WORKLOAD_STEP
2026-07-09 19:44:51.879131600+05:30,5.9,54,4.6,2109.06,63.44,209,304,CHAOS,0.0,67.0,WORKLOAD_STEP
2026-07-09 19:44:53.906704100+05:30,4.9,53,6.4,2219.53,63.44,209,304,CHAOS,0.0,67.0,WORKLOAD_STEP
2026-07-09 19:44:55.931281500+05:30,3.2,54,4.5,2109.06,63.44,209,304,CHAOS,0.0,67.0,WORKLOAD_STEP
2026-07-09 19:44:57.958375400+05:30,1.5,55,3.8,2109.06,63.44,209,304,CHAOS,0.0,67.0,WORKLOAD_STEP
2026-07-09 19:44:59.986762400+05:30,5.6,50,6.9,2330.01,63.55,209,304,CHAOS,0.0,67.0,WORKLOAD_STEP
2026-07-09 19:45:02.019762700+05:30,1.7,54,3.9,2109.06,63.5,207,304,CHAOS,0.0,67.0,WORKLOAD_STEP
2026-07-09 19:45:04.058408+05:30,1.3,54,4.2,2179.36,63.5,207,304,CHAOS,0.0,67.0,WORKLOAD_STEP
2026-07-09 19:45:06.086279700+05:30,5.0,42,10.6,2109.06,63.55,207,304,CHAOS,0.0,67.0,WORKLOAD_STEP
2026-07-09 19:45:08.114311200+05:30,2.6,55,4.9,2269.74,63.54,207,304,CHAOS,0.0,67.0,WORKLOAD_STEP
2026-07-09 19:45:10.139366200+05:30,3.7,54,4.9,2109.06,63.54,207,304,CHAOS,0.0,67.0,WORKLOAD_STEP
2026-07-09 19:45:12.164811300+05:30,0.7000000000000001,54,3.8,2109.06,63.61,207,304,CHAOS,0.0,67.0,WORKLOAD_STEP
2026-07-09 19:45:14.195742600+05:30,0.6000000000000001,54,3.8,2109.06,63.53,207,304,CHAOS,0.0,67.0,WORKLOAD_STEP
2026-07-09 19:45:16.222517800+05:30,1.6,54,3.8,2008.62,63.52,208,304,CHAOS,0.0,67.0,WORKLOAD_STEP
2026-07-09 19:45:18.260783800+05:30,0.9,55,3.8,2109.06,63.52,208,304,CHAOS,0.0,67.0,WORKLOAD_STEP
2026-07-09 19:45:20.289355400+05:30,7.7,53,9.8,2109.06,63.93,208,307,CHAOS,0.0,67.0,WORKLOAD_STEP
2026-07-09 19:45:22.308610+05:30,3.3,54,3.9,2109.06,63.73,208,307,CHAOS,0.0,67.0,WORKLOAD_STEP
2026-07-09 19:45:24.340585100+05:30,0.8,54,3.7,2109.06,63.72,207,307,CHAOS,0.0,67.0,WORKLOAD_STEP
2026-07-09 19:45:26.369379100+05:30,3.2,55,4.4,2109.06,63.72,207,307,CHAOS,0.0,67.0,WORKLOAD_STEP
2026-07-09 19:45:28.397166700+05:30,1.3,54,3.7,2109.06,63.73,207,307,CHAOS,0.0,67.0,WORKLOAD_STEP
2026-07-09 19:45:30.424953900+05:30,8.8,54,6.6,2109.06,63.75,207,307,CHAOS,0.0,67.0,WORKLOAD_STEP
2026-07-09 19:45:32.451129500+05:30,2.1,54,4.1,2109.06,63.74,209,307,CHAOS,0.0,67.0,WORKLOAD_STEP
2026-07-09 19:45:34.480280400+05:30,4.0,55,4.7,2109.06,63.74,209,307,CHAOS,0.0,67.0,WORKLOAD_STEP
2026-07-09 19:45:36.519359800+05:30,1.6,55,3.7,2109.06,63.74,209,307,CHAOS,0.0,67.0,WORKLOAD_STEP
2026-07-09 19:45:38.546970500+05:30,2.5,55,4.4,2109.06,63.74,209,307,CHAOS,0.0,67.0,WORKLOAD_STEP
2026-07-09 19:45:40.568998700+05:30,1.6,57,4.0,2109.06,63.73,209,307,CHAOS,0.0,67.0,WORKLOAD_STEP
2026-07-09 19:45:42.595071400+05:30,1.5,57,4.1,2179.36,63.73,208,307,CHAOS,0.0,67.0,WORKLOAD_STEP
2026-07-09 19:45:44.624838400+05:30,1.5,55,3.7,2109.06,63.73,208,307,CHAOS,0.0,67.0,WORKLOAD_STEP
2026-07-09 19:45:46.652346+05:30,2.4,57,3.6,1958.41,63.73,208,307,CHAOS,0.0,67.0,WORKLOAD_STEP
2026-07-09 19:45:48.680013+05:30,2.2,57,3.9,2109.06,63.72,208,307,CHAOS,0.0,67.0,WORKLOAD_STEP
2026-07-09 19:45:50.706799300+05:30,2.1,57,3.9,2109.06,63.72,208,307,CHAOS,0.0,67.0,WORKLOAD_STEP
2026-07-09 19:45:52.735141900+05:30,1.9000000000000001,55,4.3,2109.06,63.7,208,307,CHAOS,0.0,67.0,WORKLOAD_STEP
2026-07-09 19:45:54.762385+05:30,2.0,57,4.0,2109.06,63.77,207,307,CHAOS,0.0,67.0,WORKLOAD_STEP
2026-07-09 19:45:56.822379900+05:30,2.8,55,5.1,2169.32,63.69,207,307,CHAOS,0.0,67.0,WORKLOAD_STEP
2026-07-09 19:45:58.840215800+05:30,6.8,54,6.0,2129.14,63.69,207,307,CHAOS,0.0,67.0,WORKLOAD_STEP
2026-07-09 19:46:00.876687900+05:30,12.5,53,8.2,2109.06,63.71,207,306,CHAOS,0.0,67.0,WORKLOAD_STEP
2026-07-09 19:46:02.901926200+05:30,1.9000000000000001,57,3.8,2109.06,63.69,207,306,CHAOS,0.0,67.0,WORKLOAD_STEP
2026-07-09 19:46:04.929231200+05:30,3.0,55,4.6,2109.06,63.7,207,306,CHAOS,0.0,67.0,WORKLOAD_STEP
2026-07-09 19:46:06.953713500+05:30,2.9,57,4.8,2109.06,63.7,207,306,CHAOS,0.0,67.0,WORKLOAD_STEP
2026-07-09 19:46:08.982237400+05:30,2.1,55,5.4,2109.06,63.68,207,306,CHAOS,0.0,67.0,WORKLOAD_STEP
2026-07-09 19:46:11.022016600+05:30,0.7000000000000001,55,4.0,2109.06,63.68,207,306,CHAOS,0.0,67.0,WORKLOAD_STEP
2026-07-09 19:46:13.050034700+05:30,29.7,52,6.1,2340.05,63.67,207,306,CHAOS,30.0,68.0,WORKLOAD_STEP
2026-07-09 19:46:15.068286100+05:30,31.9,40,14.4,2259.71,63.76,207,306,CHAOS,30.0,68.0,WORKLOAD_STEP
2026-07-09 19:46:17.085156800+05:30,31.9,40,12.1,2390.26,63.77,207,306,CHAOS,30.0,68.0,WORKLOAD_STEP
2026-07-09 19:46:19.104181800+05:30,31.7,50,12.8,2832.17,63.74,207,306,CHAOS,30.0,68.0,WORKLOAD_STEP
2026-07-09 19:46:21.123061100+05:30,32.4,49,12.0,2721.69,63.68,207,304,CHAOS,30.0,68.0,WORKLOAD_STEP
2026-07-09 19:46:23.142725500+05:30,31.0,49,11.9,2681.52,63.66,207,304,CHAOS,30.0,68.0,WORKLOAD_STEP
2026-07-09 19:46:25.179218+05:30,33.5,43,12.1,2591.12,63.65,207,304,CHAOS,30.0,68.0,WORKLOAD_STEP
2026-07-09 19:46:27.209077+05:30,33.2,49,16.2,2721.69,63.49,207,304,CHAOS,30.0,68.0,WORKLOAD_STEP
2026-07-09 19:46:29.235899600+05:30,32.8,43,15.1,2792.0,63.56,207,306,CHAOS,30.0,68.0,WORKLOAD_STEP
2026-07-09 19:46:31.260212100+05:30,31.5,43,20.6,2500.73,63.64,210,304,CHAOS,30.0,68.0,WORKLOAD_STEP
2026-07-09 19:46:33.290802800+05:30,32.3,43,16.5,3012.94,63.65,210,304,CHAOS,30.0,68.0,WORKLOAD_STEP
2026-07-09 19:46:35.311827+05:30,31.6,43,16.6,2962.74,63.62,210,304,CHAOS,30.0,68.0,WORKLOAD_STEP
2026-07-09 19:46:37.331931100+05:30,30.9,45,15.2,2581.09,63.68,207,304,CHAOS,30.0,68.0,WORKLOAD_STEP
2026-07-09 19:46:39.352011300+05:30,30.6,50,19.7,2390.27,63.64,207,304,CHAOS,30.0,68.0,WORKLOAD_STEP
2026-07-09 19:46:41.370453100+05:30,30.6,33,17.0,2982.81,63.63,207,304,CHAOS,30.0,68.0,WORKLOAD_STEP
2026-07-09 19:46:43.388388+05:30,30.9,41,24.4,3073.2,63.62,207,304,CHAOS,30.0,68.0,WORKLOAD_STEP
2026-07-09 19:46:45.418042400+05:30,30.4,40,20.7,3002.9,63.62,207,304,CHAOS,30.0,68.0,WORKLOAD_STEP
2026-07-09 19:46:47.435496300+05:30,30.1,36,22.0,3073.2,63.61,207,304,CHAOS,30.0,68.0,WORKLOAD_STEP
2026-07-09 19:46:49.452592900+05:30,30.8,32,21.1,3213.8,63.6,207,304,CHAOS,30.0,68.0,WORKLOAD_STEP
2026-07-09 19:46:51.470941900+05:30,30.5,41,23.1,2832.16,63.57,207,304,CHAOS,30.0,68.0,WORKLOAD_STEP
2026-07-09 19:46:53.497217400+05:30,32.4,32,22.8,2942.65,63.55,207,304,CHAOS,30.0,68.0,WORKLOAD_STEP
2026-07-09 19:46:55.514224800+05:30,30.8,40,22.1,2691.57,63.62,207,304,CHAOS,30.0,68.0,WORKLOAD_STEP
2026-07-09 19:46:57.533287500+05:30,30.9,29,22.9,3334.32,63.62,207,304,CHAOS,30.0,68.0,WORKLOAD_STEP
2026-07-09 19:46:59.553261100+05:30,34.0,32,24.8,3012.95,63.86,207,306,CHAOS,30.0,68.0,WORKLOAD_STEP
2026-07-09 19:47:01.573684600+05:30,31.1,33,22.7,2781.91,63.64,207,304,CHAOS,30.0,68.0,WORKLOAD_STEP
2026-07-09 19:47:03.592569900+05:30,39.5,37,23.5,2852.26,63.62,207,304,CHAOS,30.0,68.0,WORKLOAD_STEP
2026-07-09 19:47:05.617924900+05:30,30.1,43,25.0,2319.96,63.58,207,304,CHAOS,20.0,69.0,WORKLOAD_STEP
2026-07-09 19:47:07.652085400+05:30,22.1,51,9.5,2520.82,63.64,207,304,CHAOS,20.0,69.0,WORKLOAD_STEP
2026-07-09 19:47:09.676016300+05:30,24.5,47,10.0,2330.01,63.71,207,306,CHAOS,20.0,69.0,WORKLOAD_STEP
2026-07-09 19:47:11.698610700+05:30,25.4,47,12.9,2109.06,63.71,207,306,CHAOS,20.0,69.0,WORKLOAD_STEP
2026-07-09 19:47:13.723685300+05:30,21.4,32,11.5,2751.83,63.69,207,306,CHAOS,20.0,69.0,WORKLOAD_STEP
2026-07-09 19:47:15.749361700+05:30,22.3,26,15.6,2249.66,63.68,207,306,CHAOS,20.0,69.0,WORKLOAD_STEP
2026-07-09 19:47:17.789920400+05:30,25.0,33,16.1,2450.54,63.65,208,306,CHAOS,20.0,69.0,WORKLOAD_STEP
2026-07-09 19:47:19.819242800+05:30,23.7,36,18.5,2139.19,63.79,207,306,CHAOS,20.0,69.0,WORKLOAD_STEP
2026-07-09 19:47:21.852283900+05:30,24.8,45,13.3,2601.18,63.72,207,306,CHAOS,20.0,69.0,WORKLOAD_STEP
2026-07-09 19:47:23.879454100+05:30,27.3,36,19.1,3073.2,64.01,207,306,CHAOS,20.0,69.0,WORKLOAD_STEP
2026-07-09 19:47:25.902659700+05:30,25.8,43,13.9,2621.27,62.88,207,306,CHAOS,20.0,69.0,WORKLOAD_STEP
2026-07-09 19:47:27.921609+05:30,22.1,40,20.1,2872.34,62.87,209,306,CHAOS,20.0,69.0,WORKLOAD_STEP
2026-07-09 19:47:29.939717+05:30,25.6,39,23.5,3043.06,62.93,208,306,CHAOS,20.0,69.0,WORKLOAD_STEP
2026-07-09 19:47:31.959807200+05:30,21.2,39,20.8,2912.51,62.89,209,306,CHAOS,20.0,69.0,WORKLOAD_STEP
2026-07-09 19:47:33.978339400+05:30,21.0,26,21.9,2902.48,62.79,207,306,CHAOS,20.0,69.0,WORKLOAD_STEP
2026-07-09 19:47:35.998026600+05:30,22.7,26,22.7,2962.73,62.82,207,307,CHAOS,20.0,69.0,WORKLOAD_STEP
2026-07-09 19:47:38.016500100+05:30,21.2,36,21.5,2651.4,62.83,207,307,CHAOS,20.0,69.0,WORKLOAD_STEP
2026-07-09 19:47:40.034500700+05:30,20.7,27,24.4,3143.51,62.84,207,307,CHAOS,20.0,69.0,WORKLOAD_STEP
2026-07-09 19:47:42.053642+05:30,22.0,33,25.1,3093.29,62.92,215,307,CHAOS,20.0,69.0,WORKLOAD_STEP
2026-07-09 19:47:44.074916300+05:30,25.4,32,24.2,3022.97,63.29,225,307,CHAOS,20.0,69.0,WORKLOAD_STEP
2026-07-09 19:47:46.092918600+05:30,21.5,37,23.7,3143.5,63.25,225,307,CHAOS,20.0,69.0,WORKLOAD_STEP
2026-07-09 19:47:48.111135+05:30,20.4,30,25.7,3354.4,63.24,225,307,CHAOS,20.0,69.0,WORKLOAD_STEP
2026-07-09 19:47:50.130216700+05:30,22.4,21,24.2,3002.88,63.24,225,307,CHAOS,20.0,69.0,WORKLOAD_STEP
2026-07-09 19:47:52.162786900+05:30,21.0,27,25.1,2792.0,63.22,225,307,CHAOS,20.0,69.0,WORKLOAD_STEP
2026-07-09 19:47:54.182938+05:30,22.3,24,23.6,3264.02,63.22,225,307,CHAOS,20.0,69.0,WORKLOAD_STEP
2026-07-09 19:47:56.205934700+05:30,21.3,30,21.9,2932.6,63.21,225,307,CHAOS,20.0,69.0,WORKLOAD_STEP
2026-07-09 19:47:58.229516900+05:30,20.4,27,23.1,2882.39,63.22,223,307,CHAOS,20.0,69.0,WORKLOAD_STEP
2026-07-09 19:48:00.251705700+05:30,24.0,36,22.8,2842.21,63.25,223,307,CHAOS,20.0,69.0,WORKLOAD_STEP
2026-07-09 19:48:02.269999300+05:30,20.5,23,21.3,2571.05,63.31,223,307,CHAOS,20.0,69.0,WORKLOAD_STEP
2026-07-09 19:48:04.292205300+05:30,20.5,21,23.1,3043.07,63.27,223,307,CHAOS,20.0,69.0,WORKLOAD_STEP
2026-07-09 19:48:06.310377+05:30,20.1,37,22.0,3213.81,63.26,223,307,CHAOS,20.0,69.0,WORKLOAD_STEP
2026-07-09 19:48:08.328721700+05:30,26.3,24,24.2,2781.95,63.24,223,307,CHAOS,20.0,69.0,WORKLOAD_STEP
2026-07-09 19:48:10.350460600+05:30,23.6,33,23.4,2872.32,63.25,223,306,CHAOS,20.0,69.0,WORKLOAD_STEP
2026-07-09 19:48:12.371393300+05:30,24.6,34,22.0,2902.47,63.25,223,306,CHAOS,20.0,69.0,WORKLOAD_STEP
2026-07-09 19:48:14.392709400+05:30,20.8,29,23.0,2671.48,63.22,223,306,CHAOS,20.0,69.0,WORKLOAD_STEP
2026-07-09 19:48:16.415952500+05:30,22.3,30,21.2,2631.31,63.26,223,306,CHAOS,20.0,69.0,WORKLOAD_STEP
2026-07-09 19:48:18.434645500+05:30,20.5,30,25.5,2731.74,63.24,223,306,CHAOS,20.0,69.0,WORKLOAD_STEP
2026-07-09 19:48:20.457774200+05:30,22.3,26,21.5,2952.68,63.21,223,306,CHAOS,20.0,69.0,WORKLOAD_STEP
2026-07-09 19:48:22.476765900+05:30,22.3,29,22.1,3253.97,63.24,223,306,CHAOS,20.0,69.0,WORKLOAD_STEP
2026-07-09 19:48:24.521945300+05:30,25.4,19,20.0,2942.63,63.27,223,306,CHAOS,20.0,69.0,WORKLOAD_STEP
2026-07-09 19:48:26.544744+05:30,22.1,32,23.6,2962.73,63.33,223,306,CHAOS,20.0,69.0,WORKLOAD_STEP
2026-07-09 19:48:28.563997200+05:30,24.0,37,22.3,2812.08,63.32,223,306,CHAOS,20.0,69.0,WORKLOAD_STEP
2026-07-09 19:48:30.584083100+05:30,24.3,30,21.0,2912.52,63.26,226,306,CHAOS,20.0,69.0,WORKLOAD_STEP
2026-07-09 19:48:32.602672500+05:30,21.8,36,22.9,2701.6,63.25,226,306,CHAOS,20.0,69.0,WORKLOAD_STEP
2026-07-09 19:48:34.621931400+05:30,21.0,32,21.7,2771.92,63.25,226,306,CHAOS,20.0,69.0,WORKLOAD_STEP
2026-07-09 19:48:36.640192400+05:30,21.5,26,21.2,2741.77,63.32,223,306,CHAOS,20.0,69.0,WORKLOAD_STEP
2026-07-09 19:48:38.660044100+05:30,20.5,37,20.5,3203.75,63.33,223,306,CHAOS,20.0,69.0,WORKLOAD_STEP
2026-07-09 19:48:40.680568200+05:30,20.4,26,20.0,2460.57,63.34,223,305,CHAOS,20.0,69.0,WORKLOAD_STEP
2026-07-09 19:48:42.705143600+05:30,21.1,24,19.5,2581.08,63.31,223,305,CHAOS,20.0,69.0,WORKLOAD_STEP
2026-07-09 19:48:44.722281800+05:30,21.0,36,22.6,2771.9,63.29,223,305,CHAOS,20.0,69.0,WORKLOAD_STEP
2026-07-09 19:48:46.739858400+05:30,21.1,29,22.8,2992.85,63.27,223,305,CHAOS,20.0,69.0,WORKLOAD_STEP
2026-07-09 19:48:48.758711700+05:30,20.8,36,20.3,3434.76,63.26,223,305,CHAOS,20.0,69.0,WORKLOAD_STEP
2026-07-09 19:48:50.776525600+05:30,22.6,37,22.3,2581.08,63.26,223,305,CHAOS,20.0,69.0,WORKLOAD_STEP
2026-07-09 19:48:52.794911900+05:30,21.5,30,20.7,2741.78,63.32,223,305,CHAOS,20.0,69.0,WORKLOAD_STEP
2026-07-09 19:48:54.813393700+05:30,22.4,37,22.0,2992.85,63.3,223,305,CHAOS,20.0,69.0,WORKLOAD_STEP
2026-07-09 19:48:56.831566600+05:30,21.0,19,20.5,2741.77,63.29,223,305,CHAOS,20.0,69.0,WORKLOAD_STEP
2026-07-09 19:48:58.865242200+05:30,22.5,30,22.0,3033.02,63.27,223,305,CHAOS,20.0,69.0,WORKLOAD_STEP
2026-07-09 19:49:00.886030500+05:30,23.6,30,20.1,2972.77,63.29,223,305,CHAOS,20.0,69.0,WORKLOAD_STEP
2026-07-09 19:49:02.907661800+05:30,20.2,37,21.5,2932.6,63.26,223,305,CHAOS,20.0,69.0,WORKLOAD_STEP
2026-07-09 19:49:04.932905900+05:30,34.6,33,25.9,2540.89,63.25,223,305,CHAOS,100.0,70.0,WORKLOAD_STEP
2026-07-09 19:49:06.997625100+05:30,100.0,33,25.6,2510.76,63.25,223,305,CHAOS,100.0,70.0,WORKLOAD_STEP
2026-07-09 19:49:09.076383100+05:30,100.0,33,24.7,2500.72,63.25,223,305,CHAOS,100.0,70.0,WORKLOAD_STEP
2026-07-09 19:49:11.155996500+05:30,100.0,33,27.5,2540.89,63.26,223,305,CHAOS,100.0,70.0,WORKLOAD_STEP
2026-07-09 19:49:13.219479+05:30,100.0,33,25.0,2540.88,63.25,223,305,CHAOS,100.0,70.0,WORKLOAD_STEP
2026-07-09 19:49:15.261606+05:30,100.0,33,25.2,2510.76,63.25,223,305,CHAOS,100.0,70.0,WORKLOAD_STEP
2026-07-09 19:49:17.320102400+05:30,100.0,33,25.7,2530.85,63.24,223,305,CHAOS,100.0,70.0,WORKLOAD_STEP
2026-07-09 19:49:19.367413300+05:30,100.0,33,25.5,2520.8,63.24,223,305,CHAOS,100.0,70.0,WORKLOAD_STEP
2026-07-09 19:49:21.442113+05:30,100.0,33,24.7,2490.67,63.25,223,305,CHAOS,100.0,70.0,WORKLOAD_STEP
2026-07-09 19:49:23.489748600+05:30,100.0,32,26.1,2550.93,63.25,223,305,CHAOS,100.0,70.0,WORKLOAD_STEP
2026-07-09 19:49:25.584212900+05:30,100.0,33,25.6,2530.84,63.25,223,305,CHAOS,100.0,70.0,WORKLOAD_STEP
2026-07-09 19:49:27.645505400+05:30,100.0,33,26.1,2540.89,63.25,223,305,CHAOS,100.0,70.0,WORKLOAD_STEP
2026-07-09 19:49:29.719378+05:30,100.0,33,24.1,2520.8,63.26,223,306,CHAOS,100.0,70.0,WORKLOAD_STEP
2026-07-09 19:49:31.798056100+05:30,100.0,33,25.5,2500.71,63.25,223,306,CHAOS,100.0,70.0,WORKLOAD_STEP
2026-07-09 19:49:33.857647200+05:30,100.0,33,24.2,2490.68,63.26,223,306,CHAOS,100.0,70.0,WORKLOAD_STEP
2026-07-09 19:49:35.948297200+05:30,100.0,33,24.7,2510.76,63.25,223,306,CHAOS,100.0,70.0,WORKLOAD_STEP
2026-07-09 19:49:37.987591500+05:30,100.0,33,25.0,2520.81,63.26,223,306,CHAOS,100.0,70.0,WORKLOAD_STEP
2026-07-09 19:49:40.042548300+05:30,100.0,33,25.6,2530.84,63.25,223,306,CHAOS,100.0,70.0,WORKLOAD_STEP
2026-07-09 19:49:42.102225100+05:30,100.0,33,24.4,2490.68,63.32,214,307,CHAOS,100.0,70.0,WORKLOAD_STEP
2026-07-09 19:49:44.225323400+05:30,100.0,34,25.1,2500.71,63.24,214,307,CHAOS,100.0,70.0,WORKLOAD_STEP
2026-07-09 19:49:46.277776900+05:30,100.0,33,26.0,2500.72,63.24,214,307,CHAOS,100.0,70.0,WORKLOAD_STEP
2026-07-09 19:49:48.374148300+05:30,100.0,33,24.7,2510.76,63.24,214,307,CHAOS,100.0,70.0,WORKLOAD_STEP
2026-07-09 19:49:50.429605300+05:30,100.0,33,24.4,2520.8,63.24,214,307,CHAOS,100.0,70.0,WORKLOAD_STEP
2026-07-09 19:49:52.494377200+05:30,100.0,33,23.9,2530.83,63.24,214,307,CHAOS,100.0,70.0,WORKLOAD_STEP
2026-07-09 19:49:54.574329700+05:30,100.0,33,24.9,2510.76,63.24,214,307,CHAOS,100.0,70.0,WORKLOAD_STEP
2026-07-09 19:49:56.669133800+05:30,100.0,33,24.8,2540.88,63.25,214,307,CHAOS,100.0,70.0,WORKLOAD_STEP
2026-07-09 19:49:58.763930600+05:30,100.0,33,26.0,2510.75,63.24,214,307,CHAOS,100.0,70.0,WORKLOAD_STEP
2026-07-09 19:50:00.817762600+05:30,100.0,33,24.8,2520.8,63.26,216,307,CHAOS,100.0,70.0,WORKLOAD_STEP
2026-07-09 19:50:02.883360700+05:30,100.0,33,24.9,2520.8,63.26,216,307,CHAOS,100.0,70.0,WORKLOAD_STEP
2026-07-09 19:50:04.938490200+05:30,100.0,33,23.8,2520.8,63.25,216,307,CHAOS,100.0,70.0,WORKLOAD_STEP
2026-07-09 19:50:07.039583100+05:30,100.0,33,24.2,2540.9,63.24,216,307,CHAOS,100.0,70.0,WORKLOAD_STEP
2026-07-09 19:50:09.083170900+05:30,100.0,33,26.0,2510.76,63.27,216,307,CHAOS,100.0,70.0,WORKLOAD_STEP
2026-07-09 19:50:11.148397600+05:30,100.0,33,26.1,2510.76,63.32,216,307,CHAOS,100.0,70.0,WORKLOAD_STEP
2026-07-09 19:50:13.184366+05:30,100.0,33,26.8,2520.8,63.32,205,306,CHAOS,100.0,70.0,WORKLOAD_STEP
2026-07-09 19:50:15.243781+05:30,100.0,33,25.7,2540.88,63.31,205,306,CHAOS,100.0,70.0,WORKLOAD_STEP
2026-07-09 19:50:17.313817200+05:30,100.0,33,24.9,2550.92,63.32,205,307,CHAOS,100.0,70.0,WORKLOAD_STEP
2026-07-09 19:50:19.384445600+05:30,100.0,32,23.6,2510.76,63.33,205,308,CHAOS,100.0,70.0,WORKLOAD_STEP
2026-07-09 19:50:21.447629900+05:30,100.0,33,26.0,2510.76,63.34,205,308,CHAOS,100.0,70.0,WORKLOAD_STEP
2026-07-09 19:50:23.512156400+05:30,100.0,33,25.6,2540.88,63.34,205,308,CHAOS,100.0,70.0,WORKLOAD_STEP
2026-07-09 19:50:25.570159300+05:30,100.0,33,25.4,2480.64,63.38,205,308,CHAOS,100.0,70.0,WORKLOAD_STEP
2026-07-09 19:50:27.655897100+05:30,100.0,33,25.2,2480.63,63.61,206,309,CHAOS,100.0,70.0,WORKLOAD_STEP
2026-07-09 19:50:29.704851800+05:30,100.0,33,25.5,2540.88,63.62,205,309,CHAOS,100.0,70.0,WORKLOAD_STEP
2026-07-09 19:50:31.807768300+05:30,100.0,33,25.5,2490.68,63.62,206,309,CHAOS,100.0,70.0,WORKLOAD_STEP
2026-07-09 19:50:33.873447200+05:30,100.0,33,25.6,2480.64,63.62,206,309,CHAOS,100.0,70.0,WORKLOAD_STEP
2026-07-09 19:50:35.961848600+05:30,100.0,33,23.9,2540.88,63.62,203,309,CHAOS,100.0,70.0,WORKLOAD_STEP
2026-07-09 19:50:38.028542400+05:30,100.0,33,26.1,2480.64,63.62,203,309,CHAOS,100.0,70.0,WORKLOAD_STEP
2026-07-09 19:50:40.088999700+05:30,100.0,34,26.1,2500.72,63.62,203,309,CHAOS,100.0,70.0,WORKLOAD_STEP
2026-07-09 19:50:42.215437300+05:30,100.0,32,23.4,2490.68,63.6,203,309,CHAOS,100.0,70.0,WORKLOAD_STEP
2026-07-09 19:50:44.321616200+05:30,100.0,32,25.5,2500.72,63.62,203,309,CHAOS,100.0,70.0,WORKLOAD_STEP
2026-07-09 19:50:46.414672+05:30,100.0,33,24.7,2480.64,63.62,203,309,CHAOS,100.0,70.0,WORKLOAD_STEP
2026-07-09 19:50:48.476166400+05:30,100.0,33,24.2,2500.71,63.46,203,309,CHAOS,100.0,70.0,WORKLOAD_STEP
2026-07-09 19:50:50.536964100+05:30,100.0,33,25.4,2520.8,63.46,203,309,CHAOS,100.0,70.0,WORKLOAD_STEP
2026-07-09 19:50:52.584882800+05:30,100.0,33,24.4,2490.68,63.39,203,309,CHAOS,100.0,70.0,WORKLOAD_STEP
2026-07-09 19:50:54.641203300+05:30,100.0,33,24.4,2520.81,63.39,203,309,CHAOS,100.0,70.0,WORKLOAD_STEP
2026-07-09 19:50:56.686779600+05:30,100.0,33,25.3,2490.68,63.35,203,308,CHAOS,100.0,70.0,WORKLOAD_STEP
2026-07-09 19:50:58.752207600+05:30,100.0,33,24.3,2480.63,63.33,203,308,CHAOS,100.0,70.0,WORKLOAD_STEP
2026-07-09 19:51:00.804254700+05:30,100.0,33,25.4,2480.63,63.35,203,308,CHAOS,100.0,70.0,WORKLOAD_STEP
2026-07-09 19:51:02.871217400+05:30,100.0,33,25.3,2520.8,63.31,203,308,CHAOS,100.0,70.0,WORKLOAD_STEP
2026-07-09 19:51:04.942064300+05:30,100.0,33,24.6,2510.76,63.32,204,308,CHAOS,100.0,70.0,WORKLOAD_STEP
2026-07-09 19:51:07.028472500+05:30,100.0,33,25.9,2540.89,63.31,204,308,CHAOS,100.0,70.0,WORKLOAD_STEP
2026-07-09 19:51:09.100815400+05:30,100.0,34,24.3,2500.72,63.5,204,310,CHAOS,100.0,70.0,WORKLOAD_STEP
2026-07-09 19:51:11.136967400+05:30,100.0,33,25.7,2500.71,63.44,203,310,CHAOS,100.0,70.0,WORKLOAD_STEP
2026-07-09 19:51:13.195231400+05:30,100.0,33,25.6,2490.67,63.44,203,310,CHAOS,100.0,70.0,WORKLOAD_STEP
2026-07-09 19:51:15.277039400+05:30,100.0,34,25.2,2470.6,63.44,203,310,CHAOS,100.0,70.0,WORKLOAD_STEP
2026-07-09 19:51:17.338034700+05:30,100.0,33,24.4,2450.5,63.44,203,310,CHAOS,100.0,70.0,WORKLOAD_STEP
2026-07-09 19:51:19.387670400+05:30,100.0,33,26.4,2480.64,63.37,203,310,CHAOS,100.0,70.0,WORKLOAD_STEP
2026-07-09 19:51:21.446037+05:30,100.0,33,25.5,2510.76,63.35,203,310,CHAOS,100.0,70.0,WORKLOAD_STEP
2026-07-09 19:51:23.515482100+05:30,100.0,33,23.9,2500.72,63.35,203,310,CHAOS,100.0,70.0,WORKLOAD_STEP
2026-07-09 19:51:25.597287200+05:30,100.0,33,24.4,2460.55,63.28,203,310,CHAOS,100.0,70.0,WORKLOAD_STEP
2026-07-09 19:51:27.657836+05:30,100.0,33,23.8,2520.8,63.28,203,310,CHAOS,100.0,70.0,WORKLOAD_STEP
2026-07-09 19:51:29.791373500+05:30,100.0,33,25.1,2470.6,63.21,203,310,CHAOS,100.0,70.0,WORKLOAD_STEP
2026-07-09 19:51:31.846998100+05:30,100.0,33,23.9,2490.68,63.21,203,310,CHAOS,100.0,70.0,WORKLOAD_STEP
2026-07-09 19:51:33.892913200+05:30,100.0,33,25.4,2500.71,63.16,203,310,CHAOS,100.0,70.0,WORKLOAD_STEP
2026-07-09 19:51:35.945973200+05:30,100.0,33,25.3,2470.6,63.14,203,311,CHAOS,100.0,70.0,WORKLOAD_STEP
2026-07-09 19:51:38.004932100+05:30,90.8,33,24.9,2520.82,63.05,203,307,CHAOS,80.0,71.0,WORKLOAD_STEP
2026-07-09 19:51:40.031680500+05:30,81.7,30,28.2,2540.9,62.75,203,305,CHAOS,80.0,71.0,WORKLOAD_STEP
2026-07-09 19:51:42.065935100+05:30,83.2,33,23.6,2560.98,62.76,203,305,CHAOS,80.0,71.0,WORKLOAD_STEP
2026-07-09 19:51:44.102182500+05:30,81.6,33,24.7,2530.86,62.75,203,305,CHAOS,80.0,71.0,WORKLOAD_STEP
2026-07-09 19:51:46.129889500+05:30,81.1,33,23.7,2711.63,62.76,203,305,CHAOS,80.0,71.0,WORKLOAD_STEP
2026-07-09 19:51:48.161152800+05:30,81.1,33,22.0,2731.72,62.75,203,305,CHAOS,80.0,71.0,WORKLOAD_STEP
2026-07-09 19:51:50.205038+05:30,81.8,32,25.2,2661.44,62.74,203,305,CHAOS,80.0,71.0,WORKLOAD_STEP
2026-07-09 19:51:52.233315900+05:30,81.3,32,25.3,2560.98,62.75,203,305,CHAOS,80.0,71.0,WORKLOAD_STEP
2026-07-09 19:51:54.263040600+05:30,81.8,32,24.9,2581.06,62.74,203,305,CHAOS,80.0,71.0,WORKLOAD_STEP
2026-07-09 19:51:56.293967900+05:30,81.8,34,26.8,2631.27,62.75,203,305,CHAOS,80.0,71.0,WORKLOAD_STEP
2026-07-09 19:51:58.324777400+05:30,80.8,33,24.2,2530.86,62.75,203,305,CHAOS,80.0,71.0,WORKLOAD_STEP
2026-07-09 19:52:00.355716+05:30,81.5,33,24.6,2490.67,62.77,203,305,CHAOS,80.0,71.0,WORKLOAD_STEP
2026-07-09 19:52:02.388763200+05:30,82.4,30,25.3,2651.38,62.76,203,305,CHAOS,80.0,71.0,WORKLOAD_STEP
2026-07-09 19:52:04.423937500+05:30,80.2,33,25.2,2601.16,62.75,203,305,CHAOS,80.0,71.0,WORKLOAD_STEP
2026-07-09 19:52:06.452599800+05:30,82.9,33,23.3,2631.29,62.75,203,305,CHAOS,80.0,71.0,WORKLOAD_STEP
2026-07-09 19:52:08.479893500+05:30,80.4,32,25.1,2631.28,62.75,203,305,CHAOS,80.0,71.0,WORKLOAD_STEP
2026-07-09 19:52:10.507649200+05:30,80.4,30,25.8,2611.2,62.75,203,305,CHAOS,80.0,71.0,WORKLOAD_STEP
2026-07-09 19:52:12.539264500+05:30,80.2,32,23.7,2631.29,62.75,203,305,CHAOS,80.0,71.0,WORKLOAD_STEP
2026-07-09 19:52:14.575355800+05:30,80.9,32,25.3,2691.54,62.75,203,305,CHAOS,80.0,71.0,WORKLOAD_STEP
2026-07-09 19:52:16.607144100+05:30,79.5,32,24.0,2641.34,62.76,203,305,CHAOS,80.0,71.0,WORKLOAD_STEP
2026-07-09 19:52:18.641275200+05:30,81.0,32,24.9,2631.27,62.76,203,305,CHAOS,80.0,71.0,WORKLOAD_STEP
2026-07-09 19:52:20.671126100+05:30,80.6,30,24.6,2661.4,62.77,203,305,CHAOS,80.0,71.0,WORKLOAD_STEP
2026-07-09 19:52:22.717852300+05:30,80.7,33,25.0,2621.23,62.77,203,305,CHAOS,80.0,71.0,WORKLOAD_STEP
2026-07-09 19:52:24.746439100+05:30,81.7,32,24.3,2591.11,62.78,203,305,CHAOS,80.0,71.0,WORKLOAD_STEP
2026-07-09 19:52:26.780515900+05:30,82.8,33,25.9,2520.82,62.78,203,305,CHAOS,80.0,71.0,WORKLOAD_STEP
2026-07-09 19:52:28.812723500+05:30,80.5,34,24.4,2631.28,62.78,203,305,CHAOS,80.0,71.0,WORKLOAD_STEP
2026-07-09 19:52:30.841768100+05:30,85.8,34,24.1,2540.89,62.85,206,305,CHAOS,80.0,71.0,WORKLOAD_STEP
2026-07-09 19:52:32.870888300+05:30,83.8,34,24.4,2651.36,62.8,206,305,CHAOS,80.0,71.0,WORKLOAD_STEP
2026-07-09 19:52:34.906895900+05:30,86.0,33,24.6,2571.02,62.81,210,305,CHAOS,80.0,71.0,WORKLOAD_STEP
2026-07-09 19:52:36.938445800+05:30,82.0,33,24.9,2601.14,62.8,207,305,CHAOS,80.0,71.0,WORKLOAD_STEP
2026-07-09 19:52:38.962921700+05:30,81.8,33,25.0,2520.82,62.81,207,305,CHAOS,80.0,71.0,WORKLOAD_STEP
2026-07-09 19:52:40.991454100+05:30,80.0,34,23.8,2671.45,62.79,207,305,CHAOS,80.0,71.0,WORKLOAD_STEP
2026-07-09 19:52:43.022804500+05:30,80.3,34,26.9,2641.34,62.8,207,305,CHAOS,80.0,71.0,WORKLOAD_STEP
2026-07-09 19:52:45.052817900+05:30,80.0,34,24.5,2651.36,62.8,207,305,CHAOS,80.0,71.0,WORKLOAD_STEP
2026-07-09 19:52:47.100453500+05:30,82.5,32,26.3,2520.82,62.8,209,305,CHAOS,80.0,71.0,WORKLOAD_STEP
2026-07-09 19:52:49.131819400+05:30,82.5,32,21.7,2611.22,62.8,209,305,CHAOS,80.0,71.0,WORKLOAD_STEP
2026-07-09 19:52:51.162193500+05:30,81.2,34,25.4,2510.76,62.87,208,305,CHAOS,80.0,71.0,WORKLOAD_STEP
2026-07-09 19:52:53.192683200+05:30,79.9,30,25.4,2550.94,62.82,208,305,CHAOS,80.0,71.0,WORKLOAD_STEP
2026-07-09 19:52:55.239618900+05:30,81.0,30,24.6,2560.97,62.82,207,305,CHAOS,100.0,72.0,WORKLOAD_STEP
2026-07-09 19:52:57.328740300+05:30,96.2,33,24.6,2470.6,62.8,207,305,CHAOS,100.0,72.0,WORKLOAD_STEP
2026-07-09 19:52:59.405036500+05:30,100.0,33,25.3,2490.68,62.79,207,305,CHAOS,100.0,72.0,WORKLOAD_STEP
2026-07-09 19:53:01.487100700+05:30,100.0,33,25.8,2480.64,62.8,207,305,CHAOS,100.0,72.0,WORKLOAD_STEP
2026-07-09 19:53:03.563911300+05:30,100.0,33,24.7,2500.72,62.8,206,305,CHAOS,100.0,72.0,WORKLOAD_STEP
2026-07-09 19:53:05.654637100+05:30,100.0,33,23.3,2520.8,62.82,206,305,CHAOS,100.0,72.0,WORKLOAD_STEP
2026-07-09 19:53:07.739025+05:30,100.0,33,24.7,2530.84,62.82,206,305,CHAOS,100.0,72.0,WORKLOAD_STEP
2026-07-09 19:53:09.811870400+05:30,100.0,33,24.2,2500.72,62.81,206,306,CHAOS,100.0,72.0,WORKLOAD_STEP
2026-07-09 19:53:11.892547100+05:30,100.0,33,24.1,2490.68,62.79,206,306,CHAOS,100.0,72.0,WORKLOAD_STEP
2026-07-09 19:53:13.971429+05:30,100.0,33,25.3,2500.72,62.78,206,306,CHAOS,100.0,72.0,WORKLOAD_STEP
2026-07-09 19:53:16.026986100+05:30,100.0,34,24.8,2500.72,62.79,204,306,CHAOS,100.0,72.0,WORKLOAD_STEP
2026-07-09 19:53:18.090304500+05:30,100.0,33,25.4,2490.67,62.81,204,306,CHAOS,100.0,72.0,WORKLOAD_STEP
2026-07-09 19:53:20.153646100+05:30,100.0,33,24.3,2530.84,62.79,200,307,CHAOS,100.0,72.0,WORKLOAD_STEP
2026-07-09 19:53:22.209480900+05:30,74.4,32,23.2,2540.9,62.82,200,305,CHAOS,70.0,73.0,WORKLOAD_STEP
2026-07-09 19:53:24.229264800+05:30,70.1,34,24.6,2661.41,62.89,202,307,CHAOS,70.0,73.0,WORKLOAD_STEP
2026-07-09 19:53:26.252954200+05:30,71.3,36,23.5,2761.87,62.88,206,307,CHAOS,70.0,73.0,WORKLOAD_STEP
2026-07-09 19:53:28.284689800+05:30,71.1,36,24.2,2731.72,62.88,206,307,CHAOS,70.0,73.0,WORKLOAD_STEP
2026-07-09 19:53:30.319169700+05:30,71.3,32,23.9,2560.98,62.88,206,307,CHAOS,70.0,73.0,WORKLOAD_STEP
2026-07-09 19:53:32.368679500+05:30,71.0,33,23.3,2621.24,62.88,206,307,CHAOS,70.0,73.0,WORKLOAD_STEP
2026-07-09 19:53:34.397890700+05:30,70.7,32,24.7,2591.12,62.89,206,307,CHAOS,70.0,73.0,WORKLOAD_STEP
2026-07-09 19:53:36.428871100+05:30,73.0,30,24.8,2591.13,62.91,206,307,CHAOS,70.0,73.0,WORKLOAD_STEP
2026-07-09 19:53:38.460788+05:30,74.7,33,25.0,2711.63,62.9,206,307,CHAOS,70.0,73.0,WORKLOAD_STEP
2026-07-09 19:53:40.489013300+05:30,74.2,30,24.3,2601.17,62.89,205,307,CHAOS,70.0,73.0,WORKLOAD_STEP
2026-07-09 19:53:42.528123100+05:30,72.4,34,23.5,2671.46,62.88,205,307,CHAOS,70.0,73.0,WORKLOAD_STEP
2026-07-09 19:53:44.555223200+05:30,70.7,36,25.0,2701.58,62.88,205,306,CHAOS,70.0,73.0,WORKLOAD_STEP
2026-07-09 19:53:46.591627300+05:30,70.0,34,23.8,2520.81,62.88,205,306,CHAOS,70.0,73.0,WORKLOAD_STEP
2026-07-09 19:53:48.618962100+05:30,71.0,33,22.5,2731.71,62.87,205,306,CHAOS,70.0,73.0,WORKLOAD_STEP
2026-07-09 19:53:50.653880800+05:30,70.5,32,22.9,2601.15,62.87,205,306,CHAOS,70.0,73.0,WORKLOAD_STEP
2026-07-09 19:53:52.688733800+05:30,71.7,32,24.3,2601.15,62.87,205,306,CHAOS,70.0,73.0,WORKLOAD_STEP
2026-07-09 19:53:54.723802700+05:30,74.3,33,23.3,2701.57,62.86,205,306,CHAOS,70.0,73.0,WORKLOAD_STEP
2026-07-09 19:53:56.756703800+05:30,73.6,33,24.7,2671.47,62.86,205,306,CHAOS,70.0,73.0,WORKLOAD_STEP
2026-07-09 19:53:58.786547200+05:30,71.2,33,24.5,2701.59,62.86,205,306,CHAOS,70.0,73.0,WORKLOAD_STEP
2026-07-09 19:54:00.818020600+05:30,71.6,30,24.4,2601.15,62.87,205,306,CHAOS,70.0,73.0,WORKLOAD_STEP
2026-07-09 19:54:02.852290300+05:30,71.5,32,23.9,2721.68,62.85,205,306,CHAOS,70.0,73.0,WORKLOAD_STEP
2026-07-09 19:54:04.885572200+05:30,73.9,33,22.9,2671.46,63.1,205,308,CHAOS,70.0,73.0,WORKLOAD_STEP
2026-07-09 19:54:06.933667700+05:30,70.6,34,23.1,2731.72,62.88,205,306,CHAOS,70.0,73.0,WORKLOAD_STEP
2026-07-09 19:54:08.964470500+05:30,72.2,33,25.1,2691.54,62.88,205,306,CHAOS,70.0,73.0,WORKLOAD_STEP
2026-07-09 19:54:10.999302300+05:30,71.1,34,24.9,2721.68,62.88,205,306,CHAOS,70.0,73.0,WORKLOAD_STEP
2026-07-09 19:54:13.029370500+05:30,71.6,33,24.8,2530.85,62.88,205,306,CHAOS,70.0,73.0,WORKLOAD_STEP
2026-07-09 19:54:15.065046500+05:30,70.6,30,25.0,2631.27,62.88,205,306,CHAOS,70.0,73.0,WORKLOAD_STEP
2026-07-09 19:54:17.094882200+05:30,72.2,32,24.0,2641.33,62.88,206,306,CHAOS,70.0,73.0,WORKLOAD_STEP
2026-07-09 19:54:19.124374200+05:30,71.3,32,23.5,2671.46,62.87,206,306,CHAOS,70.0,73.0,WORKLOAD_STEP
2026-07-09 19:54:21.159052700+05:30,70.4,33,24.4,2701.6,62.88,206,306,CHAOS,70.0,73.0,WORKLOAD_STEP
2026-07-09 19:54:23.192837300+05:30,30.3,42,10.6,2319.97,62.87,205,306,CHAOS,30.0,74.0,WORKLOAD_STEP
2026-07-09 19:54:25.213702+05:30,33.0,39,12.0,2591.14,62.88,205,306,CHAOS,30.0,74.0,WORKLOAD_STEP
2026-07-09 19:54:27.239941+05:30,30.3,41,14.0,2641.34,62.87,205,306,CHAOS,30.0,74.0,WORKLOAD_STEP
2026-07-09 19:54:29.275786800+05:30,31.0,48,16.0,2370.18,62.92,205,306,CHAOS,30.0,74.0,WORKLOAD_STEP
2026-07-09 19:54:31.293766700+05:30,32.2,40,19.9,2460.57,62.83,208,306,CHAOS,30.0,74.0,WORKLOAD_STEP
2026-07-09 19:54:33.329525700+05:30,32.1,46,19.3,2741.77,62.86,208,306,CHAOS,30.0,74.0,WORKLOAD_STEP
2026-07-09 19:54:35.350964300+05:30,32.8,39,21.0,2299.88,62.86,205,306,CHAOS,30.0,74.0,WORKLOAD_STEP
2026-07-09 19:54:37.383141500+05:30,29.8,29,18.2,2751.83,62.88,205,306,CHAOS,30.0,74.0,WORKLOAD_STEP
2026-07-09 19:54:39.411967100+05:30,29.9,29,20.3,2802.04,62.86,205,306,CHAOS,30.0,74.0,WORKLOAD_STEP
2026-07-09 19:54:41.431159400+05:30,30.0,32,22.2,2731.74,62.85,205,306,CHAOS,30.0,74.0,WORKLOAD_STEP
2026-07-09 19:54:43.449710900+05:30,31.2,40,21.3,2721.7,62.82,205,306,CHAOS,30.0,74.0,WORKLOAD_STEP
2026-07-09 19:54:45.468991100+05:30,34.0,30,21.3,2872.32,62.8,205,306,CHAOS,30.0,74.0,WORKLOAD_STEP
2026-07-09 19:54:47.488261800+05:30,35.4,29,21.8,2490.7,62.87,205,306,CHAOS,30.0,74.0,WORKLOAD_STEP
2026-07-09 19:54:49.512875700+05:30,35.2,32,22.2,2972.77,62.87,204,306,CHAOS,30.0,74.0,WORKLOAD_STEP
2026-07-09 19:54:51.537393500+05:30,31.2,24,23.0,2530.87,62.86,204,306,CHAOS,30.0,74.0,WORKLOAD_STEP
2026-07-09 19:54:53.555779800+05:30,30.4,37,19.8,2621.26,62.85,204,306,CHAOS,30.0,74.0,WORKLOAD_STEP
2026-07-09 19:54:55.572663400+05:30,32.7,27,18.8,2882.37,62.82,202,306,CHAOS,30.0,74.0,WORKLOAD_STEP
2026-07-09 19:54:57.590314300+05:30,32.4,22,20.9,3143.52,62.8,202,306,CHAOS,30.0,74.0,WORKLOAD_STEP
2026-07-09 19:54:59.613082900+05:30,31.8,36,20.1,2902.48,62.88,202,306,CHAOS,30.0,74.0,WORKLOAD_STEP
2026-07-09 19:55:01.631720100+05:30,32.3,37,23.1,3123.41,62.84,202,306,CHAOS,30.0,74.0,WORKLOAD_STEP
2026-07-09 19:55:03.654987300+05:30,34.8,37,22.2,2540.92,62.88,202,306,CHAOS,30.0,74.0,WORKLOAD_STEP
2026-07-09 19:55:05.682550200+05:30,34.4,36,23.0,2982.8,62.88,202,306,CHAOS,30.0,74.0,WORKLOAD_STEP
2026-07-09 19:55:07.713806400+05:30,32.0,29,22.6,2892.42,62.86,202,306,CHAOS,30.0,74.0,WORKLOAD_STEP
2026-07-09 19:55:09.741504800+05:30,30.3,33,23.0,2892.42,62.85,202,306,CHAOS,30.0,74.0,WORKLOAD_STEP
2026-07-09 19:55:11.763608500+05:30,30.3,24,24.6,2932.59,62.87,202,306,CHAOS,30.0,74.0,WORKLOAD_STEP
2026-07-09 19:55:13.797838600+05:30,31.9,26,22.7,2892.43,62.9,202,306,CHAOS,30.0,74.0,WORKLOAD_STEP
2026-07-09 19:55:15.818142800+05:30,30.5,32,22.5,2761.86,62.96,202,306,CHAOS,30.0,74.0,WORKLOAD_STEP
2026-07-09 19:55:17.835020100+05:30,30.5,30,22.4,2992.86,62.92,203,306,CHAOS,30.0,74.0,WORKLOAD_STEP
2026-07-09 19:55:19.858245500+05:30,30.8,37,23.4,2691.55,62.9,202,306,CHAOS,30.0,74.0,WORKLOAD_STEP
2026-07-09 19:55:21.879598+05:30,30.8,23,21.2,2852.24,62.89,203,306,CHAOS,30.0,74.0,WORKLOAD_STEP
2026-07-09 19:55:23.897793400+05:30,30.5,22,21.8,3083.24,62.9,202,306,CHAOS,30.0,74.0,WORKLOAD_STEP
2026-07-09 19:55:25.925219300+05:30,30.0,26,22.4,3033.01,62.9,202,306,CHAOS,30.0,74.0,WORKLOAD_STEP
2026-07-09 19:55:27.952343100+05:30,30.2,27,22.4,2721.68,62.89,202,306,CHAOS,30.0,74.0,WORKLOAD_STEP
2026-07-09 19:55:29.979172600+05:30,31.9,30,23.2,2842.21,62.87,204,306,CHAOS,30.0,74.0,WORKLOAD_STEP
2026-07-09 19:55:32.007345800+05:30,30.5,30,23.1,2691.57,62.85,204,306,CHAOS,30.0,74.0,WORKLOAD_STEP
2026-07-09 19:55:34.032481200+05:30,33.1,24,21.8,2942.63,62.83,204,306,CHAOS,30.0,74.0,WORKLOAD_STEP
2026-07-09 19:55:36.053578+05:30,34.7,29,24.7,2832.15,62.83,204,306,CHAOS,30.0,74.0,WORKLOAD_STEP
2026-07-09 19:55:38.074334300+05:30,31.9,36,24.3,2791.98,62.82,204,306,CHAOS,30.0,74.0,WORKLOAD_STEP
2026-07-09 19:55:40.094546600+05:30,30.5,27,22.1,2952.66,62.88,203,306,CHAOS,30.0,74.0,WORKLOAD_STEP
2026-07-09 19:55:42.113271100+05:30,32.8,29,24.6,2952.68,62.87,203,306,COOLING_AFTER_CHAOS,0.0,,SESSION
2026-07-09 19:55:44.141531500+05:30,1.1,48,4.0,2109.06,62.84,203,306,COOLING_AFTER_CHAOS,0.0,,SESSION
2026-07-09 19:55:46.168621400+05:30,2.0,49,4.4,2109.06,62.83,203,306,COOLING_AFTER_CHAOS,0.0,,SESSION
2026-07-09 19:55:48.201969900+05:30,0.7000000000000001,50,3.9,2109.06,62.81,203,306,COOLING_AFTER_CHAOS,0.0,,SESSION
2026-07-09 19:55:50.229134500+05:30,1.5,49,4.2,2269.74,62.88,203,306,COOLING_AFTER_CHAOS,0.0,,SESSION
2026-07-09 19:55:52.256472200+05:30,4.8,48,4.9,2109.06,62.85,203,306,COOLING_AFTER_CHAOS,0.0,,SESSION
2026-07-09 19:55:54.285143+05:30,3.2,50,4.8,2269.74,62.9,203,306,COOLING_AFTER_CHAOS,0.0,,SESSION
2026-07-09 19:55:56.303880200+05:30,4.6,50,4.9,2109.06,62.84,203,306,COOLING_AFTER_CHAOS,0.0,,SESSION
2026-07-09 19:55:58.331753+05:30,0.7000000000000001,52,4.0,2109.06,62.83,203,306,COOLING_AFTER_CHAOS,0.0,,SESSION
2026-07-09 19:56:00.360062700+05:30,1.7,52,3.8,2109.06,62.83,201,306,COOLING_AFTER_CHAOS,0.0,,SESSION
2026-07-09 19:56:02.386819600+05:30,1.7,53,3.9,2109.06,62.83,201,306,COOLING_AFTER_CHAOS,0.0,,SESSION
2026-07-09 19:56:04.413083600+05:30,1.1,52,3.8,2109.06,62.82,201,306,COOLING_AFTER_CHAOS,0.0,,SESSION
2026-07-09 19:56:06.440465500+05:30,2.2,53,4.0,2109.06,62.79,201,306,COOLING_AFTER_CHAOS,0.0,,SESSION
2026-07-09 19:56:08.467777800+05:30,6.2,52,5.3,2109.06,62.78,201,306,COOLING_AFTER_CHAOS,0.0,,SESSION
2026-07-09 19:56:10.493886+05:30,6.6,52,6.5,2199.45,62.7,201,306,COOLING_AFTER_CHAOS,0.0,,SESSION
2026-07-09 19:56:12.521455600+05:30,3.2,53,4.9,2109.06,62.72,201,306,COOLING_AFTER_CHAOS,0.0,,SESSION
2026-07-09 19:56:14.549667600+05:30,1.5,53,3.8,2109.06,62.72,201,306,COOLING_AFTER_CHAOS,0.0,,SESSION
2026-07-09 19:56:16.576158400+05:30,2.8,53,4.4,2109.06,62.73,202,306,COOLING_AFTER_CHAOS,0.0,,SESSION
2026-07-09 19:56:18.603582400+05:30,2.2,53,3.9,2109.06,62.73,202,306,COOLING_AFTER_CHAOS,0.0,,SESSION
2026-07-09 19:56:20.642866400+05:30,3.0,52,4.4,2109.06,62.74,202,306,COOLING_AFTER_CHAOS,0.0,,SESSION
2026-07-09 19:56:22.670904300+05:30,1.1,54,3.7,2109.06,62.75,202,306,COOLING_AFTER_CHAOS,0.0,,SESSION
2026-07-09 19:56:24.696411900+05:30,1.6,53,4.3,2109.06,62.75,201,305,COOLING_AFTER_CHAOS,0.0,,SESSION
2026-07-09 19:56:26.722154300+05:30,0.8,53,3.7,2109.06,62.75,201,305,COOLING_AFTER_CHAOS,0.0,,SESSION
2026-07-09 19:56:28.749479400+05:30,1.1,53,3.8,2109.06,62.77,201,305,COOLING_AFTER_CHAOS,0.0,,SESSION
2026-07-09 19:56:30.777008100+05:30,2.8,53,4.6,2109.06,62.77,204,305,COOLING_AFTER_CHAOS,0.0,,SESSION
2026-07-09 19:56:32.803794700+05:30,0.8,53,3.8,2109.06,62.78,204,305,COOLING_AFTER_CHAOS,0.0,,SESSION
2026-07-09 19:56:34.831050300+05:30,1.5,54,5.5,2109.06,63.01,204,307,COOLING_AFTER_CHAOS,0.0,,SESSION
2026-07-09 19:56:36.875224100+05:30,1.4,54,4.0,2109.06,62.78,201,305,COOLING_AFTER_CHAOS,0.0,,SESSION
2026-07-09 19:56:38.907414300+05:30,1.2,54,3.8,2109.06,62.76,201,305,COOLING_AFTER_CHAOS,0.0,,SESSION
2026-07-09 19:56:40.932604500+05:30,1.1,54,3.7,2109.06,62.75,200,305,COOLING_AFTER_CHAOS,0.0,,SESSION
2026-07-09 19:56:42.955832900+05:30,2.0,53,3.8,2109.06,62.75,200,305,COOLING_AFTER_CHAOS,0.0,,SESSION
2026-07-09 19:56:44.982069800+05:30,0.8,53,3.7,2109.06,62.75,200,305,COOLING_AFTER_CHAOS,0.0,,SESSION
2026-07-09 19:56:47.008914400+05:30,2.5,53,4.3,2109.06,62.75,200,305,COOLING_AFTER_CHAOS,0.0,,SESSION
2026-07-09 19:56:49.038480900+05:30,1.0,54,3.8,2109.06,62.75,200,305,COOLING_AFTER_CHAOS,0.0,,SESSION
2026-07-09 19:56:51.066626800+05:30,3.3,54,4.4,2109.06,62.75,200,305,COOLING_AFTER_CHAOS,0.0,,SESSION
2026-07-09 19:56:53.097103700+05:30,1.8,54,3.6,2109.06,62.75,200,305,COOLING_AFTER_CHAOS,0.0,,SESSION
2026-07-09 19:56:55.133030800+05:30,3.5,53,4.6,2109.06,62.75,200,305,COOLING_AFTER_CHAOS,0.0,,SESSION
2026-07-09 19:56:57.159349100+05:30,1.4,54,3.7,2109.06,62.75,200,305,COOLING_AFTER_CHAOS,0.0,,SESSION
2026-07-09 19:56:59.185099100+05:30,6.7,52,5.7,2109.06,62.75,200,305,COOLING_AFTER_CHAOS,0.0,,SESSION
2026-07-09 19:57:01.212181900+05:30,6.5,53,5.6,2109.06,62.75,200,305,COOLING_AFTER_CHAOS,0.0,,SESSION
2026-07-09 19:57:03.240098900+05:30,4.8,53,5.5,2209.49,62.85,201,305,COOLING_AFTER_CHAOS,0.0,,SESSION
2026-07-09 19:57:05.263765+05:30,2.6,55,3.9,2109.06,62.79,201,305,COOLING_AFTER_CHAOS,0.0,,SESSION
2026-07-09 19:57:07.291451+05:30,1.5,54,3.8,2109.06,62.77,201,305,COOLING_AFTER_CHAOS,0.0,,SESSION
2026-07-09 19:57:09.319798100+05:30,2.0,55,3.9,2109.06,62.76,201,305,COOLING_AFTER_CHAOS,0.0,,SESSION
2026-07-09 19:57:11.346205100+05:30,2.1,54,4.0,2109.06,62.8,201,305,COOLING_AFTER_CHAOS,0.0,,SESSION
2026-07-09 19:57:13.370750600+05:30,2.1,54,4.0,2109.06,62.77,201,305,COOLING_AFTER_CHAOS,0.0,,SESSION
2026-07-09 19:57:15.397122600+05:30,5.5,54,5.2,2109.06,62.78,201,305,COOLING_AFTER_CHAOS,0.0,,SESSION
2026-07-09 19:57:17.424426300+05:30,4.3,54,5.3,2109.06,62.76,202,305,COOLING_AFTER_CHAOS,0.0,,SESSION
2026-07-09 19:57:19.450441700+05:30,2.2,55,4.8,1958.41,62.82,201,305,COOLING_AFTER_CHAOS,0.0,,SESSION
2026-07-09 19:57:21.495434700+05:30,0.8,57,4.1,2109.06,62.76,202,305,COOLING_AFTER_CHAOS,0.0,,SESSION
2026-07-09 19:57:23.522849300+05:30,1.0,55,4.0,2109.06,62.76,201,305,COOLING_AFTER_CHAOS,0.0,,SESSION
2026-07-09 19:57:25.552444600+05:30,1.9000000000000001,55,4.4,2109.06,62.76,201,305,COOLING_AFTER_CHAOS,0.0,,SESSION
2026-07-09 19:57:27.579637100+05:30,3.2,55,4.0,2179.36,62.76,201,305,COOLING_AFTER_CHAOS,0.0,,SESSION
2026-07-09 19:57:29.618748900+05:30,0.8,54,4.6,2129.15,62.76,201,305,COOLING_AFTER_CHAOS,0.0,,SESSION
2026-07-09 19:57:31.645487700+05:30,1.8,55,4.9,2109.06,62.76,201,305,COOLING_AFTER_CHAOS,0.0,,SESSION
2026-07-09 19:57:33.673233800+05:30,0.8,55,4.9,2149.23,62.8,201,305,COOLING_AFTER_CHAOS,0.0,,SESSION
2026-07-09 19:57:35.700710300+05:30,5.1,54,5.8,2249.66,62.78,201,305,COOLING_AFTER_CHAOS,0.0,,SESSION
2026-07-09 19:57:37.724332600+05:30,1.4,57,4.8,2109.06,62.76,201,305,COOLING_AFTER_CHAOS,0.0,,SESSION
2026-07-09 19:57:39.751690900+05:30,1.6,55,4.0,2109.06,62.74,201,305,COOLING_AFTER_CHAOS,0.0,,SESSION
2026-07-09 19:57:41.781758700+05:30,3.5,57,4.5,2109.06,62.74,201,305,COOLING_AFTER_CHAOS,0.0,,SESSION
2026-07-09 19:57:43.811522100+05:30,1.3,57,4.2,2109.06,62.74,201,305,COOLING_AFTER_CHAOS,0.0,,SESSION
2026-07-09 19:57:45.839143200+05:30,3.1,55,4.0,2109.06,62.75,201,305,COOLING_AFTER_CHAOS,0.0,,SESSION
2026-07-09 19:57:47.866677100+05:30,1.9000000000000001,57,5.1,2109.06,62.74,201,305,COOLING_AFTER_CHAOS,0.0,,SESSION
2026-07-09 19:57:49.896137800+05:30,2.5,55,4.3,2109.06,62.79,201,305,COOLING_AFTER_CHAOS,0.0,,SESSION
2026-07-09 19:57:51.922337+05:30,1.0,57,3.6,2109.06,62.77,201,305,COOLING_AFTER_CHAOS,0.0,,SESSION
2026-07-09 19:57:53.950288300+05:30,2.0,57,4.2,2109.06,62.78,201,305,COOLING_AFTER_CHAOS,0.0,,SESSION
2026-07-09 19:57:55.973924200+05:30,1.8,57,3.7,2109.06,62.75,201,305,COOLING_AFTER_CHAOS,0.0,,SESSION
2026-07-09 19:57:58.001957400+05:30,3.8,61,4.1,2109.06,62.76,201,305,COOLING_AFTER_CHAOS,0.0,,SESSION
2026-07-09 19:58:00.028980300+05:30,0.6000000000000001,57,3.6,2109.06,62.76,201,305,COOLING_AFTER_CHAOS,0.0,,SESSION
2026-07-09 19:58:02.056816+05:30,1.1,57,3.9,2169.31,62.75,201,305,COOLING_AFTER_CHAOS,0.0,,SESSION
2026-07-09 19:58:04.096356600+05:30,4.6,57,6.0,2159.27,62.74,201,305,COOLING_AFTER_CHAOS,0.0,,SESSION
2026-07-09 19:58:06.114174400+05:30,8.2,54,6.7,2109.06,62.76,201,305,COOLING_AFTER_CHAOS,0.0,,SESSION
2026-07-09 19:58:08.142332200+05:30,4.7,57,5.5,2169.31,62.79,201,305,COOLING_AFTER_CHAOS,0.0,,SESSION
2026-07-09 19:58:10.159848500+05:30,0.9,57,3.8,2109.06,62.78,201,305,COOLING_AFTER_CHAOS,0.0,,SESSION
2026-07-09 19:58:12.187524700+05:30,3.3,57,3.6,2109.06,62.76,201,305,COOLING_AFTER_CHAOS,0.0,,SESSION
2026-07-09 19:58:14.216097400+05:30,1.1,57,3.8,2109.06,62.76,201,305,COOLING_AFTER_CHAOS,0.0,,SESSION
2026-07-09 19:58:16.253964900+05:30,1.4,55,3.6,2109.06,62.75,202,305,COOLING_AFTER_CHAOS,0.0,,SESSION
2026-07-09 19:58:18.283043100+05:30,1.1,57,3.7,2109.06,62.75,202,305,COOLING_AFTER_CHAOS,0.0,,SESSION
2026-07-09 19:58:20.317632100+05:30,6.8,55,5.6,2109.06,62.76,202,305,COOLING_AFTER_CHAOS,0.0,,SESSION
2026-07-09 19:58:22.336125+05:30,4.4,55,5.6,2109.06,62.74,202,305,COOLING_AFTER_CHAOS,0.0,,SESSION
2026-07-09 19:58:24.359286600+05:30,6.8,55,5.1,2109.06,62.77,203,305,COOLING_AFTER_CHAOS,0.0,,SESSION
2026-07-09 19:58:26.387213200+05:30,1.4,55,4.7,2109.06,62.78,203,307,COOLING_AFTER_CHAOS,0.0,,SESSION
2026-07-09 19:58:28.415838300+05:30,4.1,55,4.3,2109.06,62.8,204,307,COOLING_AFTER_CHAOS,0.0,,SESSION
2026-07-09 19:58:30.436886800+05:30,1.5,57,4.5,2109.06,62.8,206,307,COOLING_AFTER_CHAOS,0.0,,SESSION
2026-07-09 19:58:32.462912300+05:30,3.6,55,4.3,2109.06,62.81,207,307,COOLING_AFTER_CHAOS,0.0,,SESSION
2026-07-09 19:58:34.490104+05:30,1.2,57,3.7,2109.06,62.8,207,307,COOLING_AFTER_CHAOS,0.0,,SESSION
2026-07-09 19:58:36.517180200+05:30,2.8,55,4.4,2189.4,62.85,204,307,COOLING_AFTER_CHAOS,0.0,,SESSION
2026-07-09 19:58:38.556441900+05:30,0.6000000000000001,57,3.7,2109.06,62.83,204,307,COOLING_AFTER_CHAOS,0.0,,SESSION
2026-07-09 19:58:40.586778+05:30,1.7,57,3.7,2109.06,62.9,204,307,COOLING_AFTER_CHAOS,0.0,,SESSION
2026-07-09 19:58:42.636958800+05:30,0.8,57,3.6,2109.06,62.83,204,307,COOLING_AFTER_CHAOS,0.0,,SESSION
2026-07-09 19:58:44.667947500+05:30,2.0,57,3.8,2109.06,62.84,204,307,COOLING_AFTER_CHAOS,0.0,,SESSION
2026-07-09 19:58:46.693446700+05:30,1.5,55,4.0,2109.06,62.83,204,306,COOLING_AFTER_CHAOS,0.0,,SESSION
2026-07-09 19:58:48.719377400+05:30,0.7000000000000001,57,3.8,2109.06,62.84,204,306,COOLING_AFTER_CHAOS,0.0,,SESSION
2026-07-09 19:58:50.741123100+05:30,1.4,57,3.6,2109.06,62.83,204,306,COOLING_AFTER_CHAOS,0.0,,SESSION
2026-07-09 19:58:52.767985400+05:30,1.3,57,3.7,2109.06,62.83,204,306,COOLING_AFTER_CHAOS,0.0,,SESSION
2026-07-09 19:58:54.793471900+05:30,2.2,57,3.9,2169.31,62.85,202,306,COOLING_AFTER_CHAOS,0.0,,SESSION
2026-07-09 19:58:56.820726100+05:30,0.9,57,3.7,2109.06,62.84,202,306,COOLING_AFTER_CHAOS,0.0,,SESSION
2026-07-09 19:58:58.849706200+05:30,3.9,57,3.9,2109.06,62.83,202,306,COOLING_AFTER_CHAOS,0.0,,SESSION
2026-07-09 19:59:00.876807300+05:30,1.5,61,3.9,2109.06,62.83,202,306,COOLING_AFTER_CHAOS,0.0,,SESSION
2026-07-09 19:59:02.903911100+05:30,2.0,57,4.3,2109.06,62.82,202,306,COOLING_AFTER_CHAOS,0.0,,SESSION
2026-07-09 19:59:04.930156300+05:30,2.4,61,4.0,2119.1,63.06,202,308,COOLING_AFTER_CHAOS,0.0,,SESSION
2026-07-09 19:59:06.955657100+05:30,4.3,57,4.6,2109.06,62.82,202,306,COOLING_AFTER_CHAOS,0.0,,SESSION
2026-07-09 19:59:08.983628500+05:30,1.8,57,3.7,2109.06,62.81,202,306,COOLING_AFTER_CHAOS,0.0,,SESSION
2026-07-09 19:59:11.019995300+05:30,5.3,57,5.2,2109.06,62.81,202,306,COOLING_AFTER_CHAOS,0.0,,SESSION
2026-07-09 19:59:13.049615900+05:30,8.1,54,6.3,2169.31,62.73,202,306,COOLING_AFTER_CHAOS,0.0,,SESSION
2026-07-09 19:59:15.072152600+05:30,4.1,57,5.0,2119.09,62.76,202,306,COOLING_AFTER_CHAOS,0.0,,SESSION
2026-07-09 19:59:17.099293+05:30,1.3,61,3.7,1958.41,62.76,202,306,COOLING_AFTER_CHAOS,0.0,,SESSION
2026-07-09 19:59:19.127232300+05:30,1.0,58,3.6,2109.06,62.78,202,306,COOLING_AFTER_CHAOS,0.0,,SESSION
2026-07-09 19:59:21.157326600+05:30,1.4,58,3.7,2109.06,62.78,202,306,COOLING_AFTER_CHAOS,0.0,,SESSION
2026-07-09 19:59:23.177429500+05:30,1.7,57,3.6,2109.06,62.85,202,306,COOLING_AFTER_CHAOS,0.0,,SESSION
2026-07-09 19:59:25.201034400+05:30,0.9,57,3.7,2109.06,62.79,202,306,COOLING_AFTER_CHAOS,0.0,,SESSION
2026-07-09 19:59:27.228437100+05:30,2.5,57,4.2,2109.06,62.79,202,306,COOLING_AFTER_CHAOS,0.0,,SESSION
2026-07-09 19:59:29.255058500+05:30,2.0,57,4.3,2109.06,62.8,202,306,COOLING_AFTER_CHAOS,0.0,,SESSION
2026-07-09 19:59:31.278003800+05:30,3.3,57,4.6,2109.06,62.8,202,306,COOLING_AFTER_CHAOS,0.0,,SESSION
2026-07-09 19:59:33.303141400+05:30,2.3,58,3.7,2109.06,62.8,204,306,COOLING_AFTER_CHAOS,0.0,,SESSION
2026-07-09 19:59:35.326600900+05:30,4.1,47,5.8,2862.28,62.87,204,306,COOLING_AFTER_CHAOS,0.0,,SESSION
2026-07-09 19:59:37.354110+05:30,2.8,57,4.1,2109.06,62.82,204,306,COOLING_AFTER_CHAOS,0.0,,SESSION
2026-07-09 19:59:39.381922900+05:30,0.7000000000000001,57,3.8,2109.06,62.82,204,306,COOLING_AFTER_CHAOS,0.0,,SESSION
2026-07-09 19:59:41.407421800+05:30,3.1,57,4.4,2109.06,62.83,204,306,COOLING_AFTER_CHAOS,0.0,,SESSION
2026-07-09 19:59:43.430065400+05:30,1.0,58,3.8,2109.06,62.82,204,306,COOLING_AFTER_CHAOS,0.0,,SESSION
2026-07-09 19:59:45.467996300+05:30,2.3,57,4.4,2109.06,62.81,204,306,COOLING_AFTER_CHAOS,0.0,,SESSION
2026-07-09 19:59:47.494658400+05:30,1.3,57,3.7,2109.06,62.8,204,306,COOLING_AFTER_CHAOS,0.0,,SESSION
2026-07-09 19:59:49.522005+05:30,1.8,57,4.2,2119.1,62.8,204,306,COOLING_AFTER_CHAOS,0.0,,SESSION
2026-07-09 19:59:51.546309900+05:30,1.1,57,3.8,2109.06,62.79,204,306,COOLING_AFTER_CHAOS,0.0,,SESSION
2026-07-09 19:59:53.574328100+05:30,1.1,61,3.7,2340.05,62.8,204,306,COOLING_AFTER_CHAOS,0.0,,SESSION
2026-07-09 19:59:55.600762300+05:30,1.3,57,3.9,2109.06,62.79,203,306,COOLING_AFTER_CHAOS,0.0,,SESSION
2026-07-09 19:59:57.627380900+05:30,1.3,57,3.5,2109.06,62.79,203,306,COOLING_AFTER_CHAOS,0.0,,SESSION
2026-07-09 19:59:59.655819800+05:30,1.2,57,3.7,2109.06,62.78,203,306,COOLING_AFTER_CHAOS,0.0,,SESSION
2026-07-09 20:00:01.681803600+05:30,3.4,57,3.7,2109.06,62.83,203,306,COOLING_AFTER_CHAOS,0.0,,SESSION
2026-07-09 20:00:03.763496700+05:30,3.0,58,3.8,2109.06,62.79,203,306,COOLING_AFTER_CHAOS,0.0,,SESSION
2026-07-09 20:00:05.788630200+05:30,5.0,40,6.9,2109.06,62.8,203,306,COOLING_AFTER_CHAOS,0.0,,SESSION
2026-07-09 20:00:07.816351600+05:30,3.4,58,4.5,2109.06,62.8,203,306,COOLING_AFTER_CHAOS,0.0,,SESSION
2026-07-09 20:00:09.840411+05:30,1.6,58,3.9,2109.06,62.79,203,306,COOLING_AFTER_CHAOS,0.0,,SESSION
2026-07-09 20:00:11.868283100+05:30,3.2,57,4.6,2109.06,62.78,203,306,COOLING_AFTER_CHAOS,0.0,,SESSION
2026-07-09 20:00:13.896340200+05:30,1.1,59,4.0,2109.06,62.78,203,306,COOLING_AFTER_CHAOS,0.0,,SESSION
2026-07-09 20:00:15.924687100+05:30,1.2,61,5.1,2109.06,62.88,203,306,COOLING_AFTER_CHAOS,0.0,,SESSION
2026-07-09 20:00:17.950948200+05:30,6.2,57,5.6,2330.01,62.88,203,306,COOLING_AFTER_CHAOS,0.0,,SESSION
2026-07-09 20:00:19.990190700+05:30,6.5,57,6.5,2109.06,62.85,203,306,COOLING_AFTER_CHAOS,0.0,,SESSION
2026-07-09 20:00:22.012858200+05:30,1.3,58,5.5,2109.06,62.84,202,306,COOLING_AFTER_CHAOS,0.0,,SESSION
2026-07-09 20:00:24.039430100+05:30,2.3,58,5.8,2109.06,62.82,202,306,COOLING_AFTER_CHAOS,0.0,,SESSION
2026-07-09 20:00:26.065383300+05:30,2.8,59,3.9,2109.06,62.83,202,306,COOLING_AFTER_CHAOS,0.0,,SESSION
2026-07-09 20:00:28.092649700+05:30,2.7,58,3.9,2109.06,62.87,202,306,COOLING_AFTER_CHAOS,0.0,,SESSION
2026-07-09 20:00:30.120120400+05:30,1.7,57,3.9,2330.01,62.85,202,306,COOLING_AFTER_CHAOS,0.0,,SESSION
2026-07-09 20:00:32.136981400+05:30,2.7,57,4.2,2109.06,62.86,205,306,COOLING_AFTER_CHAOS,0.0,,SESSION
2026-07-09 20:00:34.165082100+05:30,3.5,57,4.8,2109.06,62.83,205,306,COOLING_AFTER_CHAOS,0.0,,SESSION
2026-07-09 20:00:36.193409700+05:30,6.0,58,7.9,2109.06,62.83,202,306,COOLING_AFTER_CHAOS,0.0,,SESSION
2026-07-09 20:00:38.220142+05:30,1.0,58,4.3,2109.06,62.81,200,306,COOLING_AFTER_CHAOS,0.0,,SESSION
2026-07-09 20:00:40.247664700+05:30,1.7,57,4.1,2109.06,62.82,200,306,COOLING_AFTER_CHAOS,0.0,,SESSION
2026-07-09 20:00:42.272081700+05:30,0.7000000000000001,58,4.0,2119.1,62.81,200,306,TRANSITION,0.0,1.0,WORKLOAD_STEP
2026-07-09 20:00:44.295212900+05:30,2.6,58,4.2,2109.06,62.81,200,306,TRANSITION,0.0,1.0,WORKLOAD_STEP
2026-07-09 20:00:46.319457500+05:30,1.9000000000000001,58,4.4,2109.06,62.81,200,306,TRANSITION,0.0,1.0,WORKLOAD_STEP
2026-07-09 20:00:48.345473800+05:30,3.1,57,9.7,2500.73,63.09,200,309,TRANSITION,0.0,1.0,WORKLOAD_STEP
2026-07-09 20:00:50.363919800+05:30,2.2,58,6.8,2109.06,62.96,200,309,TRANSITION,0.0,1.0,WORKLOAD_STEP
2026-07-09 20:00:52.399987+05:30,0.9,58,4.0,2109.06,62.95,200,309,TRANSITION,0.0,1.0,WORKLOAD_STEP
2026-07-09 20:00:54.427104600+05:30,4.1,58,3.7,2109.06,63.0,200,309,TRANSITION,0.0,1.0,WORKLOAD_STEP
2026-07-09 20:00:56.454857500+05:30,0.8,58,3.8,2109.06,63.0,200,309,TRANSITION,0.0,1.0,WORKLOAD_STEP
2026-07-09 20:00:58.483329900+05:30,2.2,58,3.6,2109.06,62.99,200,309,TRANSITION,0.0,1.0,WORKLOAD_STEP
2026-07-09 20:01:00.508591700+05:30,1.9000000000000001,59,3.8,2109.06,63.01,200,309,TRANSITION,0.0,1.0,WORKLOAD_STEP
2026-07-09 20:01:02.533872800+05:30,2.5,58,3.5,2109.06,62.99,200,309,TRANSITION,0.0,1.0,WORKLOAD_STEP
2026-07-09 20:01:04.558910700+05:30,1.7,58,3.6,2109.12,62.97,200,309,TRANSITION,0.0,1.0,WORKLOAD_STEP
2026-07-09 20:01:06.585584200+05:30,3.4,57,4.2,2109.06,62.97,200,309,TRANSITION,0.0,1.0,WORKLOAD_STEP
2026-07-09 20:01:08.614488+05:30,0.9,57,3.7,2109.06,62.98,200,309,TRANSITION,0.0,1.0,WORKLOAD_STEP
2026-07-09 20:01:10.642505600+05:30,2.6,58,4.3,2109.06,62.97,204,309,TRANSITION,0.0,1.0,WORKLOAD_STEP
2026-07-09 20:01:12.668870600+05:30,1.1,59,3.6,2109.06,62.95,204,309,TRANSITION,0.0,1.0,WORKLOAD_STEP
2026-07-09 20:01:14.697747700+05:30,3.7,58,4.2,2109.06,62.95,204,309,TRANSITION,0.0,1.0,WORKLOAD_STEP
2026-07-09 20:01:16.726588500+05:30,2.1,58,3.7,2109.06,62.94,204,309,TRANSITION,0.0,1.0,WORKLOAD_STEP
2026-07-09 20:01:18.754839600+05:30,3.1,58,4.3,2330.01,62.95,204,309,TRANSITION,0.0,1.0,WORKLOAD_STEP
2026-07-09 20:01:20.782636400+05:30,1.0,58,3.7,2109.06,62.93,204,309,TRANSITION,0.0,1.0,WORKLOAD_STEP
2026-07-09 20:01:22.805940800+05:30,5.9,58,4.9,2179.36,62.94,204,309,TRANSITION,0.0,1.0,WORKLOAD_STEP
2026-07-09 20:01:24.829641200+05:30,3.4,58,4.5,2109.06,62.93,204,309,TRANSITION,0.0,1.0,WORKLOAD_STEP
2026-07-09 20:01:26.862236100+05:30,7.0,55,5.8,2109.06,62.91,204,308,TRANSITION,0.0,1.0,WORKLOAD_STEP
2026-07-09 20:01:28.884200+05:30,0.9,59,3.7,2109.06,62.89,204,307,TRANSITION,0.0,1.0,WORKLOAD_STEP
2026-07-09 20:01:30.921709700+05:30,1.9000000000000001,58,4.3,2109.06,62.89,204,307,TRANSITION,0.0,1.0,WORKLOAD_STEP
2026-07-09 20:01:32.945415800+05:30,1.1,58,3.5,2109.06,62.89,204,307,TRANSITION,0.0,1.0,WORKLOAD_STEP
2026-07-09 20:01:34.971463700+05:30,1.2,58,4.7,2109.06,63.14,204,309,TRANSITION,0.0,1.0,WORKLOAD_STEP
2026-07-09 20:01:36.997406600+05:30,2.5,58,4.1,2109.06,62.58,204,307,TRANSITION,0.0,1.0,WORKLOAD_STEP
2026-07-09 20:01:39.022021900+05:30,4.4,57,4.6,2109.06,62.56,204,307,TRANSITION,0.0,1.0,WORKLOAD_STEP
2026-07-09 20:01:41.049449400+05:30,4.6,58,4.7,2109.06,62.56,202,307,TRANSITION,0.0,1.0,WORKLOAD_STEP
2026-07-09 20:01:43.078187500+05:30,4.1,59,4.1,2109.06,62.56,202,307,TRANSITION,0.0,1.0,WORKLOAD_STEP
2026-07-09 20:01:45.104910700+05:30,3.2,58,4.3,2109.06,62.56,202,307,TRANSITION,0.0,1.0,WORKLOAD_STEP
2026-07-09 20:01:47.132134200+05:30,0.9,58,3.7,2109.06,62.56,202,307,TRANSITION,0.0,1.0,WORKLOAD_STEP
2026-07-09 20:01:49.160010500+05:30,2.8,58,4.2,2109.06,62.51,202,305,TRANSITION,0.0,1.0,WORKLOAD_STEP
2026-07-09 20:01:51.187963100+05:30,1.2,58,3.6,2109.06,62.5,202,305,TRANSITION,0.0,1.0,WORKLOAD_STEP
2026-07-09 20:01:53.214618800+05:30,1.8,58,4.2,2109.06,62.49,202,305,TRANSITION,0.0,1.0,WORKLOAD_STEP
2026-07-09 20:01:55.242477200+05:30,1.2,59,3.9,2109.06,62.49,201,305,TRANSITION,0.0,1.0,WORKLOAD_STEP
2026-07-09 20:01:57.266214100+05:30,1.5,58,5.3,2109.06,62.5,201,305,TRANSITION,0.0,1.0,WORKLOAD_STEP
2026-07-09 20:01:59.294499200+05:30,1.2,59,3.7,2109.06,62.49,201,305,TRANSITION,0.0,1.0,WORKLOAD_STEP
2026-07-09 20:02:01.335849400+05:30,1.4,58,3.6,2109.06,62.49,201,305,TRANSITION,0.0,1.0,WORKLOAD_STEP
2026-07-09 20:02:03.362876+05:30,3.2,59,3.5,2109.06,62.49,201,305,TRANSITION,0.0,1.0,WORKLOAD_STEP
2026-07-09 20:02:05.390632200+05:30,2.9,55,6.3,2038.76,62.59,201,305,TRANSITION,0.0,1.0,WORKLOAD_STEP
2026-07-09 20:02:07.409494+05:30,4.4,58,3.6,2109.06,62.49,201,305,TRANSITION,0.0,1.0,WORKLOAD_STEP
2026-07-09 20:02:09.435516600+05:30,1.5,58,6.9,2299.87,62.82,202,309,TRANSITION,0.0,1.0,WORKLOAD_STEP
2026-07-09 20:02:11.463834900+05:30,1.9000000000000001,57,5.6,2109.06,62.86,202,309,TRANSITION,0.0,1.0,WORKLOAD_STEP
2026-07-09 20:02:13.492899900+05:30,3.0,63,3.6,2109.06,62.86,202,309,TRANSITION,0.0,1.0,WORKLOAD_STEP
2026-07-09 20:02:15.520210300+05:30,1.7,62,4.1,2109.06,62.88,202,309,TRANSITION,0.0,1.0,WORKLOAD_STEP
2026-07-09 20:02:17.547232400+05:30,1.0,58,3.9,2109.06,62.88,203,309,TRANSITION,0.0,1.0,WORKLOAD_STEP
2026-07-09 20:02:19.573336800+05:30,2.7,59,4.1,2109.06,62.88,202,309,TRANSITION,0.0,1.0,WORKLOAD_STEP
2026-07-09 20:02:21.601056900+05:30,1.9000000000000001,59,3.7,2109.06,62.88,203,309,TRANSITION,0.0,1.0,WORKLOAD_STEP
2026-07-09 20:02:23.626143600+05:30,3.0,58,4.3,2109.06,62.88,202,309,TRANSITION,0.0,1.0,WORKLOAD_STEP
2026-07-09 20:02:25.648745500+05:30,0.9,59,3.8,2109.06,63.21,202,309,TRANSITION,0.0,1.0,WORKLOAD_STEP
2026-07-09 20:02:27.678921400+05:30,10.2,57,5.9,2109.06,63.23,202,309,TRANSITION,0.0,1.0,WORKLOAD_STEP
2026-07-09 20:02:29.705537300+05:30,7.8,57,5.8,2490.7,62.57,202,309,TRANSITION,0.0,1.0,WORKLOAD_STEP
2026-07-09 20:02:31.738220+05:30,20.6,37,23.7,2972.75,62.6,205,309,TRANSITION,100.0,2.0,WORKLOAD_STEP
2026-07-09 20:02:33.834350400+05:30,100.0,39,31.8,2852.24,62.6,205,309,TRANSITION,100.0,2.0,WORKLOAD_STEP
2026-07-09 20:02:35.881549300+05:30,100.0,37,32.9,2802.03,62.57,202,309,TRANSITION,100.0,2.0,WORKLOAD_STEP
2026-07-09 20:02:37.948296500+05:30,100.0,37,29.7,2771.9,62.57,202,309,TRANSITION,100.0,2.0,WORKLOAD_STEP
2026-07-09 20:02:40.011901300+05:30,100.0,37,28.9,2822.1,62.61,202,309,TRANSITION,100.0,2.0,WORKLOAD_STEP
2026-07-09 20:02:42.084747500+05:30,100.0,37,32.0,2791.98,62.57,202,310,TRANSITION,100.0,2.0,WORKLOAD_STEP
2026-07-09 20:02:44.200424800+05:30,100.0,36,30.5,2771.9,62.57,202,311,TRANSITION,100.0,2.0,WORKLOAD_STEP
2026-07-09 20:02:46.280346600+05:30,100.0,37,29.6,2751.82,62.57,202,311,TRANSITION,100.0,2.0,WORKLOAD_STEP
2026-07-09 20:02:48.358784600+05:30,100.0,39,28.6,2731.74,62.63,202,311,TRANSITION,100.0,2.0,WORKLOAD_STEP
2026-07-09 20:02:50.464458300+05:30,100.0,37,28.6,2741.78,62.57,202,311,TRANSITION,100.0,2.0,WORKLOAD_STEP
2026-07-09 20:02:52.536693700+05:30,100.0,36,28.4,2761.86,62.57,202,311,TRANSITION,100.0,2.0,WORKLOAD_STEP
2026-07-09 20:02:54.573240400+05:30,100.0,36,27.7,2771.9,62.58,202,311,TRANSITION,100.0,2.0,WORKLOAD_STEP
2026-07-09 20:02:56.622928300+05:30,100.0,37,28.2,2731.73,62.61,202,311,TRANSITION,100.0,2.0,WORKLOAD_STEP
2026-07-09 20:02:58.677212200+05:30,100.0,37,30.2,2741.77,62.58,202,311,TRANSITION,100.0,2.0,WORKLOAD_STEP
2026-07-09 20:03:00.768993500+05:30,100.0,37,27.5,2741.78,62.57,202,311,TRANSITION,100.0,3.0,WORKLOAD_STEP
2026-07-09 20:03:02.851472100+05:30,100.0,37,28.0,2701.6,62.74,204,311,TRANSITION,100.0,3.0,WORKLOAD_STEP
2026-07-09 20:03:04.910475500+05:30,100.0,36,28.0,2661.4,62.74,204,311,TRANSITION,100.0,3.0,WORKLOAD_STEP
2026-07-09 20:03:06.977425800+05:30,100.0,37,27.8,2691.55,62.75,204,311,TRANSITION,100.0,3.0,WORKLOAD_STEP
2026-07-09 20:03:09.021029700+05:30,100.0,36,28.4,2681.5,62.79,204,310,TRANSITION,100.0,3.0,WORKLOAD_STEP
2026-07-09 20:03:11.107979500+05:30,100.0,34,27.7,2681.52,62.76,204,308,TRANSITION,100.0,3.0,WORKLOAD_STEP
2026-07-09 20:03:13.190418800+05:30,100.0,36,26.4,2641.31,62.51,202,307,TRANSITION,100.0,3.0,WORKLOAD_STEP
2026-07-09 20:03:15.272335+05:30,100.0,36,28.5,2681.51,62.51,202,307,TRANSITION,100.0,3.0,WORKLOAD_STEP
2026-07-09 20:03:17.336199900+05:30,100.0,34,26.9,2641.34,62.5,203,308,TRANSITION,100.0,3.0,WORKLOAD_STEP
2026-07-09 20:03:19.378820+05:30,100.0,34,27.8,2631.29,62.52,202,308,TRANSITION,100.0,3.0,WORKLOAD_STEP
2026-07-09 20:03:21.451352400+05:30,100.0,34,28.6,2701.6,62.61,202,308,TRANSITION,100.0,3.0,WORKLOAD_STEP
2026-07-09 20:03:23.516770300+05:30,100.0,36,26.8,2621.24,62.61,201,308,TRANSITION,100.0,3.0,WORKLOAD_STEP
2026-07-09 20:03:25.580236800+05:30,100.0,34,27.6,2601.15,62.6,201,308,TRANSITION,100.0,3.0,WORKLOAD_STEP
2026-07-09 20:03:27.647458600+05:30,100.0,34,28.9,2611.19,62.63,201,308,TRANSITION,100.0,3.0,WORKLOAD_STEP
2026-07-09 20:03:29.707857700+05:30,100.0,36,26.7,2591.1,62.63,201,308,TRANSITION,100.0,3.0,WORKLOAD_STEP
2026-07-09 20:03:31.759595600+05:30,100.0,36,28.0,2621.23,62.63,201,309,TRANSITION,100.0,3.0,WORKLOAD_STEP
2026-07-09 20:03:33.812165900+05:30,79.8,46,17.3,2109.06,62.89,202,309,TRANSITION,0.0,4.0,WORKLOAD_STEP
2026-07-09 20:03:35.838897100+05:30,5.0,50,6.2,1958.41,62.67,202,307,TRANSITION,0.0,4.0,WORKLOAD_STEP
2026-07-09 20:03:37.869404200+05:30,3.4,52,4.9,2109.06,62.66,202,307,TRANSITION,0.0,4.0,WORKLOAD_STEP
2026-07-09 20:03:39.897910500+05:30,3.5,52,5.2,2109.06,62.66,202,307,TRANSITION,0.0,4.0,WORKLOAD_STEP
2026-07-09 20:03:41.939989800+05:30,1.9000000000000001,53,3.9,2109.06,62.67,202,306,TRANSITION,0.0,4.0,WORKLOAD_STEP
2026-07-09 20:03:43.970534900+05:30,1.1,53,3.8,2109.06,62.66,202,306,TRANSITION,0.0,4.0,WORKLOAD_STEP
2026-07-09 20:03:45.998858400+05:30,1.1,53,3.8,2109.06,62.65,202,306,TRANSITION,0.0,4.0,WORKLOAD_STEP
2026-07-09 20:03:48.027739700+05:30,0.7000000000000001,54,3.7,2109.06,62.65,202,306,TRANSITION,0.0,4.0,WORKLOAD_STEP
2026-07-09 20:03:50.055089100+05:30,2.6,54,3.8,2008.62,62.69,202,306,TRANSITION,0.0,4.0,WORKLOAD_STEP
2026-07-09 20:03:52.082230900+05:30,4.8,58,5.3,2159.27,62.68,202,306,TRANSITION,0.0,4.0,WORKLOAD_STEP
2026-07-09 20:03:54.107044400+05:30,3.9,53,5.1,2109.06,62.67,202,306,TRANSITION,0.0,4.0,WORKLOAD_STEP
2026-07-09 20:03:56.136519600+05:30,3.5,54,4.3,2109.06,62.68,202,306,TRANSITION,0.0,4.0,WORKLOAD_STEP
2026-07-09 20:03:58.164173100+05:30,3.0,54,4.3,2109.06,62.67,202,306,TRANSITION,0.0,4.0,WORKLOAD_STEP
2026-07-09 20:04:00.191248300+05:30,1.0,54,3.7,2109.06,62.67,202,306,TRANSITION,0.0,4.0,WORKLOAD_STEP
2026-07-09 20:04:02.215330200+05:30,3.0,54,4.4,2109.06,62.67,202,306,TRANSITION,0.0,4.0,WORKLOAD_STEP
2026-07-09 20:04:04.242283200+05:30,1.5,54,3.6,2109.06,62.66,202,306,TRANSITION,0.0,4.0,WORKLOAD_STEP
2026-07-09 20:04:06.270924400+05:30,2.3,54,4.3,2109.06,62.67,204,306,TRANSITION,0.0,4.0,WORKLOAD_STEP
2026-07-09 20:04:08.297702200+05:30,0.8,54,3.5,2109.06,62.66,204,306,TRANSITION,0.0,4.0,WORKLOAD_STEP
2026-07-09 20:04:10.327689100+05:30,1.7,54,3.7,2109.06,62.78,204,308,TRANSITION,0.0,4.0,WORKLOAD_STEP
2026-07-09 20:04:12.347653200+05:30,2.0,54,3.8,2109.06,62.72,204,306,TRANSITION,0.0,4.0,WORKLOAD_STEP
2026-07-09 20:04:14.378076100+05:30,17.2,53,8.8,2279.79,62.78,204,306,TRANSITION,20.0,5.0,WORKLOAD_STEP
2026-07-09 20:04:16.414936900+05:30,21.5,53,9.1,2279.78,62.69,205,306,TRANSITION,20.0,5.0,WORKLOAD_STEP
2026-07-09 20:04:18.438319900+05:30,21.2,52,10.9,2249.67,62.68,205,306,TRANSITION,20.0,5.0,WORKLOAD_STEP
2026-07-09 20:04:20.465412400+05:30,20.4,50,13.6,2641.35,62.77,205,306,TRANSITION,20.0,5.0,WORKLOAD_STEP
2026-07-09 20:04:22.492453100+05:30,22.8,46,15.5,2139.19,62.76,204,306,TRANSITION,20.0,5.0,WORKLOAD_STEP
2026-07-09 20:04:24.518050600+05:30,22.0,46,12.9,2751.82,62.74,204,306,TRANSITION,20.0,5.0,WORKLOAD_STEP
2026-07-09 20:04:26.543205600+05:30,19.5,41,19.4,2500.74,62.73,204,306,TRANSITION,20.0,5.0,WORKLOAD_STEP
2026-07-09 20:04:28.568187400+05:30,25.2,45,20.4,3002.9,62.7,204,306,TRANSITION,20.0,5.0,WORKLOAD_STEP
2026-07-09 20:04:30.586548200+05:30,21.2,39,22.8,2862.31,62.7,207,306,TRANSITION,20.0,5.0,WORKLOAD_STEP
2026-07-09 20:04:32.608734600+05:30,21.8,26,23.5,3193.73,62.76,207,306,TRANSITION,20.0,5.0,WORKLOAD_STEP
2026-07-09 20:04:34.627586300+05:30,21.3,47,23.6,3334.31,62.76,205,306,TRANSITION,20.0,5.0,WORKLOAD_STEP
2026-07-09 20:04:36.652259100+05:30,22.4,27,22.8,3173.63,62.75,202,306,TRANSITION,20.0,5.0,WORKLOAD_STEP
2026-07-09 20:04:38.673271100+05:30,21.0,26,21.7,3153.55,62.73,202,306,TRANSITION,20.0,5.0,WORKLOAD_STEP
2026-07-09 20:04:40.698847400+05:30,23.4,29,23.7,3464.87,62.71,202,306,TRANSITION,20.0,5.0,WORKLOAD_STEP
2026-07-09 20:04:42.722519500+05:30,25.9,36,25.7,2922.55,62.71,202,306,TRANSITION,20.0,5.0,WORKLOAD_STEP
2026-07-09 20:04:44.740630900+05:30,24.8,37,22.4,2892.43,62.7,202,306,TRANSITION,20.0,5.0,WORKLOAD_STEP
2026-07-09 20:04:46.763233800+05:30,24.5,37,23.9,3173.63,62.71,202,306,TRANSITION,20.0,5.0,WORKLOAD_STEP
2026-07-09 20:04:48.780880200+05:30,81.5,39,27.0,2761.87,62.78,202,306,TRANSITION,80.0,6.0,WORKLOAD_STEP
2026-07-09 20:04:50.833287600+05:30,81.0,40,24.7,2781.94,62.74,202,306,TRANSITION,80.0,6.0,WORKLOAD_STEP
2026-07-09 20:04:52.859199500+05:30,79.8,36,25.6,2741.78,62.74,202,306,TRANSITION,80.0,6.0,WORKLOAD_STEP
2026-07-09 20:04:54.881646400+05:30,80.2,36,27.3,2681.5,62.73,202,306,TRANSITION,80.0,6.0,WORKLOAD_STEP
2026-07-09 20:04:56.914106+05:30,82.5,37,26.8,2681.5,62.74,202,306,TRANSITION,80.0,6.0,WORKLOAD_STEP
2026-07-09 20:04:58.960252+05:30,81.7,33,27.0,2621.23,62.73,202,306,TRANSITION,80.0,6.0,WORKLOAD_STEP
2026-07-09 20:05:00.989333800+05:30,81.2,36,24.5,2711.64,62.75,202,306,TRANSITION,80.0,6.0,WORKLOAD_STEP
2026-07-09 20:05:03.023481300+05:30,81.8,36,27.8,2701.6,62.73,202,306,TRANSITION,80.0,6.0,WORKLOAD_STEP
2026-07-09 20:05:05.050011200+05:30,80.5,37,26.7,2661.42,62.73,202,306,TRANSITION,80.0,6.0,WORKLOAD_STEP
2026-07-09 20:05:07.077870900+05:30,84.6,34,29.4,2641.31,62.75,202,306,TRANSITION,80.0,6.0,WORKLOAD_STEP
2026-07-09 20:05:09.109122200+05:30,82.6,34,27.1,2631.29,62.79,202,306,TRANSITION,80.0,6.0,WORKLOAD_STEP
2026-07-09 20:05:11.137028700+05:30,82.9,34,27.7,2611.19,62.74,202,306,TRANSITION,80.0,6.0,WORKLOAD_STEP
2026-07-09 20:05:13.174187800+05:30,81.7,36,25.1,2721.68,62.79,202,306,TRANSITION,80.0,6.0,WORKLOAD_STEP
2026-07-09 20:05:15.201954500+05:30,82.7,34,26.5,2661.4,62.79,202,306,TRANSITION,80.0,6.0,WORKLOAD_STEP
2026-07-09 20:05:17.231173+05:30,81.1,33,26.3,2761.85,62.78,203,306,TRANSITION,80.0,6.0,WORKLOAD_STEP
2026-07-09 20:05:19.267903700+05:30,80.4,33,25.9,2691.54,62.78,201,306,TRANSITION,80.0,6.0,WORKLOAD_STEP
2026-07-09 20:05:21.296808500+05:30,80.3,34,24.4,2691.54,62.79,202,306,TRANSITION,80.0,6.0,WORKLOAD_STEP
2026-07-09 20:05:23.329295600+05:30,81.3,36,26.3,2721.67,62.78,201,306,TRANSITION,80.0,6.0,WORKLOAD_STEP
2026-07-09 20:05:25.373798600+05:30,80.6,32,25.1,2601.15,62.78,201,306,TRANSITION,80.0,6.0,WORKLOAD_STEP
2026-07-09 20:05:27.403383700+05:30,80.3,34,27.8,2621.22,62.78,201,306,TRANSITION,80.0,6.0,WORKLOAD_STEP
2026-07-09 20:05:29.433797200+05:30,80.8,29,23.2,2671.47,62.78,201,306,TRANSITION,80.0,6.0,WORKLOAD_STEP
2026-07-09 20:05:31.468846400+05:30,83.3,36,27.1,2611.21,62.79,201,306,TRANSITION,80.0,6.0,WORKLOAD_STEP
2026-07-09 20:05:33.499300+05:30,80.2,30,25.7,2601.16,62.77,201,306,TRANSITION,80.0,6.0,WORKLOAD_STEP
2026-07-09 20:05:35.524458100+05:30,82.8,33,24.6,2711.63,62.77,201,306,TRANSITION,80.0,6.0,WORKLOAD_STEP
2026-07-09 20:05:37.554128400+05:30,81.3,36,26.1,2711.64,62.77,201,306,TRANSITION,80.0,6.0,WORKLOAD_STEP
2026-07-09 20:05:39.582823600+05:30,81.7,32,24.5,2601.16,62.78,201,306,TRANSITION,80.0,6.0,WORKLOAD_STEP
2026-07-09 20:05:41.612270+05:30,84.0,33,24.6,2641.32,62.73,201,306,TRANSITION,80.0,6.0,WORKLOAD_STEP
2026-07-09 20:05:43.642194200+05:30,83.1,36,24.9,2651.37,62.78,201,306,TRANSITION,80.0,6.0,WORKLOAD_STEP
2026-07-09 20:05:45.672751500+05:30,80.7,34,23.8,2571.01,62.78,201,306,TRANSITION,80.0,6.0,WORKLOAD_STEP
2026-07-09 20:05:47.701248400+05:30,84.7,34,26.9,2611.19,62.79,201,306,TRANSITION,80.0,6.0,WORKLOAD_STEP
2026-07-09 20:05:49.731263400+05:30,83.4,33,25.6,2651.37,62.77,201,306,TRANSITION,80.0,6.0,WORKLOAD_STEP
2026-07-09 20:05:51.761025100+05:30,84.8,32,26.3,2581.07,62.79,201,306,TRANSITION,80.0,6.0,WORKLOAD_STEP
2026-07-09 20:05:53.797665600+05:30,80.9,33,26.2,2601.16,62.77,201,306,TRANSITION,80.0,6.0,WORKLOAD_STEP
2026-07-09 20:05:55.824893300+05:30,80.4,33,25.8,2601.15,62.84,201,306,TRANSITION,80.0,6.0,WORKLOAD_STEP
2026-07-09 20:05:57.895598100+05:30,80.1,33,26.0,2641.33,62.77,201,306,TRANSITION,80.0,6.0,WORKLOAD_STEP
2026-07-09 20:05:59.928765800+05:30,80.5,33,24.3,2601.17,62.77,201,306,TRANSITION,80.0,6.0,WORKLOAD_STEP
2026-07-09 20:06:01.961131100+05:30,81.2,34,24.0,2721.57,62.77,201,306,TRANSITION,80.0,6.0,WORKLOAD_STEP
2026-07-09 20:06:03.989017600+05:30,81.3,34,23.0,2591.11,62.77,201,306,TRANSITION,80.0,6.0,WORKLOAD_STEP
2026-07-09 20:06:06.020130+05:30,81.4,32,25.8,2591.13,62.77,201,306,TRANSITION,80.0,6.0,WORKLOAD_STEP
2026-07-09 20:06:08.053913200+05:30,82.7,32,26.0,2661.41,62.77,201,306,TRANSITION,80.0,6.0,WORKLOAD_STEP
2026-07-09 20:06:10.083306700+05:30,82.1,32,24.6,2621.23,62.77,201,306,TRANSITION,80.0,6.0,WORKLOAD_STEP
2026-07-09 20:06:12.120773200+05:30,82.3,30,23.7,2591.1,62.8,202,306,TRANSITION,80.0,6.0,WORKLOAD_STEP
2026-07-09 20:06:14.150267+05:30,82.1,32,23.1,2661.41,62.8,202,306,TRANSITION,80.0,6.0,WORKLOAD_STEP
2026-07-09 20:06:16.181028+05:30,81.2,30,25.7,2691.54,62.79,203,306,TRANSITION,80.0,6.0,WORKLOAD_STEP
2026-07-09 20:06:18.212627100+05:30,82.5,33,24.6,2571.02,62.79,202,306,TRANSITION,80.0,6.0,WORKLOAD_STEP
2026-07-09 20:06:20.241777600+05:30,80.5,34,23.1,2611.2,62.79,202,306,TRANSITION,80.0,6.0,WORKLOAD_STEP
2026-07-09 20:06:22.268571+05:30,81.9,32,24.0,2601.16,62.79,202,306,TRANSITION,80.0,6.0,WORKLOAD_STEP
2026-07-09 20:06:24.303429300+05:30,81.1,32,25.7,2611.2,62.79,202,306,TRANSITION,80.0,6.0,WORKLOAD_STEP
2026-07-09 20:06:26.335403400+05:30,81.6,33,25.4,2631.28,62.79,202,306,TRANSITION,80.0,6.0,WORKLOAD_STEP
2026-07-09 20:06:28.367421300+05:30,81.1,33,24.4,2681.5,62.79,202,306,TRANSITION,80.0,6.0,WORKLOAD_STEP
2026-07-09 20:06:30.401393500+05:30,82.1,33,24.7,2731.72,62.78,205,306,TRANSITION,80.0,6.0,WORKLOAD_STEP
2026-07-09 20:06:32.446147900+05:30,81.9,33,27.2,2611.2,62.79,205,306,TRANSITION,80.0,6.0,WORKLOAD_STEP
2026-07-09 20:06:34.476638100+05:30,81.8,30,24.4,2651.37,62.79,205,306,TRANSITION,80.0,6.0,WORKLOAD_STEP
2026-07-09 20:06:36.505689+05:30,81.5,33,25.3,2641.32,62.78,202,306,TRANSITION,80.0,6.0,WORKLOAD_STEP
2026-07-09 20:06:38.529641500+05:30,80.8,34,23.7,2661.41,62.78,202,306,TRANSITION,80.0,6.0,WORKLOAD_STEP
2026-07-09 20:06:40.558807700+05:30,81.3,36,23.7,2641.32,62.97,202,308,TRANSITION,80.0,6.0,WORKLOAD_STEP
2026-07-09 20:06:42.591677600+05:30,82.2,32,24.4,2621.23,62.81,204,306,TRANSITION,80.0,6.0,WORKLOAD_STEP
2026-07-09 20:06:44.620297900+05:30,81.5,33,25.3,2611.2,62.8,204,306,TRANSITION,80.0,6.0,WORKLOAD_STEP
2026-07-09 20:06:46.648698800+05:30,81.5,30,26.0,2661.43,62.8,204,306,TRANSITION,80.0,6.0,WORKLOAD_STEP
2026-07-09 20:06:48.678540400+05:30,81.9,32,25.0,2691.53,62.8,204,306,TRANSITION,80.0,6.0,WORKLOAD_STEP
2026-07-09 20:06:50.709957+05:30,80.7,32,23.4,2691.54,62.87,204,306,TRANSITION,80.0,6.0,WORKLOAD_STEP
2026-07-09 20:06:52.740566400+05:30,83.2,33,25.1,2591.11,62.8,204,306,TRANSITION,80.0,6.0,WORKLOAD_STEP
2026-07-09 20:06:54.771660700+05:30,83.5,32,25.5,2641.34,62.8,204,306,TRANSITION,80.0,6.0,WORKLOAD_STEP
2026-07-09 20:06:56.855637700+05:30,82.5,33,24.5,2560.99,62.8,204,306,TRANSITION,80.0,6.0,WORKLOAD_STEP
2026-07-09 20:06:58.918059800+05:30,81.1,32,25.8,2661.41,62.75,204,306,TRANSITION,80.0,6.0,WORKLOAD_STEP
2026-07-09 20:07:00.945271800+05:30,80.5,30,24.7,2621.23,62.76,204,306,TRANSITION,80.0,6.0,WORKLOAD_STEP
2026-07-09 20:07:02.979305400+05:30,82.4,33,25.2,2581.07,62.75,204,306,TRANSITION,80.0,6.0,WORKLOAD_STEP
2026-07-09 20:07:05.008607500+05:30,80.5,30,26.4,2581.07,62.75,204,306,TRANSITION,80.0,6.0,WORKLOAD_STEP
2026-07-09 20:07:07.054492500+05:30,80.5,33,26.5,2530.86,62.75,204,306,TRANSITION,80.0,6.0,WORKLOAD_STEP
2026-07-09 20:07:09.081364400+05:30,83.8,32,24.4,2560.98,62.75,204,306,TRANSITION,80.0,6.0,WORKLOAD_STEP
2026-07-09 20:07:11.114456600+05:30,88.3,34,25.0,2530.84,62.75,202,306,TRANSITION,80.0,6.0,WORKLOAD_STEP
2026-07-09 20:07:13.141777400+05:30,82.3,33,24.3,2671.45,62.76,202,306,TRANSITION,80.0,6.0,WORKLOAD_STEP
2026-07-09 20:07:15.175766400+05:30,80.8,33,24.8,2641.32,62.76,202,306,TRANSITION,80.0,6.0,WORKLOAD_STEP
2026-07-09 20:07:17.209665500+05:30,82.4,34,24.5,2550.95,62.74,202,306,TRANSITION,80.0,6.0,WORKLOAD_STEP
2026-07-09 20:07:19.238745+05:30,80.1,32,23.7,2621.24,62.75,202,306,TRANSITION,80.0,6.0,WORKLOAD_STEP
2026-07-09 20:07:21.266962300+05:30,82.1,33,25.3,2601.14,62.75,202,306,TRANSITION,80.0,6.0,WORKLOAD_STEP
2026-07-09 20:07:23.298867300+05:30,79.7,34,25.4,2621.24,62.75,202,306,TRANSITION,80.0,6.0,WORKLOAD_STEP
2026-07-09 20:07:25.327348500+05:30,82.4,32,24.2,2701.6,62.76,202,306,TRANSITION,80.0,6.0,WORKLOAD_STEP
2026-07-09 20:07:27.358167700+05:30,82.6,32,24.5,2741.76,62.76,202,306,TRANSITION,80.0,6.0,WORKLOAD_STEP
2026-07-09 20:07:29.391567400+05:30,82.2,33,25.8,2651.38,62.77,202,306,TRANSITION,80.0,6.0,WORKLOAD_STEP
2026-07-09 20:07:31.425382600+05:30,80.4,37,25.4,2621.25,62.76,202,306,TRANSITION,80.0,7.0,WORKLOAD_STEP
2026-07-09 20:07:33.450866200+05:30,81.7,34,24.8,2581.08,62.76,202,306,TRANSITION,80.0,7.0,WORKLOAD_STEP
2026-07-09 20:07:35.473008500+05:30,79.0,34,24.1,2550.95,62.76,202,306,TRANSITION,80.0,7.0,WORKLOAD_STEP
2026-07-09 20:07:37.494694+05:30,79.9,34,23.8,2530.86,62.77,202,306,TRANSITION,80.0,7.0,WORKLOAD_STEP
2026-07-09 20:07:39.543856+05:30,79.6,32,23.8,2721.67,62.76,202,306,TRANSITION,80.0,7.0,WORKLOAD_STEP
2026-07-09 20:07:41.586821800+05:30,86.6,34,25.2,2561.0,62.76,201,306,TRANSITION,80.0,7.0,WORKLOAD_STEP
2026-07-09 20:07:43.618898700+05:30,81.6,33,24.6,2721.66,62.8,201,306,TRANSITION,80.0,7.0,WORKLOAD_STEP
2026-07-09 20:07:45.647899700+05:30,81.6,34,26.1,2661.41,62.79,201,306,TRANSITION,80.0,7.0,WORKLOAD_STEP
2026-07-09 20:07:47.674387200+05:30,80.4,33,24.8,2651.36,62.8,201,306,TRANSITION,80.0,7.0,WORKLOAD_STEP
2026-07-09 20:07:49.707944900+05:30,80.5,32,25.1,2601.15,62.8,201,306,TRANSITION,80.0,7.0,WORKLOAD_STEP
2026-07-09 20:07:51.741422500+05:30,79.8,30,24.7,2651.37,62.8,201,306,TRANSITION,80.0,7.0,WORKLOAD_STEP
2026-07-09 20:07:53.772262700+05:30,79.8,32,26.1,2641.32,62.8,201,306,TRANSITION,80.0,7.0,WORKLOAD_STEP
2026-07-09 20:07:55.800112900+05:30,81.8,33,26.4,2631.29,62.8,201,306,TRANSITION,80.0,7.0,WORKLOAD_STEP
2026-07-09 20:07:57.830155300+05:30,80.2,36,25.9,2611.2,62.79,201,306,TRANSITION,80.0,7.0,WORKLOAD_STEP
2026-07-09 20:07:59.858644500+05:30,84.6,33,25.1,2611.19,62.79,201,306,TRANSITION,80.0,7.0,WORKLOAD_STEP
2026-07-09 20:08:01.891869400+05:30,85.0,36,23.9,2651.38,62.79,201,306,TRANSITION,80.0,7.0,WORKLOAD_STEP
2026-07-09 20:08:03.926137200+05:30,25.0,43,9.8,2109.06,62.78,201,306,TRANSITION,20.0,8.0,WORKLOAD_STEP
2026-07-09 20:08:05.952638800+05:30,21.5,36,10.1,2249.66,62.76,201,306,TRANSITION,20.0,8.0,WORKLOAD_STEP
2026-07-09 20:08:07.982302800+05:30,32.2,42,13.5,2249.66,63.17,203,309,TRANSITION,20.0,8.0,WORKLOAD_STEP
2026-07-09 20:08:10.014096700+05:30,23.5,40,11.5,2289.83,63.18,203,309,TRANSITION,20.0,8.0,WORKLOAD_STEP
2026-07-09 20:08:12.044193100+05:30,27.2,43,12.9,2259.7,63.22,203,309,TRANSITION,20.0,8.0,WORKLOAD_STEP
2026-07-09 20:08:14.090981100+05:30,21.8,44,11.1,2390.26,63.21,203,309,TRANSITION,20.0,8.0,WORKLOAD_STEP
2026-07-09 20:08:16.109386600+05:30,24.7,29,15.0,2480.65,63.2,203,309,TRANSITION,20.0,8.0,WORKLOAD_STEP
2026-07-09 20:08:18.127426300+05:30,22.6,40,19.1,3033.03,63.19,203,309,TRANSITION,20.0,8.0,WORKLOAD_STEP
2026-07-09 20:08:20.147644500+05:30,25.2,41,21.1,3043.07,63.23,201,309,TRANSITION,20.0,8.0,WORKLOAD_STEP
2026-07-09 20:08:22.166705600+05:30,21.0,40,18.6,3253.9,63.22,201,309,TRANSITION,20.0,8.0,WORKLOAD_STEP
2026-07-09 20:08:24.185014300+05:30,21.5,47,19.9,3002.89,63.22,201,309,TRANSITION,20.0,8.0,WORKLOAD_STEP
2026-07-09 20:08:26.203569700+05:30,20.9,40,18.8,2962.73,63.19,201,309,TRANSITION,20.0,8.0,WORKLOAD_STEP
2026-07-09 20:08:28.223214100+05:30,20.3,39,18.7,2631.3,63.19,201,309,TRANSITION,20.0,8.0,WORKLOAD_STEP
2026-07-09 20:08:30.241992400+05:30,20.5,41,17.6,3464.88,63.17,201,309,TRANSITION,20.0,8.0,WORKLOAD_STEP
2026-07-09 20:08:32.259742300+05:30,23.8,33,16.9,2922.54,63.29,205,309,TRANSITION,20.0,8.0,WORKLOAD_STEP
2026-07-09 20:08:34.279217100+05:30,21.2,40,18.9,3294.14,63.21,208,309,TRANSITION,20.0,8.0,WORKLOAD_STEP
2026-07-09 20:08:36.299659400+05:30,20.9,37,18.6,2802.03,63.18,204,309,TRANSITION,20.0,8.0,WORKLOAD_STEP
2026-07-09 20:08:38.318060500+05:30,23.5,30,20.0,3043.07,63.16,204,309,TRANSITION,20.0,8.0,WORKLOAD_STEP
2026-07-09 20:08:40.335189800+05:30,22.3,37,19.8,2530.87,63.23,204,311,TRANSITION,20.0,8.0,WORKLOAD_STEP
2026-07-09 20:08:42.358910800+05:30,25.5,26,20.3,2822.11,63.14,204,309,TRANSITION,20.0,8.0,WORKLOAD_STEP
2026-07-09 20:08:44.377661100+05:30,21.7,34,20.7,2902.46,63.21,204,309,TRANSITION,20.0,8.0,WORKLOAD_STEP
2026-07-09 20:08:46.396835100+05:30,22.5,30,18.8,2681.51,63.2,204,309,TRANSITION,20.0,8.0,WORKLOAD_STEP
2026-07-09 20:08:48.430183100+05:30,32.2,40,18.2,2530.88,63.18,204,309,TRANSITION,40.0,9.0,WORKLOAD_STEP
2026-07-09 20:08:50.449402+05:30,41.9,36,17.6,3033.04,63.18,204,309,TRANSITION,40.0,9.0,WORKLOAD_STEP
2026-07-09 20:08:52.467111700+05:30,40.7,27,18.4,2561.0,63.21,204,309,TRANSITION,40.0,9.0,WORKLOAD_STEP
2026-07-09 20:08:54.484677700+05:30,41.8,32,20.7,2862.29,63.21,204,309,TRANSITION,40.0,9.0,WORKLOAD_STEP
2026-07-09 20:08:56.502297500+05:30,41.6,34,22.1,2812.07,63.19,204,309,TRANSITION,40.0,9.0,WORKLOAD_STEP
2026-07-09 20:08:58.523632600+05:30,41.9,33,25.1,2791.97,63.21,204,309,TRANSITION,40.0,9.0,WORKLOAD_STEP
2026-07-09 20:09:00.545733300+05:30,42.8,33,23.6,2741.77,63.19,204,309,TRANSITION,40.0,9.0,WORKLOAD_STEP
2026-07-09 20:09:02.567720900+05:30,42.7,33,23.7,2641.35,63.24,204,309,TRANSITION,40.0,9.0,WORKLOAD_STEP
2026-07-09 20:09:04.591294100+05:30,41.2,32,21.7,2611.2,63.23,204,309,TRANSITION,40.0,9.0,WORKLOAD_STEP
2026-07-09 20:09:06.616457100+05:30,45.0,33,25.2,2802.02,63.2,204,309,TRANSITION,40.0,9.0,WORKLOAD_STEP
2026-07-09 20:09:08.686845100+05:30,45.8,34,24.0,2781.94,63.11,205,308,TRANSITION,40.0,9.0,WORKLOAD_STEP
2026-07-09 20:09:10.708483900+05:30,48.4,36,23.8,2691.56,63.16,203,309,TRANSITION,40.0,9.0,WORKLOAD_STEP
2026-07-09 20:09:12.735799700+05:30,40.5,33,23.1,2591.12,62.79,203,307,TRANSITION,40.0,9.0,WORKLOAD_STEP
2026-07-09 20:09:14.760914600+05:30,42.5,34,24.4,2952.67,62.86,203,307,TRANSITION,40.0,9.0,WORKLOAD_STEP
2026-07-09 20:09:16.783794400+05:30,40.5,33,25.3,2972.76,62.86,203,307,TRANSITION,40.0,9.0,WORKLOAD_STEP
2026-07-09 20:09:18.808031300+05:30,42.0,32,21.2,2601.17,62.85,203,307,TRANSITION,40.0,9.0,WORKLOAD_STEP
2026-07-09 20:09:20.852442300+05:30,42.4,33,23.6,2741.76,62.86,205,307,TRANSITION,40.0,9.0,WORKLOAD_STEP
2026-07-09 20:09:22.879196500+05:30,41.5,32,22.9,2781.95,62.85,205,307,TRANSITION,40.0,9.0,WORKLOAD_STEP
2026-07-09 20:09:24.902557800+05:30,42.7,33,24.1,2922.55,62.85,205,307,TRANSITION,40.0,9.0,WORKLOAD_STEP
2026-07-09 20:09:26.925469100+05:30,42.2,32,23.0,2621.27,62.83,205,307,TRANSITION,40.0,9.0,WORKLOAD_STEP
2026-07-09 20:09:28.951567400+05:30,41.6,27,22.4,2822.12,62.86,205,307,TRANSITION,40.0,9.0,WORKLOAD_STEP
2026-07-09 20:09:30.976112300+05:30,42.0,33,23.7,2681.52,62.86,205,307,TRANSITION,40.0,9.0,WORKLOAD_STEP
2026-07-09 20:09:33.003746100+05:30,42.7,32,24.9,2902.45,62.83,205,307,TRANSITION,40.0,9.0,WORKLOAD_STEP
2026-07-09 20:09:35.030022800+05:30,40.6,32,23.0,2912.5,62.81,205,307,TRANSITION,40.0,9.0,WORKLOAD_STEP
2026-07-09 20:09:37.052271+05:30,43.1,32,22.6,2902.47,62.86,205,307,TRANSITION,40.0,9.0,WORKLOAD_STEP
2026-07-09 20:09:39.078445700+05:30,40.5,29,23.6,2520.82,62.81,205,306,TRANSITION,40.0,9.0,WORKLOAD_STEP
2026-07-09 20:09:41.109498900+05:30,48.1,33,24.6,2862.29,62.82,205,306,TRANSITION,40.0,9.0,WORKLOAD_STEP
2026-07-09 20:09:43.135497+05:30,40.6,29,24.5,2822.12,62.85,205,306,TRANSITION,40.0,9.0,WORKLOAD_STEP
2026-07-09 20:09:45.160643600+05:30,42.2,30,24.9,2611.24,62.85,205,306,TRANSITION,40.0,9.0,WORKLOAD_STEP
2026-07-09 20:09:47.186216600+05:30,40.3,32,24.5,2741.78,62.85,205,306,TRANSITION,40.0,9.0,WORKLOAD_STEP
2026-07-09 20:09:49.209278800+05:30,40.5,29,23.3,2621.26,62.85,205,306,TRANSITION,40.0,9.0,WORKLOAD_STEP
2026-07-09 20:09:51.235671+05:30,40.7,32,23.4,2902.47,62.82,203,306,TRANSITION,40.0,9.0,WORKLOAD_STEP
2026-07-09 20:09:53.261301400+05:30,40.3,23,23.1,2691.56,62.92,203,306,TRANSITION,40.0,9.0,WORKLOAD_STEP
2026-07-09 20:09:55.308105800+05:30,40.4,32,24.1,2882.36,62.84,203,306,TRANSITION,40.0,9.0,WORKLOAD_STEP
2026-07-09 20:09:57.338938+05:30,41.5,32,25.3,2791.98,62.85,203,306,TRANSITION,40.0,9.0,WORKLOAD_STEP
2026-07-09 20:09:59.366154600+05:30,40.9,24,23.5,2651.4,62.83,203,306,TRANSITION,40.0,9.0,WORKLOAD_STEP
2026-07-09 20:10:01.392614700+05:30,42.8,34,23.3,2771.91,62.81,202,306,TRANSITION,40.0,9.0,WORKLOAD_STEP
2026-07-09 20:10:03.414853200+05:30,40.4,33,23.5,2561.01,62.83,202,306,TRANSITION,40.0,9.0,WORKLOAD_STEP
2026-07-09 20:10:05.436530100+05:30,41.9,29,24.5,2731.74,62.84,202,306,TRANSITION,40.0,9.0,WORKLOAD_STEP
2026-07-09 20:10:07.464322200+05:30,41.8,33,23.8,2711.66,62.81,202,306,TRANSITION,40.0,9.0,WORKLOAD_STEP
2026-07-09 20:10:09.486613700+05:30,41.3,30,23.9,2822.12,62.84,202,306,TRANSITION,40.0,9.0,WORKLOAD_STEP
2026-07-09 20:10:11.511946600+05:30,48.6,30,23.7,2520.82,62.83,202,306,TRANSITION,40.0,9.0,WORKLOAD_STEP
2026-07-09 20:10:13.539805800+05:30,43.6,32,24.3,2641.34,62.85,202,306,TRANSITION,40.0,9.0,WORKLOAD_STEP
2026-07-09 20:10:15.566064900+05:30,44.3,30,24.3,2872.34,62.83,202,306,TRANSITION,40.0,9.0,WORKLOAD_STEP
2026-07-09 20:10:17.587984700+05:30,41.1,30,22.3,2781.94,62.85,202,306,TRANSITION,40.0,9.0,WORKLOAD_STEP
2026-07-09 20:10:19.614258400+05:30,41.9,32,24.5,2822.11,62.85,202,306,TRANSITION,40.0,9.0,WORKLOAD_STEP
2026-07-09 20:10:21.639015400+05:30,39.9,27,23.6,2812.09,62.84,202,306,TRANSITION,40.0,9.0,WORKLOAD_STEP
2026-07-09 20:10:23.663587400+05:30,42.5,32,23.3,2822.1,62.84,202,306,TRANSITION,40.0,9.0,WORKLOAD_STEP
2026-07-09 20:10:25.687620100+05:30,40.7,29,21.5,2791.98,62.82,202,306,TRANSITION,40.0,9.0,WORKLOAD_STEP
2026-07-09 20:10:27.712356900+05:30,44.8,33,23.7,2470.63,62.86,204,306,TRANSITION,40.0,9.0,WORKLOAD_STEP
2026-07-09 20:10:29.758338900+05:30,42.2,32,23.0,2721.69,62.86,204,306,TRANSITION,40.0,9.0,WORKLOAD_STEP
2026-07-09 20:10:31.781543200+05:30,44.2,32,26.2,2681.53,62.87,207,306,TRANSITION,40.0,9.0,WORKLOAD_STEP
2026-07-09 20:10:33.807470500+05:30,41.4,30,25.2,2872.32,62.86,207,306,TRANSITION,40.0,9.0,WORKLOAD_STEP
2026-07-09 20:10:35.834342700+05:30,40.6,30,23.8,2822.11,62.85,204,306,TRANSITION,40.0,9.0,WORKLOAD_STEP
2026-07-09 20:10:37.858372100+05:30,41.1,30,25.2,2611.24,62.86,204,306,TRANSITION,40.0,9.0,WORKLOAD_STEP
2026-07-09 20:10:39.885558400+05:30,40.2,30,25.0,2922.54,62.86,204,306,TRANSITION,40.0,9.0,WORKLOAD_STEP
2026-07-09 20:10:41.907972400+05:30,46.0,32,24.3,2842.19,62.89,204,306,TRANSITION,40.0,9.0,WORKLOAD_STEP
2026-07-09 20:10:43.937742700+05:30,41.4,33,24.1,2932.6,62.88,204,306,TRANSITION,40.0,9.0,WORKLOAD_STEP
2026-07-09 20:10:45.965109400+05:30,42.5,30,24.2,2751.81,62.86,204,306,TRANSITION,40.0,9.0,WORKLOAD_STEP
2026-07-09 20:10:47.987608400+05:30,41.5,32,23.1,2691.56,62.88,204,306,TRANSITION,40.0,9.0,WORKLOAD_STEP
2026-07-09 20:10:50.011158600+05:30,44.3,33,24.0,2882.36,62.86,204,306,TRANSITION,40.0,9.0,WORKLOAD_STEP
2026-07-09 20:10:52.035668800+05:30,40.9,29,23.9,2611.23,62.87,204,306,TRANSITION,40.0,9.0,WORKLOAD_STEP
2026-07-09 20:10:54.061757500+05:30,42.9,33,23.5,2822.12,62.85,204,306,TRANSITION,40.0,9.0,WORKLOAD_STEP
2026-07-09 20:10:56.084058800+05:30,40.9,32,20.4,2581.09,62.86,204,306,TRANSITION,40.0,9.0,WORKLOAD_STEP
2026-07-09 20:10:58.121421700+05:30,54.8,33,25.1,2711.63,62.86,204,306,TRANSITION,90.0,10.0,WORKLOAD_STEP
2026-07-09 20:11:00.152364200+05:30,90.2,33,24.3,2510.77,62.87,204,306,TRANSITION,90.0,10.0,WORKLOAD_STEP
2026-07-09 20:11:02.200709600+05:30,91.1,33,26.0,2450.5,62.85,202,306,TRANSITION,90.0,10.0,WORKLOAD_STEP
2026-07-09 20:11:04.231017800+05:30,90.9,32,23.2,2611.2,62.87,202,306,TRANSITION,90.0,10.0,WORKLOAD_STEP
2026-07-09 20:11:06.269354900+05:30,91.4,32,25.8,2581.08,62.87,202,306,TRANSITION,90.0,10.0,WORKLOAD_STEP
2026-07-09 20:11:08.303713100+05:30,91.2,33,24.5,2550.93,62.86,202,306,TRANSITION,90.0,10.0,WORKLOAD_STEP
2026-07-09 20:11:10.333026900+05:30,90.3,32,24.0,2440.47,62.87,202,308,TRANSITION,90.0,10.0,WORKLOAD_STEP
2026-07-09 20:11:12.362467400+05:30,92.9,33,24.9,2530.86,62.9,202,306,TRANSITION,90.0,10.0,WORKLOAD_STEP
2026-07-09 20:11:14.477888600+05:30,92.0,34,24.6,2571.02,62.87,202,306,TRANSITION,90.0,10.0,WORKLOAD_STEP
2026-07-09 20:11:16.517641900+05:30,90.5,34,23.3,2550.95,62.86,204,306,TRANSITION,90.0,10.0,WORKLOAD_STEP
2026-07-09 20:11:18.547002700+05:30,93.8,33,24.4,2560.98,62.86,204,306,TRANSITION,90.0,10.0,WORKLOAD_STEP
2026-07-09 20:11:20.580552400+05:30,93.6,33,26.3,2520.8,62.86,204,306,TRANSITION,90.0,10.0,WORKLOAD_STEP
2026-07-09 20:11:22.610648900+05:30,91.6,33,24.3,2581.06,62.86,204,306,TRANSITION,90.0,10.0,WORKLOAD_STEP
2026-07-09 20:11:24.638776900+05:30,90.7,32,25.8,2530.84,62.86,204,306,TRANSITION,90.0,10.0,WORKLOAD_STEP
2026-07-09 20:11:26.675002500+05:30,90.3,33,26.2,2581.06,62.91,204,306,TRANSITION,90.0,10.0,WORKLOAD_STEP
2026-07-09 20:11:28.714539800+05:30,89.4,33,25.1,2550.93,62.86,204,306,TRANSITION,90.0,10.0,WORKLOAD_STEP
2026-07-09 20:11:30.748419700+05:30,89.7,32,26.7,2550.93,62.86,204,306,TRANSITION,90.0,10.0,WORKLOAD_STEP
2026-07-09 20:11:32.783047700+05:30,92.3,33,25.9,2591.11,62.86,204,306,TRANSITION,90.0,10.0,WORKLOAD_STEP
2026-07-09 20:11:34.817003600+05:30,91.8,33,26.5,2611.2,62.86,204,306,TRANSITION,90.0,10.0,WORKLOAD_STEP
2026-07-09 20:11:36.865786+05:30,92.9,32,25.5,2540.88,62.86,204,306,TRANSITION,90.0,10.0,WORKLOAD_STEP
2026-07-09 20:11:38.893929300+05:30,90.6,34,23.7,2601.16,62.86,204,306,TRANSITION,90.0,10.0,WORKLOAD_STEP
2026-07-09 20:11:40.923495300+05:30,92.9,33,22.0,2470.6,63.1,204,308,TRANSITION,90.0,10.0,WORKLOAD_STEP
2026-07-09 20:11:42.956633600+05:30,90.2,33,22.8,2530.85,62.87,204,306,TRANSITION,90.0,10.0,WORKLOAD_STEP
2026-07-09 20:11:44.991168+05:30,90.7,32,24.0,2530.86,62.87,204,306,TRANSITION,90.0,10.0,WORKLOAD_STEP
2026-07-09 20:11:47.022510900+05:30,89.4,32,24.2,2540.89,62.87,204,306,TRANSITION,90.0,10.0,WORKLOAD_STEP
2026-07-09 20:11:49.053105300+05:30,92.6,33,25.5,2540.88,62.86,204,306,TRANSITION,90.0,10.0,WORKLOAD_STEP
2026-07-09 20:11:51.083198900+05:30,91.1,33,23.3,2530.84,62.86,204,306,TRANSITION,90.0,10.0,WORKLOAD_STEP
2026-07-09 20:11:53.117684100+05:30,91.4,33,24.9,2510.77,62.86,204,306,TRANSITION,90.0,10.0,WORKLOAD_STEP
2026-07-09 20:11:55.152941400+05:30,89.7,33,24.6,2540.88,62.86,204,306,TRANSITION,90.0,10.0,WORKLOAD_STEP
2026-07-09 20:11:57.181612800+05:30,92.2,33,23.9,2540.89,62.85,204,306,TRANSITION,90.0,10.0,WORKLOAD_STEP
2026-07-09 20:11:59.217793300+05:30,90.0,32,24.6,2500.72,62.85,204,306,TRANSITION,90.0,10.0,WORKLOAD_STEP
2026-07-09 20:12:01.251625800+05:30,92.1,32,23.2,2560.98,62.85,204,306,TRANSITION,90.0,10.0,WORKLOAD_STEP
2026-07-09 20:12:03.282409100+05:30,90.8,33,26.0,2571.02,62.86,204,306,TRANSITION,90.0,10.0,WORKLOAD_STEP
2026-07-09 20:12:05.311295900+05:30,90.6,33,26.5,2560.99,62.86,204,306,TRANSITION,90.0,10.0,WORKLOAD_STEP
2026-07-09 20:12:07.340855900+05:30,90.6,32,23.1,2550.94,62.85,203,306,TRANSITION,90.0,10.0,WORKLOAD_STEP
2026-07-09 20:12:09.371154+05:30,90.7,32,27.8,2550.94,62.85,203,306,TRANSITION,90.0,10.0,WORKLOAD_STEP
2026-07-09 20:12:11.425831400+05:30,94.3,33,25.5,2500.72,62.8,203,306,TRANSITION,90.0,10.0,WORKLOAD_STEP
2026-07-09 20:12:13.458052400+05:30,92.3,33,22.7,2571.03,62.85,205,306,TRANSITION,90.0,10.0,WORKLOAD_STEP
2026-07-09 20:12:15.489078400+05:30,90.2,33,25.2,2530.85,62.85,205,306,TRANSITION,90.0,10.0,WORKLOAD_STEP
2026-07-09 20:12:17.518566200+05:30,90.5,33,22.5,2591.1,62.82,205,306,TRANSITION,90.0,11.0,WORKLOAD_STEP
2026-07-09 20:12:19.548872100+05:30,89.7,33,25.5,2520.82,62.84,205,306,TRANSITION,90.0,11.0,WORKLOAD_STEP
2026-07-09 20:12:21.575638600+05:30,91.0,33,26.0,2510.77,62.83,205,306,TRANSITION,90.0,11.0,WORKLOAD_STEP
2026-07-09 20:12:23.647912700+05:30,90.1,33,24.0,2571.02,62.83,205,306,TRANSITION,90.0,11.0,WORKLOAD_STEP
2026-07-09 20:12:25.686518700+05:30,93.4,33,25.7,2571.03,62.83,205,306,TRANSITION,90.0,11.0,WORKLOAD_STEP
2026-07-09 20:12:27.714615400+05:30,93.4,33,24.7,2480.63,62.83,205,306,TRANSITION,90.0,11.0,WORKLOAD_STEP
2026-07-09 20:12:29.743233900+05:30,90.9,33,27.1,2671.46,62.83,205,306,TRANSITION,90.0,11.0,WORKLOAD_STEP
2026-07-09 20:12:31.773476700+05:30,93.6,32,23.5,2520.81,62.83,208,306,TRANSITION,90.0,11.0,WORKLOAD_STEP
2026-07-09 20:12:33.824274+05:30,90.5,33,26.1,2611.2,62.83,208,306,TRANSITION,90.0,11.0,WORKLOAD_STEP
2026-07-09 20:12:35.856069500+05:30,90.1,34,25.1,2581.07,62.83,205,306,TRANSITION,90.0,11.0,WORKLOAD_STEP
2026-07-09 20:12:37.889371400+05:30,90.3,30,24.9,2591.11,62.83,205,306,TRANSITION,90.0,11.0,WORKLOAD_STEP
2026-07-09 20:12:39.943014300+05:30,92.2,32,24.6,2490.7,62.81,205,306,TRANSITION,90.0,11.0,WORKLOAD_STEP
2026-07-09 20:12:41.976940500+05:30,94.2,32,25.2,2510.76,62.86,205,306,TRANSITION,90.0,11.0,WORKLOAD_STEP
2026-07-09 20:12:44.045265700+05:30,92.6,33,25.8,2591.11,62.84,203,306,TRANSITION,90.0,11.0,WORKLOAD_STEP
2026-07-09 20:12:46.075677900+05:30,90.1,32,25.6,2571.02,62.85,203,306,TRANSITION,90.0,11.0,WORKLOAD_STEP
2026-07-09 20:12:48.104280+05:30,93.3,30,25.3,2550.95,62.84,203,306,TRANSITION,90.0,11.0,WORKLOAD_STEP
2026-07-09 20:12:50.136235200+05:30,90.2,34,24.2,2581.06,62.84,203,306,TRANSITION,90.0,11.0,WORKLOAD_STEP
2026-07-09 20:12:52.165138900+05:30,90.9,33,25.0,2550.95,62.83,203,306,TRANSITION,90.0,11.0,WORKLOAD_STEP
2026-07-09 20:12:54.193998700+05:30,89.7,33,24.9,2530.85,62.84,203,306,TRANSITION,90.0,11.0,WORKLOAD_STEP
2026-07-09 20:12:56.225991600+05:30,91.3,32,24.4,2530.84,62.84,203,306,TRANSITION,90.0,11.0,WORKLOAD_STEP
2026-07-09 20:12:58.254685700+05:30,90.1,32,23.5,2611.19,62.84,203,306,TRANSITION,90.0,11.0,WORKLOAD_STEP
2026-07-09 20:13:00.283501600+05:30,91.1,34,24.4,2490.68,62.84,203,306,TRANSITION,90.0,11.0,WORKLOAD_STEP
2026-07-09 20:13:02.313134900+05:30,91.4,33,25.8,2591.11,62.83,203,306,TRANSITION,90.0,11.0,WORKLOAD_STEP
2026-07-09 20:13:04.343358400+05:30,48.0,36,13.0,2681.53,62.84,203,306,TRANSITION,40.0,12.0,WORKLOAD_STEP
2026-07-09 20:13:06.362361600+05:30,40.3,41,13.0,2319.97,62.81,203,306,TRANSITION,40.0,12.0,WORKLOAD_STEP
2026-07-09 20:13:08.398971900+05:30,42.4,39,15.9,2360.14,62.84,203,306,TRANSITION,40.0,12.0,WORKLOAD_STEP
2026-07-09 20:13:10.430036+05:30,40.8,37,23.8,2962.73,62.91,203,308,TRANSITION,40.0,12.0,WORKLOAD_STEP
2026-07-09 20:13:12.461261900+05:30,41.3,37,22.8,2530.86,62.92,202,306,TRANSITION,40.0,12.0,WORKLOAD_STEP
2026-07-09 20:13:14.496269400+05:30,39.8,32,22.0,2410.34,62.84,202,306,TRANSITION,40.0,12.0,WORKLOAD_STEP
2026-07-09 20:13:16.521343400+05:30,40.6,33,22.4,2651.38,62.81,202,306,TRANSITION,40.0,12.0,WORKLOAD_STEP
2026-07-09 20:13:18.551615600+05:30,40.0,36,24.6,2982.81,62.81,202,306,TRANSITION,40.0,12.0,WORKLOAD_STEP
2026-07-09 20:13:20.570554800+05:30,40.5,32,23.1,2781.95,62.84,202,306,TRANSITION,40.0,12.0,WORKLOAD_STEP
2026-07-09 20:13:22.590121600+05:30,40.0,30,22.1,2691.58,62.84,202,306,TRANSITION,40.0,12.0,WORKLOAD_STEP
2026-07-09 20:13:24.607567300+05:30,40.8,34,24.9,3083.24,62.84,202,306,TRANSITION,40.0,12.0,WORKLOAD_STEP
2026-07-09 20:13:26.624724+05:30,42.4,33,22.7,2741.79,62.82,202,306,TRANSITION,40.0,12.0,WORKLOAD_STEP
2026-07-09 20:13:28.641089700+05:30,40.5,33,21.6,2922.55,62.8,202,306,TRANSITION,40.0,12.0,WORKLOAD_STEP
2026-07-09 20:13:30.659699500+05:30,46.2,27,24.7,2500.75,62.77,202,306,TRANSITION,40.0,12.0,WORKLOAD_STEP
2026-07-09 20:13:32.676756200+05:30,44.7,29,23.0,2761.85,62.85,202,306,TRANSITION,40.0,12.0,WORKLOAD_STEP
2026-07-09 20:13:34.693169600+05:30,47.2,34,23.9,2550.96,62.84,202,306,TRANSITION,40.0,12.0,WORKLOAD_STEP
2026-07-09 20:13:36.710512300+05:30,41.5,32,22.1,2681.51,62.84,202,306,TRANSITION,40.0,12.0,WORKLOAD_STEP
2026-07-09 20:13:38.729621100+05:30,44.2,36,21.7,2922.55,62.84,202,306,TRANSITION,40.0,12.0,WORKLOAD_STEP
2026-07-09 20:13:40.754228100+05:30,40.4,37,24.1,3073.19,63.09,203,308,TRANSITION,40.0,12.0,WORKLOAD_STEP
2026-07-09 20:13:42.781710800+05:30,41.8,29,24.1,3203.76,62.8,203,306,TRANSITION,40.0,12.0,WORKLOAD_STEP
2026-07-09 20:13:44.814747700+05:30,40.4,33,23.0,2852.24,62.84,203,306,TRANSITION,40.0,12.0,WORKLOAD_STEP
2026-07-09 20:13:46.840604600+05:30,44.9,32,23.9,2932.59,62.85,203,306,TRANSITION,40.0,12.0,WORKLOAD_STEP
2026-07-09 20:13:48.870423800+05:30,42.9,37,24.8,2721.69,62.84,203,306,TRANSITION,40.0,12.0,WORKLOAD_STEP
2026-07-09 20:13:50.893318900+05:30,43.5,32,25.7,2802.02,62.85,203,306,TRANSITION,40.0,12.0,WORKLOAD_STEP
2026-07-09 20:13:52.934312400+05:30,41.2,32,23.2,2631.3,62.81,203,306,TRANSITION,40.0,12.0,WORKLOAD_STEP
2026-07-09 20:13:54.957928700+05:30,41.4,36,22.9,2671.48,62.8,203,306,TRANSITION,40.0,12.0,WORKLOAD_STEP
2026-07-09 20:13:56.980775700+05:30,41.2,30,23.0,2490.69,62.84,207,306,TRANSITION,40.0,12.0,WORKLOAD_STEP
2026-07-09 20:13:59.003485500+05:30,42.7,34,23.2,2852.24,62.86,207,306,TRANSITION,40.0,12.0,WORKLOAD_STEP
2026-07-09 20:14:01.032642700+05:30,80.0,36,25.3,2641.33,62.84,207,306,TRANSITION,80.0,13.0,WORKLOAD_STEP
2026-07-09 20:14:03.060442700+05:30,79.6,32,24.0,2530.86,62.84,208,306,TRANSITION,80.0,13.0,WORKLOAD_STEP
2026-07-09 20:14:05.088016500+05:30,80.8,34,24.9,2631.29,62.84,208,306,TRANSITION,80.0,13.0,WORKLOAD_STEP
2026-07-09 20:14:07.117067200+05:30,81.1,34,26.2,2611.19,62.84,208,306,TRANSITION,80.0,13.0,WORKLOAD_STEP
2026-07-09 20:14:09.142931100+05:30,82.3,34,24.3,2641.32,62.81,208,305,TRANSITION,80.0,13.0,WORKLOAD_STEP
2026-07-09 20:14:11.176014200+05:30,80.3,34,27.5,2510.76,62.78,208,305,TRANSITION,80.0,13.0,WORKLOAD_STEP
2026-07-09 20:14:13.209303900+05:30,82.5,33,24.9,2681.51,62.82,208,305,TRANSITION,80.0,13.0,WORKLOAD_STEP
2026-07-09 20:14:15.249313400+05:30,81.9,32,24.3,2540.89,62.79,208,305,TRANSITION,80.0,13.0,WORKLOAD_STEP
2026-07-09 20:14:17.276992500+05:30,81.1,33,25.4,2661.42,62.78,206,305,TRANSITION,80.0,13.0,WORKLOAD_STEP
2026-07-09 20:14:19.306892900+05:30,80.6,32,26.2,2621.24,62.79,206,305,TRANSITION,80.0,13.0,WORKLOAD_STEP
2026-07-09 20:14:21.336261600+05:30,80.6,33,22.7,2661.42,62.77,205,305,TRANSITION,80.0,13.0,WORKLOAD_STEP
2026-07-09 20:14:23.367968+05:30,80.3,32,24.0,2571.02,62.79,205,305,TRANSITION,80.0,13.0,WORKLOAD_STEP
2026-07-09 20:14:25.414811400+05:30,81.2,29,24.2,2681.5,62.78,204,305,TRANSITION,80.0,13.0,WORKLOAD_STEP
2026-07-09 20:14:27.448855100+05:30,81.0,34,24.7,2500.72,62.78,204,305,TRANSITION,80.0,13.0,WORKLOAD_STEP
2026-07-09 20:14:29.478758100+05:30,81.2,33,25.3,2621.23,62.79,204,305,TRANSITION,80.0,13.0,WORKLOAD_STEP
2026-07-09 20:14:31.514779900+05:30,79.8,33,25.5,2611.2,62.78,207,305,TRANSITION,80.0,13.0,WORKLOAD_STEP
2026-07-09 20:14:33.544055200+05:30,81.5,33,23.8,2520.72,62.79,207,305,TRANSITION,80.0,13.0,WORKLOAD_STEP
2026-07-09 20:14:35.579533500+05:30,81.2,32,25.9,2571.11,62.79,204,305,TRANSITION,80.0,13.0,WORKLOAD_STEP
2026-07-09 20:14:37.604892+05:30,84.7,30,24.3,2571.03,62.79,204,305,TRANSITION,80.0,13.0,WORKLOAD_STEP
2026-07-09 20:14:39.635585900+05:30,83.7,32,24.1,2550.94,62.78,204,305,TRANSITION,80.0,13.0,WORKLOAD_STEP
2026-07-09 20:14:41.677945700+05:30,88.6,33,24.6,2671.46,62.85,204,305,TRANSITION,80.0,13.0,WORKLOAD_STEP
2026-07-09 20:14:43.709709400+05:30,30.0,41,10.4,2330.01,62.81,204,305,TRANSITION,30.0,14.0,WORKLOAD_STEP
2026-07-09 20:14:45.730462800+05:30,30.5,41,13.9,2450.52,62.8,204,305,TRANSITION,30.0,14.0,WORKLOAD_STEP
2026-07-09 20:14:47.753061100+05:30,32.1,27,13.8,2751.83,62.83,204,305,TRANSITION,30.0,14.0,WORKLOAD_STEP
2026-07-09 20:14:49.776238700+05:30,30.0,32,18.3,2802.03,62.83,204,305,TRANSITION,30.0,14.0,WORKLOAD_STEP
2026-07-09 20:14:51.795126800+05:30,32.6,27,23.2,3173.65,62.8,204,305,TRANSITION,30.0,14.0,WORKLOAD_STEP
2026-07-09 20:14:53.814882100+05:30,32.6,24,20.7,2812.07,62.78,204,305,TRANSITION,30.0,14.0,WORKLOAD_STEP
2026-07-09 20:14:55.832622300+05:30,33.2,32,22.1,2792.0,62.76,204,305,TRANSITION,30.0,14.0,WORKLOAD_STEP
2026-07-09 20:14:57.852405800+05:30,30.7,34,22.0,2721.68,62.83,204,305,TRANSITION,30.0,14.0,WORKLOAD_STEP
2026-07-09 20:14:59.886818700+05:30,31.0,26,22.1,3093.27,62.83,204,305,TRANSITION,30.0,14.0,WORKLOAD_STEP
2026-07-09 20:15:01.903684700+05:30,31.0,24,21.4,2932.58,62.82,204,305,TRANSITION,30.0,14.0,WORKLOAD_STEP
2026-07-09 20:15:03.924376600+05:30,31.7,26,21.5,2892.42,62.82,206,305,TRANSITION,30.0,14.0,WORKLOAD_STEP
2026-07-09 20:15:05.943777900+05:30,31.1,32,22.9,2360.14,62.81,206,305,TRANSITION,30.0,14.0,WORKLOAD_STEP
2026-07-09 20:15:07.964108900+05:30,41.2,21,24.7,2812.08,62.81,206,305,TRANSITION,30.0,14.0,WORKLOAD_STEP
2026-07-09 20:15:09.985571300+05:30,33.0,32,22.9,2882.38,62.88,206,305,TRANSITION,30.0,14.0,WORKLOAD_STEP
2026-07-09 20:15:12.006268200+05:30,33.5,30,11.6,2319.97,62.82,206,305,TRANSITION,30.0,15.0,WORKLOAD_STEP
2026-07-09 20:15:14.029037800+05:30,30.6,39,11.0,2350.09,62.81,206,305,TRANSITION,30.0,15.0,WORKLOAD_STEP
2026-07-09 20:15:16.050069200+05:30,33.0,42,12.9,2460.57,62.89,206,305,TRANSITION,30.0,15.0,WORKLOAD_STEP
2026-07-09 20:15:18.069629400+05:30,31.2,42,14.4,2340.05,62.88,206,305,TRANSITION,30.0,15.0,WORKLOAD_STEP
2026-07-09 20:15:20.091177900+05:30,32.5,41,13.7,2540.92,62.89,206,305,TRANSITION,30.0,15.0,WORKLOAD_STEP
2026-07-09 20:15:22.109961800+05:30,30.8,27,14.9,2510.79,62.83,206,305,TRANSITION,30.0,15.0,WORKLOAD_STEP
2026-07-09 20:15:24.128401+05:30,30.6,39,21.6,2721.68,62.82,206,305,TRANSITION,30.0,15.0,WORKLOAD_STEP
2026-07-09 20:15:26.148320800+05:30,31.4,42,23.6,2661.43,62.8,206,305,TRANSITION,30.0,15.0,WORKLOAD_STEP
2026-07-09 20:15:28.168513200+05:30,30.3,32,24.9,3143.52,62.87,206,305,TRANSITION,30.0,15.0,WORKLOAD_STEP
2026-07-09 20:15:30.188597300+05:30,31.0,30,20.5,2862.29,62.86,206,305,TRANSITION,30.0,15.0,WORKLOAD_STEP
2026-07-09 20:15:32.207486300+05:30,29.8,23,21.6,2842.19,62.85,206,305,TRANSITION,30.0,15.0,WORKLOAD_STEP
2026-07-09 20:15:34.237381100+05:30,30.6,34,25.0,2601.17,62.82,204,305,TRANSITION,30.0,15.0,WORKLOAD_STEP
2026-07-09 20:15:36.260956400+05:30,30.2,29,22.7,3063.16,62.81,204,305,TRANSITION,30.0,15.0,WORKLOAD_STEP
2026-07-09 20:15:38.281336100+05:30,30.7,26,23.8,3123.38,62.85,204,305,TRANSITION,30.0,15.0,WORKLOAD_STEP
2026-07-09 20:15:40.301817+05:30,30.5,34,22.7,3012.92,62.84,204,305,TRANSITION,30.0,15.0,WORKLOAD_STEP
2026-07-09 20:15:42.320934100+05:30,32.8,36,23.2,3223.84,62.85,204,305,TRANSITION,30.0,15.0,WORKLOAD_STEP
2026-07-09 20:15:44.344823700+05:30,34.4,32,22.0,2581.09,62.84,204,305,TRANSITION,30.0,15.0,WORKLOAD_STEP
2026-07-09 20:15:46.365811300+05:30,36.6,36,23.4,2641.35,62.83,204,305,TRANSITION,30.0,15.0,WORKLOAD_STEP
2026-07-09 20:15:48.386672400+05:30,30.6,29,23.2,2922.55,62.83,204,305,TRANSITION,30.0,15.0,WORKLOAD_STEP
2026-07-09 20:15:50.415626400+05:30,32.8,30,22.9,2952.68,62.81,204,305,TRANSITION,30.0,15.0,WORKLOAD_STEP
2026-07-09 20:15:52.437762100+05:30,35.9,34,23.7,2561.01,62.91,205,309,TRANSITION,30.0,15.0,WORKLOAD_STEP
2026-07-09 20:15:54.460551200+05:30,34.7,30,22.4,3033.04,62.99,204,308,TRANSITION,30.0,15.0,WORKLOAD_STEP
2026-07-09 20:15:56.487184300+05:30,30.5,26,23.4,2781.95,62.97,204,308,TRANSITION,30.0,15.0,WORKLOAD_STEP
2026-07-09 20:15:58.508109900+05:30,36.8,33,24.9,2862.3,62.95,204,308,TRANSITION,30.0,15.0,WORKLOAD_STEP
2026-07-09 20:16:00.527996+05:30,31.3,33,23.0,3253.96,62.93,204,308,TRANSITION,30.0,15.0,WORKLOAD_STEP
2026-07-09 20:16:02.548597200+05:30,32.7,26,23.2,2631.31,62.96,204,308,TRANSITION,30.0,15.0,WORKLOAD_STEP
2026-07-09 20:16:04.568188200+05:30,30.8,30,23.3,2571.04,62.93,204,308,TRANSITION,30.0,15.0,WORKLOAD_STEP
2026-07-09 20:16:06.587728600+05:30,30.2,24,22.5,2812.09,62.97,204,308,TRANSITION,30.0,15.0,WORKLOAD_STEP
2026-07-09 20:16:08.621340300+05:30,30.2,27,23.6,2832.18,62.95,204,308,TRANSITION,30.0,15.0,WORKLOAD_STEP
2026-07-09 20:16:10.639494100+05:30,30.2,29,20.0,2832.18,63.17,204,310,TRANSITION,30.0,15.0,WORKLOAD_STEP
2026-07-09 20:16:12.666815400+05:30,30.9,27,21.8,2741.78,62.88,204,308,TRANSITION,30.0,15.0,WORKLOAD_STEP
2026-07-09 20:16:14.689264300+05:30,32.2,26,25.0,2882.38,62.88,204,308,TRANSITION,30.0,15.0,WORKLOAD_STEP
2026-07-09 20:16:16.709317+05:30,30.2,29,22.5,2842.2,62.89,204,308,TRANSITION,30.0,15.0,WORKLOAD_STEP
2026-07-09 20:16:18.729894700+05:30,31.5,24,22.1,2741.78,62.97,204,308,TRANSITION,30.0,15.0,WORKLOAD_STEP
2026-07-09 20:16:20.754876500+05:30,31.6,29,20.8,2751.81,62.95,203,308,TRANSITION,30.0,15.0,WORKLOAD_STEP
2026-07-09 20:16:22.786265800+05:30,31.1,29,25.2,2540.92,62.9,203,307,TRANSITION,30.0,15.0,WORKLOAD_STEP
2026-07-09 20:16:24.811523500+05:30,32.6,26,21.3,2882.38,62.86,203,307,TRANSITION,30.0,15.0,WORKLOAD_STEP
2026-07-09 20:16:26.837410200+05:30,30.2,26,22.5,2751.82,62.87,202,307,TRANSITION,30.0,15.0,WORKLOAD_STEP
2026-07-09 20:16:28.858886300+05:30,32.3,27,21.1,2812.08,62.93,202,307,TRANSITION,30.0,15.0,WORKLOAD_STEP
2026-07-09 20:16:30.881460800+05:30,30.4,29,22.2,2922.55,62.92,205,307,TRANSITION,30.0,15.0,WORKLOAD_STEP
2026-07-09 20:16:32.903455+05:30,33.0,29,24.7,2731.73,62.88,205,307,TRANSITION,30.0,15.0,WORKLOAD_STEP
2026-07-09 20:16:34.924042400+05:30,30.6,32,21.3,2902.45,62.87,205,307,TRANSITION,30.0,15.0,WORKLOAD_STEP
2026-07-09 20:16:36.945010+05:30,32.6,30,23.3,2781.94,62.89,202,307,TRANSITION,30.0,15.0,WORKLOAD_STEP
2026-07-09 20:16:38.967916300+05:30,31.5,26,23.3,3193.7,62.91,202,307,TRANSITION,30.0,15.0,WORKLOAD_STEP
2026-07-09 20:16:41.005706300+05:30,30.0,32,23.2,2510.78,62.88,202,307,TRANSITION,30.0,15.0,WORKLOAD_STEP
2026-07-09 20:16:43.028513900+05:30,30.1,26,22.8,2741.78,62.91,202,307,TRANSITION,30.0,15.0,WORKLOAD_STEP
2026-07-09 20:16:45.052352+05:30,32.6,23,23.2,3223.84,62.87,202,307,TRANSITION,30.0,15.0,WORKLOAD_STEP
2026-07-09 20:16:47.080160800+05:30,30.8,29,22.6,2822.12,62.84,202,307,TRANSITION,30.0,15.0,WORKLOAD_STEP
2026-07-09 20:16:49.105212600+05:30,32.1,27,23.0,2832.16,62.91,202,307,TRANSITION,30.0,15.0,WORKLOAD_STEP
2026-07-09 20:16:51.133879600+05:30,34.5,30,22.4,2741.78,62.88,202,307,TRANSITION,30.0,15.0,WORKLOAD_STEP
2026-07-09 20:16:53.163844800+05:30,34.2,26,22.9,2791.99,62.96,202,307,TRANSITION,30.0,15.0,WORKLOAD_STEP
2026-07-09 20:16:55.189526+05:30,30.6,27,22.2,2550.94,62.86,202,307,TRANSITION,30.0,15.0,WORKLOAD_STEP
2026-07-09 20:16:57.211346700+05:30,31.1,21,21.3,2852.26,62.85,202,307,TRANSITION,30.0,15.0,WORKLOAD_STEP
2026-07-09 20:16:59.230915700+05:30,32.5,30,23.3,2751.82,62.86,202,307,TRANSITION,30.0,15.0,WORKLOAD_STEP
2026-07-09 20:17:01.251352200+05:30,31.5,29,22.9,2892.42,62.86,202,307,TRANSITION,30.0,15.0,WORKLOAD_STEP
2026-07-09 20:17:03.268811800+05:30,33.3,36,22.0,2912.5,62.9,202,307,TRANSITION,30.0,15.0,WORKLOAD_STEP
2026-07-09 20:17:05.287038400+05:30,33.4,32,24.2,2571.05,62.9,202,307,TRANSITION,30.0,15.0,WORKLOAD_STEP
2026-07-09 20:17:07.308100+05:30,34.2,30,23.2,2561.0,62.88,202,307,TRANSITION,30.0,15.0,WORKLOAD_STEP
2026-07-09 20:17:09.328075600+05:30,32.2,30,23.0,2882.37,62.88,202,308,TRANSITION,30.0,15.0,WORKLOAD_STEP
2026-07-09 20:17:11.351142900+05:30,36.0,34,24.4,2721.69,62.88,202,308,TRANSITION,30.0,15.0,WORKLOAD_STEP
2026-07-09 20:17:13.371939800+05:30,31.2,34,25.8,3053.11,62.86,202,308,TRANSITION,30.0,15.0,WORKLOAD_STEP
2026-07-09 20:17:15.417789500+05:30,31.0,32,23.8,2942.62,62.88,202,308,TRANSITION,30.0,15.0,WORKLOAD_STEP
2026-07-09 20:17:17.444588800+05:30,31.6,26,23.6,2661.44,62.86,202,308,TRANSITION,30.0,15.0,WORKLOAD_STEP
2026-07-09 20:17:19.469072900+05:30,31.4,29,23.3,2882.38,62.88,202,308,TRANSITION,30.0,15.0,WORKLOAD_STEP
2026-07-09 20:17:21.489475300+05:30,30.2,29,22.4,2791.98,62.86,202,308,TRANSITION,30.0,15.0,WORKLOAD_STEP
2026-07-09 20:17:23.538079800+05:30,33.8,29,22.4,2912.49,62.86,202,308,TRANSITION,30.0,15.0,WORKLOAD_STEP
2026-07-09 20:17:25.558736600+05:30,30.0,27,23.5,3083.22,62.84,202,308,TRANSITION,30.0,15.0,WORKLOAD_STEP
2026-07-09 20:17:27.577324+05:30,32.3,29,24.5,2802.02,62.87,202,308,TRANSITION,30.0,15.0,WORKLOAD_STEP
2026-07-09 20:17:29.600312600+05:30,36.9,27,24.9,2651.41,63.12,202,308,TRANSITION,30.0,15.0,WORKLOAD_STEP
2026-07-09 20:17:31.626145100+05:30,35.2,27,23.6,2641.35,62.43,201,308,TRANSITION,30.0,15.0,WORKLOAD_STEP
2026-07-09 20:17:33.649678900+05:30,30.8,32,23.2,2842.21,62.43,202,308,TRANSITION,30.0,15.0,WORKLOAD_STEP
2026-07-09 20:17:35.670512900+05:30,30.6,30,23.2,2791.98,62.45,202,308,TRANSITION,30.0,15.0,WORKLOAD_STEP
2026-07-09 20:17:37.692268700+05:30,31.2,29,25.2,2872.32,62.43,202,308,TRANSITION,30.0,15.0,WORKLOAD_STEP
2026-07-09 20:17:39.713517700+05:30,34.5,36,22.8,2982.8,62.33,202,308,TRANSITION,30.0,15.0,WORKLOAD_STEP
2026-07-09 20:17:41.734401+05:30,32.7,27,23.6,2902.45,62.42,202,308,TRANSITION,30.0,15.0,WORKLOAD_STEP
2026-07-09 20:17:43.753424900+05:30,30.4,29,22.2,2812.07,62.41,202,308,TRANSITION,30.0,15.0,WORKLOAD_STEP
2026-07-09 20:17:45.773430900+05:30,30.5,27,23.0,2781.94,62.42,204,308,TRANSITION,30.0,15.0,WORKLOAD_STEP
2026-07-09 20:17:47.795460300+05:30,30.9,26,23.0,2832.14,62.45,204,308,TRANSITION,30.0,15.0,WORKLOAD_STEP
2026-07-09 20:17:49.839875600+05:30,32.3,26,23.8,2581.09,62.48,204,308,TRANSITION,30.0,15.0,WORKLOAD_STEP
2026-07-09 20:17:51.865843500+05:30,30.3,26,23.8,2601.17,62.48,204,308,TRANSITION,30.0,15.0,WORKLOAD_STEP
2026-07-09 20:17:53.888669800+05:30,31.8,26,22.0,3083.24,62.48,204,308,TRANSITION,30.0,15.0,WORKLOAD_STEP
2026-07-09 20:17:55.913304400+05:30,32.6,29,20.0,2802.04,62.48,204,308,TRANSITION,30.0,15.0,WORKLOAD_STEP
2026-07-09 20:17:57.933783800+05:30,35.4,32,22.1,2390.28,62.5,204,308,TRANSITION,30.0,15.0,WORKLOAD_STEP
2026-07-09 20:17:59.957544600+05:30,34.0,32,21.9,2852.25,62.48,204,308,TRANSITION,30.0,15.0,WORKLOAD_STEP
2026-07-09 20:18:01.979167200+05:30,32.4,29,22.5,3213.81,62.53,205,308,TRANSITION,30.0,15.0,WORKLOAD_STEP
2026-07-09 20:18:04.003308900+05:30,31.0,27,22.1,2510.79,62.51,205,308,TRANSITION,30.0,15.0,WORKLOAD_STEP
2026-07-09 20:18:06.021815600+05:30,31.4,34,22.4,2902.47,62.51,205,308,TRANSITION,30.0,15.0,WORKLOAD_STEP
2026-07-09 20:18:08.042861700+05:30,30.9,29,23.5,2641.35,62.49,205,308,TRANSITION,30.0,15.0,WORKLOAD_STEP
2026-07-09 20:18:10.066490100+05:30,32.5,29,23.5,2822.14,62.45,205,307,TRANSITION,30.0,15.0,WORKLOAD_STEP
2026-07-09 20:18:12.091356600+05:30,35.5,29,20.5,2952.68,62.42,205,307,TRANSITION,30.0,15.0,WORKLOAD_STEP
2026-07-09 20:18:14.118097700+05:30,31.8,23,22.6,2942.63,62.51,205,307,TRANSITION,30.0,15.0,WORKLOAD_STEP
2026-07-09 20:18:16.143865300+05:30,31.0,30,21.5,2711.64,62.49,203,307,TRANSITION,30.0,15.0,WORKLOAD_STEP
2026-07-09 20:18:18.168770100+05:30,30.0,33,22.7,2761.85,62.51,203,307,TRANSITION,30.0,15.0,WORKLOAD_STEP
2026-07-09 20:18:20.198056400+05:30,69.1,32,24.9,2611.19,62.51,203,307,TRANSITION,80.0,16.0,WORKLOAD_STEP
2026-07-09 20:18:22.250708600+05:30,79.9,32,24.4,2601.15,62.51,203,307,TRANSITION,80.0,16.0,WORKLOAD_STEP
2026-07-09 20:18:24.278787200+05:30,81.0,33,22.1,2490.69,62.5,203,307,TRANSITION,80.0,16.0,WORKLOAD_STEP
2026-07-09 20:18:26.302130200+05:30,81.5,30,25.0,2631.29,62.51,203,307,TRANSITION,80.0,16.0,WORKLOAD_STEP
2026-07-09 20:18:28.336648400+05:30,82.7,34,25.6,2571.02,62.51,203,307,TRANSITION,80.0,16.0,WORKLOAD_STEP
2026-07-09 20:18:30.364321600+05:30,79.9,29,23.9,2591.11,62.51,203,307,TRANSITION,80.0,16.0,WORKLOAD_STEP
2026-07-09 20:18:32.393879400+05:30,81.7,33,24.0,2611.21,62.51,206,307,TRANSITION,80.0,16.0,WORKLOAD_STEP
2026-07-09 20:18:34.425043900+05:30,81.3,33,24.1,2621.23,62.51,206,307,TRANSITION,80.0,16.0,WORKLOAD_STEP
2026-07-09 20:18:36.458685800+05:30,81.9,33,25.2,2671.46,62.52,203,307,TRANSITION,80.0,16.0,WORKLOAD_STEP
2026-07-09 20:18:38.487103200+05:30,80.5,34,24.7,2621.24,62.52,202,307,TRANSITION,80.0,16.0,WORKLOAD_STEP
2026-07-09 20:18:40.523277200+05:30,83.5,32,24.5,2550.95,62.55,202,309,TRANSITION,80.0,16.0,WORKLOAD_STEP
2026-07-09 20:18:42.560259500+05:30,83.4,33,23.7,2651.38,62.55,201,307,TRANSITION,80.0,16.0,WORKLOAD_STEP
2026-07-09 20:18:44.608916900+05:30,81.0,32,23.5,2560.99,62.55,201,307,TRANSITION,80.0,16.0,WORKLOAD_STEP
2026-07-09 20:18:46.635124500+05:30,83.8,30,26.9,2661.42,62.54,201,307,TRANSITION,80.0,16.0,WORKLOAD_STEP
2026-07-09 20:18:48.661505900+05:30,81.9,33,24.7,2601.16,62.55,201,307,TRANSITION,80.0,16.0,WORKLOAD_STEP
2026-07-09 20:18:50.691902500+05:30,81.2,32,24.4,2500.73,62.54,201,307,TRANSITION,80.0,16.0,WORKLOAD_STEP
2026-07-09 20:18:52.733998200+05:30,82.0,32,23.6,2540.89,62.53,201,307,TRANSITION,100.0,17.0,WORKLOAD_STEP
2026-07-09 20:18:54.807581400+05:30,98.0,32,24.4,2470.6,62.51,201,307,TRANSITION,100.0,17.0,WORKLOAD_STEP
2026-07-09 20:18:56.899257300+05:30,100.0,32,24.6,2530.84,62.51,201,307,TRANSITION,100.0,17.0,WORKLOAD_STEP
2026-07-09 20:18:58.989504700+05:30,100.0,32,25.7,2480.64,62.47,201,307,TRANSITION,100.0,17.0,WORKLOAD_STEP
2026-07-09 20:19:01.054498900+05:30,100.0,33,25.9,2460.55,62.46,201,307,TRANSITION,100.0,17.0,WORKLOAD_STEP
2026-07-09 20:19:03.124932300+05:30,100.0,32,26.0,2490.67,62.47,201,307,TRANSITION,100.0,17.0,WORKLOAD_STEP
2026-07-09 20:19:05.197919800+05:30,100.0,33,25.8,2520.79,62.47,201,307,TRANSITION,100.0,17.0,WORKLOAD_STEP
2026-07-09 20:19:07.261442500+05:30,100.0,32,25.3,2520.81,62.46,201,307,TRANSITION,100.0,17.0,WORKLOAD_STEP
2026-07-09 20:19:09.331240900+05:30,100.0,32,26.5,2490.68,62.45,201,307,TRANSITION,100.0,17.0,WORKLOAD_STEP
2026-07-09 20:19:11.393478100+05:30,100.0,33,25.1,2470.6,62.45,201,307,TRANSITION,100.0,17.0,WORKLOAD_STEP
2026-07-09 20:19:13.469773+05:30,100.0,32,25.0,2490.68,62.44,201,307,TRANSITION,100.0,17.0,WORKLOAD_STEP
2026-07-09 20:19:15.540381800+05:30,100.0,32,24.0,2490.68,62.44,201,307,TRANSITION,100.0,17.0,WORKLOAD_STEP
2026-07-09 20:19:17.597792100+05:30,100.0,32,24.6,2490.67,62.44,201,307,TRANSITION,100.0,17.0,WORKLOAD_STEP
2026-07-09 20:19:19.665621300+05:30,100.0,33,24.4,2430.43,62.45,201,307,TRANSITION,100.0,17.0,WORKLOAD_STEP
2026-07-09 20:19:21.866061700+05:30,100.0,33,25.0,2490.68,62.45,201,308,TRANSITION,100.0,17.0,WORKLOAD_STEP
2026-07-09 20:19:23.909132200+05:30,100.0,32,24.2,2490.67,62.42,201,309,TRANSITION,100.0,17.0,WORKLOAD_STEP
2026-07-09 20:19:25.962178300+05:30,100.0,32,23.9,2460.55,62.41,201,309,TRANSITION,100.0,17.0,WORKLOAD_STEP
2026-07-09 20:19:28.009799900+05:30,100.0,32,24.8,2470.59,62.43,201,309,TRANSITION,100.0,17.0,WORKLOAD_STEP
2026-07-09 20:19:30.090217900+05:30,100.0,32,25.3,2450.51,62.42,201,309,TRANSITION,100.0,17.0,WORKLOAD_STEP
2026-07-09 20:19:32.138601600+05:30,100.0,33,24.3,2480.64,62.44,201,309,TRANSITION,100.0,17.0,WORKLOAD_STEP
2026-07-09 20:19:34.205237300+05:30,100.0,32,24.0,2430.43,62.62,201,309,TRANSITION,100.0,17.0,WORKLOAD_STEP
2026-07-09 20:19:36.253399800+05:30,99.9,32,23.9,2480.64,62.7,201,309,TRANSITION,100.0,17.0,WORKLOAD_STEP
2026-07-09 20:19:38.359876900+05:30,100.0,32,25.2,2500.72,62.63,201,309,TRANSITION,100.0,17.0,WORKLOAD_STEP
2026-07-09 20:19:40.426340300+05:30,100.0,32,24.0,2460.56,62.63,201,309,TRANSITION,100.0,17.0,WORKLOAD_STEP
2026-07-09 20:19:42.512825800+05:30,100.0,33,24.0,2480.64,62.63,201,309,TRANSITION,100.0,17.0,WORKLOAD_STEP
2026-07-09 20:19:44.569617+05:30,100.0,32,24.1,2470.6,62.64,201,309,TRANSITION,100.0,17.0,WORKLOAD_STEP
2026-07-09 20:19:46.636155500+05:30,100.0,34,24.8,2490.67,62.65,201,309,TRANSITION,100.0,17.0,WORKLOAD_STEP
2026-07-09 20:19:48.719758300+05:30,100.0,32,24.2,2480.64,62.65,201,309,TRANSITION,100.0,17.0,WORKLOAD_STEP
2026-07-09 20:19:50.764687100+05:30,100.0,32,23.9,2470.6,62.66,201,309,TRANSITION,100.0,17.0,WORKLOAD_STEP
2026-07-09 20:19:52.826711600+05:30,100.0,32,24.5,2490.68,62.78,201,309,TRANSITION,100.0,17.0,WORKLOAD_STEP
2026-07-09 20:19:54.857886900+05:30,100.0,33,23.9,2470.6,62.91,201,310,TRANSITION,100.0,17.0,WORKLOAD_STEP
2026-07-09 20:19:56.935493400+05:30,100.0,32,24.5,2490.68,62.91,201,310,TRANSITION,100.0,17.0,WORKLOAD_STEP
2026-07-09 20:19:59.030067800+05:30,100.0,32,24.4,2480.64,62.91,201,309,TRANSITION,100.0,17.0,WORKLOAD_STEP
2026-07-09 20:20:01.079555600+05:30,100.0,32,24.4,2490.68,62.91,201,309,TRANSITION,100.0,17.0,WORKLOAD_STEP
2026-07-09 20:20:03.143792300+05:30,100.0,32,24.6,2470.6,62.9,201,309,TRANSITION,100.0,17.0,WORKLOAD_STEP
2026-07-09 20:20:05.212729800+05:30,100.0,33,25.3,2490.68,62.8,201,309,TRANSITION,100.0,17.0,WORKLOAD_STEP
2026-07-09 20:20:07.287949100+05:30,100.0,33,25.4,2490.68,62.79,201,309,TRANSITION,100.0,17.0,WORKLOAD_STEP
2026-07-09 20:20:09.342703600+05:30,100.0,33,24.3,2440.47,62.67,201,311,TRANSITION,100.0,17.0,WORKLOAD_STEP
2026-07-09 20:20:11.416587900+05:30,100.0,33,23.9,2450.51,62.68,201,311,TRANSITION,100.0,17.0,WORKLOAD_STEP
2026-07-09 20:20:13.472573900+05:30,100.0,33,25.1,2490.68,62.67,201,311,TRANSITION,100.0,17.0,WORKLOAD_STEP
2026-07-09 20:20:15.535812200+05:30,100.0,32,25.0,2470.59,62.68,201,311,TRANSITION,100.0,17.0,WORKLOAD_STEP
2026-07-09 20:20:17.600612900+05:30,100.0,32,24.9,2490.68,62.67,201,311,TRANSITION,100.0,17.0,WORKLOAD_STEP
2026-07-09 20:20:19.671973900+05:30,100.0,32,24.1,2520.8,62.68,201,311,TRANSITION,100.0,17.0,WORKLOAD_STEP
2026-07-09 20:20:21.800283800+05:30,100.0,32,23.8,2460.54,62.66,201,311,TRANSITION,100.0,17.0,WORKLOAD_STEP
2026-07-09 20:20:23.859724300+05:30,100.0,32,24.9,2490.68,62.66,201,311,TRANSITION,100.0,17.0,WORKLOAD_STEP
2026-07-09 20:20:25.940272700+05:30,95.2,29,24.5,2480.65,63.09,201,311,TRANSITION,50.0,18.0,WORKLOAD_STEP
2026-07-09 20:20:27.960535200+05:30,52.2,32,22.6,2932.57,62.79,204,307,TRANSITION,50.0,18.0,WORKLOAD_STEP
2026-07-09 20:20:29.979631+05:30,52.2,37,21.3,2721.69,62.78,203,307,TRANSITION,50.0,18.0,WORKLOAD_STEP
2026-07-09 20:20:31.997749500+05:30,49.6,33,24.3,2832.15,62.78,206,307,TRANSITION,50.0,18.0,WORKLOAD_STEP
2026-07-09 20:20:34.016778200+05:30,52.5,34,21.0,2761.85,62.78,206,307,TRANSITION,50.0,18.0,WORKLOAD_STEP
2026-07-09 20:20:36.035788+05:30,50.7,34,21.2,2942.64,62.76,203,307,TRANSITION,50.0,18.0,WORKLOAD_STEP
2026-07-09 20:20:38.054399300+05:30,52.0,27,20.2,2842.19,62.74,203,307,TRANSITION,50.0,18.0,WORKLOAD_STEP
2026-07-09 20:20:40.089699500+05:30,51.0,33,22.0,2460.56,62.77,203,307,TRANSITION,50.0,18.0,WORKLOAD_STEP
2026-07-09 20:20:42.115582400+05:30,52.3,30,22.7,2751.79,62.77,203,307,TRANSITION,50.0,18.0,WORKLOAD_STEP
2026-07-09 20:20:44.143093900+05:30,51.0,29,22.5,2540.9,62.77,203,307,TRANSITION,50.0,18.0,WORKLOAD_STEP
2026-07-09 20:20:46.177631400+05:30,52.0,33,22.9,2651.39,62.77,203,307,TRANSITION,50.0,18.0,WORKLOAD_STEP
2026-07-09 20:20:48.205762+05:30,51.4,30,24.3,2832.15,62.78,203,307,TRANSITION,50.0,18.0,WORKLOAD_STEP
2026-07-09 20:20:50.229189+05:30,52.5,32,23.7,2520.82,62.78,203,307,TRANSITION,50.0,18.0,WORKLOAD_STEP
2026-07-09 20:20:52.252311300+05:30,52.2,30,21.8,2832.15,62.75,203,307,TRANSITION,50.0,19.0,WORKLOAD_STEP
2026-07-09 20:20:54.271329700+05:30,51.0,39,19.8,2661.42,62.81,203,307,TRANSITION,50.0,19.0,WORKLOAD_STEP
2026-07-09 20:20:56.290973800+05:30,51.7,36,22.8,2671.46,62.8,206,307,TRANSITION,50.0,19.0,WORKLOAD_STEP
2026-07-09 20:20:58.308414700+05:30,49.8,33,24.0,2591.11,62.8,204,307,TRANSITION,50.0,19.0,WORKLOAD_STEP
2026-07-09 20:21:00.330284900+05:30,51.1,30,21.4,2701.6,62.8,204,307,TRANSITION,50.0,19.0,WORKLOAD_STEP
2026-07-09 20:21:02.351437800+05:30,51.0,29,22.9,2661.42,62.8,204,307,TRANSITION,50.0,19.0,WORKLOAD_STEP
2026-07-09 20:21:04.372002400+05:30,50.1,22,23.3,2741.78,62.79,204,307,TRANSITION,50.0,19.0,WORKLOAD_STEP
2026-07-09 20:21:06.392782200+05:30,51.4,29,25.2,2400.31,62.86,204,307,TRANSITION,50.0,19.0,WORKLOAD_STEP
2026-07-09 20:21:08.414697900+05:30,50.9,32,22.0,2731.73,62.79,204,307,TRANSITION,50.0,19.0,WORKLOAD_STEP
2026-07-09 20:21:10.439497200+05:30,51.0,30,21.6,2781.95,62.78,204,307,TRANSITION,50.0,19.0,WORKLOAD_STEP
2026-07-09 20:21:12.486339500+05:30,52.4,29,23.9,2781.94,62.76,204,307,TRANSITION,50.0,19.0,WORKLOAD_STEP
2026-07-09 20:21:14.516272500+05:30,55.2,30,21.8,2691.56,62.77,204,307,TRANSITION,50.0,19.0,WORKLOAD_STEP
2026-07-09 20:21:16.546530500+05:30,54.7,30,22.9,2581.09,62.76,205,307,TRANSITION,50.0,19.0,WORKLOAD_STEP
2026-07-09 20:21:18.569444300+05:30,52.2,29,22.1,2611.21,62.77,205,307,TRANSITION,50.0,19.0,WORKLOAD_STEP
2026-07-09 20:21:20.594653400+05:30,51.6,33,23.1,2510.79,63.0,205,309,TRANSITION,50.0,19.0,WORKLOAD_STEP
2026-07-09 20:21:22.621118+05:30,51.1,26,22.9,2791.97,62.79,205,307,TRANSITION,50.0,19.0,WORKLOAD_STEP
2026-07-09 20:21:24.656879300+05:30,52.8,29,24.9,2731.73,62.79,205,307,TRANSITION,50.0,19.0,WORKLOAD_STEP
2026-07-09 20:21:26.694079200+05:30,52.5,32,22.8,2721.68,62.79,205,307,TRANSITION,50.0,19.0,WORKLOAD_STEP
2026-07-09 20:21:28.728230600+05:30,53.1,30,23.7,2852.24,62.8,201,307,TRANSITION,50.0,19.0,WORKLOAD_STEP
2026-07-09 20:21:30.752546500+05:30,52.9,30,21.8,2701.59,62.79,201,307,TRANSITION,50.0,19.0,WORKLOAD_STEP
2026-07-09 20:21:32.776187400+05:30,55.6,29,23.4,2611.22,62.8,201,307,TRANSITION,50.0,19.0,WORKLOAD_STEP
2026-07-09 20:21:34.799927100+05:30,51.9,30,22.9,2751.81,62.79,201,307,TRANSITION,50.0,19.0,WORKLOAD_STEP
2026-07-09 20:21:36.820205900+05:30,51.0,24,22.4,2661.43,62.8,201,307,TRANSITION,50.0,19.0,WORKLOAD_STEP
2026-07-09 20:21:38.841437300+05:30,51.9,30,23.6,2842.21,62.78,201,307,TRANSITION,50.0,19.0,WORKLOAD_STEP
2026-07-09 20:21:40.871932200+05:30,51.2,32,25.2,2872.32,62.8,201,307,TRANSITION,50.0,19.0,WORKLOAD_STEP
2026-07-09 20:21:42.905994200+05:30,49.9,30,23.0,2872.33,62.78,201,307,TRANSITION,50.0,19.0,WORKLOAD_STEP
2026-07-09 20:21:44.935149200+05:30,50.9,30,23.2,2802.04,62.8,201,307,TRANSITION,50.0,19.0,WORKLOAD_STEP
2026-07-09 20:21:46.980295+05:30,52.0,32,23.6,2681.51,62.79,201,307,TRANSITION,50.0,19.0,WORKLOAD_STEP
2026-07-09 20:21:49.003975200+05:30,51.5,34,23.7,2621.25,62.79,201,307,TRANSITION,50.0,19.0,WORKLOAD_STEP
2026-07-09 20:21:51.026158200+05:30,49.6,32,23.4,2822.11,62.76,201,307,TRANSITION,50.0,19.0,WORKLOAD_STEP
2026-07-09 20:21:53.046467900+05:30,51.2,30,23.2,2571.04,62.87,201,307,TRANSITION,50.0,19.0,WORKLOAD_STEP
2026-07-09 20:21:55.070220900+05:30,53.1,30,24.0,2792.0,62.8,201,307,TRANSITION,50.0,19.0,WORKLOAD_STEP
2026-07-09 20:21:57.104286700+05:30,51.2,32,24.2,2691.56,62.8,201,307,TRANSITION,50.0,19.0,WORKLOAD_STEP
2026-07-09 20:21:59.133219200+05:30,54.4,30,23.1,2671.46,62.8,201,307,TRANSITION,50.0,19.0,WORKLOAD_STEP
2026-07-09 20:22:01.162594700+05:30,50.5,29,23.6,2882.36,62.79,201,307,TRANSITION,50.0,19.0,WORKLOAD_STEP
2026-07-09 20:22:03.192645200+05:30,53.1,30,21.9,2681.51,62.79,201,307,TRANSITION,50.0,19.0,WORKLOAD_STEP
2026-07-09 20:22:05.225809600+05:30,52.5,30,22.6,2812.07,62.8,201,307,TRANSITION,50.0,19.0,WORKLOAD_STEP
2026-07-09 20:22:07.251922200+05:30,53.0,30,23.9,2842.21,62.79,201,307,TRANSITION,50.0,19.0,WORKLOAD_STEP
2026-07-09 20:22:09.278183700+05:30,52.1,32,22.6,3033.02,62.79,201,307,TRANSITION,50.0,19.0,WORKLOAD_STEP
2026-07-09 20:22:11.301644+05:30,53.2,32,24.1,2591.13,62.78,201,307,TRANSITION,50.0,19.0,WORKLOAD_STEP
2026-07-09 20:22:13.331891100+05:30,52.3,30,27.8,2711.65,62.78,201,307,TRANSITION,50.0,19.0,WORKLOAD_STEP
2026-07-09 20:22:15.357092+05:30,50.7,29,24.1,2681.52,62.78,201,307,TRANSITION,50.0,19.0,WORKLOAD_STEP
2026-07-09 20:22:17.420730800+05:30,51.5,32,24.3,2822.11,62.78,206,307,TRANSITION,50.0,19.0,WORKLOAD_STEP
2026-07-09 20:22:19.445753500+05:30,56.2,32,23.8,2500.74,62.78,205,307,TRANSITION,50.0,19.0,WORKLOAD_STEP
2026-07-09 20:22:21.493922100+05:30,60.0,32,23.6,2791.98,62.76,205,307,TRANSITION,50.0,19.0,WORKLOAD_STEP
2026-07-09 20:22:23.522911200+05:30,56.5,26,24.3,2741.77,62.82,204,307,TRANSITION,50.0,19.0,WORKLOAD_STEP
2026-07-09 20:22:25.552029+05:30,50.6,30,23.4,2741.77,62.8,204,307,TRANSITION,50.0,19.0,WORKLOAD_STEP
2026-07-09 20:22:27.583732100+05:30,52.7,30,21.8,2852.24,62.8,204,307,TRANSITION,50.0,19.0,WORKLOAD_STEP
2026-07-09 20:22:29.616344600+05:30,51.1,29,24.6,2581.08,62.79,204,307,TRANSITION,50.0,19.0,WORKLOAD_STEP
2026-07-09 20:22:31.645379200+05:30,52.1,32,22.7,2812.06,62.79,207,307,TRANSITION,50.0,19.0,WORKLOAD_STEP
2026-07-09 20:22:33.671740800+05:30,51.8,30,23.2,2721.69,62.79,207,307,TRANSITION,50.0,19.0,WORKLOAD_STEP
2026-07-09 20:22:35.693048700+05:30,52.1,32,23.3,2641.34,62.8,204,307,TRANSITION,50.0,19.0,WORKLOAD_STEP
2026-07-09 20:22:37.721503400+05:30,52.3,30,22.7,2721.69,62.79,204,307,TRANSITION,50.0,19.0,WORKLOAD_STEP
2026-07-09 20:22:39.749217800+05:30,52.2,30,22.8,2681.52,62.86,204,307,TRANSITION,50.0,19.0,WORKLOAD_STEP
2026-07-09 20:22:41.775339300+05:30,51.2,30,20.4,2621.27,62.78,204,307,TRANSITION,50.0,19.0,WORKLOAD_STEP
2026-07-09 20:22:43.805315800+05:30,50.5,30,24.9,2701.61,62.78,204,307,TRANSITION,50.0,19.0,WORKLOAD_STEP
2026-07-09 20:22:45.839110300+05:30,51.2,27,23.2,2741.76,62.78,204,307,TRANSITION,50.0,19.0,WORKLOAD_STEP
2026-07-09 20:22:47.870945200+05:30,50.5,33,24.9,2721.7,62.78,204,307,TRANSITION,50.0,19.0,WORKLOAD_STEP
2026-07-09 20:22:49.903101500+05:30,49.9,32,25.1,2912.49,62.77,204,307,TRANSITION,50.0,19.0,WORKLOAD_STEP
2026-07-09 20:22:51.927125200+05:30,52.4,30,21.2,2781.94,62.75,204,307,TRANSITION,50.0,19.0,WORKLOAD_STEP
2026-07-09 20:22:53.953505+05:30,51.1,33,23.2,2791.99,62.8,204,307,TRANSITION,50.0,19.0,WORKLOAD_STEP
2026-07-09 20:22:55.996850100+05:30,51.0,32,22.2,2621.25,62.8,204,307,TRANSITION,50.0,19.0,WORKLOAD_STEP
2026-07-09 20:22:58.036269100+05:30,52.2,34,23.7,2751.82,62.79,204,307,TRANSITION,50.0,19.0,WORKLOAD_STEP
2026-07-09 20:23:00.067277900+05:30,52.6,34,22.9,2721.69,62.8,206,307,TRANSITION,50.0,19.0,WORKLOAD_STEP
2026-07-09 20:23:02.094023100+05:30,52.2,32,23.0,2731.73,62.79,206,307,TRANSITION,50.0,19.0,WORKLOAD_STEP
2026-07-09 20:23:04.123804+05:30,50.5,32,24.0,2791.98,62.79,206,307,TRANSITION,50.0,19.0,WORKLOAD_STEP
2026-07-09 20:23:06.149895800+05:30,52.6,32,24.9,2832.16,62.8,206,307,TRANSITION,50.0,19.0,WORKLOAD_STEP
2026-07-09 20:23:08.175060100+05:30,50.4,32,22.3,2771.9,62.8,206,307,TRANSITION,50.0,19.0,WORKLOAD_STEP
2026-07-09 20:23:10.199294500+05:30,52.7,33,23.1,2691.55,62.8,206,307,TRANSITION,50.0,19.0,WORKLOAD_STEP
2026-07-09 20:23:12.224139200+05:30,51.0,34,24.5,2932.57,62.8,206,307,TRANSITION,50.0,19.0,WORKLOAD_STEP
2026-07-09 20:23:14.252437100+05:30,53.2,34,23.5,2621.27,62.8,206,307,TRANSITION,50.0,19.0,WORKLOAD_STEP
2026-07-09 20:23:16.288420200+05:30,50.7,32,23.0,2832.14,62.77,207,307,TRANSITION,50.0,19.0,WORKLOAD_STEP
2026-07-09 20:23:18.316498200+05:30,50.8,33,22.9,2721.69,62.77,208,307,TRANSITION,50.0,19.0,WORKLOAD_STEP
2026-07-09 20:23:20.343160700+05:30,52.1,32,22.7,2741.77,62.79,207,309,TRANSITION,50.0,19.0,WORKLOAD_STEP
2026-07-09 20:23:22.373829200+05:30,50.8,33,22.9,2812.06,62.81,207,307,TRANSITION,50.0,19.0,WORKLOAD_STEP
2026-07-09 20:23:24.403797+05:30,49.9,26,22.5,2601.17,62.81,206,307,TRANSITION,50.0,19.0,WORKLOAD_STEP
2026-07-09 20:23:26.429046100+05:30,54.5,33,23.6,2681.51,62.79,204,307,TRANSITION,50.0,19.0,WORKLOAD_STEP
2026-07-09 20:23:28.479248+05:30,55.9,33,23.4,2691.56,62.79,203,307,TRANSITION,50.0,19.0,WORKLOAD_STEP
2026-07-09 20:23:30.509610400+05:30,55.7,30,22.2,2661.42,62.78,201,307,TRANSITION,50.0,19.0,WORKLOAD_STEP
2026-07-09 20:23:32.552812400+05:30,54.5,33,22.3,2571.02,62.75,201,307,TRANSITION,100.0,20.0,WORKLOAD_STEP
2026-07-09 20:23:34.585222200+05:30,95.7,32,25.2,2480.64,62.74,201,307,TRANSITION,100.0,20.0,WORKLOAD_STEP
2026-07-09 20:23:36.654360+05:30,100.0,32,24.0,2500.71,62.72,201,307,TRANSITION,100.0,20.0,WORKLOAD_STEP
2026-07-09 20:23:38.709392+05:30,100.0,34,22.3,2470.6,62.72,201,307,TRANSITION,100.0,20.0,WORKLOAD_STEP
2026-07-09 20:23:40.771157500+05:30,100.0,32,26.0,2450.52,62.74,201,307,TRANSITION,100.0,20.0,WORKLOAD_STEP
2026-07-09 20:23:42.825506100+05:30,100.0,33,23.7,2480.64,62.76,201,307,TRANSITION,100.0,20.0,WORKLOAD_STEP
2026-07-09 20:23:44.887642500+05:30,100.0,32,25.0,2480.64,62.77,201,307,TRANSITION,100.0,20.0,WORKLOAD_STEP
2026-07-09 20:23:46.962606800+05:30,100.0,34,26.6,2470.6,62.76,201,307,TRANSITION,100.0,20.0,WORKLOAD_STEP
2026-07-09 20:23:49.036397400+05:30,100.0,32,24.8,2500.72,62.76,201,307,TRANSITION,100.0,20.0,WORKLOAD_STEP
2026-07-09 20:23:51.101375500+05:30,100.0,32,23.5,2510.76,62.74,201,308,TRANSITION,100.0,20.0,WORKLOAD_STEP
2026-07-09 20:23:53.161926300+05:30,100.0,33,23.8,2500.72,62.75,201,308,TRANSITION,100.0,20.0,WORKLOAD_STEP
2026-07-09 20:23:55.225129900+05:30,100.0,32,24.9,2470.59,62.73,201,308,TRANSITION,100.0,20.0,WORKLOAD_STEP
2026-07-09 20:23:57.272561400+05:30,100.0,33,23.5,2490.68,62.76,201,308,TRANSITION,100.0,20.0,WORKLOAD_STEP
2026-07-09 20:23:59.328718800+05:30,100.0,33,24.5,2470.6,62.77,201,308,TRANSITION,100.0,20.0,WORKLOAD_STEP
2026-07-09 20:24:01.375986600+05:30,100.0,33,25.5,2440.47,62.76,201,308,TRANSITION,100.0,20.0,WORKLOAD_STEP
2026-07-09 20:24:03.483722700+05:30,100.0,33,23.6,2490.68,62.75,201,308,TRANSITION,100.0,20.0,WORKLOAD_STEP
2026-07-09 20:24:05.554790300+05:30,100.0,33,24.7,2500.72,62.76,201,309,TRANSITION,100.0,20.0,WORKLOAD_STEP
2026-07-09 20:24:07.629840900+05:30,100.0,32,23.6,2460.55,62.75,201,309,TRANSITION,100.0,20.0,WORKLOAD_STEP
2026-07-09 20:24:09.693355200+05:30,100.0,33,23.8,2490.68,62.74,201,309,TRANSITION,100.0,20.0,WORKLOAD_STEP
2026-07-09 20:24:11.752839600+05:30,100.0,32,25.5,2480.64,62.73,201,309,TRANSITION,100.0,20.0,WORKLOAD_STEP
2026-07-09 20:24:13.796602800+05:30,100.0,33,24.3,2450.51,62.73,201,309,TRANSITION,100.0,20.0,WORKLOAD_STEP
2026-07-09 20:24:15.864588800+05:30,100.0,33,24.6,2460.56,62.72,201,309,TRANSITION,100.0,20.0,WORKLOAD_STEP
2026-07-09 20:24:17.908703800+05:30,100.0,33,23.6,2500.71,62.72,202,309,TRANSITION,100.0,20.0,WORKLOAD_STEP
2026-07-09 20:24:19.972301900+05:30,100.0,32,24.2,2450.51,62.72,202,309,TRANSITION,100.0,20.0,WORKLOAD_STEP
2026-07-09 20:24:22.016101200+05:30,100.0,33,24.4,2480.63,62.72,202,309,TRANSITION,100.0,20.0,WORKLOAD_STEP
2026-07-09 20:24:24.088811100+05:30,100.0,32,24.9,2490.68,62.7,201,309,TRANSITION,100.0,20.0,WORKLOAD_STEP
2026-07-09 20:24:26.175284300+05:30,100.0,33,24.4,2480.63,62.7,201,309,TRANSITION,100.0,20.0,WORKLOAD_STEP
2026-07-09 20:24:28.219375700+05:30,100.0,34,24.6,2510.76,62.71,201,309,TRANSITION,100.0,20.0,WORKLOAD_STEP
2026-07-09 20:24:30.387681900+05:30,100.0,32,24.1,2510.76,62.7,201,309,TRANSITION,100.0,20.0,WORKLOAD_STEP
2026-07-09 20:24:32.448727700+05:30,100.0,32,25.2,2450.51,62.71,203,309,TRANSITION,100.0,20.0,WORKLOAD_STEP
2026-07-09 20:24:34.527317600+05:30,100.0,32,25.2,2530.84,62.69,203,309,TRANSITION,100.0,20.0,WORKLOAD_STEP
2026-07-09 20:24:36.572420200+05:30,100.0,33,24.3,2500.72,62.7,200,309,TRANSITION,100.0,20.0,WORKLOAD_STEP
2026-07-09 20:24:38.641277400+05:30,100.0,34,24.1,2460.55,62.7,200,310,TRANSITION,100.0,20.0,WORKLOAD_STEP
2026-07-09 20:24:40.731591200+05:30,100.0,33,24.6,2470.6,62.74,200,311,TRANSITION,100.0,20.0,WORKLOAD_STEP
2026-07-09 20:24:42.828387600+05:30,100.0,33,26.0,2450.52,62.71,200,311,TRANSITION,100.0,20.0,WORKLOAD_STEP
2026-07-09 20:24:44.893576400+05:30,100.0,32,23.9,2490.68,62.71,200,311,TRANSITION,100.0,20.0,WORKLOAD_STEP
2026-07-09 20:24:46.945847500+05:30,100.0,32,24.0,2470.58,62.71,200,311,TRANSITION,100.0,20.0,WORKLOAD_STEP
2026-07-09 20:24:49.029093200+05:30,100.0,32,25.4,2450.52,62.72,199,311,TRANSITION,100.0,20.0,WORKLOAD_STEP
2026-07-09 20:24:51.089657+05:30,100.0,33,24.6,2530.84,62.72,199,311,TRANSITION,100.0,20.0,WORKLOAD_STEP
2026-07-09 20:24:53.142183+05:30,100.0,33,24.0,2490.68,62.72,199,311,TRANSITION,100.0,20.0,WORKLOAD_STEP
2026-07-09 20:24:55.200534800+05:30,100.0,33,24.2,2490.68,62.73,199,311,TRANSITION,100.0,20.0,WORKLOAD_STEP
2026-07-09 20:24:57.261696700+05:30,100.0,32,23.8,2500.71,62.73,199,311,TRANSITION,100.0,20.0,WORKLOAD_STEP
2026-07-09 20:24:59.333723800+05:30,100.0,32,24.5,2470.6,62.73,199,312,TRANSITION,100.0,20.0,WORKLOAD_STEP
2026-07-09 20:25:01.401903200+05:30,100.0,32,25.1,2470.6,62.74,202,312,TRANSITION,100.0,20.0,WORKLOAD_STEP
2026-07-09 20:25:03.447056500+05:30,100.0,32,24.6,2510.77,62.74,202,312,TRANSITION,100.0,20.0,WORKLOAD_STEP
2026-07-09 20:25:05.510215600+05:30,100.0,32,24.2,2490.68,62.74,201,312,TRANSITION,100.0,20.0,WORKLOAD_STEP
2026-07-09 20:25:07.563930100+05:30,100.0,32,24.9,2440.46,62.76,201,314,TRANSITION,100.0,20.0,WORKLOAD_STEP
2026-07-09 20:25:09.655658500+05:30,100.0,32,23.4,2450.52,62.77,203,314,TRANSITION,100.0,20.0,WORKLOAD_STEP
2026-07-09 20:25:11.753903500+05:30,100.0,34,25.5,2450.52,62.83,203,316,TRANSITION,100.0,20.0,WORKLOAD_STEP
2026-07-09 20:25:13.861551+05:30,100.0,32,23.6,2410.34,62.82,203,313,TRANSITION,100.0,20.0,WORKLOAD_STEP
2026-07-09 20:25:15.914548300+05:30,100.0,32,24.1,2470.6,62.82,203,313,TRANSITION,100.0,20.0,WORKLOAD_STEP
2026-07-09 20:25:17.975139100+05:30,100.0,32,24.5,2460.55,62.81,204,313,TRANSITION,100.0,20.0,WORKLOAD_STEP
2026-07-09 20:25:20.063754100+05:30,100.0,32,23.2,2510.76,62.82,204,313,TRANSITION,100.0,20.0,WORKLOAD_STEP
2026-07-09 20:25:22.119460200+05:30,100.0,32,24.8,2480.63,62.81,204,313,TRANSITION,100.0,20.0,WORKLOAD_STEP
2026-07-09 20:25:24.184278+05:30,100.0,32,25.4,2500.72,62.81,203,313,TRANSITION,100.0,20.0,WORKLOAD_STEP
2026-07-09 20:25:26.307825+05:30,100.0,33,24.1,2450.51,62.81,203,313,TRANSITION,100.0,20.0,WORKLOAD_STEP
2026-07-09 20:25:28.421417400+05:30,100.0,32,24.8,2500.72,62.93,203,313,TRANSITION,100.0,20.0,WORKLOAD_STEP
2026-07-09 20:25:30.494675500+05:30,100.0,32,23.6,2450.51,62.9,203,313,TRANSITION,100.0,20.0,WORKLOAD_STEP
2026-07-09 20:25:32.584481500+05:30,100.0,32,23.9,2500.72,63.18,203,314,TRANSITION,100.0,20.0,WORKLOAD_STEP
2026-07-09 20:25:34.621529800+05:30,100.0,32,25.7,2440.47,63.24,204,314,TRANSITION,100.0,20.0,WORKLOAD_STEP
2026-07-09 20:25:36.686768800+05:30,100.0,32,23.8,2490.68,63.23,204,314,TRANSITION,100.0,20.0,WORKLOAD_STEP
2026-07-09 20:25:38.745977900+05:30,100.0,32,24.2,2460.55,63.23,204,314,TRANSITION,100.0,20.0,WORKLOAD_STEP
2026-07-09 20:25:40.823240200+05:30,100.0,33,25.6,2480.63,63.19,204,315,TRANSITION,100.0,20.0,WORKLOAD_STEP
2026-07-09 20:25:42.905167800+05:30,100.0,32,24.9,2480.63,63.09,204,315,TRANSITION,100.0,20.0,WORKLOAD_STEP
2026-07-09 20:25:44.974153+05:30,100.0,32,24.6,2480.64,63.04,204,315,TRANSITION,100.0,20.0,WORKLOAD_STEP
2026-07-09 20:25:47.051097700+05:30,100.0,32,26.0,2500.71,63.1,204,312,TRANSITION,100.0,20.0,WORKLOAD_STEP
2026-07-09 20:25:49.081109200+05:30,100.0,32,23.3,2460.56,63.21,204,312,TRANSITION,100.0,20.0,WORKLOAD_STEP
2026-07-09 20:25:51.198374300+05:30,100.0,32,25.0,2490.68,63.21,204,312,TRANSITION,100.0,20.0,WORKLOAD_STEP
2026-07-09 20:25:53.249717800+05:30,100.0,32,23.7,2460.55,63.2,204,311,TRANSITION,100.0,20.0,WORKLOAD_STEP
2026-07-09 20:25:55.311048700+05:30,100.0,33,23.1,2470.6,63.2,204,312,TRANSITION,100.0,20.0,WORKLOAD_STEP
2026-07-09 20:25:57.411673+05:30,100.0,33,25.2,2480.64,63.12,204,312,TRANSITION,100.0,20.0,WORKLOAD_STEP
2026-07-09 20:25:59.472527200+05:30,100.0,32,25.5,2490.68,63.13,204,312,TRANSITION,100.0,20.0,WORKLOAD_STEP
2026-07-09 20:26:01.540614200+05:30,100.0,32,24.0,2490.68,63.12,204,312,TRANSITION,100.0,20.0,WORKLOAD_STEP
2026-07-09 20:26:03.631892500+05:30,100.0,33,23.9,2510.76,63.12,202,311,TRANSITION,100.0,20.0,WORKLOAD_STEP
2026-07-09 20:26:05.730736500+05:30,100.0,32,23.8,2500.72,63.11,202,311,TRANSITION,100.0,20.0,WORKLOAD_STEP
2026-07-09 20:26:07.791412500+05:30,27.3,43,8.1,2139.19,62.85,202,307,TRANSITION,0.0,21.0,WORKLOAD_STEP
2026-07-09 20:26:09.818034700+05:30,2.1,48,4.4,1958.41,62.83,202,307,TRANSITION,0.0,21.0,WORKLOAD_STEP
2026-07-09 20:26:11.845069100+05:30,1.5,48,4.1,2109.06,62.9,202,307,TRANSITION,0.0,21.0,WORKLOAD_STEP
2026-07-09 20:26:13.898105200+05:30,1.7,48,4.2,2109.06,62.82,202,307,TRANSITION,0.0,21.0,WORKLOAD_STEP
2026-07-09 20:26:15.925110900+05:30,2.0,49,4.3,2008.62,62.82,202,307,TRANSITION,0.0,21.0,WORKLOAD_STEP
2026-07-09 20:26:17.955298100+05:30,3.7,48,4.2,2109.06,62.82,203,307,TRANSITION,0.0,21.0,WORKLOAD_STEP
2026-07-09 20:26:19.989974200+05:30,1.7,50,4.2,2109.06,62.82,203,307,TRANSITION,0.0,21.0,WORKLOAD_STEP
2026-07-09 20:26:22.018029100+05:30,4.1,52,4.8,2109.06,62.82,203,307,TRANSITION,0.0,21.0,WORKLOAD_STEP
2026-07-09 20:26:24.045611600+05:30,3.0,50,4.1,2109.06,62.82,202,307,TRANSITION,0.0,21.0,WORKLOAD_STEP
2026-07-09 20:26:26.072472500+05:30,4.0,50,4.9,2109.06,62.82,202,307,TRANSITION,0.0,21.0,WORKLOAD_STEP
2026-07-09 20:26:28.107387+05:30,3.6,30,18.4,2741.77,62.82,203,307,TRANSITION,100.0,22.0,WORKLOAD_STEP
2026-07-09 20:26:30.169743100+05:30,99.1,33,26.5,2601.15,62.83,202,307,TRANSITION,100.0,22.0,WORKLOAD_STEP
2026-07-09 20:26:32.258205+05:30,100.0,33,25.8,2581.06,62.83,205,307,TRANSITION,100.0,22.0,WORKLOAD_STEP
2026-07-09 20:26:34.335401900+05:30,100.0,33,26.4,2571.03,62.84,205,307,TRANSITION,100.0,22.0,WORKLOAD_STEP
2026-07-09 20:26:36.393989600+05:30,100.0,33,27.6,2500.72,62.84,202,307,TRANSITION,100.0,22.0,WORKLOAD_STEP
2026-07-09 20:26:38.463866300+05:30,100.0,33,25.3,2560.98,62.84,201,307,TRANSITION,100.0,22.0,WORKLOAD_STEP
2026-07-09 20:26:40.537585600+05:30,100.0,34,25.5,2530.85,62.82,201,307,TRANSITION,100.0,22.0,WORKLOAD_STEP
2026-07-09 20:26:42.615490+05:30,100.0,32,25.9,2560.99,62.83,201,307,TRANSITION,100.0,22.0,WORKLOAD_STEP
2026-07-09 20:26:44.687535+05:30,100.0,33,25.1,2500.72,62.82,201,307,TRANSITION,100.0,22.0,WORKLOAD_STEP
2026-07-09 20:26:46.756138500+05:30,100.0,33,24.7,2550.92,62.82,201,307,TRANSITION,100.0,22.0,WORKLOAD_STEP
2026-07-09 20:26:48.804053100+05:30,100.0,33,24.1,2520.8,62.82,201,308,TRANSITION,100.0,22.0,WORKLOAD_STEP
2026-07-09 20:26:50.881019500+05:30,100.0,34,26.6,2510.76,62.88,201,308,TRANSITION,100.0,22.0,WORKLOAD_STEP
2026-07-09 20:26:52.960365700+05:30,100.0,33,25.7,2520.8,62.82,201,308,TRANSITION,100.0,22.0,WORKLOAD_STEP
2026-07-09 20:26:55.027073600+05:30,100.0,34,25.7,2550.93,62.82,201,308,TRANSITION,100.0,22.0,WORKLOAD_STEP
2026-07-09 20:26:57.132563900+05:30,100.0,33,24.7,2510.76,62.82,201,308,TRANSITION,100.0,22.0,WORKLOAD_STEP
2026-07-09 20:26:59.173273600+05:30,100.0,33,23.8,2490.68,62.82,201,309,TRANSITION,100.0,22.0,WORKLOAD_STEP
2026-07-09 20:27:01.216607700+05:30,100.0,34,24.3,2490.67,62.82,201,309,TRANSITION,100.0,22.0,WORKLOAD_STEP
2026-07-09 20:27:03.286248200+05:30,100.0,33,24.8,2500.72,62.82,201,309,TRANSITION,100.0,22.0,WORKLOAD_STEP
2026-07-09 20:27:05.354494800+05:30,100.0,34,24.5,2520.8,62.82,201,309,TRANSITION,100.0,22.0,WORKLOAD_STEP
2026-07-09 20:27:07.409156200+05:30,100.0,33,24.1,2510.77,62.82,201,309,TRANSITION,100.0,22.0,WORKLOAD_STEP
2026-07-09 20:27:09.500476700+05:30,100.0,33,25.0,2530.85,62.82,201,309,TRANSITION,100.0,22.0,WORKLOAD_STEP
2026-07-09 20:27:11.554290200+05:30,100.0,34,25.3,2490.68,62.82,201,310,TRANSITION,100.0,22.0,WORKLOAD_STEP
2026-07-09 20:27:13.612214400+05:30,100.0,33,24.8,2480.64,62.82,201,310,TRANSITION,100.0,22.0,WORKLOAD_STEP
2026-07-09 20:27:15.675156800+05:30,100.0,33,24.4,2500.72,62.82,201,310,TRANSITION,100.0,22.0,WORKLOAD_STEP
2026-07-09 20:27:17.736130400+05:30,100.0,33,23.7,2500.72,62.83,201,310,TRANSITION,100.0,22.0,WORKLOAD_STEP
2026-07-09 20:27:19.787972300+05:30,99.9,32,24.2,2500.72,63.05,201,311,TRANSITION,100.0,23.0,WORKLOAD_STEP
2026-07-09 20:27:21.819371100+05:30,100.0,32,26.4,2500.72,63.1,201,311,TRANSITION,100.0,23.0,WORKLOAD_STEP
2026-07-09 20:27:23.873677200+05:30,100.0,33,25.3,2490.67,63.09,201,311,TRANSITION,100.0,23.0,WORKLOAD_STEP
2026-07-09 20:27:25.935772300+05:30,100.0,33,24.3,2540.88,63.1,202,311,TRANSITION,100.0,23.0,WORKLOAD_STEP
2026-07-09 20:27:28.015861400+05:30,100.0,32,23.0,2500.72,62.95,202,311,TRANSITION,100.0,23.0,WORKLOAD_STEP
2026-07-09 20:27:30.097800100+05:30,100.0,33,24.2,2510.75,62.96,202,311,TRANSITION,100.0,23.0,WORKLOAD_STEP
2026-07-09 20:27:32.145715900+05:30,100.0,33,25.7,2510.76,62.91,202,311,TRANSITION,100.0,23.0,WORKLOAD_STEP
2026-07-09 20:27:34.213199500+05:30,100.0,32,26.2,2510.75,62.98,201,311,TRANSITION,100.0,23.0,WORKLOAD_STEP
2026-07-09 20:27:36.504418+05:30,100.0,33,23.8,2510.76,62.91,201,311,TRANSITION,100.0,23.0,WORKLOAD_STEP
2026-07-09 20:27:38.550140200+05:30,100.0,32,24.6,2490.68,62.94,201,311,TRANSITION,100.0,23.0,WORKLOAD_STEP
2026-07-09 20:27:40.649861200+05:30,100.0,32,25.5,2510.76,62.86,201,311,TRANSITION,100.0,23.0,WORKLOAD_STEP
2026-07-09 20:27:42.692472400+05:30,100.0,33,26.3,2500.73,62.85,201,310,TRANSITION,100.0,23.0,WORKLOAD_STEP
2026-07-09 20:27:44.746987500+05:30,100.0,32,24.8,2500.72,62.85,201,310,TRANSITION,100.0,23.0,WORKLOAD_STEP
2026-07-09 20:27:46.821471500+05:30,100.0,32,24.2,2520.8,62.85,201,309,TRANSITION,100.0,23.0,WORKLOAD_STEP
2026-07-09 20:27:48.886521800+05:30,100.0,34,25.6,2500.72,62.85,201,309,TRANSITION,100.0,23.0,WORKLOAD_STEP
2026-07-09 20:27:50.954599700+05:30,100.0,32,23.6,2460.55,62.84,200,309,TRANSITION,100.0,23.0,WORKLOAD_STEP
2026-07-09 20:27:53.012365900+05:30,100.0,32,23.6,2500.72,62.84,200,310,TRANSITION,100.0,23.0,WORKLOAD_STEP
2026-07-09 20:27:55.111320500+05:30,100.0,32,24.3,2500.72,62.84,200,310,TRANSITION,100.0,23.0,WORKLOAD_STEP
2026-07-09 20:27:57.169255700+05:30,100.0,32,26.0,2500.72,62.84,200,310,TRANSITION,100.0,23.0,WORKLOAD_STEP
2026-07-09 20:27:59.240037100+05:30,100.0,33,23.6,2510.75,62.84,200,310,TRANSITION,100.0,23.0,WORKLOAD_STEP
2026-07-09 20:28:01.316641100+05:30,100.0,32,23.7,2510.75,62.84,200,310,TRANSITION,100.0,23.0,WORKLOAD_STEP
2026-07-09 20:28:03.393394500+05:30,100.0,34,24.2,2500.72,62.84,200,311,TRANSITION,100.0,23.0,WORKLOAD_STEP
2026-07-09 20:28:05.473848+05:30,100.0,33,23.4,2470.6,62.84,200,311,TRANSITION,100.0,23.0,WORKLOAD_STEP
2026-07-09 20:28:07.524675400+05:30,100.0,33,25.2,2470.59,62.84,200,312,TRANSITION,100.0,23.0,WORKLOAD_STEP
2026-07-09 20:28:09.584070500+05:30,100.0,32,23.8,2480.64,62.84,200,312,TRANSITION,100.0,23.0,WORKLOAD_STEP
2026-07-09 20:28:11.637033+05:30,100.0,32,24.7,2460.56,62.83,200,312,TRANSITION,100.0,23.0,WORKLOAD_STEP
2026-07-09 20:28:13.698428800+05:30,100.0,32,25.3,2440.47,63.24,200,313,TRANSITION,0.0,24.0,WORKLOAD_STEP
2026-07-09 20:28:15.721884500+05:30,16.2,46,6.1,2109.06,62.85,200,307,TRANSITION,0.0,24.0,WORKLOAD_STEP
2026-07-09 20:28:17.749225500+05:30,1.6,49,4.1,2109.06,62.88,200,307,TRANSITION,0.0,24.0,WORKLOAD_STEP
2026-07-09 20:28:19.781355100+05:30,4.8,46,6.1,2109.06,62.86,200,307,TRANSITION,0.0,24.0,WORKLOAD_STEP
2026-07-09 20:28:21.806568800+05:30,2.5,48,4.2,2109.06,62.84,202,307,TRANSITION,0.0,24.0,WORKLOAD_STEP
2026-07-09 20:28:23.861582900+05:30,2.5,49,4.1,2109.06,62.84,202,307,TRANSITION,0.0,24.0,WORKLOAD_STEP
2026-07-09 20:28:25.889464100+05:30,2.5,50,4.2,2109.06,62.84,202,307,TRANSITION,0.0,24.0,WORKLOAD_STEP
2026-07-09 20:28:27.917932500+05:30,6.4,50,5.5,2109.06,62.86,202,309,TRANSITION,0.0,24.0,WORKLOAD_STEP
2026-07-09 20:28:29.945662+05:30,1.6,50,4.1,2109.06,62.86,202,309,TRANSITION,0.0,24.0,WORKLOAD_STEP
2026-07-09 20:28:31.974261200+05:30,4.8,52,5.2,2109.06,62.92,205,309,TRANSITION,0.0,24.0,WORKLOAD_STEP
2026-07-09 20:28:34.006211300+05:30,1.2,52,4.4,2109.06,62.91,206,309,TRANSITION,0.0,24.0,WORKLOAD_STEP
2026-07-09 20:28:36.034146400+05:30,1.1,50,5.3,2109.06,62.93,202,309,TRANSITION,0.0,24.0,WORKLOAD_STEP
2026-07-09 20:28:38.068267500+05:30,1.0,52,4.0,2109.06,62.92,202,309,TRANSITION,0.0,24.0,WORKLOAD_STEP
2026-07-09 20:28:40.095756300+05:30,1.7,50,4.8,2109.06,62.91,202,309,TRANSITION,0.0,24.0,WORKLOAD_STEP
2026-07-09 20:28:42.123985800+05:30,5.2,52,4.3,2109.06,62.93,202,309,TRANSITION,0.0,24.0,WORKLOAD_STEP
2026-07-09 20:28:44.152339200+05:30,3.0,52,4.6,2109.06,62.91,201,309,TRANSITION,0.0,24.0,WORKLOAD_STEP
2026-07-09 20:28:46.173849900+05:30,2.5,53,4.5,2109.06,62.9,201,309,TRANSITION,0.0,24.0,WORKLOAD_STEP
2026-07-09 20:28:48.205711300+05:30,3.2,53,5.1,2109.06,62.91,201,309,TRANSITION,0.0,24.0,WORKLOAD_STEP
2026-07-09 20:28:50.232821200+05:30,1.1,53,4.2,2109.06,62.9,201,309,TRANSITION,0.0,24.0,WORKLOAD_STEP
2026-07-09 20:28:52.261216+05:30,3.1,53,4.4,2109.06,62.9,199,308,TRANSITION,0.0,24.0,WORKLOAD_STEP
2026-07-09 20:28:54.287453400+05:30,1.8,53,3.7,2109.06,62.88,199,308,TRANSITION,0.0,24.0,WORKLOAD_STEP
2026-07-09 20:28:56.313504100+05:30,6.5,54,6.4,2330.01,62.88,199,308,TRANSITION,0.0,24.0,WORKLOAD_STEP
2026-07-09 20:28:58.331846900+05:30,4.0,50,5.1,2340.05,62.91,199,308,TRANSITION,0.0,24.0,WORKLOAD_STEP
2026-07-09 20:29:00.351585900+05:30,4.4,53,5.0,2109.06,62.91,199,308,TRANSITION,0.0,24.0,WORKLOAD_STEP
2026-07-09 20:29:02.377255600+05:30,2.0,53,3.8,2109.06,62.88,199,308,TRANSITION,0.0,24.0,WORKLOAD_STEP
2026-07-09 20:29:04.401818400+05:30,2.0,53,4.2,2109.06,62.87,199,308,TRANSITION,0.0,24.0,WORKLOAD_STEP
2026-07-09 20:29:06.429013900+05:30,1.4,53,3.7,2008.62,62.87,199,308,TRANSITION,0.0,24.0,WORKLOAD_STEP
2026-07-09 20:29:08.451719100+05:30,0.9,54,3.7,2109.06,62.87,199,308,TRANSITION,0.0,24.0,WORKLOAD_STEP
2026-07-09 20:29:10.489327900+05:30,2.0,53,4.6,2169.31,62.87,199,308,TRANSITION,0.0,24.0,WORKLOAD_STEP
2026-07-09 20:29:12.516573100+05:30,6.4,53,5.7,2109.06,62.89,199,308,TRANSITION,0.0,24.0,WORKLOAD_STEP
2026-07-09 20:29:14.544529500+05:30,4.7,53,5.1,2340.05,62.87,199,308,TRANSITION,0.0,24.0,WORKLOAD_STEP
2026-07-09 20:29:16.572049400+05:30,0.8,54,3.7,2109.06,62.87,200,308,TRANSITION,0.0,24.0,WORKLOAD_STEP
2026-07-09 20:29:18.595529900+05:30,3.0,53,3.7,2109.06,62.87,200,308,TRANSITION,0.0,24.0,WORKLOAD_STEP
2026-07-09 20:29:20.623718200+05:30,0.6000000000000001,54,3.7,2109.06,62.87,200,308,TRANSITION,0.0,24.0,WORKLOAD_STEP
2026-07-09 20:29:22.656951+05:30,2.0,53,4.5,1958.41,62.92,200,308,TRANSITION,0.0,24.0,WORKLOAD_STEP
2026-07-09 20:29:24.684315500+05:30,1.0,54,3.7,2109.06,62.91,200,308,TRANSITION,0.0,24.0,WORKLOAD_STEP
2026-07-09 20:29:26.711876+05:30,2.8,54,4.6,2109.06,62.9,200,308,TRANSITION,0.0,24.0,WORKLOAD_STEP
2026-07-09 20:29:28.737614100+05:30,0.7000000000000001,54,3.7,2109.06,62.9,200,308,TRANSITION,0.0,24.0,WORKLOAD_STEP
2026-07-09 20:29:30.765056500+05:30,2.5,54,4.3,2109.06,62.89,200,308,TRANSITION,0.0,24.0,WORKLOAD_STEP
2026-07-09 20:29:32.793607400+05:30,1.2,54,3.7,2109.06,62.88,200,308,TRANSITION,0.0,24.0,WORKLOAD_STEP
2026-07-09 20:29:34.821816100+05:30,2.0,54,4.6,2109.06,62.88,200,308,TRANSITION,0.0,24.0,WORKLOAD_STEP
2026-07-09 20:29:36.849937500+05:30,2.2,54,3.9,2109.06,62.93,200,308,TRANSITION,0.0,24.0,WORKLOAD_STEP
2026-07-09 20:29:38.877624100+05:30,0.7000000000000001,54,3.6,2109.06,62.99,202,308,TRANSITION,0.0,24.0,WORKLOAD_STEP
2026-07-09 20:29:40.901801300+05:30,0.5,54,3.7,2109.06,62.95,202,308,TRANSITION,0.0,24.0,WORKLOAD_STEP
2026-07-09 20:29:42.929812500+05:30,2.2,54,3.7,2109.06,62.96,202,308,TRANSITION,0.0,24.0,WORKLOAD_STEP
2026-07-09 20:29:44.959081100+05:30,0.5,54,3.7,2109.06,62.88,202,308,TRANSITION,0.0,24.0,WORKLOAD_STEP
2026-07-09 20:29:46.991268900+05:30,20.8,54,9.5,2330.01,62.88,202,308,TRANSITION,20.0,25.0,WORKLOAD_STEP
2026-07-09 20:29:49.022838300+05:30,21.7,37,9.5,2450.53,62.88,202,308,TRANSITION,20.0,25.0,WORKLOAD_STEP
2026-07-09 20:29:51.056309+05:30,20.0,45,14.9,2872.34,62.89,202,308,TRANSITION,20.0,25.0,WORKLOAD_STEP
2026-07-09 20:29:53.093127600+05:30,20.5,39,20.3,2721.7,62.89,202,308,TRANSITION,20.0,25.0,WORKLOAD_STEP
2026-07-09 20:29:55.112990900+05:30,21.7,46,18.7,2319.97,62.93,202,308,TRANSITION,20.0,25.0,WORKLOAD_STEP
2026-07-09 20:29:57.133314800+05:30,22.5,43,15.7,2490.7,62.96,202,308,TRANSITION,20.0,25.0,WORKLOAD_STEP
2026-07-09 20:29:59.154010400+05:30,20.5,30,21.5,2179.36,62.95,202,308,TRANSITION,20.0,25.0,WORKLOAD_STEP
2026-07-09 20:30:01.173926700+05:30,24.4,33,22.5,2520.84,62.95,202,308,TRANSITION,20.0,25.0,WORKLOAD_STEP
2026-07-09 20:30:03.193727400+05:30,23.6,34,24.3,2741.78,62.93,203,308,TRANSITION,20.0,25.0,WORKLOAD_STEP
2026-07-09 20:30:05.214545300+05:30,26.1,33,22.3,2962.74,62.93,202,308,TRANSITION,20.0,25.0,WORKLOAD_STEP
2026-07-09 20:30:07.231998100+05:30,20.9,26,24.0,3264.03,62.95,202,308,TRANSITION,20.0,25.0,WORKLOAD_STEP
2026-07-09 20:30:09.249890100+05:30,21.2,27,22.7,3253.99,62.94,202,308,TRANSITION,20.0,25.0,WORKLOAD_STEP
2026-07-09 20:30:11.267733+05:30,22.3,23,24.4,2942.65,63.09,202,310,TRANSITION,20.0,25.0,WORKLOAD_STEP
2026-07-09 20:30:13.286947900+05:30,20.9,36,22.7,3153.54,62.93,202,308,TRANSITION,20.0,25.0,WORKLOAD_STEP
2026-07-09 20:30:15.305051+05:30,20.8,27,24.1,3133.47,62.96,202,308,TRANSITION,20.0,25.0,WORKLOAD_STEP
2026-07-09 20:30:17.321645200+05:30,23.8,24,22.7,2510.79,62.95,202,308,TRANSITION,20.0,25.0,WORKLOAD_STEP
2026-07-09 20:30:19.355576300+05:30,27.0,26,22.3,2621.26,62.93,202,308,TRANSITION,20.0,25.0,WORKLOAD_STEP
2026-07-09 20:30:21.374891+05:30,22.8,23,22.4,2982.82,62.96,202,308,TRANSITION,20.0,25.0,WORKLOAD_STEP
2026-07-09 20:30:23.395847200+05:30,59.7,36,28.0,2802.02,62.96,202,308,TRANSITION,80.0,26.0,WORKLOAD_STEP
2026-07-09 20:30:25.428716600+05:30,80.1,34,24.1,2681.51,62.96,202,308,TRANSITION,80.0,26.0,WORKLOAD_STEP
2026-07-09 20:30:27.459872+05:30,80.0,34,28.7,2741.77,62.96,202,308,TRANSITION,80.0,26.0,WORKLOAD_STEP
2026-07-09 20:30:29.490768900+05:30,81.7,33,26.0,2721.68,62.96,202,308,TRANSITION,80.0,26.0,WORKLOAD_STEP
2026-07-09 20:30:31.519407+05:30,82.6,33,27.1,2711.63,62.95,205,308,TRANSITION,80.0,26.0,WORKLOAD_STEP
2026-07-09 20:30:33.548532100+05:30,81.0,34,25.2,2751.81,62.96,205,308,TRANSITION,80.0,26.0,WORKLOAD_STEP
2026-07-09 20:30:35.576344900+05:30,82.2,34,25.3,2671.45,62.95,202,308,TRANSITION,80.0,26.0,WORKLOAD_STEP
2026-07-09 20:30:37.610994100+05:30,80.4,36,26.9,2791.98,62.96,202,308,TRANSITION,80.0,26.0,WORKLOAD_STEP
2026-07-09 20:30:39.638381200+05:30,82.5,32,27.3,2641.34,62.94,202,308,TRANSITION,80.0,26.0,WORKLOAD_STEP
2026-07-09 20:30:41.670586800+05:30,80.6,34,25.8,2701.58,63.2,202,310,TRANSITION,80.0,26.0,WORKLOAD_STEP
2026-07-09 20:30:43.704206200+05:30,82.1,32,25.0,2731.72,62.94,202,308,TRANSITION,80.0,26.0,WORKLOAD_STEP
2026-07-09 20:30:45.731100400+05:30,80.9,34,25.8,2791.99,62.94,202,308,TRANSITION,80.0,26.0,WORKLOAD_STEP
2026-07-09 20:30:47.759652400+05:30,82.6,34,24.4,2721.69,62.94,202,308,TRANSITION,80.0,26.0,WORKLOAD_STEP
2026-07-09 20:30:49.794742300+05:30,81.6,33,24.5,2711.63,62.94,202,308,TRANSITION,80.0,26.0,WORKLOAD_STEP
2026-07-09 20:30:51.842339900+05:30,83.5,34,24.8,2691.54,62.95,202,308,TRANSITION,80.0,26.0,WORKLOAD_STEP
2026-07-09 20:30:53.876886600+05:30,81.5,32,25.1,2711.63,62.94,203,308,TRANSITION,80.0,26.0,WORKLOAD_STEP
2026-07-09 20:30:55.910236800+05:30,80.9,33,25.1,2771.9,62.95,203,308,TRANSITION,80.0,26.0,WORKLOAD_STEP
2026-07-09 20:30:57.938937600+05:30,82.0,33,24.1,2681.5,62.94,203,308,TRANSITION,80.0,26.0,WORKLOAD_STEP
2026-07-09 20:30:59.972863400+05:30,81.2,33,24.5,2601.15,62.95,203,308,TRANSITION,80.0,26.0,WORKLOAD_STEP
2026-07-09 20:31:02.001772200+05:30,80.0,36,23.4,2390.24,62.94,205,308,TRANSITION,80.0,27.0,WORKLOAD_STEP
2026-07-09 20:31:04.030717900+05:30,80.7,33,23.1,2520.83,62.94,205,308,TRANSITION,80.0,27.0,WORKLOAD_STEP
2026-07-09 20:31:06.058985100+05:30,80.4,33,25.8,2711.64,62.94,205,308,TRANSITION,80.0,27.0,WORKLOAD_STEP
2026-07-09 20:31:08.096063800+05:30,83.4,34,25.4,2611.2,62.94,205,308,TRANSITION,80.0,27.0,WORKLOAD_STEP
2026-07-09 20:31:10.129017600+05:30,86.2,34,26.5,2540.9,62.93,205,308,TRANSITION,80.0,27.0,WORKLOAD_STEP
2026-07-09 20:31:12.157083500+05:30,83.5,34,24.9,2540.89,62.93,205,308,TRANSITION,80.0,27.0,WORKLOAD_STEP
2026-07-09 20:31:14.186428400+05:30,81.3,33,24.6,2530.86,62.95,205,308,TRANSITION,80.0,27.0,WORKLOAD_STEP
2026-07-09 20:31:16.211468700+05:30,80.7,29,22.9,2721.68,63.0,205,308,TRANSITION,80.0,27.0,WORKLOAD_STEP
2026-07-09 20:31:18.240602+05:30,80.3,34,25.1,2520.81,62.93,205,308,TRANSITION,80.0,27.0,WORKLOAD_STEP
2026-07-09 20:31:20.289798400+05:30,80.9,32,25.5,2681.5,62.93,205,308,TRANSITION,80.0,27.0,WORKLOAD_STEP
2026-07-09 20:31:22.318937800+05:30,82.5,33,24.9,2550.94,62.93,207,308,TRANSITION,80.0,27.0,WORKLOAD_STEP
2026-07-09 20:31:24.353242300+05:30,84.2,33,24.2,2530.85,62.92,207,308,TRANSITION,80.0,27.0,WORKLOAD_STEP
2026-07-09 20:31:26.401231100+05:30,82.2,33,25.3,2631.28,62.92,207,308,TRANSITION,80.0,27.0,WORKLOAD_STEP
2026-07-09 20:31:28.436011300+05:30,82.1,32,25.0,2611.2,62.92,207,308,TRANSITION,80.0,27.0,WORKLOAD_STEP
2026-07-09 20:31:30.468350900+05:30,80.9,32,24.7,2641.31,62.92,207,308,TRANSITION,80.0,27.0,WORKLOAD_STEP
2026-07-09 20:31:32.502481800+05:30,79.9,34,25.0,2631.27,62.9,205,307,TRANSITION,80.0,27.0,WORKLOAD_STEP
2026-07-09 20:31:34.530026900+05:30,80.9,29,24.5,2641.33,62.91,205,307,TRANSITION,80.0,27.0,WORKLOAD_STEP
2026-07-09 20:31:36.566622900+05:30,79.7,29,24.6,2631.29,62.91,205,307,TRANSITION,80.0,27.0,WORKLOAD_STEP
2026-07-09 20:31:38.599196400+05:30,81.8,33,24.1,2591.12,62.91,205,307,TRANSITION,80.0,27.0,WORKLOAD_STEP
2026-07-09 20:31:40.644224+05:30,81.6,33,24.4,2540.88,62.91,204,307,TRANSITION,80.0,27.0,WORKLOAD_STEP
2026-07-09 20:31:42.673795500+05:30,84.6,29,23.3,2520.82,62.9,204,307,TRANSITION,80.0,27.0,WORKLOAD_STEP
2026-07-09 20:31:44.701011100+05:30,80.5,33,26.5,2601.15,62.93,204,307,TRANSITION,80.0,27.0,WORKLOAD_STEP
2026-07-09 20:31:46.731392600+05:30,81.8,32,25.1,2540.89,62.93,204,307,TRANSITION,80.0,27.0,WORKLOAD_STEP
2026-07-09 20:31:48.761533+05:30,79.7,32,24.8,2550.94,62.91,204,307,TRANSITION,80.0,27.0,WORKLOAD_STEP
2026-07-09 20:31:50.795710200+05:30,81.6,33,24.5,2641.33,62.92,204,307,TRANSITION,80.0,27.0,WORKLOAD_STEP
2026-07-09 20:31:52.829536800+05:30,81.0,30,25.4,2540.89,62.93,202,307,TRANSITION,80.0,27.0,WORKLOAD_STEP
2026-07-09 20:31:54.864945400+05:30,82.2,32,23.8,2641.32,62.92,202,307,TRANSITION,80.0,27.0,WORKLOAD_STEP
2026-07-09 20:31:56.900831200+05:30,81.2,32,25.5,2540.88,62.92,202,307,TRANSITION,80.0,27.0,WORKLOAD_STEP
2026-07-09 20:31:58.930119600+05:30,80.6,33,25.7,2631.29,62.92,202,307,TRANSITION,80.0,27.0,WORKLOAD_STEP
2026-07-09 20:32:00.976661700+05:30,81.9,32,24.6,2621.24,62.92,202,307,TRANSITION,80.0,27.0,WORKLOAD_STEP
2026-07-09 20:32:03.006225400+05:30,81.0,30,23.8,2621.24,62.92,202,307,TRANSITION,80.0,27.0,WORKLOAD_STEP
2026-07-09 20:32:05.039935700+05:30,82.2,32,25.8,2601.15,62.92,201,307,TRANSITION,80.0,27.0,WORKLOAD_STEP
2026-07-09 20:32:07.071808800+05:30,81.0,32,23.0,2591.11,62.92,201,307,TRANSITION,80.0,27.0,WORKLOAD_STEP
2026-07-09 20:32:09.097750900+05:30,82.9,32,25.1,2560.98,63.02,201,311,TRANSITION,80.0,27.0,WORKLOAD_STEP
2026-07-09 20:32:11.128556+05:30,86.6,34,27.4,2651.37,63.31,205,312,TRANSITION,80.0,27.0,WORKLOAD_STEP
2026-07-09 20:32:13.167856+05:30,86.0,32,25.1,2490.68,63.44,205,318,TRANSITION,80.0,27.0,WORKLOAD_STEP
2026-07-09 20:32:15.199787300+05:30,83.5,36,23.8,2581.06,63.44,205,318,TRANSITION,80.0,27.0,WORKLOAD_STEP
2026-07-09 20:32:17.236509800+05:30,87.0,33,23.7,2601.15,63.44,205,316,TRANSITION,80.0,27.0,WORKLOAD_STEP
2026-07-09 20:32:19.268413800+05:30,84.0,32,25.0,2611.19,63.44,205,316,TRANSITION,80.0,27.0,WORKLOAD_STEP
2026-07-09 20:32:21.303488900+05:30,83.7,33,24.3,2591.09,63.45,205,316,TRANSITION,80.0,27.0,WORKLOAD_STEP
2026-07-09 20:32:23.335408900+05:30,80.9,32,26.1,2641.32,63.44,205,317,TRANSITION,80.0,27.0,WORKLOAD_STEP
2026-07-09 20:32:25.368047500+05:30,80.6,32,25.1,2621.23,63.45,205,317,TRANSITION,80.0,27.0,WORKLOAD_STEP
2026-07-09 20:32:27.403108+05:30,81.7,33,22.9,2560.97,63.42,205,313,TRANSITION,80.0,27.0,WORKLOAD_STEP
2026-07-09 20:32:29.431408600+05:30,81.4,34,24.7,2540.88,63.42,205,313,TRANSITION,80.0,27.0,WORKLOAD_STEP
2026-07-09 20:32:31.461268800+05:30,85.7,32,25.3,2691.54,63.42,208,313,TRANSITION,80.0,27.0,WORKLOAD_STEP
2026-07-09 20:32:33.506969200+05:30,89.8,32,22.0,2400.3,63.66,208,313,TRANSITION,80.0,27.0,WORKLOAD_STEP
2026-07-09 20:32:35.538612700+05:30,83.3,33,23.9,2581.07,63.07,205,313,TRANSITION,80.0,27.0,WORKLOAD_STEP
2026-07-09 20:32:37.568793700+05:30,80.9,33,23.6,2631.29,63.08,205,313,TRANSITION,80.0,27.0,WORKLOAD_STEP
2026-07-09 20:32:39.598901300+05:30,83.4,33,24.6,2560.97,62.97,205,313,TRANSITION,80.0,27.0,WORKLOAD_STEP
2026-07-09 20:32:41.627274900+05:30,81.3,34,24.5,2621.23,63.26,205,315,TRANSITION,80.0,27.0,WORKLOAD_STEP
2026-07-09 20:32:43.657909400+05:30,47.1,41,9.8,2109.06,63.09,205,313,TRANSITION,20.0,28.0,WORKLOAD_STEP
2026-07-09 20:32:45.684905900+05:30,21.6,43,9.4,2159.28,63.11,205,313,TRANSITION,20.0,28.0,WORKLOAD_STEP
2026-07-09 20:32:47.711336800+05:30,23.3,43,9.5,2641.35,63.07,205,313,TRANSITION,20.0,28.0,WORKLOAD_STEP
2026-07-09 20:32:49.742161200+05:30,21.5,42,10.7,2520.82,63.1,205,313,TRANSITION,20.0,28.0,WORKLOAD_STEP
2026-07-09 20:32:51.770423800+05:30,22.5,48,12.3,2299.88,63.11,205,313,TRANSITION,20.0,28.0,WORKLOAD_STEP
2026-07-09 20:32:53.801786200+05:30,20.8,39,12.4,2721.69,63.11,205,313,TRANSITION,20.0,28.0,WORKLOAD_STEP
2026-07-09 20:32:55.827213800+05:30,23.4,42,14.8,2400.31,63.12,204,313,TRANSITION,20.0,28.0,WORKLOAD_STEP
2026-07-09 20:32:57.853269300+05:30,21.0,41,16.5,3073.21,63.1,204,313,TRANSITION,20.0,28.0,WORKLOAD_STEP
2026-07-09 20:32:59.877500+05:30,19.7,41,14.5,2962.74,63.08,204,313,TRANSITION,20.0,28.0,WORKLOAD_STEP
2026-07-09 20:33:01.895771700+05:30,22.9,40,16.4,2601.18,63.09,204,313,TRANSITION,20.0,28.0,WORKLOAD_STEP
2026-07-09 20:33:03.915273400+05:30,22.0,37,18.6,3022.99,63.09,204,313,TRANSITION,20.0,28.0,WORKLOAD_STEP
2026-07-09 20:33:05.954900900+05:30,21.0,23,15.1,2641.35,63.15,204,313,TRANSITION,20.0,28.0,WORKLOAD_STEP
2026-07-09 20:33:07.972878700+05:30,21.8,32,15.5,3243.93,63.15,204,313,TRANSITION,20.0,28.0,WORKLOAD_STEP
2026-07-09 20:33:09.990740+05:30,23.8,40,18.0,3193.73,63.01,204,311,TRANSITION,20.0,28.0,WORKLOAD_STEP
2026-07-09 20:33:12.009111400+05:30,26.3,34,23.4,3304.19,63.08,204,311,TRANSITION,20.0,28.0,WORKLOAD_STEP
2026-07-09 20:33:14.041485200+05:30,21.5,36,18.9,3022.99,62.8,202,310,TRANSITION,20.0,28.0,WORKLOAD_STEP
2026-07-09 20:33:16.063272800+05:30,38.1,37,20.7,2771.9,62.84,202,310,TRANSITION,40.0,29.0,WORKLOAD_STEP
2026-07-09 20:33:18.082211600+05:30,42.2,40,16.9,2832.16,62.69,202,310,TRANSITION,40.0,29.0,WORKLOAD_STEP
2026-07-09 20:33:20.103551700+05:30,46.8,33,21.7,2872.33,62.75,202,310,TRANSITION,40.0,29.0,WORKLOAD_STEP
2026-07-09 20:33:22.121886800+05:30,48.0,29,22.9,2621.26,62.76,201,310,TRANSITION,40.0,29.0,WORKLOAD_STEP
2026-07-09 20:33:24.144015200+05:30,46.7,33,25.5,2641.34,62.88,201,310,TRANSITION,40.0,29.0,WORKLOAD_STEP
2026-07-09 20:33:26.161311600+05:30,40.7,32,24.5,2932.6,62.82,201,310,TRANSITION,40.0,29.0,WORKLOAD_STEP
2026-07-09 20:33:28.181778900+05:30,40.4,29,25.2,2771.9,62.82,201,310,TRANSITION,40.0,29.0,WORKLOAD_STEP
2026-07-09 20:33:30.204650100+05:30,40.7,30,25.1,3093.27,62.83,201,310,TRANSITION,40.0,29.0,WORKLOAD_STEP
2026-07-09 20:33:32.228155100+05:30,42.4,32,25.4,2721.69,62.83,201,310,TRANSITION,40.0,29.0,WORKLOAD_STEP
2026-07-09 20:33:34.249959900+05:30,43.0,30,24.7,2731.73,62.87,201,312,TRANSITION,40.0,29.0,WORKLOAD_STEP
2026-07-09 20:33:36.281630800+05:30,44.1,33,22.4,2771.89,62.87,202,312,TRANSITION,40.0,29.0,WORKLOAD_STEP
2026-07-09 20:33:38.308817900+05:30,42.9,30,23.3,2781.95,62.88,201,312,TRANSITION,40.0,29.0,WORKLOAD_STEP
2026-07-09 20:33:40.346946100+05:30,41.7,30,22.9,2812.08,62.87,200,312,TRANSITION,40.0,29.0,WORKLOAD_STEP
2026-07-09 20:33:42.375107500+05:30,48.3,30,25.1,2751.82,62.95,200,311,TRANSITION,40.0,29.0,WORKLOAD_STEP
2026-07-09 20:33:44.405628800+05:30,40.8,32,24.0,2751.81,62.93,202,311,TRANSITION,40.0,29.0,WORKLOAD_STEP
2026-07-09 20:33:46.432325+05:30,42.6,32,24.3,2651.4,62.95,199,311,TRANSITION,40.0,29.0,WORKLOAD_STEP
2026-07-09 20:33:48.462126400+05:30,40.6,30,25.1,2832.16,62.95,199,311,TRANSITION,40.0,29.0,WORKLOAD_STEP
2026-07-09 20:33:50.486046200+05:30,43.0,32,22.0,2842.2,62.95,199,311,TRANSITION,40.0,29.0,WORKLOAD_STEP
2026-07-09 20:33:52.516433100+05:30,41.6,32,24.5,2631.32,62.95,199,311,TRANSITION,40.0,29.0,WORKLOAD_STEP
2026-07-09 20:33:54.545519700+05:30,42.3,26,24.0,2530.88,62.94,199,310,TRANSITION,40.0,29.0,WORKLOAD_STEP
2026-07-09 20:33:56.569959500+05:30,40.3,32,21.9,2802.03,62.91,199,310,TRANSITION,40.0,29.0,WORKLOAD_STEP
2026-07-09 20:33:58.593915700+05:30,40.1,32,25.3,2671.47,62.95,199,310,TRANSITION,40.0,29.0,WORKLOAD_STEP
2026-07-09 20:34:00.619611900+05:30,41.6,29,21.8,2791.99,62.93,199,310,TRANSITION,40.0,29.0,WORKLOAD_STEP
2026-07-09 20:34:02.645327500+05:30,41.6,32,25.0,2882.37,62.94,199,310,TRANSITION,40.0,29.0,WORKLOAD_STEP
2026-07-09 20:34:04.670626+05:30,40.6,32,25.0,2701.61,62.92,199,310,TRANSITION,40.0,29.0,WORKLOAD_STEP
2026-07-09 20:34:06.695395500+05:30,39.7,29,22.4,2771.91,63.0,199,310,TRANSITION,40.0,29.0,WORKLOAD_STEP
2026-07-09 20:34:08.717964900+05:30,40.3,30,22.8,2681.53,62.94,199,310,TRANSITION,40.0,29.0,WORKLOAD_STEP
2026-07-09 20:34:10.743724200+05:30,42.3,30,24.8,2761.86,62.98,199,310,TRANSITION,40.0,29.0,WORKLOAD_STEP
2026-07-09 20:34:12.789753800+05:30,46.2,27,24.4,2802.04,63.02,197,310,TRANSITION,40.0,29.0,WORKLOAD_STEP
2026-07-09 20:34:14.819023100+05:30,40.8,32,22.2,2701.62,62.97,197,310,TRANSITION,40.0,29.0,WORKLOAD_STEP
2026-07-09 20:34:16.844776600+05:30,42.8,32,24.8,2711.64,62.97,197,310,TRANSITION,40.0,29.0,WORKLOAD_STEP
2026-07-09 20:34:18.871086100+05:30,40.2,30,23.4,2701.61,62.97,197,310,TRANSITION,40.0,29.0,WORKLOAD_STEP
2026-07-09 20:34:20.896090300+05:30,42.9,29,22.6,2822.12,62.96,197,310,TRANSITION,40.0,29.0,WORKLOAD_STEP
2026-07-09 20:34:22.918274100+05:30,40.6,32,22.7,2631.31,62.97,197,310,TRANSITION,40.0,29.0,WORKLOAD_STEP
2026-07-09 20:34:24.941508600+05:30,43.0,29,23.1,2902.46,62.97,197,310,TRANSITION,40.0,29.0,WORKLOAD_STEP
2026-07-09 20:34:26.966689400+05:30,43.5,30,24.6,2902.46,62.97,197,310,TRANSITION,40.0,29.0,WORKLOAD_STEP
2026-07-09 20:34:28.987480200+05:30,47.2,30,22.2,2741.77,62.96,197,310,TRANSITION,40.0,29.0,WORKLOAD_STEP
2026-07-09 20:34:31.012967600+05:30,42.5,32,24.8,2912.5,62.96,200,310,TRANSITION,40.0,29.0,WORKLOAD_STEP
2026-07-09 20:34:33.048564500+05:30,42.8,29,23.7,2822.12,62.96,200,309,TRANSITION,40.0,29.0,WORKLOAD_STEP
2026-07-09 20:34:35.072991200+05:30,40.8,32,23.1,2631.31,62.92,200,309,TRANSITION,40.0,29.0,WORKLOAD_STEP
2026-07-09 20:34:37.101562100+05:30,42.8,29,23.5,2651.4,62.93,197,309,TRANSITION,40.0,29.0,WORKLOAD_STEP
2026-07-09 20:34:39.130259400+05:30,40.5,30,20.9,2791.99,62.91,197,309,TRANSITION,40.0,29.0,WORKLOAD_STEP
2026-07-09 20:34:41.153542400+05:30,42.6,30,24.2,2962.7,62.93,197,309,TRANSITION,40.0,29.0,WORKLOAD_STEP
2026-07-09 20:34:43.191123900+05:30,47.8,29,23.5,2761.86,62.94,202,309,TRANSITION,40.0,29.0,WORKLOAD_STEP
2026-07-09 20:34:45.217803100+05:30,45.4,34,23.0,2972.76,62.95,202,309,TRANSITION,40.0,29.0,WORKLOAD_STEP
2026-07-09 20:34:47.257650700+05:30,42.0,27,22.8,2862.38,62.94,202,309,TRANSITION,40.0,29.0,WORKLOAD_STEP
2026-07-09 20:34:49.280224+05:30,42.3,32,22.4,2299.89,63.0,202,309,TRANSITION,40.0,29.0,WORKLOAD_STEP
2026-07-09 20:34:51.316996300+05:30,42.0,29,23.6,2731.74,62.93,202,309,TRANSITION,40.0,29.0,WORKLOAD_STEP
2026-07-09 20:34:53.340393100+05:30,40.9,32,22.2,2601.18,62.95,202,309,TRANSITION,40.0,29.0,WORKLOAD_STEP
2026-07-09 20:34:55.366734700+05:30,40.6,34,21.9,2621.27,62.95,202,309,TRANSITION,40.0,29.0,WORKLOAD_STEP
2026-07-09 20:34:57.395828+05:30,41.4,32,23.8,2892.41,62.94,202,309,TRANSITION,40.0,29.0,WORKLOAD_STEP
2026-07-09 20:34:59.418541400+05:30,40.9,33,23.5,2701.61,62.95,202,309,TRANSITION,40.0,29.0,WORKLOAD_STEP
2026-07-09 20:35:01.443971600+05:30,41.9,32,24.1,2751.82,62.93,202,309,TRANSITION,40.0,29.0,WORKLOAD_STEP
2026-07-09 20:35:03.471537700+05:30,40.7,32,24.4,2731.73,62.92,203,309,TRANSITION,40.0,29.0,WORKLOAD_STEP
2026-07-09 20:35:05.494199+05:30,40.7,34,21.0,2661.44,62.95,203,309,TRANSITION,40.0,29.0,WORKLOAD_STEP
2026-07-09 20:35:07.518133100+05:30,40.5,30,22.4,2631.31,62.93,203,309,TRANSITION,40.0,29.0,WORKLOAD_STEP
2026-07-09 20:35:09.545706800+05:30,40.7,32,20.2,2661.44,62.95,203,309,TRANSITION,40.0,29.0,WORKLOAD_STEP
2026-07-09 20:35:11.569926400+05:30,44.4,34,22.0,2711.64,63.19,203,311,TRANSITION,40.0,29.0,WORKLOAD_STEP
2026-07-09 20:35:13.597651600+05:30,49.0,32,23.2,2701.58,62.95,203,309,TRANSITION,40.0,29.0,WORKLOAD_STEP
2026-07-09 20:35:15.625787400+05:30,43.0,30,23.6,2681.52,63.0,203,309,TRANSITION,40.0,29.0,WORKLOAD_STEP
2026-07-09 20:35:17.653732800+05:30,39.8,32,21.6,2912.5,62.98,203,309,TRANSITION,40.0,29.0,WORKLOAD_STEP
2026-07-09 20:35:19.681239600+05:30,42.6,32,23.2,2822.11,62.99,203,309,TRANSITION,40.0,29.0,WORKLOAD_STEP
2026-07-09 20:35:21.723670+05:30,40.9,32,22.8,2751.82,62.96,203,309,TRANSITION,40.0,29.0,WORKLOAD_STEP
2026-07-09 20:35:23.751854400+05:30,42.5,33,23.6,2832.17,62.99,203,309,TRANSITION,40.0,29.0,WORKLOAD_STEP
2026-07-09 20:35:25.777199800+05:30,42.1,34,25.2,2701.6,62.98,203,309,TRANSITION,40.0,29.0,WORKLOAD_STEP
2026-07-09 20:35:27.801030400+05:30,41.5,32,22.7,2641.35,62.97,203,309,TRANSITION,40.0,29.0,WORKLOAD_STEP
2026-07-09 20:35:29.825345100+05:30,41.2,32,25.7,2721.7,62.95,203,309,TRANSITION,40.0,29.0,WORKLOAD_STEP
2026-07-09 20:35:31.850075500+05:30,44.3,30,23.8,2701.59,62.99,203,309,TRANSITION,40.0,29.0,WORKLOAD_STEP
2026-07-09 20:35:33.876048400+05:30,45.0,33,23.6,2751.8,62.94,203,309,TRANSITION,40.0,29.0,WORKLOAD_STEP
2026-07-09 20:35:35.902165600+05:30,46.9,30,23.9,2922.54,62.87,203,309,TRANSITION,40.0,29.0,WORKLOAD_STEP
2026-07-09 20:35:37.926239900+05:30,42.2,32,23.5,2731.73,62.89,203,309,TRANSITION,40.0,29.0,WORKLOAD_STEP
2026-07-09 20:35:39.953746600+05:30,40.7,30,24.6,2792.0,62.91,203,309,TRANSITION,40.0,29.0,WORKLOAD_STEP
2026-07-09 20:35:41.979355200+05:30,45.0,32,25.2,2741.77,62.94,203,309,TRANSITION,40.0,29.0,WORKLOAD_STEP
2026-07-09 20:35:44.004821+05:30,40.3,32,22.9,2822.12,62.89,203,309,TRANSITION,40.0,29.0,WORKLOAD_STEP
2026-07-09 20:35:46.028860900+05:30,40.6,32,24.0,2842.21,62.97,203,309,TRANSITION,40.0,29.0,WORKLOAD_STEP
2026-07-09 20:35:48.056801400+05:30,46.6,32,21.8,2540.91,62.9,203,309,TRANSITION,40.0,29.0,WORKLOAD_STEP
2026-07-09 20:35:50.084079800+05:30,45.1,33,21.6,2721.67,62.9,203,309,TRANSITION,40.0,29.0,WORKLOAD_STEP
2026-07-09 20:35:52.109443100+05:30,42.4,30,23.8,2741.78,62.9,203,309,TRANSITION,40.0,29.0,WORKLOAD_STEP
2026-07-09 20:35:54.152991200+05:30,43.8,33,22.9,2731.74,62.9,203,309,TRANSITION,40.0,29.0,WORKLOAD_STEP
2026-07-09 20:35:56.181043+05:30,67.8,32,26.0,2550.94,62.9,203,309,TRANSITION,90.0,30.0,WORKLOAD_STEP
2026-07-09 20:35:58.221987900+05:30,89.9,32,25.6,2530.86,62.9,203,309,TRANSITION,90.0,30.0,WORKLOAD_STEP
2026-07-09 20:36:00.252229800+05:30,89.0,32,23.8,2410.35,62.91,203,309,TRANSITION,90.0,30.0,WORKLOAD_STEP
2026-07-09 20:36:02.308519300+05:30,91.6,34,26.8,2520.81,62.91,203,309,TRANSITION,90.0,30.0,WORKLOAD_STEP
2026-07-09 20:36:04.338963200+05:30,90.1,32,24.9,2510.76,62.9,203,309,TRANSITION,90.0,30.0,WORKLOAD_STEP
2026-07-09 20:36:06.366143100+05:30,89.8,33,24.5,2550.94,62.91,203,309,TRANSITION,90.0,30.0,WORKLOAD_STEP
2026-07-09 20:36:08.401021200+05:30,92.1,34,25.3,2540.89,62.98,203,310,TRANSITION,90.0,30.0,WORKLOAD_STEP
2026-07-09 20:36:10.432797400+05:30,89.7,32,23.8,2520.8,63.0,203,310,TRANSITION,90.0,30.0,WORKLOAD_STEP
2026-07-09 20:36:12.464032600+05:30,94.8,34,24.2,2490.69,62.96,203,310,TRANSITION,90.0,30.0,WORKLOAD_STEP
2026-07-09 20:36:14.495145400+05:30,90.8,34,22.8,2560.97,63.03,203,310,TRANSITION,90.0,30.0,WORKLOAD_STEP
2026-07-09 20:36:16.522866500+05:30,90.6,32,25.7,2520.82,63.02,203,310,TRANSITION,90.0,30.0,WORKLOAD_STEP
2026-07-09 20:36:18.551482600+05:30,91.7,33,24.8,2560.97,63.03,203,310,TRANSITION,90.0,30.0,WORKLOAD_STEP
2026-07-09 20:36:20.590199800+05:30,90.7,33,23.5,2520.81,63.02,203,310,TRANSITION,90.0,30.0,WORKLOAD_STEP
2026-07-09 20:36:22.620286+05:30,90.6,33,23.0,2540.89,63.1,206,310,TRANSITION,90.0,30.0,WORKLOAD_STEP
2026-07-09 20:36:24.650035+05:30,91.4,32,25.3,2581.08,63.02,206,310,TRANSITION,90.0,30.0,WORKLOAD_STEP
2026-07-09 20:36:26.679089400+05:30,93.3,32,23.2,2591.11,63.03,206,310,TRANSITION,90.0,30.0,WORKLOAD_STEP
2026-07-09 20:36:28.733741100+05:30,92.3,33,22.6,2490.67,63.04,207,310,TRANSITION,90.0,30.0,WORKLOAD_STEP
2026-07-09 20:36:30.781501300+05:30,90.4,33,25.2,2520.8,63.04,209,310,TRANSITION,90.0,30.0,WORKLOAD_STEP
2026-07-09 20:36:32.810184200+05:30,91.8,33,25.2,2550.94,63.05,209,310,TRANSITION,90.0,30.0,WORKLOAD_STEP
2026-07-09 20:36:34.839154700+05:30,90.6,32,24.3,2560.99,63.03,209,309,TRANSITION,90.0,30.0,WORKLOAD_STEP
2026-07-09 20:36:36.868885700+05:30,93.9,33,24.1,2500.71,63.03,206,309,TRANSITION,90.0,30.0,WORKLOAD_STEP
2026-07-09 20:36:38.898689700+05:30,89.5,34,27.1,2530.85,63.03,206,309,TRANSITION,90.0,31.0,WORKLOAD_STEP
2026-07-09 20:36:40.942596800+05:30,90.9,29,25.8,2400.3,63.03,206,309,TRANSITION,90.0,31.0,WORKLOAD_STEP
2026-07-09 20:36:43.005246300+05:30,93.0,32,23.0,2510.77,63.07,206,309,TRANSITION,90.0,31.0,WORKLOAD_STEP
2026-07-09 20:36:45.033584200+05:30,92.6,32,25.3,2540.89,63.04,206,309,TRANSITION,90.0,31.0,WORKLOAD_STEP
2026-07-09 20:36:47.064523100+05:30,89.5,32,24.5,2520.81,63.05,206,309,TRANSITION,90.0,31.0,WORKLOAD_STEP
2026-07-09 20:36:49.101445600+05:30,91.8,34,25.3,2550.94,63.05,206,309,TRANSITION,90.0,31.0,WORKLOAD_STEP
2026-07-09 20:36:51.163910900+05:30,89.8,32,23.4,2500.71,63.05,204,309,TRANSITION,90.0,31.0,WORKLOAD_STEP
2026-07-09 20:36:53.190066700+05:30,91.2,34,25.3,2540.89,63.06,204,309,TRANSITION,90.0,31.0,WORKLOAD_STEP
2026-07-09 20:36:55.220301100+05:30,91.7,33,25.3,2510.77,63.05,204,309,TRANSITION,90.0,31.0,WORKLOAD_STEP
2026-07-09 20:36:57.248746200+05:30,93.9,32,25.8,2510.77,63.05,204,309,TRANSITION,90.0,31.0,WORKLOAD_STEP
2026-07-09 20:36:59.290741500+05:30,91.1,33,23.6,2601.16,63.05,204,309,TRANSITION,90.0,31.0,WORKLOAD_STEP
2026-07-09 20:37:01.353889700+05:30,91.4,34,24.4,2571.02,63.06,204,309,TRANSITION,90.0,31.0,WORKLOAD_STEP
2026-07-09 20:37:03.389108900+05:30,90.5,32,25.4,2530.85,63.05,204,309,TRANSITION,90.0,31.0,WORKLOAD_STEP
2026-07-09 20:37:05.419300200+05:30,91.7,34,23.1,2591.1,63.06,204,309,TRANSITION,90.0,31.0,WORKLOAD_STEP
2026-07-09 20:37:07.457601+05:30,91.5,32,23.2,2490.67,62.96,204,308,TRANSITION,90.0,31.0,WORKLOAD_STEP
2026-07-09 20:37:09.490163100+05:30,90.8,32,23.5,2540.89,63.0,204,308,TRANSITION,90.0,31.0,WORKLOAD_STEP
2026-07-09 20:37:11.523498300+05:30,90.1,33,23.8,2500.73,63.08,204,310,TRANSITION,90.0,31.0,WORKLOAD_STEP
2026-07-09 20:37:13.555612300+05:30,91.1,30,23.9,2500.72,63.07,204,308,TRANSITION,90.0,31.0,WORKLOAD_STEP
2026-07-09 20:37:15.592125200+05:30,90.2,32,24.7,2540.9,63.0,204,308,TRANSITION,90.0,31.0,WORKLOAD_STEP
2026-07-09 20:37:17.622141800+05:30,90.2,33,24.0,2490.68,62.99,204,308,TRANSITION,90.0,31.0,WORKLOAD_STEP
2026-07-09 20:37:19.652896900+05:30,91.3,33,26.0,2480.64,62.99,205,308,TRANSITION,90.0,31.0,WORKLOAD_STEP
2026-07-09 20:37:21.683505800+05:30,91.0,32,24.9,2490.67,62.99,205,308,TRANSITION,90.0,31.0,WORKLOAD_STEP
2026-07-09 20:37:23.715989100+05:30,90.5,33,25.6,2520.81,62.98,205,308,TRANSITION,90.0,31.0,WORKLOAD_STEP
2026-07-09 20:37:25.750221400+05:30,90.0,32,23.7,2540.89,62.99,205,308,TRANSITION,90.0,31.0,WORKLOAD_STEP
2026-07-09 20:37:27.785587600+05:30,91.8,33,25.2,2480.64,62.99,205,308,TRANSITION,90.0,31.0,WORKLOAD_STEP
2026-07-09 20:37:29.815862600+05:30,90.4,32,24.6,2510.77,63.0,205,308,TRANSITION,90.0,31.0,WORKLOAD_STEP
2026-07-09 20:37:31.845431400+05:30,92.8,33,25.1,2611.19,62.99,205,308,TRANSITION,90.0,31.0,WORKLOAD_STEP
2026-07-09 20:37:33.880915+05:30,92.6,32,24.5,2540.89,62.99,205,308,TRANSITION,90.0,31.0,WORKLOAD_STEP
2026-07-09 20:37:35.933100600+05:30,91.2,32,23.7,2550.93,62.99,205,308,TRANSITION,90.0,31.0,WORKLOAD_STEP
2026-07-09 20:37:37.963796200+05:30,90.2,32,24.4,2571.03,62.99,205,308,TRANSITION,90.0,31.0,WORKLOAD_STEP
2026-07-09 20:37:40.000278800+05:30,97.1,33,24.9,2560.99,63.14,205,308,TRANSITION,90.0,31.0,WORKLOAD_STEP
2026-07-09 20:37:42.033923400+05:30,90.8,34,24.2,2460.55,63.38,204,310,TRANSITION,90.0,31.0,WORKLOAD_STEP
2026-07-09 20:37:44.064626800+05:30,92.0,32,22.8,2470.61,63.18,204,308,TRANSITION,90.0,31.0,WORKLOAD_STEP
2026-07-09 20:37:46.095156800+05:30,80.8,39,19.6,2319.96,63.17,204,308,TRANSITION,40.0,32.0,WORKLOAD_STEP
2026-07-09 20:37:48.128037900+05:30,41.9,24,18.9,2661.42,63.17,204,308,TRANSITION,40.0,32.0,WORKLOAD_STEP
2026-07-09 20:37:50.156196700+05:30,44.1,36,22.1,2711.64,63.14,204,308,TRANSITION,40.0,32.0,WORKLOAD_STEP
2026-07-09 20:37:52.184397200+05:30,39.9,36,21.4,3022.97,63.17,204,308,TRANSITION,40.0,32.0,WORKLOAD_STEP
2026-07-09 20:37:54.215165900+05:30,40.7,37,20.5,2852.23,63.16,204,308,TRANSITION,40.0,32.0,WORKLOAD_STEP
2026-07-09 20:37:56.245103100+05:30,42.2,27,22.4,2802.04,63.16,204,308,TRANSITION,40.0,32.0,WORKLOAD_STEP
2026-07-09 20:37:58.274861600+05:30,40.4,30,23.9,2520.84,63.13,204,308,TRANSITION,40.0,32.0,WORKLOAD_STEP
2026-07-09 20:38:00.298696500+05:30,41.5,24,23.9,2791.99,63.17,204,308,TRANSITION,40.0,32.0,WORKLOAD_STEP
2026-07-09 20:38:02.320463200+05:30,43.5,34,22.7,2641.33,63.15,204,308,TRANSITION,40.0,32.0,WORKLOAD_STEP
2026-07-09 20:38:04.344599+05:30,42.7,22,22.8,2942.63,63.23,204,308,TRANSITION,40.0,32.0,WORKLOAD_STEP
2026-07-09 20:38:06.369223400+05:30,42.8,29,23.3,2701.6,63.16,204,308,TRANSITION,40.0,32.0,WORKLOAD_STEP
2026-07-09 20:38:08.406237800+05:30,41.8,33,23.4,2601.18,63.15,204,308,TRANSITION,40.0,32.0,WORKLOAD_STEP
2026-07-09 20:38:10.427887100+05:30,43.1,33,23.5,2711.64,63.14,204,308,TRANSITION,40.0,32.0,WORKLOAD_STEP
2026-07-09 20:38:12.460691400+05:30,44.8,29,22.0,2751.81,63.08,204,307,TRANSITION,40.0,32.0,WORKLOAD_STEP
2026-07-09 20:38:14.485828200+05:30,42.5,36,21.7,2721.69,63.12,204,307,TRANSITION,40.0,32.0,WORKLOAD_STEP
2026-07-09 20:38:16.512681100+05:30,42.7,29,22.7,2741.77,63.13,204,307,TRANSITION,40.0,32.0,WORKLOAD_STEP
2026-07-09 20:38:18.536323300+05:30,42.8,30,23.0,2892.41,63.13,204,307,TRANSITION,40.0,32.0,WORKLOAD_STEP
2026-07-09 20:38:20.561022600+05:30,44.4,34,22.9,2771.89,63.13,204,307,TRANSITION,40.0,32.0,WORKLOAD_STEP
2026-07-09 20:38:22.584265900+05:30,43.0,30,22.4,2500.74,63.12,204,307,TRANSITION,40.0,32.0,WORKLOAD_STEP
2026-07-09 20:38:24.608344600+05:30,41.5,33,22.5,2681.51,63.13,204,307,TRANSITION,40.0,32.0,WORKLOAD_STEP
2026-07-09 20:38:26.633519400+05:30,41.7,27,24.0,2540.91,63.11,204,307,TRANSITION,40.0,32.0,WORKLOAD_STEP
2026-07-09 20:38:28.660776+05:30,40.5,32,23.5,2882.37,63.13,205,307,TRANSITION,40.0,32.0,WORKLOAD_STEP
2026-07-09 20:38:30.736410900+05:30,42.8,32,23.2,2882.38,63.13,207,307,TRANSITION,40.0,32.0,WORKLOAD_STEP
2026-07-09 20:38:32.760008200+05:30,43.7,32,22.4,2731.72,63.13,208,307,TRANSITION,40.0,32.0,WORKLOAD_STEP
2026-07-09 20:38:34.781402+05:30,42.4,33,23.0,2822.12,63.12,208,307,TRANSITION,40.0,32.0,WORKLOAD_STEP
2026-07-09 20:38:36.810666300+05:30,43.2,32,23.1,2671.49,63.1,205,307,TRANSITION,40.0,32.0,WORKLOAD_STEP
2026-07-09 20:38:38.834676200+05:30,46.3,34,25.0,2621.26,63.4,205,312,TRANSITION,40.0,32.0,WORKLOAD_STEP
2026-07-09 20:38:40.863286800+05:30,42.3,33,22.4,2701.6,63.45,207,310,TRANSITION,40.0,32.0,WORKLOAD_STEP
2026-07-09 20:38:42.908717100+05:30,44.2,32,22.5,2671.49,63.48,207,310,TRANSITION,40.0,32.0,WORKLOAD_STEP
2026-07-09 20:38:44.939296600+05:30,40.0,30,24.3,2842.2,63.46,207,310,TRANSITION,40.0,32.0,WORKLOAD_STEP
2026-07-09 20:38:46.971449400+05:30,41.0,32,24.0,2791.99,63.46,207,310,TRANSITION,40.0,32.0,WORKLOAD_STEP
2026-07-09 20:38:48.996515200+05:30,40.8,32,23.2,2520.83,63.45,207,310,TRANSITION,40.0,32.0,WORKLOAD_STEP
2026-07-09 20:38:51.019258+05:30,40.8,32,22.4,2982.79,63.43,206,310,TRANSITION,40.0,32.0,WORKLOAD_STEP
2026-07-09 20:38:53.047220700+05:30,45.2,29,22.5,2751.83,63.45,206,310,TRANSITION,40.0,32.0,WORKLOAD_STEP
2026-07-09 20:38:55.070559300+05:30,44.8,34,22.3,2912.49,63.44,206,310,TRANSITION,40.0,32.0,WORKLOAD_STEP
2026-07-09 20:38:57.098374500+05:30,41.9,33,22.8,2591.13,63.44,206,310,TRANSITION,40.0,32.0,WORKLOAD_STEP
2026-07-09 20:38:59.126386400+05:30,40.3,32,23.8,2751.82,63.43,206,310,TRANSITION,40.0,32.0,WORKLOAD_STEP
2026-07-09 20:39:01.148085700+05:30,41.2,34,23.7,2922.54,63.43,208,310,TRANSITION,40.0,32.0,WORKLOAD_STEP
2026-07-09 20:39:03.174167200+05:30,40.7,30,21.5,2661.42,63.44,208,310,TRANSITION,40.0,32.0,WORKLOAD_STEP
2026-07-09 20:39:05.202441900+05:30,42.3,34,21.8,2862.28,63.43,208,310,TRANSITION,40.0,32.0,WORKLOAD_STEP
2026-07-09 20:39:07.231320600+05:30,41.0,34,23.3,2711.66,63.44,208,310,TRANSITION,40.0,32.0,WORKLOAD_STEP
2026-07-09 20:39:09.261953900+05:30,46.3,33,25.8,2791.99,63.42,208,310,TRANSITION,40.0,32.0,WORKLOAD_STEP
2026-07-09 20:39:11.286370700+05:30,42.8,32,22.9,2852.24,63.4,208,312,TRANSITION,40.0,32.0,WORKLOAD_STEP
2026-07-09 20:39:13.317712400+05:30,43.3,33,23.3,2611.21,63.45,208,310,TRANSITION,40.0,32.0,WORKLOAD_STEP
2026-07-09 20:39:15.343207500+05:30,40.5,32,23.2,2681.52,63.43,208,310,TRANSITION,40.0,32.0,WORKLOAD_STEP
2026-07-09 20:39:17.383551600+05:30,42.9,32,23.0,2812.06,63.43,208,310,TRANSITION,40.0,32.0,WORKLOAD_STEP
2026-07-09 20:39:19.407094400+05:30,41.2,30,23.6,2661.44,63.42,208,310,TRANSITION,40.0,32.0,WORKLOAD_STEP
2026-07-09 20:39:21.434238800+05:30,40.4,33,22.0,2450.53,63.44,208,310,TRANSITION,40.0,32.0,WORKLOAD_STEP
2026-07-09 20:39:23.464491600+05:30,40.0,27,23.8,2751.81,63.43,208,310,TRANSITION,40.0,32.0,WORKLOAD_STEP
2026-07-09 20:39:25.487487900+05:30,40.2,30,24.9,2802.04,63.43,208,310,TRANSITION,40.0,32.0,WORKLOAD_STEP
2026-07-09 20:39:27.513405900+05:30,40.4,32,25.4,2802.03,63.42,208,310,TRANSITION,40.0,32.0,WORKLOAD_STEP
2026-07-09 20:39:29.537381100+05:30,39.9,30,22.3,2832.17,63.43,206,310,TRANSITION,40.0,32.0,WORKLOAD_STEP
2026-07-09 20:39:31.565271500+05:30,40.6,29,23.4,2882.38,63.4,206,310,TRANSITION,40.0,32.0,WORKLOAD_STEP
2026-07-09 20:39:33.592357400+05:30,40.9,27,22.8,2701.6,63.38,206,310,TRANSITION,40.0,32.0,WORKLOAD_STEP
2026-07-09 20:39:35.621791+05:30,40.2,29,22.9,2882.37,63.43,206,310,TRANSITION,40.0,32.0,WORKLOAD_STEP
2026-07-09 20:39:37.650057+05:30,41.2,32,22.7,2721.7,63.42,206,310,TRANSITION,40.0,32.0,WORKLOAD_STEP
2026-07-09 20:39:39.673241+05:30,43.1,29,24.9,2832.15,63.41,206,310,TRANSITION,40.0,32.0,WORKLOAD_STEP
2026-07-09 20:39:41.703836700+05:30,41.1,27,25.0,2771.91,63.4,204,311,TRANSITION,40.0,32.0,WORKLOAD_STEP
2026-07-09 20:39:43.727057600+05:30,43.7,30,24.8,2731.73,63.19,204,309,TRANSITION,40.0,32.0,WORKLOAD_STEP
2026-07-09 20:39:45.750666800+05:30,42.8,30,21.8,2731.73,63.19,204,309,TRANSITION,40.0,32.0,WORKLOAD_STEP
2026-07-09 20:39:47.779115800+05:30,44.0,24,24.1,2862.28,63.18,203,309,TRANSITION,40.0,32.0,WORKLOAD_STEP
2026-07-09 20:39:49.822398100+05:30,41.0,32,24.2,2721.7,63.19,203,309,TRANSITION,40.0,32.0,WORKLOAD_STEP
2026-07-09 20:39:51.848598100+05:30,43.1,33,24.7,2701.61,63.2,203,309,TRANSITION,40.0,32.0,WORKLOAD_STEP
2026-07-09 20:39:53.875785200+05:30,40.7,32,22.1,2691.57,63.19,203,309,TRANSITION,40.0,32.0,WORKLOAD_STEP
2026-07-09 20:39:55.905728+05:30,41.7,30,24.4,2832.17,63.21,203,309,TRANSITION,40.0,32.0,WORKLOAD_STEP
2026-07-09 20:39:57.928724200+05:30,42.4,30,23.4,2781.96,63.2,203,309,TRANSITION,40.0,32.0,WORKLOAD_STEP
2026-07-09 20:39:59.957720400+05:30,42.8,27,24.3,2591.11,63.21,203,309,TRANSITION,40.0,32.0,WORKLOAD_STEP
2026-07-09 20:40:01.984370500+05:30,45.7,29,23.5,2651.39,63.2,203,309,TRANSITION,40.0,32.0,WORKLOAD_STEP
2026-07-09 20:40:04.011436500+05:30,45.1,24,22.6,2591.14,63.18,203,309,TRANSITION,40.0,32.0,WORKLOAD_STEP
2026-07-09 20:40:06.034632300+05:30,40.7,32,21.6,2802.03,63.19,203,309,TRANSITION,40.0,32.0,WORKLOAD_STEP
2026-07-09 20:40:08.057739800+05:30,52.1,33,25.9,2872.33,63.35,203,315,TRANSITION,40.0,32.0,WORKLOAD_STEP
2026-07-09 20:40:10.085707900+05:30,41.3,29,22.9,2631.31,63.31,203,315,TRANSITION,40.0,32.0,WORKLOAD_STEP
2026-07-09 20:40:12.109628800+05:30,41.3,30,23.7,2892.42,63.38,202,312,TRANSITION,40.0,32.0,WORKLOAD_STEP
2026-07-09 20:40:14.132099900+05:30,43.3,27,21.8,2822.11,63.29,202,312,TRANSITION,40.0,32.0,WORKLOAD_STEP
2026-07-09 20:40:16.153068400+05:30,44.9,32,22.5,2771.9,63.28,203,312,TRANSITION,40.0,32.0,WORKLOAD_STEP
2026-07-09 20:40:18.183681400+05:30,40.2,29,23.3,2882.37,63.29,202,312,TRANSITION,40.0,32.0,WORKLOAD_STEP
2026-07-09 20:40:20.217074600+05:30,40.4,32,23.1,2631.33,63.27,202,312,TRANSITION,40.0,32.0,WORKLOAD_STEP
2026-07-09 20:40:22.247252500+05:30,40.4,29,24.3,2781.96,63.19,202,308,TRANSITION,40.0,32.0,WORKLOAD_STEP
2026-07-09 20:40:24.287570300+05:30,40.9,32,24.4,2771.91,63.2,202,308,TRANSITION,40.0,32.0,WORKLOAD_STEP
2026-07-09 20:40:26.312766100+05:30,41.8,27,22.3,2802.04,63.2,202,308,TRANSITION,40.0,32.0,WORKLOAD_STEP
2026-07-09 20:40:28.335930500+05:30,40.9,24,21.3,2641.36,63.2,205,308,TRANSITION,40.0,32.0,WORKLOAD_STEP
2026-07-09 20:40:30.359786200+05:30,40.5,32,24.0,2771.91,63.2,203,308,TRANSITION,40.0,32.0,WORKLOAD_STEP
2026-07-09 20:40:32.383681300+05:30,40.9,30,22.2,2731.73,63.21,207,308,TRANSITION,40.0,32.0,WORKLOAD_STEP
2026-07-09 20:40:34.406841400+05:30,41.7,32,23.3,2902.46,63.19,207,308,TRANSITION,40.0,32.0,WORKLOAD_STEP
2026-07-09 20:40:36.431635400+05:30,43.1,27,22.6,2902.46,63.21,204,308,TRANSITION,40.0,32.0,WORKLOAD_STEP
2026-07-09 20:40:38.454621400+05:30,43.3,29,22.4,2731.73,63.21,204,308,TRANSITION,40.0,32.0,WORKLOAD_STEP
2026-07-09 20:40:40.478553300+05:30,41.8,27,22.4,2721.67,63.2,204,308,TRANSITION,40.0,32.0,WORKLOAD_STEP
2026-07-09 20:40:42.500889900+05:30,46.9,32,24.8,2571.06,63.19,204,308,TRANSITION,40.0,32.0,WORKLOAD_STEP
2026-07-09 20:40:44.528400600+05:30,41.2,27,23.7,2812.07,63.2,204,308,TRANSITION,40.0,32.0,WORKLOAD_STEP
2026-07-09 20:40:46.557772800+05:30,40.8,27,23.0,2771.92,63.21,204,308,TRANSITION,40.0,32.0,WORKLOAD_STEP
2026-07-09 20:40:48.584819700+05:30,40.2,27,21.9,2701.62,63.19,204,308,TRANSITION,40.0,32.0,WORKLOAD_STEP
2026-07-09 20:40:50.612990500+05:30,41.3,27,23.3,2842.21,63.22,204,308,TRANSITION,40.0,32.0,WORKLOAD_STEP
2026-07-09 20:40:52.638427900+05:30,40.9,33,22.9,2882.37,63.18,204,308,TRANSITION,40.0,32.0,WORKLOAD_STEP
2026-07-09 20:40:54.662846100+05:30,40.7,29,22.5,2791.99,63.25,204,308,TRANSITION,40.0,32.0,WORKLOAD_STEP
2026-07-09 20:40:56.703414300+05:30,41.1,33,22.9,2711.65,63.18,204,308,TRANSITION,40.0,32.0,WORKLOAD_STEP
2026-07-09 20:40:58.726581+05:30,40.8,33,21.5,2711.65,63.19,204,308,TRANSITION,40.0,32.0,WORKLOAD_STEP
2026-07-09 20:41:00.748651700+05:30,40.5,32,23.2,2701.59,63.2,204,308,TRANSITION,40.0,32.0,WORKLOAD_STEP
2026-07-09 20:41:02.773423100+05:30,40.5,30,21.0,2812.07,63.18,204,308,TRANSITION,40.0,32.0,WORKLOAD_STEP
2026-07-09 20:41:04.801505100+05:30,60.3,33,23.4,2350.08,63.18,204,308,TRANSITION,80.0,33.0,WORKLOAD_STEP
2026-07-09 20:41:06.827191900+05:30,81.8,32,25.4,2571.03,63.18,205,308,TRANSITION,80.0,33.0,WORKLOAD_STEP
2026-07-09 20:41:08.878942800+05:30,83.1,33,24.7,2641.35,63.18,205,308,TRANSITION,80.0,33.0,WORKLOAD_STEP
2026-07-09 20:41:10.908942400+05:30,80.5,34,23.1,2681.51,63.18,205,308,TRANSITION,80.0,33.0,WORKLOAD_STEP
2026-07-09 20:41:12.940914300+05:30,85.2,30,24.9,2500.73,63.19,205,308,TRANSITION,80.0,33.0,WORKLOAD_STEP
2026-07-09 20:41:14.967235700+05:30,80.5,32,23.6,2500.72,63.19,205,308,TRANSITION,80.0,33.0,WORKLOAD_STEP
2026-07-09 20:41:16.994363600+05:30,82.1,32,24.0,2571.03,63.18,205,308,TRANSITION,80.0,33.0,WORKLOAD_STEP
2026-07-09 20:41:19.028766300+05:30,85.6,33,23.4,2591.1,63.67,207,308,TRANSITION,80.0,33.0,WORKLOAD_STEP
2026-07-09 20:41:21.062137100+05:30,83.4,34,25.0,2550.93,63.66,207,308,TRANSITION,80.0,33.0,WORKLOAD_STEP
2026-07-09 20:41:23.096695600+05:30,82.7,33,25.5,2581.06,63.65,207,308,TRANSITION,80.0,33.0,WORKLOAD_STEP
2026-07-09 20:41:25.125531900+05:30,82.7,30,23.3,2560.98,63.66,207,308,TRANSITION,80.0,33.0,WORKLOAD_STEP
2026-07-09 20:41:27.156981100+05:30,80.1,32,23.5,2631.28,63.66,207,308,TRANSITION,80.0,33.0,WORKLOAD_STEP
2026-07-09 20:41:29.190736200+05:30,82.7,32,25.8,2571.01,63.65,209,308,TRANSITION,80.0,33.0,WORKLOAD_STEP
2026-07-09 20:41:31.241445500+05:30,80.6,34,23.1,2601.16,63.66,209,308,TRANSITION,80.0,33.0,WORKLOAD_STEP
2026-07-09 20:41:33.275619+05:30,79.8,34,24.4,2520.85,63.66,209,308,TRANSITION,80.0,33.0,WORKLOAD_STEP
2026-07-09 20:41:35.304333200+05:30,81.2,32,25.2,2550.94,63.66,209,308,TRANSITION,80.0,33.0,WORKLOAD_STEP
2026-07-09 20:41:37.335249300+05:30,81.6,34,23.5,2591.12,63.66,209,308,TRANSITION,80.0,33.0,WORKLOAD_STEP
2026-07-09 20:41:39.368263+05:30,80.9,32,23.9,2611.2,63.66,209,308,TRANSITION,80.0,33.0,WORKLOAD_STEP
2026-07-09 20:41:41.396737700+05:30,81.3,33,25.1,2591.11,63.67,209,310,TRANSITION,80.0,33.0,WORKLOAD_STEP
2026-07-09 20:41:43.424011+05:30,83.7,33,24.8,2681.5,63.67,209,308,TRANSITION,80.0,33.0,WORKLOAD_STEP
2026-07-09 20:41:45.452952600+05:30,52.5,41,11.9,2330.01,63.67,211,308,TRANSITION,30.0,34.0,WORKLOAD_STEP
2026-07-09 20:41:47.472304900+05:30,31.5,40,10.9,2299.88,63.64,211,308,TRANSITION,30.0,34.0,WORKLOAD_STEP
2026-07-09 20:41:49.492274700+05:30,33.3,41,12.2,2520.83,63.62,211,308,TRANSITION,30.0,34.0,WORKLOAD_STEP
2026-07-09 20:41:51.511486600+05:30,32.0,42,12.3,2370.19,63.65,211,308,TRANSITION,30.0,34.0,WORKLOAD_STEP
2026-07-09 20:41:53.530878500+05:30,30.4,43,12.2,2711.64,63.66,211,308,TRANSITION,30.0,34.0,WORKLOAD_STEP
2026-07-09 20:41:55.553479500+05:30,33.1,41,15.2,2992.84,63.63,211,308,TRANSITION,30.0,34.0,WORKLOAD_STEP
2026-07-09 20:41:57.571745800+05:30,31.6,42,13.2,2219.52,63.64,211,308,TRANSITION,30.0,34.0,WORKLOAD_STEP
2026-07-09 20:41:59.591564500+05:30,32.9,40,16.0,2681.52,63.6,210,308,TRANSITION,30.0,34.0,WORKLOAD_STEP
2026-07-09 20:42:01.610691700+05:30,30.3,26,17.3,2992.85,63.64,210,308,TRANSITION,30.0,34.0,WORKLOAD_STEP
2026-07-09 20:42:03.639469+05:30,34.8,27,22.1,2510.79,63.64,210,308,TRANSITION,30.0,34.0,WORKLOAD_STEP
2026-07-09 20:42:05.656593300+05:30,32.5,29,25.4,2822.13,63.64,210,308,TRANSITION,30.0,35.0,WORKLOAD_STEP
2026-07-09 20:42:07.675969100+05:30,32.9,40,15.0,2611.22,63.62,210,308,TRANSITION,30.0,35.0,WORKLOAD_STEP
2026-07-09 20:42:09.694780500+05:30,33.5,42,11.8,2450.53,63.62,210,308,TRANSITION,30.0,35.0,WORKLOAD_STEP
2026-07-09 20:42:11.713632100+05:30,35.3,40,13.8,2581.08,63.87,210,310,TRANSITION,30.0,35.0,WORKLOAD_STEP
2026-07-09 20:42:13.733165900+05:30,36.4,30,17.5,2791.99,63.67,210,308,TRANSITION,30.0,35.0,WORKLOAD_STEP
2026-07-09 20:42:15.750548400+05:30,33.4,40,15.9,2490.7,63.67,208,308,TRANSITION,30.0,35.0,WORKLOAD_STEP
2026-07-09 20:42:17.770747600+05:30,31.4,24,19.4,2691.54,63.65,205,308,TRANSITION,30.0,35.0,WORKLOAD_STEP
2026-07-09 20:42:19.790710800+05:30,31.3,36,24.6,2952.68,63.64,204,308,TRANSITION,30.0,35.0,WORKLOAD_STEP
2026-07-09 20:42:21.810452900+05:30,30.3,36,19.4,2591.12,63.68,205,308,TRANSITION,30.0,35.0,WORKLOAD_STEP
2026-07-09 20:42:23.830340600+05:30,31.7,37,21.3,2701.59,63.67,203,308,TRANSITION,30.0,35.0,WORKLOAD_STEP
2026-07-09 20:42:25.853362100+05:30,33.5,29,24.4,2771.91,63.64,203,308,TRANSITION,30.0,35.0,WORKLOAD_STEP
2026-07-09 20:42:27.873470200+05:30,31.9,34,23.8,2862.29,63.7,203,308,TRANSITION,30.0,35.0,WORKLOAD_STEP
2026-07-09 20:42:29.893759800+05:30,32.2,27,23.3,2641.34,63.62,203,308,TRANSITION,30.0,35.0,WORKLOAD_STEP
2026-07-09 20:42:31.910190800+05:30,32.5,29,23.1,2882.37,63.61,206,308,TRANSITION,30.0,35.0,WORKLOAD_STEP
2026-07-09 20:42:33.929681700+05:30,33.1,32,23.7,2932.6,63.64,206,308,TRANSITION,30.0,35.0,WORKLOAD_STEP
2026-07-09 20:42:35.946582800+05:30,30.8,29,23.4,2500.74,63.68,203,308,TRANSITION,30.0,35.0,WORKLOAD_STEP
2026-07-09 20:42:37.981604200+05:30,34.1,30,24.3,3083.23,63.65,203,308,TRANSITION,30.0,35.0,WORKLOAD_STEP
2026-07-09 20:42:40.001844100+05:30,31.4,30,21.9,2802.03,63.63,203,308,TRANSITION,30.0,35.0,WORKLOAD_STEP
2026-07-09 20:42:42.023224+05:30,82.3,30,24.8,2540.9,63.66,203,310,TRANSITION,80.0,36.0,WORKLOAD_STEP
2026-07-09 20:42:44.053898500+05:30,81.4,33,24.8,2671.47,63.18,203,308,TRANSITION,80.0,36.0,WORKLOAD_STEP
2026-07-09 20:42:46.083189300+05:30,82.5,30,23.8,2671.46,63.18,203,308,TRANSITION,80.0,36.0,WORKLOAD_STEP
2026-07-09 20:42:48.117608+05:30,81.2,34,25.8,2651.38,63.19,203,308,TRANSITION,80.0,36.0,WORKLOAD_STEP
2026-07-09 20:42:50.146107100+05:30,82.5,33,24.4,2641.32,63.19,203,308,TRANSITION,80.0,36.0,WORKLOAD_STEP
2026-07-09 20:42:52.174611200+05:30,80.7,32,26.8,2621.25,63.19,203,308,TRANSITION,80.0,36.0,WORKLOAD_STEP
2026-07-09 20:42:54.202017+05:30,81.3,33,26.3,2651.37,63.2,203,308,TRANSITION,80.0,36.0,WORKLOAD_STEP
2026-07-09 20:42:56.232123600+05:30,80.4,32,24.9,2621.24,63.2,203,308,TRANSITION,80.0,36.0,WORKLOAD_STEP
2026-07-09 20:42:58.284947900+05:30,83.3,34,23.5,2621.24,63.2,202,308,TRANSITION,80.0,36.0,WORKLOAD_STEP
2026-07-09 20:43:00.320570+05:30,80.7,32,24.7,2631.28,63.19,202,308,TRANSITION,80.0,36.0,WORKLOAD_STEP
2026-07-09 20:43:02.347471600+05:30,81.2,30,24.4,2601.15,63.2,202,308,TRANSITION,80.0,36.0,WORKLOAD_STEP
2026-07-09 20:43:04.382308200+05:30,80.9,30,25.6,2631.28,63.2,202,308,TRANSITION,80.0,36.0,WORKLOAD_STEP
2026-07-09 20:43:06.417714700+05:30,81.4,32,24.8,2581.07,63.21,202,308,TRANSITION,80.0,36.0,WORKLOAD_STEP
2026-07-09 20:43:08.449971600+05:30,79.9,32,23.7,2631.29,63.2,201,308,TRANSITION,80.0,36.0,WORKLOAD_STEP
2026-07-09 20:43:10.494500900+05:30,82.7,32,23.0,2571.01,63.21,201,308,TRANSITION,80.0,36.0,WORKLOAD_STEP
2026-07-09 20:43:12.523949700+05:30,86.2,32,24.9,2560.97,63.21,201,308,TRANSITION,80.0,36.0,WORKLOAD_STEP
2026-07-09 20:43:14.561424800+05:30,83.4,32,23.6,2631.28,63.29,201,308,TRANSITION,80.0,36.0,WORKLOAD_STEP
2026-07-09 20:43:16.595870800+05:30,84.4,33,25.7,2500.73,63.27,202,308,TRANSITION,80.0,36.0,WORKLOAD_STEP
2026-07-09 20:43:18.629611300+05:30,85.7,32,24.6,2520.8,63.34,206,308,TRANSITION,80.0,36.0,WORKLOAD_STEP
2026-07-09 20:43:20.669950600+05:30,84.1,32,23.1,2671.45,63.26,206,308,TRANSITION,80.0,36.0,WORKLOAD_STEP
2026-07-09 20:43:22.700010400+05:30,80.9,32,24.6,2641.32,63.27,205,308,TRANSITION,80.0,36.0,WORKLOAD_STEP
2026-07-09 20:43:24.730951600+05:30,80.2,32,24.3,2571.02,63.31,205,308,TRANSITION,80.0,36.0,WORKLOAD_STEP
2026-07-09 20:43:26.762401100+05:30,80.6,32,24.3,2591.11,63.3,205,308,TRANSITION,80.0,36.0,WORKLOAD_STEP
2026-07-09 20:43:28.797189400+05:30,80.0,30,26.5,2581.06,63.3,205,308,TRANSITION,80.0,36.0,WORKLOAD_STEP
2026-07-09 20:43:30.830844400+05:30,81.2,33,24.7,2581.07,63.29,205,308,TRANSITION,80.0,36.0,WORKLOAD_STEP
2026-07-09 20:43:32.856406800+05:30,83.1,32,24.0,2560.97,63.3,206,308,TRANSITION,80.0,36.0,WORKLOAD_STEP
2026-07-09 20:43:34.889977800+05:30,82.0,33,25.9,2601.14,63.29,206,308,TRANSITION,80.0,36.0,WORKLOAD_STEP
2026-07-09 20:43:36.925016800+05:30,82.7,33,23.6,2591.11,63.28,206,308,TRANSITION,80.0,36.0,WORKLOAD_STEP
2026-07-09 20:43:38.961463600+05:30,80.4,33,24.8,2631.28,63.28,206,308,TRANSITION,80.0,36.0,WORKLOAD_STEP
2026-07-09 20:43:40.996765100+05:30,81.2,32,24.6,2550.93,63.27,205,308,TRANSITION,80.0,36.0,WORKLOAD_STEP
2026-07-09 20:43:43.028814100+05:30,85.2,30,24.1,2550.93,63.29,205,308,TRANSITION,80.0,36.0,WORKLOAD_STEP
2026-07-09 20:43:45.080449200+05:30,83.8,32,25.2,2591.12,63.28,205,308,TRANSITION,80.0,36.0,WORKLOAD_STEP
2026-07-09 20:43:47.118001800+05:30,79.7,32,24.0,2641.33,63.28,205,308,TRANSITION,80.0,36.0,WORKLOAD_STEP
2026-07-09 20:43:49.152286100+05:30,82.7,30,23.7,2591.11,63.28,205,308,TRANSITION,80.0,36.0,WORKLOAD_STEP
2026-07-09 20:43:51.180868+05:30,79.9,33,23.4,2550.93,63.28,205,308,TRANSITION,80.0,36.0,WORKLOAD_STEP
2026-07-09 20:43:53.209919400+05:30,82.7,33,23.7,2581.06,63.28,205,308,TRANSITION,80.0,36.0,WORKLOAD_STEP
2026-07-09 20:43:55.241106700+05:30,82.4,34,22.8,2560.97,63.28,205,308,TRANSITION,80.0,36.0,WORKLOAD_STEP
2026-07-09 20:43:57.272485700+05:30,81.0,34,22.7,2520.8,63.28,205,308,TRANSITION,80.0,36.0,WORKLOAD_STEP
2026-07-09 20:43:59.307869800+05:30,80.1,33,25.0,2631.3,63.27,205,308,TRANSITION,80.0,36.0,WORKLOAD_STEP
2026-07-09 20:44:01.337685700+05:30,81.0,30,24.7,2621.23,63.25,205,308,TRANSITION,80.0,36.0,WORKLOAD_STEP
2026-07-09 20:44:03.372831100+05:30,80.6,32,24.5,2550.93,63.26,205,308,TRANSITION,80.0,36.0,WORKLOAD_STEP
2026-07-09 20:44:05.407496400+05:30,80.4,33,22.9,2631.28,63.28,205,308,TRANSITION,80.0,36.0,WORKLOAD_STEP
2026-07-09 20:44:07.444076600+05:30,81.3,32,23.2,2641.32,63.26,205,308,TRANSITION,80.0,36.0,WORKLOAD_STEP
2026-07-09 20:44:09.473772700+05:30,80.8,32,23.1,2611.2,63.32,205,308,TRANSITION,80.0,36.0,WORKLOAD_STEP
2026-07-09 20:44:11.501986600+05:30,81.2,34,23.0,2540.88,63.28,205,310,TRANSITION,80.0,36.0,WORKLOAD_STEP
2026-07-09 20:44:13.533200600+05:30,84.6,33,25.1,2490.68,63.27,205,308,TRANSITION,80.0,36.0,WORKLOAD_STEP
2026-07-09 20:44:15.562538100+05:30,81.3,32,24.3,2611.21,63.27,205,308,TRANSITION,80.0,36.0,WORKLOAD_STEP
2026-07-09 20:44:17.592936600+05:30,81.2,33,23.1,2601.18,63.26,204,308,TRANSITION,80.0,36.0,WORKLOAD_STEP
2026-07-09 20:44:19.644515700+05:30,82.5,30,24.9,2641.32,63.25,203,308,TRANSITION,80.0,36.0,WORKLOAD_STEP
2026-07-09 20:44:21.676084600+05:30,80.8,30,23.6,2581.06,63.26,203,308,TRANSITION,80.0,36.0,WORKLOAD_STEP
2026-07-09 20:44:23.706572700+05:30,84.4,33,23.8,2560.98,63.25,202,308,TRANSITION,80.0,36.0,WORKLOAD_STEP
2026-07-09 20:44:25.736241500+05:30,84.0,34,24.3,2540.88,63.26,202,308,TRANSITION,80.0,36.0,WORKLOAD_STEP
2026-07-09 20:44:27.762393300+05:30,81.7,34,25.1,2581.07,63.26,202,308,TRANSITION,80.0,36.0,WORKLOAD_STEP
2026-07-09 20:44:29.792080700+05:30,80.2,32,25.0,2591.12,63.26,204,308,TRANSITION,80.0,36.0,WORKLOAD_STEP
2026-07-09 20:44:31.826272100+05:30,80.2,33,24.6,2530.85,63.26,207,308,TRANSITION,80.0,36.0,WORKLOAD_STEP
2026-07-09 20:44:33.856956200+05:30,81.5,32,22.9,2611.2,63.26,207,308,TRANSITION,80.0,36.0,WORKLOAD_STEP
2026-07-09 20:44:35.887270600+05:30,82.0,33,25.4,2611.19,63.26,204,308,TRANSITION,80.0,36.0,WORKLOAD_STEP
2026-07-09 20:44:37.917601300+05:30,84.8,32,23.8,2500.73,63.25,204,308,TRANSITION,80.0,36.0,WORKLOAD_STEP
2026-07-09 20:44:39.947722900+05:30,83.9,33,24.1,2601.16,63.24,204,308,TRANSITION,80.0,36.0,WORKLOAD_STEP
2026-07-09 20:44:41.982429400+05:30,87.9,32,22.7,2500.73,63.47,204,309,TRANSITION,80.0,36.0,WORKLOAD_STEP
2026-07-09 20:44:44.013698900+05:30,81.5,32,21.1,2540.89,63.24,204,307,TRANSITION,80.0,36.0,WORKLOAD_STEP
2026-07-09 20:44:46.047599500+05:30,79.9,32,26.3,2651.37,63.22,204,307,TRANSITION,80.0,36.0,WORKLOAD_STEP
2026-07-09 20:44:48.080008600+05:30,82.0,36,23.4,2571.01,63.22,204,307,TRANSITION,80.0,36.0,WORKLOAD_STEP
2026-07-09 20:44:50.113474600+05:30,80.4,32,24.5,2550.93,63.21,204,307,TRANSITION,80.0,36.0,WORKLOAD_STEP
2026-07-09 20:44:52.165621400+05:30,82.0,32,25.8,2631.29,63.21,204,307,TRANSITION,80.0,36.0,WORKLOAD_STEP
2026-07-09 20:44:54.198866+05:30,80.0,34,24.2,2651.37,63.21,204,307,TRANSITION,80.0,36.0,WORKLOAD_STEP
2026-07-09 20:44:56.228456700+05:30,82.2,32,24.5,2540.9,63.21,204,307,TRANSITION,80.0,36.0,WORKLOAD_STEP
2026-07-09 20:44:58.262408800+05:30,80.4,34,23.4,2550.94,63.21,204,307,TRANSITION,80.0,36.0,WORKLOAD_STEP
2026-07-09 20:45:00.291791800+05:30,81.6,30,20.9,2581.07,63.2,202,307,TRANSITION,80.0,36.0,WORKLOAD_STEP
2026-07-09 20:45:02.322854800+05:30,80.6,33,22.3,2621.23,63.21,202,307,TRANSITION,80.0,36.0,WORKLOAD_STEP
2026-07-09 20:45:04.358965600+05:30,80.8,33,24.2,2611.2,63.27,202,307,TRANSITION,80.0,36.0,WORKLOAD_STEP
2026-07-09 20:45:06.387780500+05:30,79.5,32,22.0,2661.41,63.2,202,307,TRANSITION,80.0,36.0,WORKLOAD_STEP
2026-07-09 20:45:08.428321500+05:30,79.6,32,22.9,2591.11,63.2,202,307,TRANSITION,80.0,36.0,WORKLOAD_STEP
2026-07-09 20:45:10.460571700+05:30,80.7,32,22.9,2571.03,63.2,202,307,TRANSITION,80.0,36.0,WORKLOAD_STEP
2026-07-09 20:45:12.488408500+05:30,85.1,33,24.8,2611.16,63.18,202,307,TRANSITION,80.0,36.0,WORKLOAD_STEP
2026-07-09 20:45:14.519154200+05:30,87.2,34,25.0,2581.07,63.27,202,307,TRANSITION,80.0,36.0,WORKLOAD_STEP
2026-07-09 20:45:16.545030800+05:30,80.5,33,24.9,2510.77,63.26,202,307,TRANSITION,80.0,36.0,WORKLOAD_STEP
2026-07-09 20:45:18.574611300+05:30,81.1,33,24.6,2591.11,63.25,202,307,TRANSITION,80.0,36.0,WORKLOAD_STEP
2026-07-09 20:45:20.609154500+05:30,80.5,33,24.9,2560.97,63.26,202,307,TRANSITION,80.0,36.0,WORKLOAD_STEP
2026-07-09 20:45:22.640693900+05:30,81.2,33,24.0,2711.62,63.24,202,307,TRANSITION,80.0,36.0,WORKLOAD_STEP
2026-07-09 20:45:24.671408200+05:30,81.5,32,24.7,2500.73,63.24,202,307,TRANSITION,80.0,36.0,WORKLOAD_STEP
2026-07-09 20:45:26.717521800+05:30,82.1,33,24.5,2611.2,63.23,202,307,TRANSITION,80.0,36.0,WORKLOAD_STEP
2026-07-09 20:45:28.743460500+05:30,84.3,32,25.1,2510.77,63.24,202,307,TRANSITION,80.0,36.0,WORKLOAD_STEP
2026-07-09 20:45:30.782712100+05:30,85.1,32,24.7,2490.69,63.22,202,307,TRANSITION,80.0,36.0,WORKLOAD_STEP
2026-07-09 20:45:32.812773700+05:30,86.1,32,24.9,2591.12,63.22,203,307,TRANSITION,80.0,36.0,WORKLOAD_STEP
2026-07-09 20:45:34.845263400+05:30,81.9,29,23.9,2631.29,63.2,203,307,TRANSITION,80.0,36.0,WORKLOAD_STEP
2026-07-09 20:45:36.875831500+05:30,79.5,30,24.2,2601.16,63.22,203,307,TRANSITION,80.0,36.0,WORKLOAD_STEP
2026-07-09 20:45:38.906390500+05:30,84.6,32,23.5,2621.24,63.22,203,307,TRANSITION,80.0,36.0,WORKLOAD_STEP
2026-07-09 20:45:40.932996100+05:30,80.5,32,22.3,2671.47,63.22,203,307,TRANSITION,80.0,36.0,WORKLOAD_STEP
2026-07-09 20:45:42.964481+05:30,85.8,34,23.5,2561.0,63.25,203,307,TRANSITION,80.0,36.0,WORKLOAD_STEP
2026-07-09 20:45:44.993879400+05:30,83.7,33,23.5,2550.93,63.23,203,307,TRANSITION,80.0,36.0,WORKLOAD_STEP
2026-07-09 20:45:47.025188600+05:30,83.1,33,23.8,2510.77,63.23,203,307,TRANSITION,80.0,36.0,WORKLOAD_STEP
2026-07-09 20:45:49.052308600+05:30,81.7,29,22.5,2571.04,63.23,203,307,TRANSITION,80.0,36.0,WORKLOAD_STEP
2026-07-09 20:45:51.085004600+05:30,82.2,32,23.7,2601.15,63.23,203,307,TRANSITION,80.0,36.0,WORKLOAD_STEP
2026-07-09 20:45:53.109565300+05:30,81.2,32,24.4,2651.35,63.22,203,307,TRANSITION,80.0,36.0,WORKLOAD_STEP
2026-07-09 20:45:55.146187800+05:30,80.9,32,24.7,2621.23,63.23,203,307,TRANSITION,80.0,36.0,WORKLOAD_STEP
2026-07-09 20:45:57.175221800+05:30,81.7,32,23.9,2591.11,63.22,203,307,TRANSITION,80.0,36.0,WORKLOAD_STEP
2026-07-09 20:45:59.226627100+05:30,81.3,33,24.4,2520.8,63.29,203,307,TRANSITION,80.0,36.0,WORKLOAD_STEP
2026-07-09 20:46:01.259246500+05:30,81.3,30,25.1,2560.97,63.2,203,307,TRANSITION,80.0,36.0,WORKLOAD_STEP
2026-07-09 20:46:03.287689+05:30,80.3,33,23.9,2591.11,63.21,203,307,TRANSITION,80.0,36.0,WORKLOAD_STEP
2026-07-09 20:46:05.316822200+05:30,82.3,33,24.3,2641.33,63.22,203,307,TRANSITION,80.0,36.0,WORKLOAD_STEP
2026-07-09 20:46:07.342178900+05:30,80.5,34,24.0,2631.28,63.22,203,307,TRANSITION,80.0,36.0,WORKLOAD_STEP
2026-07-09 20:46:09.379243300+05:30,80.4,30,23.4,2611.21,63.2,203,307,TRANSITION,80.0,36.0,WORKLOAD_STEP
2026-07-09 20:46:11.406098700+05:30,80.1,33,24.7,2560.99,63.22,203,308,TRANSITION,80.0,36.0,WORKLOAD_STEP
2026-07-09 20:46:13.436636100+05:30,80.1,32,25.0,2581.07,63.24,203,307,TRANSITION,80.0,36.0,WORKLOAD_STEP
2026-07-09 20:46:15.467856800+05:30,80.9,33,23.8,2631.28,63.24,203,307,TRANSITION,80.0,36.0,WORKLOAD_STEP
2026-07-09 20:46:17.501026400+05:30,79.7,32,24.2,2571.03,63.23,203,307,TRANSITION,80.0,36.0,WORKLOAD_STEP
2026-07-09 20:46:19.531733800+05:30,79.9,32,23.7,2550.95,63.24,203,307,TRANSITION,80.0,36.0,WORKLOAD_STEP
2026-07-09 20:46:21.562699700+05:30,81.4,32,24.5,2530.85,63.23,203,307,TRANSITION,80.0,36.0,WORKLOAD_STEP
2026-07-09 20:46:23.590216+05:30,80.4,33,26.1,2571.02,63.24,203,307,TRANSITION,80.0,36.0,WORKLOAD_STEP
2026-07-09 20:46:25.620391400+05:30,88.7,33,23.3,2480.64,63.22,203,307,TRANSITION,100.0,37.0,WORKLOAD_STEP
2026-07-09 20:46:27.671240+05:30,100.0,32,24.9,2480.64,63.21,203,307,TRANSITION,100.0,37.0,WORKLOAD_STEP
2026-07-09 20:46:29.727386100+05:30,100.0,32,24.4,2470.6,63.21,203,307,TRANSITION,100.0,37.0,WORKLOAD_STEP
2026-07-09 20:46:31.815039+05:30,100.0,33,23.5,2510.76,63.18,206,307,TRANSITION,100.0,37.0,WORKLOAD_STEP
2026-07-09 20:46:33.904257400+05:30,100.0,33,25.5,2460.55,63.23,206,307,TRANSITION,100.0,37.0,WORKLOAD_STEP
2026-07-09 20:46:35.968910900+05:30,100.0,33,24.8,2530.84,63.22,203,307,TRANSITION,100.0,37.0,WORKLOAD_STEP
2026-07-09 20:46:38.056768600+05:30,100.0,32,22.9,2500.72,63.22,203,307,TRANSITION,100.0,37.0,WORKLOAD_STEP
2026-07-09 20:46:40.132031900+05:30,100.0,33,24.8,2470.6,63.19,203,307,TRANSITION,100.0,37.0,WORKLOAD_STEP
2026-07-09 20:46:42.215936700+05:30,100.0,32,25.0,2480.63,63.19,203,307,TRANSITION,100.0,37.0,WORKLOAD_STEP
2026-07-09 20:46:44.293705700+05:30,100.0,33,25.0,2480.64,63.16,203,308,TRANSITION,100.0,37.0,WORKLOAD_STEP
2026-07-09 20:46:46.363014400+05:30,100.0,32,24.8,2450.5,63.19,203,309,TRANSITION,100.0,37.0,WORKLOAD_STEP
2026-07-09 20:46:48.452276300+05:30,100.0,33,23.0,2480.64,63.14,203,309,TRANSITION,100.0,37.0,WORKLOAD_STEP
2026-07-09 20:46:50.523692500+05:30,100.0,32,24.7,2510.76,63.14,203,309,TRANSITION,100.0,37.0,WORKLOAD_STEP
2026-07-09 20:46:52.594356500+05:30,100.0,32,24.8,2460.55,63.13,203,309,TRANSITION,100.0,37.0,WORKLOAD_STEP
2026-07-09 20:46:54.646765+05:30,100.0,32,25.1,2470.6,63.13,203,309,TRANSITION,100.0,37.0,WORKLOAD_STEP
2026-07-09 20:46:56.708306100+05:30,100.0,34,24.4,2440.48,63.12,203,309,TRANSITION,100.0,37.0,WORKLOAD_STEP
2026-07-09 20:46:58.764858900+05:30,100.0,33,25.7,2450.51,63.12,203,309,TRANSITION,100.0,37.0,WORKLOAD_STEP
2026-07-09 20:47:00.906179900+05:30,100.0,33,24.6,2480.64,63.11,203,309,TRANSITION,100.0,37.0,WORKLOAD_STEP
2026-07-09 20:47:02.970138600+05:30,100.0,32,25.8,2460.56,63.1,203,309,TRANSITION,100.0,37.0,WORKLOAD_STEP
2026-07-09 20:47:05.037961100+05:30,100.0,32,24.6,2460.56,63.1,203,309,TRANSITION,100.0,37.0,WORKLOAD_STEP
2026-07-09 20:47:07.093024900+05:30,100.0,32,24.5,2510.76,63.09,203,309,TRANSITION,100.0,37.0,WORKLOAD_STEP
2026-07-09 20:47:09.178009+05:30,100.0,32,24.1,2490.68,63.09,203,309,TRANSITION,100.0,37.0,WORKLOAD_STEP
2026-07-09 20:47:11.261972100+05:30,100.0,32,24.4,2460.56,63.09,203,310,TRANSITION,100.0,37.0,WORKLOAD_STEP
2026-07-09 20:47:13.332510+05:30,100.0,33,24.9,2460.55,63.09,203,310,TRANSITION,100.0,37.0,WORKLOAD_STEP
2026-07-09 20:47:15.402568900+05:30,100.0,32,25.3,2470.6,63.09,203,310,TRANSITION,100.0,37.0,WORKLOAD_STEP
2026-07-09 20:47:17.464699200+05:30,100.0,33,24.3,2470.6,63.1,203,310,TRANSITION,100.0,37.0,WORKLOAD_STEP
2026-07-09 20:47:19.569422300+05:30,100.0,33,25.2,2530.85,63.1,205,310,TRANSITION,100.0,37.0,WORKLOAD_STEP
2026-07-09 20:47:21.653729700+05:30,100.0,32,24.9,2480.64,63.12,204,310,TRANSITION,100.0,37.0,WORKLOAD_STEP
2026-07-09 20:47:23.716872300+05:30,100.0,32,23.4,2470.6,63.11,204,310,TRANSITION,100.0,37.0,WORKLOAD_STEP
2026-07-09 20:47:25.784207600+05:30,100.0,32,24.0,2490.68,63.12,204,311,TRANSITION,100.0,37.0,WORKLOAD_STEP
2026-07-09 20:47:27.846123800+05:30,100.0,33,24.4,2470.6,63.12,204,311,TRANSITION,100.0,37.0,WORKLOAD_STEP
2026-07-09 20:47:29.920788800+05:30,100.0,33,24.5,2480.63,63.26,204,312,TRANSITION,100.0,37.0,WORKLOAD_STEP
2026-07-09 20:47:31.959705600+05:30,100.0,33,24.2,2450.51,63.18,204,313,TRANSITION,100.0,37.0,WORKLOAD_STEP
2026-07-09 20:47:34.036382400+05:30,100.0,32,23.5,2480.64,63.18,204,313,TRANSITION,100.0,37.0,WORKLOAD_STEP
2026-07-09 20:47:36.175610300+05:30,100.0,32,24.1,2470.6,63.16,204,311,TRANSITION,100.0,37.0,WORKLOAD_STEP
2026-07-09 20:47:38.246591900+05:30,100.0,33,23.2,2490.68,63.16,204,311,TRANSITION,100.0,37.0,WORKLOAD_STEP
2026-07-09 20:47:40.322636600+05:30,100.0,32,25.9,2480.64,63.16,204,311,TRANSITION,100.0,37.0,WORKLOAD_STEP
2026-07-09 20:47:42.409674300+05:30,100.0,32,24.3,2480.64,63.16,204,312,TRANSITION,100.0,37.0,WORKLOAD_STEP
2026-07-09 20:47:44.480726700+05:30,73.4,36,23.7,2159.27,63.6,204,309,TRANSITION,50.0,38.0,WORKLOAD_STEP
2026-07-09 20:47:46.505021+05:30,56.6,34,24.1,2701.6,63.25,204,309,TRANSITION,50.0,38.0,WORKLOAD_STEP
2026-07-09 20:47:48.526328100+05:30,51.5,30,22.9,2992.85,62.6,202,309,TRANSITION,50.0,38.0,WORKLOAD_STEP
2026-07-09 20:47:50.546134200+05:30,50.7,30,24.5,2731.71,62.62,202,309,TRANSITION,50.0,38.0,WORKLOAD_STEP
2026-07-09 20:47:52.568202800+05:30,51.7,30,20.6,2621.25,62.64,202,309,TRANSITION,50.0,38.0,WORKLOAD_STEP
2026-07-09 20:47:54.592362600+05:30,50.7,33,22.2,2741.78,62.65,202,309,TRANSITION,50.0,38.0,WORKLOAD_STEP
2026-07-09 20:47:56.619913500+05:30,54.0,23,21.2,2771.91,62.67,202,309,TRANSITION,50.0,38.0,WORKLOAD_STEP
2026-07-09 20:47:58.650572600+05:30,52.8,32,22.3,2651.38,62.65,202,309,TRANSITION,50.0,38.0,WORKLOAD_STEP
2026-07-09 20:48:00.685116600+05:30,51.8,36,20.7,2440.48,62.69,202,309,TRANSITION,50.0,38.0,WORKLOAD_STEP
2026-07-09 20:48:02.712653100+05:30,50.4,32,23.1,2862.28,62.68,202,309,TRANSITION,50.0,38.0,WORKLOAD_STEP
2026-07-09 20:48:04.735136100+05:30,51.7,32,22.7,2711.64,62.71,202,309,TRANSITION,50.0,38.0,WORKLOAD_STEP
2026-07-09 20:48:06.755112600+05:30,51.0,30,22.3,2862.29,62.71,202,309,TRANSITION,50.0,38.0,WORKLOAD_STEP
2026-07-09 20:48:08.775332100+05:30,50.6,36,20.8,2781.94,62.7,202,309,TRANSITION,50.0,38.0,WORKLOAD_STEP
2026-07-09 20:48:10.794545800+05:30,52.9,34,23.2,2601.17,62.57,202,309,TRANSITION,50.0,38.0,WORKLOAD_STEP
2026-07-09 20:48:12.815373+05:30,50.6,29,21.1,2812.07,62.6,202,309,TRANSITION,50.0,38.0,WORKLOAD_STEP
2026-07-09 20:48:14.838389400+05:30,51.7,33,22.9,2771.9,62.61,202,309,TRANSITION,50.0,38.0,WORKLOAD_STEP
2026-07-09 20:48:16.879446+05:30,52.7,34,22.2,2631.29,62.72,202,309,TRANSITION,50.0,38.0,WORKLOAD_STEP
2026-07-09 20:48:18.913598600+05:30,53.0,32,22.6,2681.52,62.72,202,309,TRANSITION,50.0,38.0,WORKLOAD_STEP
2026-07-09 20:48:20.945968700+05:30,51.6,34,25.1,2691.56,62.7,202,309,TRANSITION,50.0,38.0,WORKLOAD_STEP
2026-07-09 20:48:22.973605400+05:30,55.8,33,24.3,2902.46,62.7,206,309,TRANSITION,50.0,38.0,WORKLOAD_STEP
2026-07-09 20:48:24.997555700+05:30,50.7,33,24.1,2832.15,62.71,206,309,TRANSITION,50.0,38.0,WORKLOAD_STEP
2026-07-09 20:48:27.023794700+05:30,53.3,30,24.0,2661.44,62.71,206,309,TRANSITION,50.0,38.0,WORKLOAD_STEP
2026-07-09 20:48:29.048404400+05:30,51.6,27,23.9,2852.24,62.72,206,309,TRANSITION,50.0,38.0,WORKLOAD_STEP
2026-07-09 20:48:31.073180600+05:30,53.8,32,24.4,2781.95,62.72,209,309,TRANSITION,50.0,38.0,WORKLOAD_STEP
2026-07-09 20:48:33.099905+05:30,51.6,30,22.6,2852.25,62.71,210,309,TRANSITION,50.0,38.0,WORKLOAD_STEP
2026-07-09 20:48:35.127309200+05:30,52.5,30,22.5,2701.61,62.72,210,309,TRANSITION,50.0,38.0,WORKLOAD_STEP
2026-07-09 20:48:37.159021+05:30,51.1,33,24.8,2591.13,62.73,207,309,TRANSITION,50.0,38.0,WORKLOAD_STEP
2026-07-09 20:48:39.207106700+05:30,52.8,33,24.9,2601.18,62.71,207,309,TRANSITION,50.0,38.0,WORKLOAD_STEP
2026-07-09 20:48:41.230248900+05:30,51.8,32,25.4,2852.24,62.73,207,309,TRANSITION,50.0,38.0,WORKLOAD_STEP
2026-07-09 20:48:43.257422300+05:30,52.7,30,25.7,2711.64,62.74,207,309,TRANSITION,50.0,38.0,WORKLOAD_STEP
2026-07-09 20:48:45.304600400+05:30,51.7,30,23.7,2912.5,62.71,207,308,TRANSITION,50.0,38.0,WORKLOAD_STEP
2026-07-09 20:48:47.329551200+05:30,58.3,33,24.6,2842.2,62.65,207,308,TRANSITION,50.0,38.0,WORKLOAD_STEP
2026-07-09 20:48:49.371278400+05:30,55.2,34,22.6,2701.58,62.7,207,308,TRANSITION,50.0,38.0,WORKLOAD_STEP
2026-07-09 20:48:51.400293100+05:30,55.2,29,24.6,2741.78,62.7,207,308,TRANSITION,50.0,38.0,WORKLOAD_STEP
2026-07-09 20:48:53.423622600+05:30,50.0,34,21.5,2761.84,62.68,207,308,TRANSITION,50.0,38.0,WORKLOAD_STEP
2026-07-09 20:48:55.461220+05:30,51.4,41,24.3,2761.85,62.71,207,308,TRANSITION,50.0,38.0,WORKLOAD_STEP
2026-07-09 20:48:57.488571200+05:30,51.3,30,23.5,2661.43,62.7,207,308,TRANSITION,50.0,38.0,WORKLOAD_STEP
2026-07-09 20:48:59.519860600+05:30,50.1,34,23.0,2771.9,62.77,207,308,TRANSITION,50.0,38.0,WORKLOAD_STEP
2026-07-09 20:49:01.555389300+05:30,52.2,32,24.7,2761.85,62.7,207,308,TRANSITION,50.0,38.0,WORKLOAD_STEP
2026-07-09 20:49:03.581393+05:30,52.3,29,25.1,2842.2,62.7,207,308,TRANSITION,50.0,38.0,WORKLOAD_STEP
2026-07-09 20:49:05.606498100+05:30,51.7,32,23.7,2701.61,62.67,207,308,TRANSITION,50.0,38.0,WORKLOAD_STEP
2026-07-09 20:49:07.636306300+05:30,50.8,29,22.8,2641.35,62.67,207,308,TRANSITION,50.0,38.0,WORKLOAD_STEP
2026-07-09 20:49:09.671858400+05:30,50.6,33,25.3,2631.31,62.67,207,308,TRANSITION,50.0,38.0,WORKLOAD_STEP
2026-07-09 20:49:11.702234700+05:30,50.5,33,24.1,2781.95,62.66,207,308,TRANSITION,50.0,38.0,WORKLOAD_STEP
2026-07-09 20:49:13.734260300+05:30,51.0,32,23.8,2741.77,62.67,207,308,TRANSITION,50.0,38.0,WORKLOAD_STEP
2026-07-09 20:49:15.760333500+05:30,50.2,32,21.7,2842.2,62.65,207,307,TRANSITION,50.0,38.0,WORKLOAD_STEP
2026-07-09 20:49:17.783573200+05:30,51.9,32,22.3,2550.95,62.69,207,307,TRANSITION,50.0,38.0,WORKLOAD_STEP
2026-07-09 20:49:19.806966100+05:30,50.4,29,22.3,2832.15,62.68,207,307,TRANSITION,50.0,38.0,WORKLOAD_STEP
2026-07-09 20:49:21.831284900+05:30,52.6,33,24.4,2571.05,62.68,207,307,TRANSITION,50.0,38.0,WORKLOAD_STEP
2026-07-09 20:49:23.873664+05:30,53.1,32,24.6,2842.19,62.68,206,307,TRANSITION,50.0,38.0,WORKLOAD_STEP
2026-07-09 20:49:25.907515100+05:30,52.3,32,25.3,2791.98,62.68,206,307,TRANSITION,50.0,38.0,WORKLOAD_STEP
2026-07-09 20:49:27.939744+05:30,50.7,33,24.2,2761.86,62.68,206,307,TRANSITION,50.0,38.0,WORKLOAD_STEP
2026-07-09 20:49:29.971052200+05:30,52.0,27,23.4,2691.55,62.69,206,307,TRANSITION,50.0,38.0,WORKLOAD_STEP
2026-07-09 20:49:32.005814+05:30,50.9,30,26.9,2781.93,62.68,206,307,TRANSITION,50.0,38.0,WORKLOAD_STEP
2026-07-09 20:49:34.032886+05:30,51.7,33,24.3,2731.72,62.69,206,307,TRANSITION,50.0,38.0,WORKLOAD_STEP
2026-07-09 20:49:36.061062+05:30,50.5,29,22.5,2661.43,62.69,206,307,TRANSITION,50.0,38.0,WORKLOAD_STEP
2026-07-09 20:49:38.093431900+05:30,50.3,32,23.2,2641.35,62.7,206,307,TRANSITION,50.0,38.0,WORKLOAD_STEP
2026-07-09 20:49:40.125966700+05:30,50.7,32,24.6,2832.16,62.69,206,307,TRANSITION,50.0,38.0,WORKLOAD_STEP
2026-07-09 20:49:42.153455700+05:30,51.3,30,24.6,2701.6,62.69,206,307,TRANSITION,50.0,38.0,WORKLOAD_STEP
2026-07-09 20:49:44.184204400+05:30,50.5,37,16.1,2691.56,62.69,206,307,TRANSITION,50.0,39.0,WORKLOAD_STEP
2026-07-09 20:49:46.202969800+05:30,50.0,37,18.0,3073.19,62.92,206,309,TRANSITION,50.0,39.0,WORKLOAD_STEP
2026-07-09 20:49:48.226336800+05:30,50.8,34,21.7,2440.49,62.71,206,307,TRANSITION,50.0,39.0,WORKLOAD_STEP
2026-07-09 20:49:50.247488400+05:30,49.8,32,21.6,2681.51,62.72,206,307,TRANSITION,50.0,39.0,WORKLOAD_STEP
2026-07-09 20:49:52.267698400+05:30,51.2,34,23.5,2802.02,62.71,207,307,TRANSITION,50.0,39.0,WORKLOAD_STEP
2026-07-09 20:49:54.292161300+05:30,55.5,34,22.0,2460.56,62.71,207,307,TRANSITION,50.0,39.0,WORKLOAD_STEP
2026-07-09 20:49:56.332802+05:30,55.6,34,21.8,2550.95,62.71,207,307,TRANSITION,50.0,39.0,WORKLOAD_STEP
2026-07-09 20:49:58.369519700+05:30,52.8,32,22.0,2480.65,62.7,207,307,TRANSITION,50.0,39.0,WORKLOAD_STEP
2026-07-09 20:50:00.403789900+05:30,51.6,29,23.6,2530.87,62.73,207,307,TRANSITION,50.0,39.0,WORKLOAD_STEP
2026-07-09 20:50:02.431540500+05:30,49.4,37,22.6,2731.72,62.72,207,307,TRANSITION,50.0,39.0,WORKLOAD_STEP
2026-07-09 20:50:04.453198200+05:30,53.0,33,21.4,2641.35,62.71,207,307,TRANSITION,50.0,39.0,WORKLOAD_STEP
2026-07-09 20:50:06.476538300+05:30,50.7,32,24.0,2711.64,62.72,207,307,TRANSITION,50.0,39.0,WORKLOAD_STEP
2026-07-09 20:50:08.498404200+05:30,52.6,32,23.4,2802.02,62.72,207,307,TRANSITION,50.0,39.0,WORKLOAD_STEP
2026-07-09 20:50:10.525198400+05:30,54.1,29,25.0,2671.48,62.72,207,307,TRANSITION,50.0,39.0,WORKLOAD_STEP
2026-07-09 20:50:12.548569800+05:30,54.5,32,23.5,2781.94,62.7,207,307,TRANSITION,50.0,39.0,WORKLOAD_STEP
2026-07-09 20:50:14.572953600+05:30,52.0,33,22.3,2410.36,62.71,207,307,TRANSITION,50.0,39.0,WORKLOAD_STEP
2026-07-09 20:50:16.602108900+05:30,54.0,33,23.4,2691.55,62.7,208,307,TRANSITION,50.0,39.0,WORKLOAD_STEP
2026-07-09 20:50:18.636924700+05:30,50.5,33,25.7,2561.01,62.73,208,307,TRANSITION,50.0,39.0,WORKLOAD_STEP
2026-07-09 20:50:20.662151400+05:30,51.5,32,23.2,2751.81,62.73,206,307,TRANSITION,50.0,39.0,WORKLOAD_STEP
2026-07-09 20:50:22.689063500+05:30,51.7,34,24.9,2601.17,62.7,206,307,TRANSITION,50.0,39.0,WORKLOAD_STEP
2026-07-09 20:50:24.714163100+05:30,51.7,33,24.9,2661.41,62.73,205,307,TRANSITION,50.0,39.0,WORKLOAD_STEP
2026-07-09 20:50:26.741283700+05:30,52.0,33,24.4,2781.92,62.7,205,307,TRANSITION,50.0,39.0,WORKLOAD_STEP
2026-07-09 20:50:28.773416600+05:30,52.0,33,23.4,2671.46,62.73,206,307,TRANSITION,50.0,39.0,WORKLOAD_STEP
2026-07-09 20:50:30.822748700+05:30,51.4,32,24.3,2681.52,62.75,208,307,TRANSITION,50.0,39.0,WORKLOAD_STEP
2026-07-09 20:50:32.857892100+05:30,52.4,34,23.4,2711.65,62.75,208,307,TRANSITION,50.0,39.0,WORKLOAD_STEP
2026-07-09 20:50:34.906433600+05:30,50.2,33,25.6,2661.43,62.77,208,307,TRANSITION,50.0,39.0,WORKLOAD_STEP
2026-07-09 20:50:36.932814200+05:30,51.2,32,22.7,2691.55,62.8,205,307,TRANSITION,50.0,39.0,WORKLOAD_STEP
2026-07-09 20:50:38.965269+05:30,51.3,30,24.2,2671.45,62.74,205,307,TRANSITION,50.0,39.0,WORKLOAD_STEP
2026-07-09 20:50:40.993756300+05:30,50.8,34,24.9,2661.44,62.77,205,307,TRANSITION,50.0,39.0,WORKLOAD_STEP
2026-07-09 20:50:43.021277500+05:30,52.0,32,23.7,2822.08,62.78,205,307,TRANSITION,50.0,39.0,WORKLOAD_STEP
2026-07-09 20:50:45.045994800+05:30,51.1,32,23.1,2691.57,62.78,205,307,TRANSITION,50.0,39.0,WORKLOAD_STEP
2026-07-09 20:50:47.075034200+05:30,58.0,29,25.0,2771.89,62.82,205,307,TRANSITION,50.0,39.0,WORKLOAD_STEP
2026-07-09 20:50:49.098780600+05:30,50.8,34,24.1,2832.15,62.82,206,307,TRANSITION,50.0,39.0,WORKLOAD_STEP
2026-07-09 20:50:51.132405500+05:30,50.4,33,24.3,2771.89,62.84,206,307,TRANSITION,50.0,39.0,WORKLOAD_STEP
2026-07-09 20:50:53.165626100+05:30,50.7,32,24.7,2791.98,62.83,206,307,TRANSITION,50.0,39.0,WORKLOAD_STEP
2026-07-09 20:50:55.195382500+05:30,50.5,34,23.7,2842.2,62.83,206,307,TRANSITION,50.0,39.0,WORKLOAD_STEP
2026-07-09 20:50:57.221717300+05:30,51.0,34,23.7,2701.61,62.83,206,307,TRANSITION,50.0,39.0,WORKLOAD_STEP
2026-07-09 20:50:59.248891900+05:30,56.5,30,22.3,2701.61,62.83,206,307,TRANSITION,50.0,39.0,WORKLOAD_STEP
2026-07-09 20:51:01.278030700+05:30,53.5,34,24.4,2601.16,62.83,206,307,TRANSITION,50.0,39.0,WORKLOAD_STEP
2026-07-09 20:51:03.323312700+05:30,57.7,33,22.2,2340.05,62.83,207,307,TRANSITION,50.0,39.0,WORKLOAD_STEP
2026-07-09 20:51:05.353764600+05:30,51.1,34,22.9,2771.91,62.84,207,307,TRANSITION,50.0,39.0,WORKLOAD_STEP
2026-07-09 20:51:07.389057400+05:30,54.3,32,21.9,2751.83,62.84,207,307,TRANSITION,50.0,39.0,WORKLOAD_STEP
2026-07-09 20:51:09.416042500+05:30,50.7,36,24.9,2671.46,62.84,207,307,TRANSITION,50.0,39.0,WORKLOAD_STEP
2026-07-09 20:51:11.443213900+05:30,52.3,34,22.0,2812.06,62.82,207,307,TRANSITION,50.0,39.0,WORKLOAD_STEP
2026-07-09 20:51:13.475048200+05:30,50.6,32,24.3,2671.47,62.82,207,307,TRANSITION,50.0,39.0,WORKLOAD_STEP
2026-07-09 20:51:15.506962100+05:30,56.7,33,23.7,2802.04,62.82,207,307,TRANSITION,50.0,39.0,WORKLOAD_STEP
2026-07-09 20:51:17.534802200+05:30,56.0,33,22.8,2761.84,62.83,208,307,TRANSITION,50.0,39.0,WORKLOAD_STEP
2026-07-09 20:51:19.563153600+05:30,52.6,32,22.4,2561.01,62.82,207,307,TRANSITION,50.0,39.0,WORKLOAD_STEP
2026-07-09 20:51:21.599742100+05:30,50.7,34,21.4,2711.65,62.8,204,307,TRANSITION,50.0,39.0,WORKLOAD_STEP
2026-07-09 20:51:23.629344800+05:30,49.5,29,24.0,2751.82,62.8,203,307,TRANSITION,50.0,39.0,WORKLOAD_STEP
2026-07-09 20:51:25.660111400+05:30,52.2,32,23.8,2862.29,62.79,203,307,TRANSITION,50.0,39.0,WORKLOAD_STEP
2026-07-09 20:51:27.691880400+05:30,50.7,29,25.2,2862.28,62.79,204,307,TRANSITION,50.0,39.0,WORKLOAD_STEP
2026-07-09 20:51:29.720801200+05:30,50.4,33,25.2,2802.04,62.79,204,307,TRANSITION,50.0,39.0,WORKLOAD_STEP
2026-07-09 20:51:31.752623700+05:30,52.9,30,23.6,2842.19,62.8,204,307,TRANSITION,50.0,39.0,WORKLOAD_STEP
2026-07-09 20:51:33.780049700+05:30,50.6,32,24.6,2812.08,62.8,204,307,TRANSITION,50.0,39.0,WORKLOAD_STEP
2026-07-09 20:51:35.807664600+05:30,51.0,32,24.9,2761.86,62.8,204,307,TRANSITION,50.0,39.0,WORKLOAD_STEP
2026-07-09 20:51:37.857818500+05:30,51.1,33,24.3,2711.66,62.8,204,307,TRANSITION,50.0,39.0,WORKLOAD_STEP
2026-07-09 20:51:39.883067500+05:30,52.8,33,23.5,2691.57,62.79,204,307,TRANSITION,50.0,39.0,WORKLOAD_STEP
2026-07-09 20:51:41.906440+05:30,52.0,33,25.3,2601.18,62.8,204,307,TRANSITION,50.0,39.0,WORKLOAD_STEP
2026-07-09 20:51:43.934085700+05:30,50.1,30,24.0,2902.45,62.79,204,307,TRANSITION,50.0,39.0,WORKLOAD_STEP
2026-07-09 20:51:45.958820700+05:30,52.0,32,24.6,2812.08,62.8,204,309,TRANSITION,50.0,39.0,WORKLOAD_STEP
2026-07-09 20:51:47.991349+05:30,53.5,29,23.1,2912.51,62.81,204,307,TRANSITION,50.0,39.0,WORKLOAD_STEP
2026-07-09 20:51:50.022175400+05:30,52.8,33,23.4,2631.31,62.8,204,307,TRANSITION,50.0,39.0,WORKLOAD_STEP
2026-07-09 20:51:52.055093700+05:30,51.0,29,23.4,2761.87,62.8,204,307,TRANSITION,50.0,39.0,WORKLOAD_STEP
2026-07-09 20:51:54.086348300+05:30,62.9,33,25.0,2510.76,62.79,204,307,TRANSITION,100.0,40.0,WORKLOAD_STEP
2026-07-09 20:51:56.181100100+05:30,100.0,32,24.1,2490.68,62.78,204,307,TRANSITION,100.0,40.0,WORKLOAD_STEP
2026-07-09 20:51:58.241594800+05:30,100.0,33,25.5,2480.64,62.77,204,307,TRANSITION,100.0,40.0,WORKLOAD_STEP
2026-07-09 20:52:00.292367100+05:30,100.0,33,24.1,2480.64,62.78,204,307,TRANSITION,100.0,40.0,WORKLOAD_STEP
2026-07-09 20:52:02.356315500+05:30,99.9,33,25.0,2510.76,62.8,204,307,TRANSITION,100.0,40.0,WORKLOAD_STEP
2026-07-09 20:52:04.395113800+05:30,99.9,33,24.3,2470.6,62.81,204,307,TRANSITION,100.0,40.0,WORKLOAD_STEP
2026-07-09 20:52:06.469269400+05:30,100.0,33,24.0,2490.68,62.82,204,307,TRANSITION,100.0,40.0,WORKLOAD_STEP
2026-07-09 20:52:08.521149300+05:30,100.0,33,24.0,2460.56,62.79,204,307,TRANSITION,100.0,40.0,WORKLOAD_STEP
2026-07-09 20:52:10.742432500+05:30,100.0,33,25.7,2410.34,62.8,204,307,TRANSITION,100.0,40.0,WORKLOAD_STEP
2026-07-09 20:52:12.819463500+05:30,100.0,33,25.2,2470.6,62.78,204,307,TRANSITION,100.0,40.0,WORKLOAD_STEP
2026-07-09 20:52:14.885698+05:30,100.0,33,24.6,2470.59,62.85,204,307,TRANSITION,100.0,40.0,WORKLOAD_STEP
2026-07-09 20:52:16.977075300+05:30,100.0,32,23.7,2440.46,62.8,205,307,TRANSITION,100.0,40.0,WORKLOAD_STEP
2026-07-09 20:52:19.066045500+05:30,100.0,33,24.0,2500.72,62.8,205,308,TRANSITION,100.0,40.0,WORKLOAD_STEP
2026-07-09 20:52:21.120811700+05:30,100.0,33,24.0,2480.63,62.8,204,308,TRANSITION,100.0,40.0,WORKLOAD_STEP
2026-07-09 20:52:23.190602500+05:30,100.0,34,25.2,2470.6,62.79,203,308,TRANSITION,100.0,40.0,WORKLOAD_STEP
2026-07-09 20:52:25.251072200+05:30,100.0,33,23.8,2500.72,62.8,203,309,TRANSITION,100.0,40.0,WORKLOAD_STEP
2026-07-09 20:52:27.313694200+05:30,100.0,34,23.9,2500.73,62.8,203,309,TRANSITION,100.0,40.0,WORKLOAD_STEP
2026-07-09 20:52:29.408737400+05:30,100.0,33,25.5,2490.68,62.8,203,309,TRANSITION,100.0,40.0,WORKLOAD_STEP
2026-07-09 20:52:31.482590200+05:30,100.0,33,25.4,2480.63,62.78,206,309,TRANSITION,100.0,40.0,WORKLOAD_STEP
2026-07-09 20:52:33.544790900+05:30,100.0,33,25.1,2520.8,62.78,206,309,TRANSITION,100.0,40.0,WORKLOAD_STEP
2026-07-09 20:52:35.625749+05:30,100.0,33,26.0,2500.72,62.78,206,309,TRANSITION,100.0,40.0,WORKLOAD_STEP
2026-07-09 20:52:37.704059700+05:30,100.0,33,25.4,2470.59,62.78,205,309,TRANSITION,100.0,40.0,WORKLOAD_STEP
2026-07-09 20:52:39.764229+05:30,100.0,33,24.1,2490.67,62.76,205,309,TRANSITION,100.0,40.0,WORKLOAD_STEP
2026-07-09 20:52:41.814574+05:30,100.0,33,25.2,2490.67,62.77,205,309,TRANSITION,100.0,40.0,WORKLOAD_STEP
2026-07-09 20:52:43.862690100+05:30,100.0,32,23.4,2470.6,62.76,203,309,TRANSITION,100.0,40.0,WORKLOAD_STEP
2026-07-09 20:52:45.968106100+05:30,100.0,33,24.3,2490.68,62.76,203,309,TRANSITION,100.0,40.0,WORKLOAD_STEP
2026-07-09 20:52:48.046613900+05:30,100.0,32,25.6,2530.85,62.76,202,309,TRANSITION,100.0,40.0,WORKLOAD_STEP
2026-07-09 20:52:50.099635300+05:30,100.0,33,23.9,2470.59,62.77,202,310,TRANSITION,100.0,40.0,WORKLOAD_STEP
2026-07-09 20:52:52.154113100+05:30,100.0,33,24.1,2470.59,62.76,202,310,TRANSITION,100.0,40.0,WORKLOAD_STEP
2026-07-09 20:52:54.212758500+05:30,100.0,33,25.4,2500.72,62.77,202,310,TRANSITION,100.0,40.0,WORKLOAD_STEP
2026-07-09 20:52:56.311088700+05:30,100.0,33,24.1,2510.76,62.75,202,309,TRANSITION,100.0,40.0,WORKLOAD_STEP
2026-07-09 20:52:58.372227+05:30,100.0,32,24.1,2460.56,63.02,202,311,TRANSITION,100.0,40.0,WORKLOAD_STEP
2026-07-09 20:53:00.472320200+05:30,100.0,33,25.8,2460.56,63.04,202,311,TRANSITION,100.0,40.0,WORKLOAD_STEP
2026-07-09 20:53:02.515125200+05:30,100.0,34,23.7,2520.8,63.04,202,311,TRANSITION,100.0,40.0,WORKLOAD_STEP
2026-07-09 20:53:04.585888400+05:30,100.0,33,24.4,2520.81,63.04,202,311,TRANSITION,100.0,40.0,WORKLOAD_STEP
2026-07-09 20:53:06.661381100+05:30,100.0,33,24.7,2480.63,63.04,200,311,TRANSITION,100.0,40.0,WORKLOAD_STEP
2026-07-09 20:53:08.756918800+05:30,100.0,32,24.9,2510.75,63.04,200,311,TRANSITION,100.0,40.0,WORKLOAD_STEP
2026-07-09 20:53:10.847447800+05:30,100.0,32,25.2,2500.72,63.04,200,311,TRANSITION,100.0,40.0,WORKLOAD_STEP
2026-07-09 20:53:12.912135900+05:30,100.0,33,24.6,2470.6,63.04,200,311,TRANSITION,100.0,40.0,WORKLOAD_STEP
2026-07-09 20:53:14.974518300+05:30,100.0,33,26.0,2510.75,63.03,200,311,TRANSITION,100.0,40.0,WORKLOAD_STEP
2026-07-09 20:53:17.021909900+05:30,100.0,33,24.1,2460.56,63.04,201,311,TRANSITION,100.0,40.0,WORKLOAD_STEP
2026-07-09 20:53:19.111246900+05:30,100.0,33,24.4,2470.59,63.04,203,312,TRANSITION,100.0,40.0,WORKLOAD_STEP
2026-07-09 20:53:21.194035700+05:30,100.0,33,25.3,2490.67,63.04,203,312,TRANSITION,100.0,40.0,WORKLOAD_STEP
2026-07-09 20:53:23.282155700+05:30,50.6,41,11.7,2109.06,62.83,202,307,TRANSITION,0.0,41.0,WORKLOAD_STEP
2026-07-09 20:53:25.309733100+05:30,3.3,46,4.7,2109.06,62.81,202,307,TRANSITION,0.0,41.0,WORKLOAD_STEP
2026-07-09 20:53:27.337399100+05:30,3.1,49,5.1,2109.06,62.79,202,307,TRANSITION,0.0,41.0,WORKLOAD_STEP
2026-07-09 20:53:29.363774700+05:30,2.7,48,5.5,2109.06,62.84,202,307,TRANSITION,0.0,41.0,WORKLOAD_STEP
2026-07-09 20:53:31.391241200+05:30,1.3,50,4.0,2109.06,62.81,202,307,TRANSITION,0.0,41.0,WORKLOAD_STEP
2026-07-09 20:53:33.418978900+05:30,1.6,50,3.8,2109.06,62.81,203,307,TRANSITION,0.0,41.0,WORKLOAD_STEP
2026-07-09 20:53:35.447743700+05:30,1.8,50,4.0,2109.06,62.8,203,307,TRANSITION,0.0,41.0,WORKLOAD_STEP
2026-07-09 20:53:37.475579100+05:30,0.8,52,4.0,2109.06,62.87,203,307,TRANSITION,0.0,41.0,WORKLOAD_STEP
2026-07-09 20:53:39.499282400+05:30,2.0,50,4.7,2109.06,62.78,203,307,TRANSITION,0.0,41.0,WORKLOAD_STEP
2026-07-09 20:53:41.525959300+05:30,0.7000000000000001,53,3.9,2109.06,62.78,203,307,TRANSITION,0.0,41.0,WORKLOAD_STEP
2026-07-09 20:53:43.553378600+05:30,1.4,52,3.9,2109.06,62.78,203,307,TRANSITION,0.0,41.0,WORKLOAD_STEP
2026-07-09 20:53:45.580040700+05:30,1.8,53,3.9,2109.06,62.75,203,307,TRANSITION,0.0,41.0,WORKLOAD_STEP
2026-07-09 20:53:47.608503200+05:30,2.9,52,4.1,2109.06,62.75,203,307,TRANSITION,0.0,41.0,WORKLOAD_STEP
2026-07-09 20:53:49.634866300+05:30,5.4,52,6.8,2109.06,62.76,203,307,TRANSITION,0.0,41.0,WORKLOAD_STEP
2026-07-09 20:53:51.663272600+05:30,2.8,52,4.1,2109.06,62.75,203,307,TRANSITION,0.0,41.0,WORKLOAD_STEP
2026-07-09 20:53:53.695832600+05:30,2.2,53,3.9,2109.06,62.78,203,307,TRANSITION,0.0,41.0,WORKLOAD_STEP
2026-07-09 20:53:55.721790500+05:30,2.2,52,4.5,2109.06,62.77,203,307,TRANSITION,0.0,41.0,WORKLOAD_STEP
2026-07-09 20:53:57.748932100+05:30,1.5,53,4.0,2109.06,62.76,203,307,TRANSITION,0.0,41.0,WORKLOAD_STEP
2026-07-09 20:53:59.777529200+05:30,3.4,52,4.5,2109.06,62.76,205,307,TRANSITION,0.0,41.0,WORKLOAD_STEP
2026-07-09 20:54:01.805835200+05:30,2.2,52,3.8,2109.06,62.76,205,307,TRANSITION,0.0,41.0,WORKLOAD_STEP
2026-07-09 20:54:03.835155500+05:30,2.3,52,4.4,2109.06,62.77,205,307,TRANSITION,0.0,41.0,WORKLOAD_STEP
2026-07-09 20:54:05.862725800+05:30,3.0,52,4.9,2109.06,62.77,205,307,TRANSITION,0.0,41.0,WORKLOAD_STEP
2026-07-09 20:54:07.889923600+05:30,1.6,53,4.2,2269.74,62.78,205,307,TRANSITION,0.0,41.0,WORKLOAD_STEP
2026-07-09 20:54:09.917762600+05:30,1.3,53,3.7,2109.06,62.77,205,307,TRANSITION,0.0,41.0,WORKLOAD_STEP
2026-07-09 20:54:11.945177+05:30,2.2,53,3.6,2109.06,62.79,205,307,TRANSITION,0.0,41.0,WORKLOAD_STEP
2026-07-09 20:54:13.966427400+05:30,3.0,53,3.6,2109.06,62.78,205,307,TRANSITION,0.0,41.0,WORKLOAD_STEP
2026-07-09 20:54:15.994228+05:30,2.1,53,3.8,2109.06,62.78,205,307,TRANSITION,0.0,41.0,WORKLOAD_STEP
2026-07-09 20:54:18.027770900+05:30,6.5,53,5.5,2109.06,62.78,206,307,TRANSITION,0.0,41.0,WORKLOAD_STEP
2026-07-09 20:54:20.047966700+05:30,11.3,53,7.3,2330.01,62.8,205,307,TRANSITION,0.0,41.0,WORKLOAD_STEP
2026-07-09 20:54:22.168523200+05:30,3.8,53,5.0,2109.06,62.75,205,307,TRANSITION,0.0,41.0,WORKLOAD_STEP
2026-07-09 20:54:24.195476400+05:30,2.2,53,3.8,2109.06,62.74,204,307,TRANSITION,0.0,41.0,WORKLOAD_STEP
2026-07-09 20:54:26.223216500+05:30,3.3,54,3.9,2109.06,62.75,204,307,TRANSITION,0.0,41.0,WORKLOAD_STEP
2026-07-09 20:54:28.260510800+05:30,1.8,54,4.0,2109.06,62.75,204,307,TRANSITION,0.0,41.0,WORKLOAD_STEP
2026-07-09 20:54:30.288070500+05:30,3.7,57,4.6,2109.06,62.75,204,307,TRANSITION,0.0,41.0,WORKLOAD_STEP
2026-07-09 20:54:32.313587100+05:30,1.9000000000000001,54,4.2,2109.06,62.75,207,307,TRANSITION,0.0,41.0,WORKLOAD_STEP
2026-07-09 20:54:34.340719+05:30,4.9,53,5.8,2109.06,62.75,207,307,TRANSITION,0.0,41.0,WORKLOAD_STEP
2026-07-09 20:54:36.359309+05:30,2.4,54,4.9,2109.06,62.75,204,307,TRANSITION,0.0,41.0,WORKLOAD_STEP
2026-07-09 20:54:38.393689500+05:30,0.9,54,5.5,2109.06,62.74,204,307,TRANSITION,0.0,41.0,WORKLOAD_STEP
2026-07-09 20:54:40.423083700+05:30,0.7000000000000001,54,5.1,2109.06,62.75,204,307,TRANSITION,0.0,41.0,WORKLOAD_STEP
2026-07-09 20:54:42.449451900+05:30,4.0,53,4.4,2109.06,62.75,204,307,TRANSITION,0.0,41.0,WORKLOAD_STEP
2026-07-09 20:54:44.476951700+05:30,1.0,53,4.0,2109.06,62.73,204,307,TRANSITION,0.0,41.0,WORKLOAD_STEP
2026-07-09 20:54:46.503956900+05:30,3.1,53,4.0,2109.06,62.74,204,307,TRANSITION,0.0,41.0,WORKLOAD_STEP
2026-07-09 20:54:48.531887800+05:30,4.3,48,4.7,2330.01,63.01,204,309,TRANSITION,0.0,41.0,WORKLOAD_STEP
2026-07-09 20:54:50.559737500+05:30,6.7,53,4.2,2109.06,62.69,204,307,TRANSITION,0.0,41.0,WORKLOAD_STEP
2026-07-09 20:54:52.587017100+05:30,1.4,57,4.1,2109.06,62.7,204,307,TRANSITION,0.0,41.0,WORKLOAD_STEP
2026-07-09 20:54:54.616789200+05:30,3.2,53,4.0,2109.06,62.72,204,307,TRANSITION,0.0,41.0,WORKLOAD_STEP
2026-07-09 20:54:56.643039200+05:30,0.7000000000000001,54,4.1,2109.06,62.71,204,307,TRANSITION,0.0,41.0,WORKLOAD_STEP
2026-07-09 20:54:58.670463300+05:30,2.1,54,4.0,2340.05,62.73,204,307,TRANSITION,0.0,41.0,WORKLOAD_STEP
2026-07-09 20:55:00.697702700+05:30,1.1,54,3.9,2109.06,62.73,204,307,TRANSITION,0.0,41.0,WORKLOAD_STEP
2026-07-09 20:55:02.735483200+05:30,1.2,54,3.9,2109.06,62.72,204,307,TRANSITION,0.0,41.0,WORKLOAD_STEP
2026-07-09 20:55:04.763824700+05:30,1.5,54,3.5,2109.06,62.72,204,307,TRANSITION,0.0,41.0,WORKLOAD_STEP
2026-07-09 20:55:06.793704200+05:30,0.8,54,3.6,2008.62,62.73,204,307,TRANSITION,0.0,41.0,WORKLOAD_STEP
2026-07-09 20:55:08.821066900+05:30,0.9,55,3.6,2109.06,62.73,204,307,TRANSITION,0.0,41.0,WORKLOAD_STEP
2026-07-09 20:55:10.849607300+05:30,0.9,54,3.7,2109.06,62.73,204,307,TRANSITION,0.0,41.0,WORKLOAD_STEP
2026-07-09 20:55:12.876588300+05:30,4.2,54,3.6,2109.06,62.73,204,307,TRANSITION,0.0,41.0,WORKLOAD_STEP
2026-07-09 20:55:14.905262400+05:30,68.2,53,4.9,2159.27,62.79,204,307,TRANSITION,100.0,42.0,WORKLOAD_STEP
2026-07-09 20:55:16.970988600+05:30,100.0,37,29.4,2751.82,62.8,209,307,TRANSITION,100.0,42.0,WORKLOAD_STEP
2026-07-09 20:55:19.057940500+05:30,100.0,37,29.9,2721.7,62.8,209,307,TRANSITION,100.0,42.0,WORKLOAD_STEP
2026-07-09 20:55:21.122854900+05:30,100.0,37,29.8,2691.56,62.79,208,307,TRANSITION,100.0,42.0,WORKLOAD_STEP
2026-07-09 20:55:23.203358+05:30,100.0,37,29.5,2681.52,62.78,208,309,TRANSITION,100.0,42.0,WORKLOAD_STEP
2026-07-09 20:55:25.262312500+05:30,100.0,36,28.6,2701.61,62.79,208,309,TRANSITION,100.0,42.0,WORKLOAD_STEP
2026-07-09 20:55:27.322372900+05:30,100.0,37,27.6,2611.19,62.79,208,309,TRANSITION,100.0,42.0,WORKLOAD_STEP
2026-07-09 20:55:29.386987100+05:30,100.0,34,28.8,2691.55,62.79,208,309,TRANSITION,100.0,42.0,WORKLOAD_STEP
2026-07-09 20:55:31.464343200+05:30,100.0,36,27.9,2661.42,62.79,208,309,TRANSITION,100.0,42.0,WORKLOAD_STEP
2026-07-09 20:55:33.540353700+05:30,100.0,34,27.9,2641.32,62.79,208,309,TRANSITION,100.0,42.0,WORKLOAD_STEP
2026-07-09 20:55:35.661085200+05:30,100.0,36,25.4,2671.46,62.79,208,309,TRANSITION,100.0,42.0,WORKLOAD_STEP
2026-07-09 20:55:37.737883600+05:30,100.0,36,28.3,2651.37,62.8,208,309,TRANSITION,100.0,42.0,WORKLOAD_STEP
2026-07-09 20:55:39.829367300+05:30,100.0,34,26.9,2651.36,62.8,208,309,TRANSITION,100.0,42.0,WORKLOAD_STEP
2026-07-09 20:55:41.884065+05:30,100.0,34,26.0,2611.19,62.81,208,309,TRANSITION,100.0,42.0,WORKLOAD_STEP
2026-07-09 20:55:43.990769200+05:30,100.0,34,27.1,2611.2,62.79,208,309,TRANSITION,100.0,42.0,WORKLOAD_STEP
2026-07-09 20:55:46.073411700+05:30,100.0,34,26.1,2651.37,62.79,206,309,TRANSITION,100.0,42.0,WORKLOAD_STEP
2026-07-09 20:55:48.164394900+05:30,100.0,34,28.4,2591.12,62.78,206,309,TRANSITION,100.0,42.0,WORKLOAD_STEP
2026-07-09 20:55:50.215628300+05:30,100.0,34,28.0,2591.11,62.78,206,309,TRANSITION,100.0,42.0,WORKLOAD_STEP
2026-07-09 20:55:52.280595100+05:30,100.0,33,26.5,2611.2,62.77,206,309,TRANSITION,100.0,42.0,WORKLOAD_STEP
2026-07-09 20:55:54.319110500+05:30,100.0,34,27.5,2571.02,62.77,206,309,TRANSITION,100.0,42.0,WORKLOAD_STEP
2026-07-09 20:55:56.373020200+05:30,100.0,34,26.9,2571.01,62.78,206,309,TRANSITION,100.0,42.0,WORKLOAD_STEP
2026-07-09 20:55:58.465702+05:30,100.0,34,26.0,2581.06,62.76,206,309,TRANSITION,100.0,42.0,WORKLOAD_STEP
2026-07-09 20:56:00.543068400+05:30,100.0,34,25.8,2611.19,62.77,206,309,TRANSITION,100.0,42.0,WORKLOAD_STEP
2026-07-09 20:56:02.644559600+05:30,100.0,34,26.6,2560.97,62.76,207,309,TRANSITION,100.0,42.0,WORKLOAD_STEP
2026-07-09 20:56:04.697774800+05:30,100.0,34,25.8,2581.05,62.76,207,309,TRANSITION,100.0,42.0,WORKLOAD_STEP
2026-07-09 20:56:06.755583200+05:30,100.0,33,25.6,2571.02,62.77,207,310,TRANSITION,100.0,42.0,WORKLOAD_STEP
2026-07-09 20:56:08.838935700+05:30,100.0,36,24.9,2601.14,62.77,207,310,TRANSITION,100.0,42.0,WORKLOAD_STEP
2026-07-09 20:56:10.921726+05:30,100.0,34,25.9,2591.11,62.77,207,310,TRANSITION,100.0,42.0,WORKLOAD_STEP
2026-07-09 20:56:12.990082900+05:30,100.0,33,25.8,2520.8,62.78,207,310,TRANSITION,100.0,42.0,WORKLOAD_STEP
2026-07-09 20:56:15.061299+05:30,100.0,34,25.7,2530.84,62.78,207,310,TRANSITION,100.0,42.0,WORKLOAD_STEP
2026-07-09 20:56:17.142118500+05:30,100.0,33,25.6,2530.84,62.78,207,310,TRANSITION,100.0,42.0,WORKLOAD_STEP
2026-07-09 20:56:19.200090500+05:30,100.0,34,25.4,2540.88,62.78,206,310,TRANSITION,100.0,42.0,WORKLOAD_STEP
2026-07-09 20:56:21.290689300+05:30,100.0,34,24.5,2540.88,62.79,206,311,TRANSITION,100.0,42.0,WORKLOAD_STEP
2026-07-09 20:56:23.371303900+05:30,100.0,34,26.7,2520.8,62.79,206,311,TRANSITION,100.0,42.0,WORKLOAD_STEP
2026-07-09 20:56:25.434783100+05:30,100.0,34,25.4,2520.8,62.8,206,311,TRANSITION,100.0,42.0,WORKLOAD_STEP
2026-07-09 20:56:27.512944900+05:30,100.0,33,25.4,2520.81,62.81,206,311,TRANSITION,100.0,42.0,WORKLOAD_STEP
2026-07-09 20:56:29.570405300+05:30,100.0,34,25.7,2550.92,62.79,206,310,TRANSITION,100.0,42.0,WORKLOAD_STEP
2026-07-09 20:56:31.640266700+05:30,100.0,33,26.6,2500.72,62.79,209,310,TRANSITION,100.0,42.0,WORKLOAD_STEP
2026-07-09 20:56:33.709068300+05:30,100.0,34,26.0,2500.72,62.78,209,310,TRANSITION,100.0,42.0,WORKLOAD_STEP
2026-07-09 20:56:35.778934900+05:30,100.0,33,25.0,2470.6,62.79,206,311,TRANSITION,100.0,42.0,WORKLOAD_STEP
2026-07-09 20:56:37.839418900+05:30,100.0,33,24.9,2530.85,62.79,206,311,TRANSITION,100.0,42.0,WORKLOAD_STEP
2026-07-09 20:56:39.898915100+05:30,100.0,34,24.9,2480.64,62.8,206,311,TRANSITION,100.0,42.0,WORKLOAD_STEP
2026-07-09 20:56:41.964514100+05:30,100.0,33,24.3,2520.8,62.78,206,311,TRANSITION,100.0,42.0,WORKLOAD_STEP
2026-07-09 20:56:44.040200600+05:30,100.0,33,24.9,2520.81,62.78,206,311,TRANSITION,100.0,42.0,WORKLOAD_STEP
2026-07-09 20:56:46.141527700+05:30,100.0,33,24.4,2540.89,62.78,206,312,TRANSITION,100.0,42.0,WORKLOAD_STEP
2026-07-09 20:56:48.213987+05:30,100.0,33,24.9,2510.77,62.78,206,312,TRANSITION,100.0,42.0,WORKLOAD_STEP
2026-07-09 20:56:50.299046+05:30,100.0,33,25.0,2530.84,62.78,206,312,TRANSITION,100.0,42.0,WORKLOAD_STEP
2026-07-09 20:56:52.374156500+05:30,100.0,34,25.3,2510.77,62.77,206,312,TRANSITION,100.0,42.0,WORKLOAD_STEP
2026-07-09 20:56:54.452137100+05:30,100.0,33,25.0,2480.64,62.77,206,312,TRANSITION,100.0,42.0,WORKLOAD_STEP
2026-07-09 20:56:56.514615+05:30,100.0,33,25.2,2530.83,62.77,206,312,TRANSITION,100.0,42.0,WORKLOAD_STEP
2026-07-09 20:56:58.592142600+05:30,100.0,33,25.1,2510.76,62.77,206,312,TRANSITION,100.0,42.0,WORKLOAD_STEP
2026-07-09 20:57:00.663515700+05:30,100.0,33,24.0,2500.72,62.78,206,312,TRANSITION,100.0,42.0,WORKLOAD_STEP
2026-07-09 20:57:02.727539600+05:30,100.0,34,25.1,2510.76,62.78,206,312,TRANSITION,100.0,42.0,WORKLOAD_STEP
2026-07-09 20:57:04.766462100+05:30,100.0,34,24.0,2500.72,62.79,206,313,TRANSITION,100.0,42.0,WORKLOAD_STEP
2026-07-09 20:57:06.827438+05:30,100.0,33,23.8,2440.46,62.8,206,313,TRANSITION,100.0,42.0,WORKLOAD_STEP
2026-07-09 20:57:08.887330300+05:30,100.0,33,25.7,2490.66,62.8,206,314,TRANSITION,100.0,42.0,WORKLOAD_STEP
2026-07-09 20:57:10.947352200+05:30,100.0,33,25.1,2490.67,62.8,206,314,TRANSITION,100.0,42.0,WORKLOAD_STEP
2026-07-09 20:57:13.003488900+05:30,100.0,34,24.8,2500.72,62.95,206,314,TRANSITION,100.0,42.0,WORKLOAD_STEP
2026-07-09 20:57:15.075992300+05:30,100.0,34,24.1,2500.71,62.97,206,314,TRANSITION,100.0,42.0,WORKLOAD_STEP
2026-07-09 20:57:17.140703300+05:30,100.0,34,24.5,2480.63,62.96,206,314,TRANSITION,100.0,42.0,WORKLOAD_STEP
2026-07-09 20:57:19.217540800+05:30,100.0,33,25.1,2520.8,62.98,206,314,TRANSITION,100.0,42.0,WORKLOAD_STEP
2026-07-09 20:57:21.299257300+05:30,100.0,34,26.5,2490.67,62.97,206,314,TRANSITION,100.0,42.0,WORKLOAD_STEP
2026-07-09 20:57:23.361448500+05:30,100.0,33,25.5,2490.68,62.98,205,314,TRANSITION,100.0,42.0,WORKLOAD_STEP
2026-07-09 20:57:25.448139700+05:30,100.0,34,24.9,2480.64,62.98,205,315,TRANSITION,100.0,42.0,WORKLOAD_STEP
2026-07-09 20:57:27.586718400+05:30,100.0,33,25.0,2520.8,62.98,205,315,TRANSITION,100.0,42.0,WORKLOAD_STEP
2026-07-09 20:57:29.663985100+05:30,100.0,33,24.7,2480.64,62.98,205,315,TRANSITION,100.0,42.0,WORKLOAD_STEP
2026-07-09 20:57:31.730298200+05:30,100.0,32,23.8,2510.76,62.99,205,315,TRANSITION,100.0,42.0,WORKLOAD_STEP
2026-07-09 20:57:33.798356100+05:30,100.0,33,25.2,2500.72,62.99,205,315,TRANSITION,100.0,42.0,WORKLOAD_STEP
2026-07-09 20:57:35.897685700+05:30,100.0,33,26.1,2480.63,62.99,205,315,TRANSITION,100.0,42.0,WORKLOAD_STEP
2026-07-09 20:57:37.968847900+05:30,100.0,33,26.4,2510.76,62.99,205,316,TRANSITION,100.0,42.0,WORKLOAD_STEP
2026-07-09 20:57:40.048365200+05:30,100.0,33,23.4,2470.6,63.0,205,316,TRANSITION,100.0,42.0,WORKLOAD_STEP
2026-07-09 20:57:42.115829700+05:30,100.0,33,24.9,2490.68,63.0,205,316,TRANSITION,100.0,42.0,WORKLOAD_STEP
2026-07-09 20:57:44.153696800+05:30,100.0,33,22.5,2500.72,63.0,205,316,TRANSITION,100.0,42.0,WORKLOAD_STEP
2026-07-09 20:57:46.232405100+05:30,100.0,33,25.2,2510.76,63.0,205,316,TRANSITION,100.0,42.0,WORKLOAD_STEP
2026-07-09 20:57:48.299329700+05:30,100.0,33,24.7,2470.59,63.0,205,316,TRANSITION,100.0,42.0,WORKLOAD_STEP
2026-07-09 20:57:50.370292300+05:30,100.0,33,23.5,2470.6,63.01,205,316,TRANSITION,100.0,42.0,WORKLOAD_STEP
2026-07-09 20:57:52.455788400+05:30,100.0,34,25.4,2470.6,63.01,205,316,TRANSITION,100.0,42.0,WORKLOAD_STEP
2026-07-09 20:57:54.514261600+05:30,100.0,34,24.9,2480.64,63.01,205,316,TRANSITION,100.0,42.0,WORKLOAD_STEP
2026-07-09 20:57:56.567614400+05:30,100.0,33,26.2,2510.76,63.01,207,316,TRANSITION,100.0,42.0,WORKLOAD_STEP
2026-07-09 20:57:58.634637+05:30,100.0,33,24.2,2530.84,63.03,207,317,TRANSITION,100.0,42.0,WORKLOAD_STEP
2026-07-09 20:58:00.735363200+05:30,100.0,34,25.4,2490.68,63.03,207,317,TRANSITION,100.0,42.0,WORKLOAD_STEP
2026-07-09 20:58:02.786839+05:30,100.0,34,24.1,2490.68,63.04,207,317,TRANSITION,100.0,42.0,WORKLOAD_STEP
2026-07-09 20:58:04.864777100+05:30,100.0,34,24.4,2530.84,63.02,207,317,TRANSITION,100.0,42.0,WORKLOAD_STEP
2026-07-09 20:58:06.935970+05:30,100.0,33,25.2,2520.8,63.03,207,318,TRANSITION,100.0,42.0,WORKLOAD_STEP
2026-07-09 20:58:09.009740200+05:30,100.0,33,25.3,2520.8,63.03,207,318,TRANSITION,100.0,42.0,WORKLOAD_STEP
2026-07-09 20:58:11.092991100+05:30,100.0,33,24.4,2490.68,63.03,207,318,TRANSITION,100.0,42.0,WORKLOAD_STEP
2026-07-09 20:58:13.132948+05:30,100.0,33,25.8,2450.5,63.03,207,318,TRANSITION,100.0,42.0,WORKLOAD_STEP
2026-07-09 20:58:15.178172600+05:30,100.0,32,25.4,2490.68,63.03,207,318,TRANSITION,100.0,42.0,WORKLOAD_STEP
2026-07-09 20:58:17.218406200+05:30,100.0,33,24.4,2500.73,63.04,208,318,TRANSITION,100.0,42.0,WORKLOAD_STEP
2026-07-09 20:58:19.268665200+05:30,100.0,33,24.4,2480.64,63.03,208,318,TRANSITION,100.0,42.0,WORKLOAD_STEP
2026-07-09 20:58:21.358284500+05:30,100.0,34,25.4,2480.64,63.04,208,318,TRANSITION,100.0,42.0,WORKLOAD_STEP
2026-07-09 20:58:23.403340400+05:30,100.0,34,24.0,2510.76,63.02,207,318,TRANSITION,100.0,43.0,WORKLOAD_STEP
2026-07-09 20:58:25.470138+05:30,100.0,33,24.2,2470.59,63.16,205,318,TRANSITION,100.0,43.0,WORKLOAD_STEP
2026-07-09 20:58:27.519597700+05:30,100.0,33,24.2,2500.72,63.47,205,319,TRANSITION,100.0,43.0,WORKLOAD_STEP
2026-07-09 20:58:29.549576900+05:30,100.0,34,24.6,2480.64,63.6,205,319,TRANSITION,100.0,43.0,WORKLOAD_STEP
2026-07-09 20:58:31.579830400+05:30,100.0,33,25.0,2490.68,63.86,208,319,TRANSITION,100.0,43.0,WORKLOAD_STEP
2026-07-09 20:58:33.614607900+05:30,100.0,33,25.0,2520.8,63.66,208,317,TRANSITION,100.0,43.0,WORKLOAD_STEP
2026-07-09 20:58:35.658990500+05:30,100.0,33,24.3,2510.76,63.64,205,317,TRANSITION,100.0,43.0,WORKLOAD_STEP
2026-07-09 20:58:37.728227500+05:30,100.0,33,24.3,2520.8,63.57,205,317,TRANSITION,100.0,43.0,WORKLOAD_STEP
2026-07-09 20:58:39.801498100+05:30,100.0,33,26.2,2500.72,63.52,205,316,TRANSITION,100.0,43.0,WORKLOAD_STEP
2026-07-09 20:58:41.862133600+05:30,100.0,33,25.3,2520.8,63.52,205,316,TRANSITION,100.0,43.0,WORKLOAD_STEP
2026-07-09 20:58:43.930414100+05:30,100.0,33,25.6,2480.63,63.4,205,315,TRANSITION,100.0,43.0,WORKLOAD_STEP
2026-07-09 20:58:46.011657600+05:30,100.0,33,25.4,2480.64,63.38,205,315,TRANSITION,100.0,43.0,WORKLOAD_STEP
2026-07-09 20:58:48.141835900+05:30,100.0,33,25.6,2470.58,63.32,205,316,TRANSITION,100.0,43.0,WORKLOAD_STEP
2026-07-09 20:58:50.209167600+05:30,100.0,34,25.1,2480.64,63.27,205,313,TRANSITION,100.0,43.0,WORKLOAD_STEP
2026-07-09 20:58:52.286039200+05:30,100.0,33,23.9,2510.76,63.26,205,313,TRANSITION,100.0,43.0,WORKLOAD_STEP
2026-07-09 20:58:54.351292800+05:30,100.0,34,24.3,2450.52,63.23,205,312,TRANSITION,100.0,43.0,WORKLOAD_STEP
2026-07-09 20:58:56.422104+05:30,100.0,33,25.4,2500.72,63.23,205,312,TRANSITION,100.0,43.0,WORKLOAD_STEP
2026-07-09 20:58:58.484395300+05:30,100.0,33,25.7,2510.76,63.22,205,312,TRANSITION,100.0,43.0,WORKLOAD_STEP
2026-07-09 20:59:00.576103600+05:30,100.0,33,25.6,2500.72,63.2,205,313,TRANSITION,100.0,43.0,WORKLOAD_STEP
2026-07-09 20:59:02.618498800+05:30,100.0,33,23.3,2510.76,63.2,205,313,TRANSITION,100.0,43.0,WORKLOAD_STEP
2026-07-09 20:59:04.699679600+05:30,100.0,33,24.8,2510.76,63.2,205,313,TRANSITION,100.0,43.0,WORKLOAD_STEP
2026-07-09 20:59:06.772035700+05:30,85.5,47,14.8,2330.01,63.31,205,311,TRANSITION,0.0,44.0,WORKLOAD_STEP
2026-07-09 20:59:08.799103300+05:30,1.1,49,4.1,2109.06,63.0,205,307,TRANSITION,0.0,44.0,WORKLOAD_STEP
2026-07-09 20:59:10.826586800+05:30,3.9,52,4.7,2109.06,62.98,205,307,TRANSITION,0.0,44.0,WORKLOAD_STEP
2026-07-09 20:59:12.855950400+05:30,2.8,42,5.8,2731.73,62.99,205,307,TRANSITION,0.0,44.0,WORKLOAD_STEP
2026-07-09 20:59:14.881394200+05:30,5.3,50,4.5,2119.1,62.96,205,307,TRANSITION,0.0,44.0,WORKLOAD_STEP
2026-07-09 20:59:16.908447500+05:30,1.2,54,3.9,2109.06,62.95,206,307,TRANSITION,0.0,44.0,WORKLOAD_STEP
2026-07-09 20:59:18.936349500+05:30,2.5,50,4.0,2109.06,63.0,206,307,TRANSITION,0.0,44.0,WORKLOAD_STEP
2026-07-09 20:59:20.963176100+05:30,1.7,50,3.9,2109.06,63.0,206,307,TRANSITION,0.0,44.0,WORKLOAD_STEP
2026-07-09 20:59:22.990407900+05:30,0.9,52,3.9,2109.06,63.0,205,307,TRANSITION,0.0,44.0,WORKLOAD_STEP
2026-07-09 20:59:25.028393+05:30,2.1,52,4.0,2109.06,63.0,205,307,TRANSITION,0.0,44.0,WORKLOAD_STEP
2026-07-09 20:59:27.054069400+05:30,1.2,52,4.0,1958.41,62.99,205,307,TRANSITION,0.0,44.0,WORKLOAD_STEP
2026-07-09 20:59:29.083140+05:30,1.2,53,3.9,2109.06,62.98,205,307,TRANSITION,0.0,44.0,WORKLOAD_STEP
2026-07-09 20:59:31.111776600+05:30,0.5,52,4.1,2109.06,62.97,205,307,TRANSITION,0.0,44.0,WORKLOAD_STEP
2026-07-09 20:59:33.147981900+05:30,2.7,52,4.0,2109.06,62.96,205,307,TRANSITION,0.0,44.0,WORKLOAD_STEP
2026-07-09 20:59:35.175771500+05:30,1.8,53,3.8,2109.06,62.96,205,307,TRANSITION,0.0,44.0,WORKLOAD_STEP
2026-07-09 20:59:37.199517900+05:30,2.1,53,4.1,2109.06,62.95,205,307,TRANSITION,0.0,44.0,WORKLOAD_STEP
2026-07-09 20:59:39.225239800+05:30,2.6,53,3.9,2109.06,62.94,205,307,TRANSITION,0.0,44.0,WORKLOAD_STEP
2026-07-09 20:59:41.253297300+05:30,3.4,53,4.5,2109.06,62.97,205,307,TRANSITION,0.0,44.0,WORKLOAD_STEP
2026-07-09 20:59:43.279624100+05:30,5.8,49,6.8,2480.65,62.97,205,307,TRANSITION,0.0,44.0,WORKLOAD_STEP
2026-07-09 20:59:45.305370300+05:30,12.4,50,7.3,2159.28,62.96,205,307,TRANSITION,20.0,45.0,WORKLOAD_STEP
2026-07-09 20:59:47.333909900+05:30,28.4,46,12.8,2832.17,63.04,205,307,TRANSITION,20.0,45.0,WORKLOAD_STEP
2026-07-09 20:59:49.356755900+05:30,27.8,46,11.8,2450.52,63.04,205,307,TRANSITION,20.0,45.0,WORKLOAD_STEP
2026-07-09 20:59:51.388336700+05:30,23.2,45,12.2,2641.35,63.01,205,307,TRANSITION,20.0,45.0,WORKLOAD_STEP
2026-07-09 20:59:53.421916600+05:30,21.3,46,12.3,2701.6,63.0,205,307,TRANSITION,20.0,45.0,WORKLOAD_STEP
2026-07-09 20:59:55.453778+05:30,20.5,45,16.4,2420.39,62.97,205,307,TRANSITION,20.0,45.0,WORKLOAD_STEP
2026-07-09 20:59:57.475420+05:30,22.4,43,20.4,2812.08,63.0,205,307,TRANSITION,20.0,45.0,WORKLOAD_STEP
2026-07-09 20:59:59.496093300+05:30,21.7,42,19.1,3002.89,63.03,205,307,TRANSITION,20.0,45.0,WORKLOAD_STEP
2026-07-09 21:00:01.516203400+05:30,21.6,41,22.4,3665.72,63.02,205,307,TRANSITION,20.0,45.0,WORKLOAD_STEP
2026-07-09 21:00:03.538980500+05:30,24.6,40,21.5,3163.57,62.98,205,307,TRANSITION,20.0,45.0,WORKLOAD_STEP
2026-07-09 21:00:05.557644700+05:30,23.4,40,22.0,2550.96,63.03,205,307,TRANSITION,20.0,45.0,WORKLOAD_STEP
2026-07-09 21:00:07.594685100+05:30,27.7,40,22.7,2530.87,62.98,205,307,TRANSITION,20.0,45.0,WORKLOAD_STEP
2026-07-09 21:00:09.612336700+05:30,21.2,39,18.6,2802.05,62.96,205,307,TRANSITION,20.0,45.0,WORKLOAD_STEP
2026-07-09 21:00:11.630291900+05:30,23.3,26,21.3,3233.89,62.98,205,307,TRANSITION,20.0,45.0,WORKLOAD_STEP
2026-07-09 21:00:13.649398300+05:30,25.1,33,22.9,3103.35,62.94,205,307,TRANSITION,20.0,45.0,WORKLOAD_STEP
2026-07-09 21:00:15.668013500+05:30,22.6,26,22.7,2922.55,62.93,205,307,TRANSITION,20.0,45.0,WORKLOAD_STEP
2026-07-09 21:00:17.687680500+05:30,22.1,34,21.4,2611.21,62.93,206,307,TRANSITION,20.0,45.0,WORKLOAD_STEP
2026-07-09 21:00:19.706503200+05:30,23.4,24,22.4,2741.77,62.95,205,307,TRANSITION,20.0,45.0,WORKLOAD_STEP
2026-07-09 21:00:21.728021300+05:30,21.4,29,21.3,2962.73,62.94,206,307,TRANSITION,20.0,45.0,WORKLOAD_STEP
2026-07-09 21:00:23.748649700+05:30,23.7,34,22.4,2852.25,62.97,205,307,TRANSITION,20.0,45.0,WORKLOAD_STEP
2026-07-09 21:00:25.771771500+05:30,23.1,33,20.6,3123.41,62.99,205,307,TRANSITION,20.0,45.0,WORKLOAD_STEP
2026-07-09 21:00:27.791110700+05:30,63.8,34,27.3,2530.85,62.99,207,307,TRANSITION,80.0,46.0,WORKLOAD_STEP
2026-07-09 21:00:29.820437800+05:30,81.6,32,24.9,2731.71,62.99,207,307,TRANSITION,80.0,46.0,WORKLOAD_STEP
2026-07-09 21:00:31.849879200+05:30,81.3,34,26.1,2681.5,63.0,210,307,TRANSITION,80.0,46.0,WORKLOAD_STEP
2026-07-09 21:00:33.960893300+05:30,80.2,33,27.2,2781.94,62.99,210,307,TRANSITION,80.0,46.0,WORKLOAD_STEP
2026-07-09 21:00:35.988960500+05:30,82.8,34,27.6,2711.63,63.0,207,307,TRANSITION,80.0,46.0,WORKLOAD_STEP
2026-07-09 21:00:38.017956+05:30,81.2,34,25.1,2591.1,62.99,207,307,TRANSITION,80.0,46.0,WORKLOAD_STEP
2026-07-09 21:00:40.048537900+05:30,82.6,34,24.5,2681.5,63.0,207,307,TRANSITION,80.0,46.0,WORKLOAD_STEP
2026-07-09 21:00:42.095753600+05:30,79.9,33,26.4,2701.58,62.99,208,307,TRANSITION,80.0,46.0,WORKLOAD_STEP
2026-07-09 21:00:44.123258100+05:30,84.4,33,27.6,2671.46,63.02,210,307,TRANSITION,80.0,46.0,WORKLOAD_STEP
2026-07-09 21:00:46.157284+05:30,80.5,29,26.8,2681.51,63.01,210,307,TRANSITION,80.0,46.0,WORKLOAD_STEP
2026-07-09 21:00:48.186109700+05:30,89.9,34,25.5,2631.29,63.35,211,309,TRANSITION,80.0,46.0,WORKLOAD_STEP
2026-07-09 21:00:50.218956800+05:30,88.0,33,28.3,2591.11,63.38,210,310,TRANSITION,80.0,46.0,WORKLOAD_STEP
2026-07-09 21:00:52.255238300+05:30,83.3,34,26.5,2510.76,63.23,209,309,TRANSITION,80.0,46.0,WORKLOAD_STEP
2026-07-09 21:00:54.295001100+05:30,85.2,32,24.4,2641.33,63.22,209,309,TRANSITION,80.0,46.0,WORKLOAD_STEP
2026-07-09 21:00:56.330634200+05:30,82.5,33,25.8,2571.02,63.22,209,309,TRANSITION,80.0,46.0,WORKLOAD_STEP
2026-07-09 21:00:58.360163500+05:30,85.4,32,24.9,2510.76,63.08,207,309,TRANSITION,80.0,46.0,WORKLOAD_STEP
2026-07-09 21:01:00.389653500+05:30,81.5,36,28.4,2671.47,63.12,207,309,TRANSITION,80.0,46.0,WORKLOAD_STEP
2026-07-09 21:01:02.419688400+05:30,81.3,32,24.7,2631.28,63.14,207,309,TRANSITION,80.0,46.0,WORKLOAD_STEP
2026-07-09 21:01:04.445861700+05:30,81.9,33,25.2,2681.5,63.16,207,309,TRANSITION,80.0,46.0,WORKLOAD_STEP
2026-07-09 21:01:06.481228600+05:30,79.8,33,24.1,2490.68,63.16,207,309,TRANSITION,80.0,46.0,WORKLOAD_STEP
2026-07-09 21:01:08.511430800+05:30,79.8,34,26.0,2631.3,63.16,207,309,TRANSITION,80.0,46.0,WORKLOAD_STEP
2026-07-09 21:01:10.544703500+05:30,83.5,33,24.7,2591.11,63.16,207,309,TRANSITION,80.0,46.0,WORKLOAD_STEP
2026-07-09 21:01:12.575020500+05:30,81.3,33,24.6,2601.14,63.32,207,311,TRANSITION,80.0,46.0,WORKLOAD_STEP
2026-07-09 21:01:14.619944300+05:30,81.2,32,26.2,2661.4,63.21,207,309,TRANSITION,80.0,46.0,WORKLOAD_STEP
2026-07-09 21:01:16.650149200+05:30,81.0,34,24.9,2661.43,63.2,208,309,TRANSITION,80.0,46.0,WORKLOAD_STEP
2026-07-09 21:01:18.680803+05:30,82.9,34,25.7,2611.19,63.19,208,308,TRANSITION,80.0,46.0,WORKLOAD_STEP
2026-07-09 21:01:20.711896200+05:30,82.6,32,26.1,2641.31,63.14,208,307,TRANSITION,80.0,46.0,WORKLOAD_STEP
2026-07-09 21:01:22.740602+05:30,81.8,32,24.2,2581.05,63.15,208,307,TRANSITION,80.0,46.0,WORKLOAD_STEP
2026-07-09 21:01:24.770974600+05:30,80.7,33,24.8,2601.15,63.14,207,307,TRANSITION,80.0,46.0,WORKLOAD_STEP
2026-07-09 21:01:26.799269700+05:30,81.5,33,26.9,2571.04,63.15,207,307,TRANSITION,80.0,46.0,WORKLOAD_STEP
2026-07-09 21:01:28.833674900+05:30,81.0,34,25.0,2651.38,63.15,207,307,TRANSITION,80.0,46.0,WORKLOAD_STEP
2026-07-09 21:01:30.869116300+05:30,82.2,33,24.2,2530.86,63.15,207,307,TRANSITION,80.0,46.0,WORKLOAD_STEP
2026-07-09 21:01:32.902217100+05:30,81.1,33,25.6,2611.21,63.13,208,307,TRANSITION,80.0,46.0,WORKLOAD_STEP
2026-07-09 21:01:34.932439400+05:30,80.6,34,24.8,2681.51,63.14,208,307,TRANSITION,80.0,46.0,WORKLOAD_STEP
2026-07-09 21:01:36.962123100+05:30,81.6,33,24.3,2661.41,63.13,208,307,TRANSITION,80.0,46.0,WORKLOAD_STEP
2026-07-09 21:01:38.995637+05:30,80.9,33,23.3,2591.11,63.14,208,307,TRANSITION,80.0,46.0,WORKLOAD_STEP
2026-07-09 21:01:41.027373500+05:30,83.8,33,26.2,2641.33,63.13,208,307,TRANSITION,80.0,46.0,WORKLOAD_STEP
2026-07-09 21:01:43.053696100+05:30,81.2,33,26.8,2571.02,63.17,208,307,TRANSITION,80.0,46.0,WORKLOAD_STEP
2026-07-09 21:01:45.082609800+05:30,81.1,33,24.9,2611.19,63.14,208,307,TRANSITION,80.0,46.0,WORKLOAD_STEP
2026-07-09 21:01:47.113706300+05:30,80.4,32,24.0,2560.98,63.14,208,307,TRANSITION,80.0,46.0,WORKLOAD_STEP
2026-07-09 21:01:49.159934700+05:30,83.7,32,26.4,2721.66,63.13,208,307,TRANSITION,80.0,46.0,WORKLOAD_STEP
2026-07-09 21:01:51.189797600+05:30,81.0,33,25.4,2550.95,63.09,208,306,TRANSITION,80.0,46.0,WORKLOAD_STEP
2026-07-09 21:01:53.220540300+05:30,83.3,29,25.7,2550.95,63.0,208,305,TRANSITION,80.0,46.0,WORKLOAD_STEP
2026-07-09 21:01:55.253544200+05:30,80.8,33,24.5,2641.32,62.99,208,305,TRANSITION,80.0,46.0,WORKLOAD_STEP
2026-07-09 21:01:57.282599100+05:30,82.4,33,25.4,2611.19,62.99,208,305,TRANSITION,80.0,46.0,WORKLOAD_STEP
2026-07-09 21:01:59.314201700+05:30,81.0,32,23.7,2591.12,62.99,208,305,TRANSITION,80.0,46.0,WORKLOAD_STEP
2026-07-09 21:02:01.350241600+05:30,83.4,33,24.7,2621.24,62.97,208,305,TRANSITION,80.0,46.0,WORKLOAD_STEP
2026-07-09 21:02:03.390399100+05:30,84.2,33,25.7,2480.63,62.99,208,305,TRANSITION,80.0,46.0,WORKLOAD_STEP
2026-07-09 21:02:05.421053700+05:30,80.2,36,25.1,2560.96,62.99,208,305,TRANSITION,80.0,46.0,WORKLOAD_STEP
2026-07-09 21:02:07.452275400+05:30,82.4,36,25.7,2661.41,63.0,208,305,TRANSITION,80.0,46.0,WORKLOAD_STEP
2026-07-09 21:02:09.484918900+05:30,89.5,33,24.0,2520.82,63.31,208,310,TRANSITION,80.0,46.0,WORKLOAD_STEP
2026-07-09 21:02:11.518581400+05:30,81.4,33,24.1,2500.73,63.38,210,310,TRANSITION,80.0,46.0,WORKLOAD_STEP
2026-07-09 21:02:13.547512200+05:30,87.6,34,25.3,2510.77,63.39,210,310,TRANSITION,80.0,46.0,WORKLOAD_STEP
2026-07-09 21:02:15.581592400+05:30,84.4,32,24.1,2651.39,63.42,210,310,TRANSITION,80.0,46.0,WORKLOAD_STEP
2026-07-09 21:02:17.621687+05:30,83.4,33,22.9,2550.94,63.43,211,310,TRANSITION,80.0,46.0,WORKLOAD_STEP
2026-07-09 21:02:19.657897100+05:30,83.4,32,25.7,2571.01,63.41,211,310,TRANSITION,80.0,46.0,WORKLOAD_STEP
2026-07-09 21:02:21.711796200+05:30,81.4,33,25.0,2601.16,63.44,211,310,TRANSITION,80.0,46.0,WORKLOAD_STEP
2026-07-09 21:02:23.746827200+05:30,80.7,33,25.3,2571.03,63.44,210,310,TRANSITION,80.0,46.0,WORKLOAD_STEP
2026-07-09 21:02:25.780114300+05:30,81.3,32,25.4,2661.43,63.43,210,310,TRANSITION,80.0,46.0,WORKLOAD_STEP
2026-07-09 21:02:27.810021200+05:30,81.0,32,24.8,2591.1,63.44,210,310,TRANSITION,80.0,46.0,WORKLOAD_STEP
2026-07-09 21:02:29.840694400+05:30,79.8,32,23.7,2621.23,63.44,210,310,TRANSITION,80.0,46.0,WORKLOAD_STEP
2026-07-09 21:02:31.875544300+05:30,80.1,32,25.0,2621.24,63.45,213,310,TRANSITION,80.0,46.0,WORKLOAD_STEP
2026-07-09 21:02:33.908297900+05:30,80.7,34,24.6,2611.19,63.45,213,310,TRANSITION,80.0,46.0,WORKLOAD_STEP
2026-07-09 21:02:35.939907700+05:30,81.1,29,24.6,2591.11,63.45,210,310,TRANSITION,80.0,46.0,WORKLOAD_STEP
2026-07-09 21:02:37.970411100+05:30,80.1,32,26.1,2651.37,63.52,210,310,TRANSITION,80.0,46.0,WORKLOAD_STEP
2026-07-09 21:02:39.998959600+05:30,80.7,33,25.6,2661.43,63.44,210,310,TRANSITION,80.0,46.0,WORKLOAD_STEP
2026-07-09 21:02:42.032728400+05:30,79.5,33,23.3,2641.33,63.44,210,310,TRANSITION,80.0,46.0,WORKLOAD_STEP
2026-07-09 21:02:44.062745700+05:30,84.7,33,23.5,2641.33,63.44,210,310,TRANSITION,80.0,46.0,WORKLOAD_STEP
2026-07-09 21:02:46.090865500+05:30,80.6,32,25.5,2560.98,63.44,210,310,TRANSITION,80.0,46.0,WORKLOAD_STEP
2026-07-09 21:02:48.120244+05:30,83.8,33,24.8,2510.77,63.78,210,310,TRANSITION,80.0,46.0,WORKLOAD_STEP
2026-07-09 21:02:50.148914100+05:30,85.3,32,25.1,2681.5,63.06,210,310,TRANSITION,80.0,46.0,WORKLOAD_STEP
2026-07-09 21:02:52.178619600+05:30,82.3,32,25.0,2571.03,63.06,210,310,TRANSITION,80.0,46.0,WORKLOAD_STEP
2026-07-09 21:02:54.211731800+05:30,81.1,33,25.7,2571.01,63.06,210,310,TRANSITION,80.0,46.0,WORKLOAD_STEP
2026-07-09 21:02:56.265295200+05:30,82.1,30,24.3,2611.2,63.07,210,310,TRANSITION,80.0,46.0,WORKLOAD_STEP
2026-07-09 21:02:58.295190200+05:30,80.6,30,24.4,2621.23,63.07,210,310,TRANSITION,80.0,46.0,WORKLOAD_STEP
2026-07-09 21:03:00.330814300+05:30,81.2,34,23.7,2661.4,63.08,212,310,TRANSITION,80.0,46.0,WORKLOAD_STEP
2026-07-09 21:03:02.360047900+05:30,82.1,32,26.3,2560.99,63.07,213,310,TRANSITION,80.0,46.0,WORKLOAD_STEP
2026-07-09 21:03:04.390809500+05:30,82.4,32,25.3,2661.41,63.07,213,310,TRANSITION,80.0,46.0,WORKLOAD_STEP
2026-07-09 21:03:06.419762100+05:30,83.8,32,23.8,2581.06,63.08,213,310,TRANSITION,80.0,46.0,WORKLOAD_STEP
2026-07-09 21:03:08.450883400+05:30,85.1,32,25.9,2490.68,62.98,211,310,TRANSITION,80.0,46.0,WORKLOAD_STEP
2026-07-09 21:03:10.480652200+05:30,84.6,34,23.5,2581.06,62.98,212,308,TRANSITION,80.0,46.0,WORKLOAD_STEP
2026-07-09 21:03:12.509777600+05:30,81.9,34,24.2,2581.06,63.07,210,310,TRANSITION,80.0,46.0,WORKLOAD_STEP
2026-07-09 21:03:14.547162600+05:30,82.4,33,23.8,2621.25,62.99,209,308,TRANSITION,80.0,46.0,WORKLOAD_STEP
2026-07-09 21:03:16.578713900+05:30,81.1,32,24.3,2611.19,63.0,210,308,TRANSITION,80.0,46.0,WORKLOAD_STEP
2026-07-09 21:03:18.613595200+05:30,81.1,34,25.7,2651.36,63.01,210,308,TRANSITION,80.0,46.0,WORKLOAD_STEP
2026-07-09 21:03:20.644180100+05:30,81.9,30,24.3,2621.23,63.01,210,308,TRANSITION,80.0,46.0,WORKLOAD_STEP
2026-07-09 21:03:22.679630600+05:30,82.7,32,26.5,2691.55,63.0,210,308,TRANSITION,80.0,46.0,WORKLOAD_STEP
2026-07-09 21:03:24.713199900+05:30,86.6,33,26.4,2651.37,63.01,209,308,TRANSITION,80.0,46.0,WORKLOAD_STEP
2026-07-09 21:03:26.744531400+05:30,83.5,32,23.9,2591.1,63.0,209,308,TRANSITION,80.0,46.0,WORKLOAD_STEP
2026-07-09 21:03:28.788695600+05:30,81.4,33,22.7,2581.07,63.09,207,308,TRANSITION,80.0,46.0,WORKLOAD_STEP
2026-07-09 21:03:30.814438900+05:30,81.4,32,23.5,2621.24,63.08,207,308,TRANSITION,80.0,46.0,WORKLOAD_STEP
2026-07-09 21:03:32.844345100+05:30,80.8,29,23.2,2571.04,63.09,207,308,TRANSITION,80.0,46.0,WORKLOAD_STEP
2026-07-09 21:03:34.873942+05:30,81.2,32,26.4,2641.33,63.12,207,310,TRANSITION,80.0,46.0,WORKLOAD_STEP
2026-07-09 21:03:36.939737600+05:30,79.7,34,25.6,2560.98,63.11,208,310,TRANSITION,80.0,46.0,WORKLOAD_STEP
2026-07-09 21:03:38.968758300+05:30,81.0,33,24.1,2571.02,63.11,207,310,TRANSITION,80.0,46.0,WORKLOAD_STEP
2026-07-09 21:03:41.001297700+05:30,80.8,32,26.4,2641.34,63.12,207,310,TRANSITION,80.0,46.0,WORKLOAD_STEP
2026-07-09 21:03:43.036353900+05:30,86.2,30,25.2,2581.08,63.11,207,310,TRANSITION,80.0,46.0,WORKLOAD_STEP
2026-07-09 21:03:45.067525+05:30,80.1,30,24.0,2560.99,63.15,207,310,TRANSITION,80.0,46.0,WORKLOAD_STEP
2026-07-09 21:03:47.102205400+05:30,79.5,27,24.8,2641.34,63.16,207,310,TRANSITION,80.0,46.0,WORKLOAD_STEP
2026-07-09 21:03:49.134518900+05:30,80.3,37,23.8,2470.61,63.16,207,310,TRANSITION,80.0,47.0,WORKLOAD_STEP
2026-07-09 21:03:51.158364800+05:30,79.4,33,25.5,2661.41,63.16,207,310,TRANSITION,80.0,47.0,WORKLOAD_STEP
2026-07-09 21:03:53.195453+05:30,80.1,37,24.2,2661.42,63.16,207,310,TRANSITION,80.0,47.0,WORKLOAD_STEP
2026-07-09 21:03:55.225115600+05:30,79.0,33,23.8,2631.28,63.15,207,309,TRANSITION,80.0,47.0,WORKLOAD_STEP
2026-07-09 21:03:57.254848200+05:30,79.8,30,22.5,2591.11,63.15,207,309,TRANSITION,80.0,47.0,WORKLOAD_STEP
2026-07-09 21:03:59.283746300+05:30,81.5,30,24.3,2571.02,63.15,207,309,TRANSITION,80.0,47.0,WORKLOAD_STEP
2026-07-09 21:04:01.313835+05:30,80.5,32,24.1,2571.03,63.15,207,309,TRANSITION,80.0,47.0,WORKLOAD_STEP
2026-07-09 21:04:03.365560600+05:30,83.7,34,23.6,2611.2,63.16,207,309,TRANSITION,80.0,47.0,WORKLOAD_STEP
2026-07-09 21:04:05.400210600+05:30,79.9,33,27.2,2601.16,63.16,207,309,TRANSITION,80.0,47.0,WORKLOAD_STEP
2026-07-09 21:04:07.437524200+05:30,81.9,33,25.6,2591.11,63.16,207,309,TRANSITION,80.0,47.0,WORKLOAD_STEP
2026-07-09 21:04:09.467770600+05:30,80.9,32,24.3,2661.42,63.16,207,309,TRANSITION,80.0,47.0,WORKLOAD_STEP
2026-07-09 21:04:11.494592800+05:30,81.5,30,25.5,2631.28,63.17,207,309,TRANSITION,80.0,47.0,WORKLOAD_STEP
2026-07-09 21:04:13.526190800+05:30,89.9,34,24.5,2480.64,63.11,207,309,TRANSITION,80.0,47.0,WORKLOAD_STEP
2026-07-09 21:04:15.555386700+05:30,84.5,33,25.5,2621.24,63.18,207,309,TRANSITION,80.0,47.0,WORKLOAD_STEP
2026-07-09 21:04:17.586835800+05:30,82.4,32,25.0,2550.93,63.18,208,309,TRANSITION,80.0,47.0,WORKLOAD_STEP
2026-07-09 21:04:19.618931800+05:30,80.6,32,25.1,2571.03,63.18,206,309,TRANSITION,80.0,47.0,WORKLOAD_STEP
2026-07-09 21:04:21.648759900+05:30,80.1,32,23.1,2621.24,63.18,207,309,TRANSITION,80.0,47.0,WORKLOAD_STEP
2026-07-09 21:04:23.677833700+05:30,81.9,30,24.2,2651.37,63.18,206,309,TRANSITION,80.0,47.0,WORKLOAD_STEP
2026-07-09 21:04:25.709171900+05:30,81.0,32,24.3,2641.32,63.2,206,309,TRANSITION,80.0,47.0,WORKLOAD_STEP
2026-07-09 21:04:27.745856100+05:30,82.3,34,24.6,2571.02,63.21,206,309,TRANSITION,80.0,47.0,WORKLOAD_STEP
2026-07-09 21:04:29.783622700+05:30,82.8,34,21.9,2591.09,63.2,206,309,TRANSITION,80.0,47.0,WORKLOAD_STEP
2026-07-09 21:04:31.818562300+05:30,81.8,32,25.4,2591.1,63.21,209,309,TRANSITION,80.0,47.0,WORKLOAD_STEP
2026-07-09 21:04:33.849841500+05:30,80.5,29,24.9,2571.03,63.21,209,309,TRANSITION,80.0,47.0,WORKLOAD_STEP
2026-07-09 21:04:35.897048600+05:30,81.7,34,23.6,2540.9,63.21,206,309,TRANSITION,80.0,47.0,WORKLOAD_STEP
2026-07-09 21:04:37.928354500+05:30,82.2,33,24.0,2671.45,63.23,206,309,TRANSITION,80.0,47.0,WORKLOAD_STEP
2026-07-09 21:04:39.959164800+05:30,80.7,34,23.9,2661.42,63.13,206,309,TRANSITION,80.0,47.0,WORKLOAD_STEP
2026-07-09 21:04:41.996210600+05:30,83.8,32,25.4,2631.3,63.13,206,309,TRANSITION,80.0,47.0,WORKLOAD_STEP
2026-07-09 21:04:44.024187600+05:30,89.6,33,26.3,2591.1,63.13,206,309,TRANSITION,80.0,47.0,WORKLOAD_STEP
2026-07-09 21:04:46.054579700+05:30,82.5,32,23.6,2571.02,63.13,206,309,TRANSITION,80.0,47.0,WORKLOAD_STEP
2026-07-09 21:04:48.088983800+05:30,81.1,30,24.1,2611.2,63.12,206,309,TRANSITION,80.0,47.0,WORKLOAD_STEP
2026-07-09 21:04:50.119411800+05:30,82.3,32,25.5,2581.07,63.13,206,309,TRANSITION,80.0,47.0,WORKLOAD_STEP
2026-07-09 21:04:52.155577+05:30,81.2,32,24.6,2571.02,63.11,206,309,TRANSITION,80.0,47.0,WORKLOAD_STEP
2026-07-09 21:04:54.185618600+05:30,82.0,33,24.6,2591.1,63.11,206,309,TRANSITION,80.0,47.0,WORKLOAD_STEP
2026-07-09 21:04:56.217969800+05:30,81.0,32,24.0,2591.11,63.1,206,309,TRANSITION,80.0,47.0,WORKLOAD_STEP
2026-07-09 21:04:58.251630800+05:30,82.7,30,25.3,2631.29,63.1,206,309,TRANSITION,80.0,47.0,WORKLOAD_STEP
2026-07-09 21:05:00.280207200+05:30,81.1,33,23.3,2641.34,63.1,206,309,TRANSITION,80.0,47.0,WORKLOAD_STEP
2026-07-09 21:05:02.375799800+05:30,81.8,33,22.8,2520.82,63.11,205,309,TRANSITION,80.0,47.0,WORKLOAD_STEP
2026-07-09 21:05:04.405604500+05:30,79.9,34,23.7,2611.21,63.09,205,309,TRANSITION,80.0,47.0,WORKLOAD_STEP
2026-07-09 21:05:06.438054200+05:30,82.6,32,25.1,2631.27,63.1,205,309,TRANSITION,80.0,47.0,WORKLOAD_STEP
2026-07-09 21:05:08.469607800+05:30,80.2,33,23.4,2540.9,63.1,205,309,TRANSITION,80.0,47.0,WORKLOAD_STEP
2026-07-09 21:05:10.516678600+05:30,81.6,34,24.2,2621.25,63.1,205,309,TRANSITION,80.0,47.0,WORKLOAD_STEP
2026-07-09 21:05:12.548314900+05:30,80.6,33,24.9,2510.75,63.17,205,311,TRANSITION,80.0,47.0,WORKLOAD_STEP
2026-07-09 21:05:14.584145400+05:30,84.8,32,24.6,2581.07,63.13,205,309,TRANSITION,80.0,47.0,WORKLOAD_STEP
2026-07-09 21:05:16.614265100+05:30,90.5,33,23.7,2550.93,63.35,206,313,TRANSITION,80.0,47.0,WORKLOAD_STEP
2026-07-09 21:05:18.646490700+05:30,87.2,33,25.9,2510.76,63.61,207,315,TRANSITION,80.0,47.0,WORKLOAD_STEP
2026-07-09 21:05:20.689038600+05:30,87.1,33,23.8,2520.8,63.45,206,314,TRANSITION,80.0,47.0,WORKLOAD_STEP
2026-07-09 21:05:22.721861600+05:30,83.1,32,25.1,2651.37,63.51,206,314,TRANSITION,80.0,47.0,WORKLOAD_STEP
2026-07-09 21:05:24.753176500+05:30,81.1,29,24.4,2611.2,63.44,205,314,TRANSITION,80.0,47.0,WORKLOAD_STEP
2026-07-09 21:05:26.782246400+05:30,80.6,34,25.2,2631.28,63.44,205,314,TRANSITION,80.0,47.0,WORKLOAD_STEP
2026-07-09 21:05:28.818000700+05:30,81.2,34,24.5,2571.02,63.4,205,314,TRANSITION,80.0,47.0,WORKLOAD_STEP
2026-07-09 21:05:30.856473+05:30,80.2,32,24.1,2651.36,63.42,205,314,TRANSITION,80.0,47.0,WORKLOAD_STEP
2026-07-09 21:05:32.886275900+05:30,80.3,30,23.4,2591.12,63.42,205,314,TRANSITION,80.0,47.0,WORKLOAD_STEP
2026-07-09 21:05:34.923338600+05:30,82.3,32,25.3,2631.3,63.41,205,314,TRANSITION,80.0,47.0,WORKLOAD_STEP
2026-07-09 21:05:36.952830+05:30,83.8,32,25.1,2671.46,63.42,205,314,TRANSITION,80.0,47.0,WORKLOAD_STEP
2026-07-09 21:05:39.009001500+05:30,81.9,32,23.2,2611.2,63.41,207,314,TRANSITION,80.0,47.0,WORKLOAD_STEP
2026-07-09 21:05:41.039835+05:30,82.8,33,25.1,2601.15,63.41,207,314,TRANSITION,80.0,47.0,WORKLOAD_STEP
2026-07-09 21:05:43.090354400+05:30,83.3,33,25.5,2530.86,63.39,207,314,TRANSITION,80.0,47.0,WORKLOAD_STEP
2026-07-09 21:05:45.123638300+05:30,82.3,33,24.9,2651.36,63.43,207,314,TRANSITION,80.0,47.0,WORKLOAD_STEP
2026-07-09 21:05:47.159342200+05:30,81.3,32,25.8,2571.01,63.42,207,314,TRANSITION,80.0,47.0,WORKLOAD_STEP
2026-07-09 21:05:49.190305800+05:30,82.4,30,26.4,2621.24,63.4,207,314,TRANSITION,80.0,47.0,WORKLOAD_STEP
2026-07-09 21:05:51.224209700+05:30,80.2,33,22.8,2520.81,63.42,207,315,TRANSITION,80.0,47.0,WORKLOAD_STEP
2026-07-09 21:05:53.255769500+05:30,81.8,34,24.3,2581.07,63.39,207,314,TRANSITION,80.0,47.0,WORKLOAD_STEP
2026-07-09 21:05:55.283412200+05:30,80.0,30,24.5,2581.06,63.39,207,314,TRANSITION,80.0,47.0,WORKLOAD_STEP
2026-07-09 21:05:57.323106200+05:30,83.6,32,24.4,2591.1,63.28,207,314,TRANSITION,80.0,47.0,WORKLOAD_STEP
2026-07-09 21:05:59.356230500+05:30,81.9,32,23.9,2641.34,63.29,207,313,TRANSITION,80.0,47.0,WORKLOAD_STEP
2026-07-09 21:06:01.389068400+05:30,83.5,34,25.3,2581.06,63.34,207,313,TRANSITION,80.0,47.0,WORKLOAD_STEP
2026-07-09 21:06:03.414533400+05:30,80.7,33,24.0,2571.03,63.35,207,313,TRANSITION,80.0,47.0,WORKLOAD_STEP
2026-07-09 21:06:05.441959900+05:30,80.4,33,23.6,2530.86,63.36,207,313,TRANSITION,80.0,47.0,WORKLOAD_STEP
2026-07-09 21:06:07.474050300+05:30,80.8,32,25.9,2631.28,63.36,207,313,TRANSITION,80.0,47.0,WORKLOAD_STEP
2026-07-09 21:06:09.503990800+05:30,81.0,30,24.0,2550.92,63.36,204,313,TRANSITION,80.0,47.0,WORKLOAD_STEP
2026-07-09 21:06:11.541417+05:30,80.7,32,23.6,2671.45,63.36,204,313,TRANSITION,80.0,47.0,WORKLOAD_STEP
2026-07-09 21:06:13.570406100+05:30,84.8,33,26.6,2500.72,63.33,204,313,TRANSITION,80.0,47.0,WORKLOAD_STEP
2026-07-09 21:06:15.607365700+05:30,81.6,32,24.1,2581.07,63.38,204,313,TRANSITION,80.0,47.0,WORKLOAD_STEP
2026-07-09 21:06:17.654197900+05:30,81.2,32,23.0,2550.93,63.37,205,312,TRANSITION,80.0,47.0,WORKLOAD_STEP
2026-07-09 21:06:19.687677500+05:30,80.3,30,25.6,2661.4,63.2,204,310,TRANSITION,80.0,47.0,WORKLOAD_STEP
2026-07-09 21:06:21.722311400+05:30,81.7,30,23.9,2641.33,63.2,204,310,TRANSITION,80.0,47.0,WORKLOAD_STEP
2026-07-09 21:06:23.750325200+05:30,83.3,32,23.9,2681.5,63.2,203,310,TRANSITION,80.0,47.0,WORKLOAD_STEP
2026-07-09 21:06:25.786455800+05:30,85.6,33,26.1,2571.01,63.19,203,310,TRANSITION,80.0,47.0,WORKLOAD_STEP
2026-07-09 21:06:27.820532800+05:30,83.6,30,24.5,2631.29,63.2,203,310,TRANSITION,80.0,47.0,WORKLOAD_STEP
2026-07-09 21:06:29.849626800+05:30,83.2,33,22.7,2540.88,63.2,203,310,TRANSITION,80.0,47.0,WORKLOAD_STEP
2026-07-09 21:06:31.880277900+05:30,81.0,30,22.7,2601.15,63.16,206,309,TRANSITION,80.0,47.0,WORKLOAD_STEP
2026-07-09 21:06:33.917792400+05:30,80.4,30,22.2,2560.99,63.16,208,309,TRANSITION,80.0,47.0,WORKLOAD_STEP
2026-07-09 21:06:35.985636800+05:30,80.7,32,24.2,2701.59,63.15,205,309,TRANSITION,80.0,47.0,WORKLOAD_STEP
2026-07-09 21:06:38.021635700+05:30,79.3,32,25.7,2601.15,63.14,205,309,TRANSITION,80.0,47.0,WORKLOAD_STEP
2026-07-09 21:06:40.052872100+05:30,82.9,32,26.5,2470.59,63.14,205,309,TRANSITION,80.0,47.0,WORKLOAD_STEP
2026-07-09 21:06:42.087810800+05:30,82.5,33,24.2,2681.49,63.14,205,309,TRANSITION,80.0,47.0,WORKLOAD_STEP
2026-07-09 21:06:44.121872200+05:30,85.4,33,25.3,2641.32,63.16,205,309,TRANSITION,80.0,47.0,WORKLOAD_STEP
2026-07-09 21:06:46.149783900+05:30,81.2,32,23.7,2571.03,63.17,205,309,TRANSITION,80.0,47.0,WORKLOAD_STEP
2026-07-09 21:06:48.179639+05:30,81.4,34,24.0,2571.02,63.16,205,309,TRANSITION,80.0,47.0,WORKLOAD_STEP
2026-07-09 21:06:50.225164200+05:30,80.3,36,24.1,2611.2,63.17,205,309,TRANSITION,80.0,47.0,WORKLOAD_STEP
2026-07-09 21:06:52.257669300+05:30,83.0,33,23.1,2560.99,63.05,205,309,TRANSITION,80.0,47.0,WORKLOAD_STEP
2026-07-09 21:06:54.290031900+05:30,80.5,34,24.5,2571.03,63.07,205,309,TRANSITION,80.0,47.0,WORKLOAD_STEP
2026-07-09 21:06:56.319916400+05:30,82.3,33,26.0,2581.07,63.11,205,309,TRANSITION,80.0,47.0,WORKLOAD_STEP
2026-07-09 21:06:58.355058400+05:30,80.0,36,23.9,2621.24,63.11,205,309,TRANSITION,80.0,47.0,WORKLOAD_STEP
2026-07-09 21:07:00.386551100+05:30,82.1,32,25.9,2621.24,63.14,205,309,TRANSITION,80.0,47.0,WORKLOAD_STEP
2026-07-09 21:07:02.416322100+05:30,80.3,33,22.6,2611.21,63.14,205,309,TRANSITION,80.0,47.0,WORKLOAD_STEP
2026-07-09 21:07:04.447035900+05:30,80.7,33,24.4,2621.25,63.15,205,309,TRANSITION,80.0,47.0,WORKLOAD_STEP
2026-07-09 21:07:06.482060200+05:30,81.8,34,25.9,2621.25,63.15,205,309,TRANSITION,80.0,47.0,WORKLOAD_STEP
2026-07-09 21:07:08.520872800+05:30,81.3,32,22.1,2661.42,63.16,205,309,TRANSITION,80.0,47.0,WORKLOAD_STEP
2026-07-09 21:07:10.550998300+05:30,80.9,33,26.2,2681.51,63.11,205,308,TRANSITION,80.0,47.0,WORKLOAD_STEP
2026-07-09 21:07:12.581048800+05:30,80.2,33,23.6,2591.12,63.28,205,310,TRANSITION,80.0,47.0,WORKLOAD_STEP
2026-07-09 21:07:14.624407+05:30,80.5,32,25.1,2661.42,63.14,205,308,TRANSITION,80.0,47.0,WORKLOAD_STEP
2026-07-09 21:07:16.653988700+05:30,87.5,32,24.2,2611.2,63.24,206,308,TRANSITION,80.0,47.0,WORKLOAD_STEP
2026-07-09 21:07:18.683900+05:30,80.9,33,21.7,2209.49,63.25,206,308,TRANSITION,20.0,48.0,WORKLOAD_STEP
2026-07-09 21:07:20.704951400+05:30,22.2,43,9.7,2299.87,63.25,206,308,TRANSITION,20.0,48.0,WORKLOAD_STEP
2026-07-09 21:07:22.731031700+05:30,21.0,45,10.1,2340.05,63.25,205,308,TRANSITION,20.0,48.0,WORKLOAD_STEP
2026-07-09 21:07:24.783185800+05:30,19.9,46,8.9,2601.18,63.25,205,308,TRANSITION,20.0,48.0,WORKLOAD_STEP
2026-07-09 21:07:26.815665800+05:30,23.0,42,10.7,2340.05,63.23,205,308,TRANSITION,20.0,48.0,WORKLOAD_STEP
2026-07-09 21:07:28.844609500+05:30,21.7,40,14.8,2751.83,63.23,205,308,TRANSITION,20.0,48.0,WORKLOAD_STEP
2026-07-09 21:07:30.872751400+05:30,24.8,40,14.5,2269.75,63.26,205,308,TRANSITION,20.0,48.0,WORKLOAD_STEP
2026-07-09 21:07:32.893077300+05:30,23.7,32,21.2,2309.93,63.28,205,308,TRANSITION,20.0,48.0,WORKLOAD_STEP
2026-07-09 21:07:34.914333100+05:30,28.6,40,16.8,2410.36,63.28,205,307,TRANSITION,20.0,48.0,WORKLOAD_STEP
2026-07-09 21:07:36.933625100+05:30,20.4,27,13.9,2872.34,63.26,205,307,TRANSITION,20.0,48.0,WORKLOAD_STEP
2026-07-09 21:07:38.952104600+05:30,21.7,40,11.1,2430.44,63.26,205,307,TRANSITION,20.0,48.0,WORKLOAD_STEP
2026-07-09 21:07:40.973565800+05:30,21.5,24,18.5,2812.08,63.22,205,307,TRANSITION,20.0,48.0,WORKLOAD_STEP
2026-07-09 21:07:42.993274700+05:30,21.6,32,20.3,2641.34,63.26,205,307,TRANSITION,20.0,48.0,WORKLOAD_STEP
2026-07-09 21:07:45.011987+05:30,28.8,43,16.5,2109.06,63.31,205,307,TRANSITION,40.0,49.0,WORKLOAD_STEP
2026-07-09 21:07:47.040370+05:30,42.2,42,15.4,2480.65,63.31,205,307,TRANSITION,40.0,49.0,WORKLOAD_STEP
2026-07-09 21:07:49.063918600+05:30,42.6,40,18.5,2992.84,63.3,205,307,TRANSITION,40.0,49.0,WORKLOAD_STEP
2026-07-09 21:07:51.095562900+05:30,43.9,40,20.0,2882.39,63.31,205,307,TRANSITION,40.0,49.0,WORKLOAD_STEP
2026-07-09 21:07:53.116426900+05:30,42.4,46,20.9,2792.0,63.3,205,307,TRANSITION,40.0,49.0,WORKLOAD_STEP
2026-07-09 21:07:55.153212400+05:30,40.6,42,17.4,2390.26,63.31,205,307,TRANSITION,40.0,49.0,WORKLOAD_STEP
2026-07-09 21:07:57.192205600+05:30,42.6,40,21.0,3153.53,63.3,205,307,TRANSITION,40.0,49.0,WORKLOAD_STEP
2026-07-09 21:07:59.215033500+05:30,40.5,34,24.0,3163.53,63.3,205,307,TRANSITION,40.0,49.0,WORKLOAD_STEP
2026-07-09 21:08:01.234606400+05:30,41.1,43,23.6,2882.36,63.29,205,307,TRANSITION,40.0,49.0,WORKLOAD_STEP
2026-07-09 21:08:03.254720500+05:30,43.4,33,22.9,2721.7,63.28,205,307,TRANSITION,40.0,49.0,WORKLOAD_STEP
2026-07-09 21:08:05.274591+05:30,43.9,37,21.3,2812.08,63.26,205,307,TRANSITION,40.0,49.0,WORKLOAD_STEP
2026-07-09 21:08:07.294713600+05:30,41.7,33,22.5,2942.63,63.3,205,307,TRANSITION,40.0,49.0,WORKLOAD_STEP
2026-07-09 21:08:09.325475300+05:30,43.7,29,25.4,2992.85,63.28,205,307,TRANSITION,90.0,50.0,WORKLOAD_STEP
2026-07-09 21:08:11.357242400+05:30,91.4,36,24.5,2641.32,63.28,207,307,TRANSITION,90.0,50.0,WORKLOAD_STEP
2026-07-09 21:08:13.388833500+05:30,91.9,34,26.1,2490.68,63.21,207,307,TRANSITION,90.0,50.0,WORKLOAD_STEP
2026-07-09 21:08:15.418356600+05:30,90.1,33,24.5,2631.28,63.27,207,307,TRANSITION,90.0,50.0,WORKLOAD_STEP
2026-07-09 21:08:17.458579200+05:30,91.2,33,24.0,2571.04,63.27,207,307,TRANSITION,90.0,50.0,WORKLOAD_STEP
2026-07-09 21:08:19.488149300+05:30,92.8,32,28.9,2591.09,63.26,207,307,TRANSITION,90.0,50.0,WORKLOAD_STEP
2026-07-09 21:08:21.520474300+05:30,92.8,36,28.0,2611.19,63.27,207,307,TRANSITION,90.0,50.0,WORKLOAD_STEP
2026-07-09 21:08:23.561622+05:30,91.5,33,25.3,2611.19,63.26,207,307,TRANSITION,90.0,50.0,WORKLOAD_STEP
2026-07-09 21:08:25.597659800+05:30,90.5,33,26.3,2601.15,63.26,207,307,TRANSITION,90.0,50.0,WORKLOAD_STEP
2026-07-09 21:08:27.627942200+05:30,90.4,33,26.0,2571.02,63.05,207,307,TRANSITION,90.0,50.0,WORKLOAD_STEP
2026-07-09 21:08:29.656996900+05:30,91.2,33,26.2,2621.24,63.06,207,307,TRANSITION,90.0,50.0,WORKLOAD_STEP
2026-07-09 21:08:31.744501400+05:30,90.3,34,25.3,2550.94,63.05,210,307,TRANSITION,90.0,51.0,WORKLOAD_STEP
2026-07-09 21:08:33.841583+05:30,91.4,34,25.5,2611.2,63.05,210,307,TRANSITION,90.0,51.0,WORKLOAD_STEP
2026-07-09 21:08:35.864870900+05:30,89.8,33,25.8,2591.1,63.05,207,307,TRANSITION,90.0,51.0,WORKLOAD_STEP
2026-07-09 21:08:37.921882400+05:30,92.1,34,23.3,2550.95,63.05,207,307,TRANSITION,90.0,51.0,WORKLOAD_STEP
2026-07-09 21:08:39.968162100+05:30,91.8,34,25.0,2480.64,63.04,205,307,TRANSITION,90.0,51.0,WORKLOAD_STEP
2026-07-09 21:08:41.998014200+05:30,89.8,33,25.4,2651.37,63.05,205,307,TRANSITION,90.0,51.0,WORKLOAD_STEP
2026-07-09 21:08:44.021022400+05:30,93.7,34,27.1,2550.93,62.99,205,307,TRANSITION,90.0,51.0,WORKLOAD_STEP
2026-07-09 21:08:46.054975100+05:30,90.9,32,23.9,2560.97,63.0,205,307,TRANSITION,90.0,51.0,WORKLOAD_STEP
2026-07-09 21:08:48.117899800+05:30,90.3,34,27.6,2611.2,62.94,205,307,TRANSITION,90.0,51.0,WORKLOAD_STEP
2026-07-09 21:08:50.150043100+05:30,90.2,33,24.6,2571.02,62.95,205,307,TRANSITION,90.0,51.0,WORKLOAD_STEP
2026-07-09 21:08:52.213149500+05:30,92.1,33,25.3,2581.06,62.97,205,307,TRANSITION,90.0,51.0,WORKLOAD_STEP
2026-07-09 21:08:54.266404200+05:30,92.9,32,27.3,2540.88,62.98,205,307,TRANSITION,90.0,51.0,WORKLOAD_STEP
2026-07-09 21:08:56.295031200+05:30,91.9,33,25.4,2571.01,62.99,205,307,TRANSITION,90.0,51.0,WORKLOAD_STEP
2026-07-09 21:08:58.332745700+05:30,89.8,32,22.9,2581.07,63.01,205,307,TRANSITION,90.0,51.0,WORKLOAD_STEP
2026-07-09 21:09:00.367895+05:30,90.0,33,25.3,2611.2,63.03,205,307,TRANSITION,90.0,51.0,WORKLOAD_STEP
2026-07-09 21:09:02.398089200+05:30,91.3,34,24.0,2621.23,63.04,205,307,TRANSITION,90.0,51.0,WORKLOAD_STEP
2026-07-09 21:09:04.427739100+05:30,91.4,32,23.3,2410.35,63.04,205,307,TRANSITION,40.0,52.0,WORKLOAD_STEP
2026-07-09 21:09:06.489711100+05:30,41.8,45,11.0,2109.06,63.05,205,307,TRANSITION,40.0,52.0,WORKLOAD_STEP
2026-07-09 21:09:08.515607400+05:30,42.8,42,13.1,2751.83,63.05,205,307,TRANSITION,40.0,52.0,WORKLOAD_STEP
2026-07-09 21:09:10.537615+05:30,40.5,42,13.7,2892.42,63.06,205,307,TRANSITION,40.0,52.0,WORKLOAD_STEP
2026-07-09 21:09:12.556729100+05:30,42.2,24,17.1,2350.09,63.13,205,309,TRANSITION,40.0,52.0,WORKLOAD_STEP
2026-07-09 21:09:14.576481500+05:30,40.3,40,14.2,2530.88,63.1,205,307,TRANSITION,40.0,52.0,WORKLOAD_STEP
2026-07-09 21:09:16.594118+05:30,43.8,34,16.0,2912.51,63.11,205,307,TRANSITION,40.0,52.0,WORKLOAD_STEP
2026-07-09 21:09:18.610916600+05:30,40.2,39,13.2,2972.78,63.12,205,307,TRANSITION,40.0,52.0,WORKLOAD_STEP
2026-07-09 21:09:20.628946900+05:30,42.8,30,20.1,2962.72,63.12,205,307,TRANSITION,40.0,52.0,WORKLOAD_STEP
2026-07-09 21:09:22.655175200+05:30,40.7,26,16.5,2500.74,63.12,205,307,TRANSITION,40.0,52.0,WORKLOAD_STEP
2026-07-09 21:09:24.680119400+05:30,40.4,34,19.5,2892.42,63.11,205,307,TRANSITION,40.0,52.0,WORKLOAD_STEP
2026-07-09 21:09:26.709704500+05:30,41.1,27,22.1,2571.04,63.1,205,307,TRANSITION,40.0,52.0,WORKLOAD_STEP
2026-07-09 21:09:28.734025900+05:30,40.8,36,21.4,2751.82,63.1,205,307,TRANSITION,40.0,52.0,WORKLOAD_STEP
2026-07-09 21:09:30.765681800+05:30,42.7,33,22.6,2862.28,63.12,205,307,TRANSITION,40.0,52.0,WORKLOAD_STEP
2026-07-09 21:09:32.793947900+05:30,41.6,33,21.4,2761.86,63.13,205,307,TRANSITION,40.0,52.0,WORKLOAD_STEP
2026-07-09 21:09:34.821141700+05:30,41.1,33,22.7,2822.13,63.12,205,307,TRANSITION,40.0,52.0,WORKLOAD_STEP
2026-07-09 21:09:36.842267100+05:30,41.2,33,23.3,3253.97,63.14,205,307,TRANSITION,40.0,52.0,WORKLOAD_STEP
2026-07-09 21:09:38.875190400+05:30,41.0,32,18.8,2922.55,63.11,205,307,TRANSITION,40.0,52.0,WORKLOAD_STEP
2026-07-09 21:09:40.893977800+05:30,40.4,30,22.6,2621.24,63.09,205,307,TRANSITION,40.0,52.0,WORKLOAD_STEP
2026-07-09 21:09:42.909681300+05:30,42.2,37,22.6,2450.53,63.33,205,309,TRANSITION,40.0,52.0,WORKLOAD_STEP
2026-07-09 21:09:44.928966400+05:30,44.3,34,23.6,2791.99,63.11,205,307,TRANSITION,40.0,52.0,WORKLOAD_STEP
2026-07-09 21:09:46.946245700+05:30,44.6,30,23.3,2550.95,63.11,205,307,TRANSITION,40.0,52.0,WORKLOAD_STEP
2026-07-09 21:09:48.965249800+05:30,42.1,34,23.0,3002.88,63.1,205,307,TRANSITION,40.0,52.0,WORKLOAD_STEP
2026-07-09 21:09:50.983938100+05:30,42.3,24,25.0,2832.16,63.08,205,307,TRANSITION,40.0,52.0,WORKLOAD_STEP
2026-07-09 21:09:53.005560900+05:30,42.3,32,23.9,2892.41,63.12,205,307,TRANSITION,40.0,52.0,WORKLOAD_STEP
2026-07-09 21:09:55.028226+05:30,43.0,30,24.3,2791.98,63.11,205,307,TRANSITION,40.0,52.0,WORKLOAD_STEP
2026-07-09 21:09:57.054371600+05:30,42.6,33,23.6,3012.93,63.13,205,307,TRANSITION,40.0,52.0,WORKLOAD_STEP
2026-07-09 21:09:59.080641900+05:30,43.3,29,22.4,2942.62,63.12,205,307,TRANSITION,40.0,52.0,WORKLOAD_STEP
2026-07-09 21:10:01.112901700+05:30,43.1,30,24.7,2651.38,63.12,204,307,TRANSITION,40.0,52.0,WORKLOAD_STEP
2026-07-09 21:10:03.141135100+05:30,42.6,33,23.7,2812.07,63.14,204,307,TRANSITION,40.0,52.0,WORKLOAD_STEP
2026-07-09 21:10:05.166351600+05:30,41.7,33,24.6,2681.52,63.11,204,307,TRANSITION,40.0,52.0,WORKLOAD_STEP
2026-07-09 21:10:07.190492400+05:30,41.0,30,25.5,2842.2,63.15,204,307,TRANSITION,40.0,52.0,WORKLOAD_STEP
2026-07-09 21:10:09.212341100+05:30,42.1,32,24.6,2711.64,63.13,204,307,TRANSITION,40.0,52.0,WORKLOAD_STEP
2026-07-09 21:10:11.238851800+05:30,44.2,32,24.7,2902.46,63.13,204,307,TRANSITION,40.0,52.0,WORKLOAD_STEP
2026-07-09 21:10:13.291307500+05:30,43.9,30,24.3,2902.46,63.11,204,307,TRANSITION,40.0,52.0,WORKLOAD_STEP
2026-07-09 21:10:15.316926400+05:30,42.9,32,21.0,2681.51,63.07,204,307,TRANSITION,40.0,52.0,WORKLOAD_STEP
2026-07-09 21:10:17.343557900+05:30,41.0,32,26.6,2781.95,63.04,204,307,TRANSITION,40.0,52.0,WORKLOAD_STEP
2026-07-09 21:10:19.367980+05:30,41.3,33,22.5,2791.99,63.18,204,307,TRANSITION,40.0,52.0,WORKLOAD_STEP
2026-07-09 21:10:21.389746200+05:30,42.7,32,24.2,2781.95,63.1,206,307,TRANSITION,40.0,52.0,WORKLOAD_STEP
2026-07-09 21:10:23.411894700+05:30,41.1,29,27.4,2681.52,63.11,205,307,TRANSITION,40.0,52.0,WORKLOAD_STEP
2026-07-09 21:10:25.436391100+05:30,40.8,30,23.3,2992.84,63.1,205,307,TRANSITION,40.0,52.0,WORKLOAD_STEP
2026-07-09 21:10:27.458222100+05:30,41.0,33,25.9,2862.27,63.11,207,307,TRANSITION,40.0,52.0,WORKLOAD_STEP
2026-07-09 21:10:29.481598900+05:30,40.2,33,25.3,2862.29,63.08,207,307,TRANSITION,40.0,52.0,WORKLOAD_STEP
2026-07-09 21:10:31.505440200+05:30,40.6,32,23.9,2802.02,63.09,210,307,TRANSITION,40.0,52.0,WORKLOAD_STEP
2026-07-09 21:10:33.532747700+05:30,43.0,30,26.3,2812.07,63.12,210,307,TRANSITION,40.0,52.0,WORKLOAD_STEP
2026-07-09 21:10:35.563840700+05:30,40.5,29,24.9,2812.08,63.13,210,307,TRANSITION,40.0,52.0,WORKLOAD_STEP
2026-07-09 21:10:37.590077500+05:30,41.1,33,24.9,2721.7,63.12,207,307,TRANSITION,40.0,52.0,WORKLOAD_STEP
2026-07-09 21:10:39.612739900+05:30,41.2,30,22.8,2651.38,63.11,207,307,TRANSITION,40.0,52.0,WORKLOAD_STEP
2026-07-09 21:10:41.636594700+05:30,43.0,34,24.4,2842.2,63.09,207,307,TRANSITION,40.0,52.0,WORKLOAD_STEP
2026-07-09 21:10:43.660777100+05:30,45.3,32,23.2,2832.16,63.08,207,307,TRANSITION,40.0,52.0,WORKLOAD_STEP
2026-07-09 21:10:45.703914800+05:30,42.5,29,23.6,2721.7,63.01,207,307,TRANSITION,40.0,52.0,WORKLOAD_STEP
2026-07-09 21:10:47.735556+05:30,40.8,32,23.0,2902.46,63.02,207,307,TRANSITION,40.0,52.0,WORKLOAD_STEP
2026-07-09 21:10:49.758959900+05:30,44.5,30,23.6,2832.14,63.04,207,307,TRANSITION,40.0,52.0,WORKLOAD_STEP
2026-07-09 21:10:51.782000700+05:30,42.1,27,24.5,2681.53,63.04,205,307,TRANSITION,40.0,52.0,WORKLOAD_STEP
2026-07-09 21:10:53.809237100+05:30,46.0,33,24.7,2741.78,63.07,205,307,TRANSITION,40.0,52.0,WORKLOAD_STEP
2026-07-09 21:10:55.832487400+05:30,41.0,32,22.2,2992.82,63.06,207,307,TRANSITION,40.0,52.0,WORKLOAD_STEP
2026-07-09 21:10:57.858288200+05:30,41.6,32,23.2,2872.33,63.05,207,307,TRANSITION,40.0,52.0,WORKLOAD_STEP
2026-07-09 21:10:59.881145600+05:30,40.9,33,22.1,3002.88,63.06,207,307,TRANSITION,40.0,52.0,WORKLOAD_STEP
2026-07-09 21:11:01.903745200+05:30,40.3,32,23.8,2852.25,63.09,207,307,TRANSITION,40.0,52.0,WORKLOAD_STEP
2026-07-09 21:11:03.929264600+05:30,40.0,34,24.7,2691.56,63.06,207,307,TRANSITION,40.0,52.0,WORKLOAD_STEP
2026-07-09 21:11:05.952872600+05:30,43.2,30,24.0,2711.64,63.08,207,307,TRANSITION,40.0,52.0,WORKLOAD_STEP
2026-07-09 21:11:07.984946300+05:30,41.9,36,24.0,2892.4,63.08,207,307,TRANSITION,40.0,52.0,WORKLOAD_STEP
2026-07-09 21:11:10.013264100+05:30,41.6,33,23.1,2561.01,63.08,207,307,TRANSITION,40.0,52.0,WORKLOAD_STEP
2026-07-09 21:11:12.037896500+05:30,40.8,33,24.1,2842.21,63.09,207,307,TRANSITION,40.0,52.0,WORKLOAD_STEP
2026-07-09 21:11:14.066375500+05:30,43.6,32,22.4,2852.25,63.03,207,307,TRANSITION,40.0,52.0,WORKLOAD_STEP
2026-07-09 21:11:16.095357800+05:30,40.8,30,24.7,2862.29,63.11,207,307,TRANSITION,40.0,52.0,WORKLOAD_STEP
2026-07-09 21:11:18.119474800+05:30,39.7,33,23.5,2681.52,63.11,207,307,TRANSITION,40.0,52.0,WORKLOAD_STEP
2026-07-09 21:11:20.160656500+05:30,41.9,27,23.8,2711.65,63.09,207,307,TRANSITION,40.0,52.0,WORKLOAD_STEP
2026-07-09 21:11:22.189848900+05:30,40.4,33,24.5,2812.08,63.1,207,307,TRANSITION,40.0,52.0,WORKLOAD_STEP
2026-07-09 21:11:24.220232100+05:30,42.2,32,25.6,2571.04,63.08,207,307,TRANSITION,40.0,52.0,WORKLOAD_STEP
2026-07-09 21:11:26.241947100+05:30,39.8,33,25.1,2962.71,63.11,205,307,TRANSITION,40.0,52.0,WORKLOAD_STEP
2026-07-09 21:11:28.263684100+05:30,42.7,32,22.4,2972.75,63.11,205,307,TRANSITION,40.0,52.0,WORKLOAD_STEP
2026-07-09 21:11:30.285258400+05:30,40.8,32,25.4,2802.03,63.1,205,307,TRANSITION,40.0,52.0,WORKLOAD_STEP
2026-07-09 21:11:32.310218300+05:30,42.2,33,26.5,2791.98,63.12,206,307,TRANSITION,40.0,52.0,WORKLOAD_STEP
2026-07-09 21:11:34.332449500+05:30,41.7,32,24.6,2842.21,63.11,206,307,TRANSITION,40.0,52.0,WORKLOAD_STEP
2026-07-09 21:11:36.354906500+05:30,43.4,33,25.0,2681.51,63.12,206,307,TRANSITION,40.0,52.0,WORKLOAD_STEP
2026-07-09 21:11:38.378103100+05:30,40.3,32,23.3,2731.72,63.12,206,307,TRANSITION,40.0,52.0,WORKLOAD_STEP
2026-07-09 21:11:40.407426200+05:30,42.1,32,23.0,2701.61,63.11,206,307,TRANSITION,40.0,52.0,WORKLOAD_STEP
2026-07-09 21:11:42.432383500+05:30,41.1,33,26.0,2902.46,63.1,206,307,TRANSITION,40.0,52.0,WORKLOAD_STEP
2026-07-09 21:11:44.457525300+05:30,41.5,30,25.7,2671.48,63.06,206,307,TRANSITION,40.0,52.0,WORKLOAD_STEP
2026-07-09 21:11:46.484436500+05:30,42.7,32,25.4,2751.82,63.13,206,307,TRANSITION,40.0,52.0,WORKLOAD_STEP
2026-07-09 21:11:48.508496200+05:30,40.8,30,24.2,2691.56,63.19,206,307,TRANSITION,40.0,52.0,WORKLOAD_STEP
2026-07-09 21:11:50.531855200+05:30,40.6,36,23.1,2711.64,63.13,206,307,TRANSITION,40.0,52.0,WORKLOAD_STEP
2026-07-09 21:11:52.556117200+05:30,40.5,30,23.6,2882.38,63.13,206,307,TRANSITION,40.0,52.0,WORKLOAD_STEP
2026-07-09 21:11:54.605561+05:30,71.8,33,26.1,2611.19,63.13,206,307,TRANSITION,80.0,53.0,WORKLOAD_STEP
2026-07-09 21:11:56.637543800+05:30,83.3,33,24.3,2500.72,63.13,206,307,TRANSITION,80.0,53.0,WORKLOAD_STEP
2026-07-09 21:11:58.662660500+05:30,82.7,34,25.0,2671.44,63.13,206,307,TRANSITION,80.0,53.0,WORKLOAD_STEP
2026-07-09 21:12:00.689788200+05:30,84.2,34,25.2,2661.41,63.15,206,307,TRANSITION,80.0,53.0,WORKLOAD_STEP
2026-07-09 21:12:02.725857500+05:30,82.4,34,25.2,2671.46,63.13,206,307,TRANSITION,80.0,53.0,WORKLOAD_STEP
2026-07-09 21:12:04.759450400+05:30,82.4,32,27.7,2641.33,63.14,206,307,TRANSITION,80.0,53.0,WORKLOAD_STEP
2026-07-09 21:12:06.788599500+05:30,82.4,33,25.2,2661.41,63.14,206,307,TRANSITION,80.0,53.0,WORKLOAD_STEP
2026-07-09 21:12:08.819167600+05:30,82.5,34,24.6,2631.27,63.14,206,307,TRANSITION,80.0,53.0,WORKLOAD_STEP
2026-07-09 21:12:10.848092300+05:30,83.5,33,25.1,2631.29,63.15,206,307,TRANSITION,80.0,53.0,WORKLOAD_STEP
2026-07-09 21:12:12.882445800+05:30,82.6,32,24.6,2641.33,63.35,206,309,TRANSITION,80.0,53.0,WORKLOAD_STEP
2026-07-09 21:12:14.931551100+05:30,85.2,33,24.1,2611.19,63.16,206,307,TRANSITION,80.0,53.0,WORKLOAD_STEP
2026-07-09 21:12:16.963228900+05:30,80.8,33,24.1,2631.28,63.16,206,307,TRANSITION,80.0,53.0,WORKLOAD_STEP
2026-07-09 21:12:18.990597+05:30,80.7,34,24.6,2581.07,63.16,206,307,TRANSITION,80.0,53.0,WORKLOAD_STEP
2026-07-09 21:12:21.021088500+05:30,83.0,33,24.7,2641.33,63.16,206,307,TRANSITION,80.0,53.0,WORKLOAD_STEP
2026-07-09 21:12:23.054453800+05:30,82.1,34,24.1,2711.63,63.16,206,307,TRANSITION,80.0,53.0,WORKLOAD_STEP
2026-07-09 21:12:25.083216300+05:30,80.4,30,25.4,2721.67,63.16,206,307,TRANSITION,80.0,53.0,WORKLOAD_STEP
2026-07-09 21:12:27.130231400+05:30,32.4,46,9.9,2571.05,63.16,206,307,TRANSITION,30.0,54.0,WORKLOAD_STEP
2026-07-09 21:12:29.149291+05:30,30.7,39,10.9,2169.32,63.16,206,307,TRANSITION,30.0,54.0,WORKLOAD_STEP
2026-07-09 21:12:31.169429700+05:30,33.2,33,21.8,2711.64,63.14,209,307,TRANSITION,30.0,54.0,WORKLOAD_STEP
2026-07-09 21:12:33.187767500+05:30,31.4,29,17.7,3143.51,63.12,209,307,TRANSITION,30.0,54.0,WORKLOAD_STEP
2026-07-09 21:12:35.206661+05:30,31.0,27,17.2,2561.0,63.17,209,307,TRANSITION,30.0,54.0,WORKLOAD_STEP
2026-07-09 21:12:37.225237100+05:30,31.2,36,21.9,2932.61,63.16,206,307,TRANSITION,30.0,54.0,WORKLOAD_STEP
2026-07-09 21:12:39.243932200+05:30,31.6,27,20.9,2771.92,63.15,206,307,TRANSITION,30.0,54.0,WORKLOAD_STEP
2026-07-09 21:12:41.261259900+05:30,31.2,27,22.2,2350.09,63.12,206,307,TRANSITION,30.0,54.0,WORKLOAD_STEP
2026-07-09 21:12:43.279766+05:30,34.6,36,19.5,2621.27,63.19,206,307,TRANSITION,30.0,54.0,WORKLOAD_STEP
2026-07-09 21:12:45.298635300+05:30,30.8,26,23.4,2982.8,63.15,206,307,TRANSITION,30.0,54.0,WORKLOAD_STEP
2026-07-09 21:12:47.315632600+05:30,30.4,27,23.8,2992.85,63.15,206,307,TRANSITION,30.0,54.0,WORKLOAD_STEP
2026-07-09 21:12:49.332666400+05:30,30.8,30,22.5,3163.58,63.15,206,307,TRANSITION,30.0,54.0,WORKLOAD_STEP
2026-07-09 21:12:51.349189100+05:30,30.7,27,22.0,2691.56,63.15,206,307,TRANSITION,30.0,54.0,WORKLOAD_STEP
2026-07-09 21:12:53.367004500+05:30,30.9,37,22.0,2802.03,63.14,206,307,TRANSITION,30.0,54.0,WORKLOAD_STEP
2026-07-09 21:12:55.386275600+05:30,31.2,30,20.0,2701.59,63.13,206,307,TRANSITION,30.0,54.0,WORKLOAD_STEP
2026-07-09 21:12:57.403222800+05:30,32.1,37,22.3,3103.32,63.1,206,307,TRANSITION,30.0,54.0,WORKLOAD_STEP
2026-07-09 21:12:59.422216100+05:30,32.1,27,20.7,3123.42,63.15,206,307,TRANSITION,30.0,54.0,WORKLOAD_STEP
2026-07-09 21:13:01.456890700+05:30,34.9,26,22.1,3093.28,63.13,206,307,TRANSITION,30.0,54.0,WORKLOAD_STEP
2026-07-09 21:13:03.477003400+05:30,33.1,33,23.3,2591.12,63.13,206,307,TRANSITION,30.0,54.0,WORKLOAD_STEP
2026-07-09 21:13:05.503450300+05:30,34.3,37,24.0,2651.39,63.12,206,307,TRANSITION,30.0,54.0,WORKLOAD_STEP
2026-07-09 21:13:07.529757+05:30,30.9,30,22.1,2992.84,63.13,206,307,TRANSITION,30.0,54.0,WORKLOAD_STEP
2026-07-09 21:13:09.557582800+05:30,33.0,32,23.4,2741.77,63.11,206,307,TRANSITION,30.0,54.0,WORKLOAD_STEP
2026-07-09 21:13:11.578472+05:30,30.7,33,21.9,3043.06,63.12,206,307,TRANSITION,30.0,54.0,WORKLOAD_STEP
2026-07-09 21:13:13.597636200+05:30,39.7,36,23.4,2791.99,63.11,206,307,TRANSITION,30.0,54.0,WORKLOAD_STEP
2026-07-09 21:13:15.618407200+05:30,30.5,27,21.0,3173.62,63.14,206,307,TRANSITION,30.0,54.0,WORKLOAD_STEP
2026-07-09 21:13:17.638552+05:30,33.1,36,24.1,2822.11,63.14,207,307,TRANSITION,30.0,54.0,WORKLOAD_STEP
2026-07-09 21:13:19.660622700+05:30,34.7,37,23.6,2922.53,63.11,206,307,TRANSITION,30.0,54.0,WORKLOAD_STEP
2026-07-09 21:13:21.683607900+05:30,31.5,34,23.1,2882.38,63.13,207,307,TRANSITION,30.0,54.0,WORKLOAD_STEP
2026-07-09 21:13:23.706199500+05:30,30.7,37,21.6,3002.89,63.13,206,307,TRANSITION,30.0,54.0,WORKLOAD_STEP
2026-07-09 21:13:25.731614600+05:30,30.9,29,22.9,2872.33,63.11,206,307,TRANSITION,30.0,54.0,WORKLOAD_STEP
2026-07-09 21:13:27.753999100+05:30,31.3,32,24.9,2771.89,63.09,206,307,TRANSITION,30.0,54.0,WORKLOAD_STEP
2026-07-09 21:13:29.775316800+05:30,30.0,30,22.0,2922.54,63.11,206,307,TRANSITION,30.0,54.0,WORKLOAD_STEP
2026-07-09 21:13:31.798467+05:30,30.6,30,22.6,2701.6,63.13,206,307,TRANSITION,30.0,54.0,WORKLOAD_STEP
2026-07-09 21:13:33.820866+05:30,31.2,24,24.0,3022.96,63.12,204,307,TRANSITION,30.0,54.0,WORKLOAD_STEP
2026-07-09 21:13:35.858965600+05:30,33.5,30,24.5,2781.95,63.11,204,307,TRANSITION,30.0,54.0,WORKLOAD_STEP
2026-07-09 21:13:37.883046900+05:30,30.6,32,21.4,2791.99,63.09,204,307,TRANSITION,30.0,54.0,WORKLOAD_STEP
2026-07-09 21:13:39.905047600+05:30,32.6,27,24.0,2691.56,63.12,204,307,TRANSITION,30.0,54.0,WORKLOAD_STEP
2026-07-09 21:13:41.935554200+05:30,31.1,32,23.3,2932.58,63.02,205,307,TRANSITION,30.0,54.0,WORKLOAD_STEP
2026-07-09 21:13:43.961126800+05:30,36.6,30,24.6,2872.33,63.08,205,307,TRANSITION,30.0,54.0,WORKLOAD_STEP
2026-07-09 21:13:45.985603500+05:30,31.2,24,11.2,2350.1,63.13,205,307,TRANSITION,30.0,55.0,WORKLOAD_STEP
2026-07-09 21:13:48.016415200+05:30,32.9,41,13.3,2390.27,63.13,205,307,TRANSITION,30.0,55.0,WORKLOAD_STEP
2026-07-09 21:13:50.043602800+05:30,29.8,30,18.7,2470.61,63.1,207,307,TRANSITION,30.0,55.0,WORKLOAD_STEP
2026-07-09 21:13:52.065434+05:30,30.9,27,16.7,2550.97,63.09,207,307,TRANSITION,30.0,55.0,WORKLOAD_STEP
2026-07-09 21:13:54.088133500+05:30,30.7,33,16.5,2892.44,63.13,207,307,TRANSITION,30.0,55.0,WORKLOAD_STEP
2026-07-09 21:13:56.106584600+05:30,30.7,40,16.5,2360.13,63.14,207,307,TRANSITION,30.0,55.0,WORKLOAD_STEP
2026-07-09 21:13:58.126674400+05:30,29.5,41,17.7,2802.03,63.13,207,307,TRANSITION,30.0,55.0,WORKLOAD_STEP
2026-07-09 21:14:00.146465800+05:30,32.3,41,19.7,3043.06,63.13,207,307,TRANSITION,30.0,55.0,WORKLOAD_STEP
2026-07-09 21:14:02.164854+05:30,31.2,40,18.0,2912.49,63.09,207,307,TRANSITION,30.0,55.0,WORKLOAD_STEP
2026-07-09 21:14:04.182268700+05:30,31.1,39,20.0,2862.29,63.09,207,307,TRANSITION,30.0,55.0,WORKLOAD_STEP
2026-07-09 21:14:06.200727400+05:30,30.9,30,22.2,2832.16,63.14,207,307,TRANSITION,30.0,55.0,WORKLOAD_STEP
2026-07-09 21:14:08.231677400+05:30,33.4,36,20.9,2992.86,63.13,207,307,TRANSITION,30.0,55.0,WORKLOAD_STEP
2026-07-09 21:14:10.250050100+05:30,64.5,33,25.9,2701.59,63.14,207,307,TRANSITION,80.0,56.0,WORKLOAD_STEP
2026-07-09 21:14:12.281289500+05:30,80.1,33,25.4,2611.19,63.14,207,307,TRANSITION,80.0,56.0,WORKLOAD_STEP
2026-07-09 21:14:14.309207+05:30,84.7,34,26.6,2641.32,63.14,207,307,TRANSITION,80.0,56.0,WORKLOAD_STEP
2026-07-09 21:14:16.338591400+05:30,83.0,34,24.7,2661.4,63.14,208,307,TRANSITION,80.0,56.0,WORKLOAD_STEP
2026-07-09 21:14:18.372423400+05:30,82.4,33,23.1,2641.34,63.13,206,307,TRANSITION,80.0,56.0,WORKLOAD_STEP
2026-07-09 21:14:20.402155+05:30,82.5,33,25.4,2560.98,63.13,204,307,TRANSITION,80.0,56.0,WORKLOAD_STEP
2026-07-09 21:14:22.431975900+05:30,83.2,32,24.9,2611.19,63.13,204,307,TRANSITION,80.0,56.0,WORKLOAD_STEP
2026-07-09 21:14:24.464458400+05:30,83.9,30,25.1,2601.15,63.14,203,307,TRANSITION,80.0,56.0,WORKLOAD_STEP
2026-07-09 21:14:26.492954400+05:30,83.4,33,24.8,2661.41,63.14,203,307,TRANSITION,80.0,56.0,WORKLOAD_STEP
2026-07-09 21:14:28.522392400+05:30,81.1,32,25.6,2671.45,63.14,204,307,TRANSITION,80.0,56.0,WORKLOAD_STEP
2026-07-09 21:14:30.551648500+05:30,82.6,34,24.3,2601.16,63.13,203,307,TRANSITION,80.0,56.0,WORKLOAD_STEP
2026-07-09 21:14:32.587355300+05:30,81.6,33,23.5,2651.38,63.14,206,307,TRANSITION,80.0,56.0,WORKLOAD_STEP
2026-07-09 21:14:34.616044400+05:30,80.4,33,23.8,2571.02,63.15,206,307,TRANSITION,80.0,56.0,WORKLOAD_STEP
2026-07-09 21:14:36.644336+05:30,80.3,32,25.4,2621.23,63.14,203,307,TRANSITION,80.0,56.0,WORKLOAD_STEP
2026-07-09 21:14:38.674718500+05:30,80.8,34,25.4,2621.24,63.16,203,307,TRANSITION,80.0,56.0,WORKLOAD_STEP
2026-07-09 21:14:40.705387800+05:30,80.7,34,23.7,2550.94,63.14,203,307,TRANSITION,80.0,56.0,WORKLOAD_STEP
2026-07-09 21:14:42.752161500+05:30,81.5,34,24.2,2631.29,63.24,203,309,TRANSITION,80.0,56.0,WORKLOAD_STEP
2026-07-09 21:14:44.785079200+05:30,83.0,32,24.1,2601.15,63.17,203,307,TRANSITION,80.0,56.0,WORKLOAD_STEP
2026-07-09 21:14:46.816403900+05:30,80.8,34,25.5,2591.11,63.24,203,307,TRANSITION,80.0,56.0,WORKLOAD_STEP
2026-07-09 21:14:48.864266+05:30,81.0,36,25.1,2611.2,63.17,203,307,TRANSITION,80.0,56.0,WORKLOAD_STEP
2026-07-09 21:14:50.891262500+05:30,80.6,33,23.2,2641.32,63.17,203,307,TRANSITION,80.0,56.0,WORKLOAD_STEP
2026-07-09 21:14:52.923754500+05:30,81.6,34,25.3,2530.84,63.17,203,307,TRANSITION,80.0,56.0,WORKLOAD_STEP
2026-07-09 21:14:54.957493800+05:30,81.7,34,24.2,2661.4,63.17,203,307,TRANSITION,80.0,56.0,WORKLOAD_STEP
2026-07-09 21:14:56.988076900+05:30,82.2,33,25.9,2611.19,63.16,203,307,TRANSITION,80.0,56.0,WORKLOAD_STEP
2026-07-09 21:14:59.017919+05:30,80.4,32,25.9,2641.34,63.16,203,307,TRANSITION,80.0,56.0,WORKLOAD_STEP
2026-07-09 21:15:01.048365600+05:30,80.2,33,25.4,2641.33,63.16,203,307,TRANSITION,80.0,56.0,WORKLOAD_STEP
2026-07-09 21:15:03.140422800+05:30,99.2,33,23.9,2540.89,63.14,203,307,TRANSITION,100.0,57.0,WORKLOAD_STEP
2026-07-09 21:15:05.207447400+05:30,100.0,33,26.0,2460.54,63.13,203,307,TRANSITION,100.0,57.0,WORKLOAD_STEP
2026-07-09 21:15:07.266045100+05:30,100.0,33,26.1,2490.68,63.12,203,307,TRANSITION,100.0,57.0,WORKLOAD_STEP
2026-07-09 21:15:09.334244500+05:30,100.0,33,27.1,2500.72,63.1,203,307,TRANSITION,100.0,57.0,WORKLOAD_STEP
2026-07-09 21:15:11.396411500+05:30,100.0,33,23.8,2480.63,63.21,203,308,TRANSITION,100.0,57.0,WORKLOAD_STEP
2026-07-09 21:15:13.468456700+05:30,100.0,33,24.9,2510.76,63.21,204,309,TRANSITION,100.0,57.0,WORKLOAD_STEP
2026-07-09 21:15:15.540252900+05:30,100.0,33,24.1,2540.88,63.21,203,311,TRANSITION,100.0,57.0,WORKLOAD_STEP
2026-07-09 21:15:17.608660400+05:30,100.0,33,25.5,2540.88,63.21,204,312,TRANSITION,100.0,57.0,WORKLOAD_STEP
2026-07-09 21:15:19.684458300+05:30,100.0,33,25.9,2480.62,63.24,204,310,TRANSITION,100.0,57.0,WORKLOAD_STEP
2026-07-09 21:15:21.741692100+05:30,100.0,33,23.6,2550.92,63.25,204,310,TRANSITION,100.0,57.0,WORKLOAD_STEP
2026-07-09 21:15:23.797251+05:30,100.0,33,25.7,2500.72,63.24,203,310,TRANSITION,100.0,57.0,WORKLOAD_STEP
2026-07-09 21:15:25.873868900+05:30,100.0,33,25.7,2500.72,63.25,203,310,TRANSITION,100.0,57.0,WORKLOAD_STEP
2026-07-09 21:15:27.940147200+05:30,100.0,33,24.6,2510.76,63.24,203,310,TRANSITION,100.0,57.0,WORKLOAD_STEP
2026-07-09 21:15:30.012700400+05:30,100.0,33,26.1,2500.73,63.25,203,310,TRANSITION,100.0,57.0,WORKLOAD_STEP
2026-07-09 21:15:32.095501700+05:30,100.0,33,25.6,2470.6,63.24,202,310,TRANSITION,100.0,57.0,WORKLOAD_STEP
2026-07-09 21:15:34.130130300+05:30,100.0,32,25.4,2470.59,63.25,202,310,TRANSITION,100.0,57.0,WORKLOAD_STEP
2026-07-09 21:15:36.230445700+05:30,100.0,33,26.6,2470.59,63.25,202,310,TRANSITION,100.0,57.0,WORKLOAD_STEP
2026-07-09 21:15:38.310226800+05:30,100.0,33,24.6,2520.8,63.3,202,310,TRANSITION,100.0,57.0,WORKLOAD_STEP
2026-07-09 21:15:40.347989100+05:30,100.0,33,26.2,2480.64,63.26,202,308,TRANSITION,100.0,57.0,WORKLOAD_STEP
2026-07-09 21:15:42.413640300+05:30,96.8,37,24.9,2781.92,63.34,203,308,TRANSITION,50.0,58.0,WORKLOAD_STEP
2026-07-09 21:15:44.432330100+05:30,51.0,22,22.9,2952.67,63.36,204,308,TRANSITION,50.0,58.0,WORKLOAD_STEP
2026-07-09 21:15:46.452599600+05:30,50.4,44,22.2,2862.29,63.38,204,308,TRANSITION,50.0,58.0,WORKLOAD_STEP
2026-07-09 21:15:48.478722+05:30,51.2,32,24.9,2872.33,63.35,204,308,TRANSITION,50.0,58.0,WORKLOAD_STEP
2026-07-09 21:15:50.514792500+05:30,51.2,36,20.6,2972.76,63.35,204,308,TRANSITION,50.0,58.0,WORKLOAD_STEP
2026-07-09 21:15:52.536406700+05:30,50.0,36,26.5,2631.3,63.37,204,308,TRANSITION,50.0,58.0,WORKLOAD_STEP
2026-07-09 21:15:54.559538100+05:30,49.9,32,23.2,2972.78,63.37,204,308,TRANSITION,50.0,58.0,WORKLOAD_STEP
2026-07-09 21:15:56.582149300+05:30,52.6,30,25.4,2490.7,63.36,204,308,TRANSITION,50.0,58.0,WORKLOAD_STEP
2026-07-09 21:15:58.604829100+05:30,50.6,42,23.7,2962.72,63.37,204,308,TRANSITION,50.0,58.0,WORKLOAD_STEP
2026-07-09 21:16:00.639295300+05:30,52.0,36,21.2,2882.37,63.38,204,308,TRANSITION,50.0,58.0,WORKLOAD_STEP
2026-07-09 21:16:02.668713400+05:30,50.9,32,24.8,2671.47,63.34,204,308,TRANSITION,50.0,58.0,WORKLOAD_STEP
2026-07-09 21:16:04.695630800+05:30,52.4,32,23.9,2982.8,63.38,204,308,TRANSITION,50.0,58.0,WORKLOAD_STEP
2026-07-09 21:16:06.715426500+05:30,50.8,36,24.6,2330.01,63.37,204,308,TRANSITION,50.0,58.0,WORKLOAD_STEP
2026-07-09 21:16:08.735578+05:30,51.9,30,25.4,2892.41,63.38,204,308,TRANSITION,50.0,58.0,WORKLOAD_STEP
2026-07-09 21:16:10.755022400+05:30,50.7,33,25.0,2942.63,63.32,204,307,TRANSITION,50.0,58.0,WORKLOAD_STEP
2026-07-09 21:16:12.775298300+05:30,51.8,34,24.2,2591.11,63.54,204,309,TRANSITION,50.0,58.0,WORKLOAD_STEP
2026-07-09 21:16:14.798664200+05:30,50.3,33,24.1,2601.17,63.31,204,307,TRANSITION,50.0,58.0,WORKLOAD_STEP
2026-07-09 21:16:16.825802800+05:30,50.9,34,25.4,2691.55,63.31,205,307,TRANSITION,50.0,58.0,WORKLOAD_STEP
2026-07-09 21:16:18.858334900+05:30,49.9,32,24.9,2571.03,63.32,205,307,TRANSITION,50.0,58.0,WORKLOAD_STEP
2026-07-09 21:16:20.893399300+05:30,53.7,29,23.5,2802.04,63.34,205,307,TRANSITION,50.0,58.0,WORKLOAD_STEP
2026-07-09 21:16:22.919587600+05:30,51.9,29,24.4,2681.51,63.31,204,307,TRANSITION,50.0,58.0,WORKLOAD_STEP
2026-07-09 21:16:24.959087400+05:30,51.1,34,25.3,2842.18,63.31,206,307,TRANSITION,50.0,58.0,WORKLOAD_STEP
2026-07-09 21:16:26.982712300+05:30,51.0,30,23.8,2751.81,63.29,206,307,TRANSITION,50.0,58.0,WORKLOAD_STEP
2026-07-09 21:16:29.007597200+05:30,50.7,26,23.3,2601.16,63.31,206,307,TRANSITION,50.0,58.0,WORKLOAD_STEP
2026-07-09 21:16:31.034436500+05:30,50.5,32,23.7,2621.25,63.29,209,307,TRANSITION,50.0,58.0,WORKLOAD_STEP
2026-07-09 21:16:33.066238300+05:30,50.0,32,24.0,2711.65,63.31,209,307,TRANSITION,50.0,58.0,WORKLOAD_STEP
2026-07-09 21:16:35.098940900+05:30,54.6,29,23.1,2681.51,63.31,209,307,TRANSITION,50.0,58.0,WORKLOAD_STEP
2026-07-09 21:16:37.127671600+05:30,52.4,29,24.0,2571.05,63.31,206,307,TRANSITION,50.0,58.0,WORKLOAD_STEP
2026-07-09 21:16:39.153791500+05:30,53.6,27,23.7,2902.44,63.31,206,307,TRANSITION,50.0,58.0,WORKLOAD_STEP
2026-07-09 21:16:41.179380300+05:30,50.0,30,24.0,2741.78,63.31,206,307,TRANSITION,50.0,58.0,WORKLOAD_STEP
2026-07-09 21:16:43.202410400+05:30,55.7,33,25.6,2741.77,63.29,206,307,TRANSITION,50.0,58.0,WORKLOAD_STEP
2026-07-09 21:16:45.226236+05:30,51.2,33,20.1,2711.64,63.12,204,307,TRANSITION,50.0,58.0,WORKLOAD_STEP
2026-07-09 21:16:47.253060900+05:30,51.7,30,23.6,2691.57,63.15,204,307,TRANSITION,50.0,58.0,WORKLOAD_STEP
2026-07-09 21:16:49.287608+05:30,50.4,32,24.9,2671.47,63.15,204,307,TRANSITION,50.0,58.0,WORKLOAD_STEP
2026-07-09 21:16:51.319440100+05:30,52.3,34,22.2,2761.86,63.16,204,307,TRANSITION,50.0,58.0,WORKLOAD_STEP
2026-07-09 21:16:53.355397900+05:30,52.3,32,22.9,2601.16,63.02,202,307,TRANSITION,50.0,58.0,WORKLOAD_STEP
2026-07-09 21:16:55.384047300+05:30,51.6,30,23.9,2711.63,63.06,202,307,TRANSITION,50.0,58.0,WORKLOAD_STEP
2026-07-09 21:16:57.423563300+05:30,52.8,33,23.2,2791.98,63.06,202,307,TRANSITION,50.0,58.0,WORKLOAD_STEP
2026-07-09 21:16:59.449756400+05:30,50.6,32,26.9,2832.15,63.09,202,307,TRANSITION,50.0,58.0,WORKLOAD_STEP
2026-07-09 21:17:01.479025200+05:30,51.8,33,21.9,2741.77,63.07,202,307,TRANSITION,50.0,58.0,WORKLOAD_STEP
2026-07-09 21:17:03.509144500+05:30,51.8,32,21.5,2651.37,63.1,203,307,TRANSITION,50.0,58.0,WORKLOAD_STEP
2026-07-09 21:17:05.533342400+05:30,52.7,33,24.1,2611.2,63.1,203,307,TRANSITION,50.0,58.0,WORKLOAD_STEP
2026-07-09 21:17:07.557382100+05:30,50.7,36,23.2,2761.86,63.16,205,307,TRANSITION,50.0,58.0,WORKLOAD_STEP
2026-07-09 21:17:09.585239600+05:30,58.5,34,22.6,2751.82,63.1,205,307,TRANSITION,50.0,58.0,WORKLOAD_STEP
2026-07-09 21:17:11.620085100+05:30,50.4,32,23.9,2802.02,63.1,205,307,TRANSITION,50.0,58.0,WORKLOAD_STEP
2026-07-09 21:17:13.647305600+05:30,55.6,34,22.7,2601.16,63.13,205,307,TRANSITION,50.0,58.0,WORKLOAD_STEP
2026-07-09 21:17:15.679359800+05:30,51.2,33,25.2,2852.24,63.1,205,306,TRANSITION,50.0,58.0,WORKLOAD_STEP
2026-07-09 21:17:17.712606400+05:30,53.0,36,23.0,2490.7,63.09,206,306,TRANSITION,50.0,58.0,WORKLOAD_STEP
2026-07-09 21:17:19.739799700+05:30,51.0,34,22.6,2751.83,63.08,206,306,TRANSITION,50.0,58.0,WORKLOAD_STEP
2026-07-09 21:17:21.770843400+05:30,52.7,32,23.7,2781.93,63.09,206,306,TRANSITION,50.0,58.0,WORKLOAD_STEP
2026-07-09 21:17:23.802890200+05:30,50.7,33,24.1,2701.6,63.09,205,306,TRANSITION,50.0,58.0,WORKLOAD_STEP
2026-07-09 21:17:25.835660+05:30,54.2,32,24.9,2641.34,63.1,206,306,TRANSITION,50.0,58.0,WORKLOAD_STEP
2026-07-09 21:17:27.863188100+05:30,53.6,33,24.3,2671.46,63.1,206,306,TRANSITION,50.0,58.0,WORKLOAD_STEP
2026-07-09 21:17:29.893056800+05:30,59.1,36,22.4,2571.04,63.1,206,306,TRANSITION,50.0,58.0,WORKLOAD_STEP
2026-07-09 21:17:31.939085100+05:30,51.4,32,22.5,2691.56,63.1,205,306,TRANSITION,50.0,58.0,WORKLOAD_STEP
2026-07-09 21:17:33.963896300+05:30,51.8,33,23.0,2711.64,63.1,205,306,TRANSITION,50.0,58.0,WORKLOAD_STEP
2026-07-09 21:17:35.989464900+05:30,52.3,30,24.1,2771.89,63.11,205,306,TRANSITION,50.0,58.0,WORKLOAD_STEP
2026-07-09 21:17:38.022721200+05:30,50.7,33,22.1,2651.37,63.11,205,306,TRANSITION,50.0,58.0,WORKLOAD_STEP
2026-07-09 21:17:40.055854100+05:30,51.5,34,23.8,2681.51,63.1,205,306,TRANSITION,50.0,58.0,WORKLOAD_STEP
2026-07-09 21:17:42.084183500+05:30,55.6,30,23.2,2681.51,63.1,204,306,TRANSITION,50.0,58.0,WORKLOAD_STEP
2026-07-09 21:17:44.110796200+05:30,53.4,33,24.9,2751.81,63.12,204,306,TRANSITION,50.0,58.0,WORKLOAD_STEP
2026-07-09 21:17:46.138338200+05:30,52.4,33,24.0,2731.72,63.11,204,306,TRANSITION,50.0,58.0,WORKLOAD_STEP
2026-07-09 21:17:48.159980400+05:30,50.1,32,24.5,2741.76,63.11,204,306,TRANSITION,50.0,58.0,WORKLOAD_STEP
2026-07-09 21:17:50.196905100+05:30,56.0,30,25.4,2721.67,63.43,204,306,TRANSITION,50.0,58.0,WORKLOAD_STEP
2026-07-09 21:17:52.227776500+05:30,54.9,32,24.0,2540.92,62.6,204,306,TRANSITION,50.0,58.0,WORKLOAD_STEP
2026-07-09 21:17:54.253659400+05:30,52.8,29,22.4,2791.99,62.66,202,306,TRANSITION,50.0,58.0,WORKLOAD_STEP
2026-07-09 21:17:56.279899100+05:30,50.6,32,24.0,2741.78,62.58,202,306,TRANSITION,50.0,58.0,WORKLOAD_STEP
2026-07-09 21:17:58.303221900+05:30,49.7,34,21.5,2822.1,62.61,202,306,TRANSITION,50.0,58.0,WORKLOAD_STEP
2026-07-09 21:18:00.326748600+05:30,53.7,32,22.4,2550.97,62.52,202,306,TRANSITION,50.0,58.0,WORKLOAD_STEP
2026-07-09 21:18:02.352538500+05:30,51.3,32,24.7,2671.47,62.55,202,306,TRANSITION,50.0,58.0,WORKLOAD_STEP
2026-07-09 21:18:04.385510100+05:30,51.3,33,23.6,2621.27,62.56,202,306,TRANSITION,50.0,58.0,WORKLOAD_STEP
2026-07-09 21:18:06.434608300+05:30,51.3,32,23.7,2802.03,62.59,202,306,TRANSITION,50.0,58.0,WORKLOAD_STEP
2026-07-09 21:18:08.463820100+05:30,51.5,32,22.5,2651.38,62.57,202,306,TRANSITION,50.0,58.0,WORKLOAD_STEP
2026-07-09 21:18:10.487873800+05:30,51.0,34,22.3,2721.68,62.59,202,306,TRANSITION,50.0,58.0,WORKLOAD_STEP
2026-07-09 21:18:12.513828900+05:30,50.5,33,22.9,2661.44,62.6,202,306,TRANSITION,50.0,58.0,WORKLOAD_STEP
2026-07-09 21:18:14.546650900+05:30,50.8,33,22.8,2641.34,62.64,202,306,TRANSITION,50.0,58.0,WORKLOAD_STEP
2026-07-09 21:18:16.574809800+05:30,51.5,34,22.6,2571.03,62.64,202,306,TRANSITION,50.0,58.0,WORKLOAD_STEP
2026-07-09 21:18:18.605156600+05:30,52.0,33,21.2,2741.77,62.64,202,306,TRANSITION,50.0,58.0,WORKLOAD_STEP
2026-07-09 21:18:20.632971400+05:30,52.2,34,23.3,2721.68,62.64,202,306,TRANSITION,50.0,58.0,WORKLOAD_STEP
2026-07-09 21:18:22.665514800+05:30,51.8,32,22.6,2781.94,62.65,202,306,TRANSITION,50.0,58.0,WORKLOAD_STEP
2026-07-09 21:18:24.691354700+05:30,52.4,32,24.1,2802.02,62.63,202,306,TRANSITION,50.0,58.0,WORKLOAD_STEP
2026-07-09 21:18:26.714835300+05:30,50.6,32,24.5,2781.94,62.65,202,306,TRANSITION,50.0,58.0,WORKLOAD_STEP
2026-07-09 21:18:28.741538800+05:30,53.5,29,25.3,2781.94,62.65,203,306,TRANSITION,50.0,58.0,WORKLOAD_STEP
2026-07-09 21:18:30.769622+05:30,50.6,30,24.8,2802.04,62.65,205,306,TRANSITION,50.0,58.0,WORKLOAD_STEP
2026-07-09 21:18:32.802369200+05:30,54.8,32,24.7,2872.33,62.65,205,306,TRANSITION,50.0,58.0,WORKLOAD_STEP
2026-07-09 21:18:34.827875200+05:30,54.8,29,24.5,2761.85,62.66,205,306,TRANSITION,50.0,58.0,WORKLOAD_STEP
2026-07-09 21:18:36.860042500+05:30,52.4,27,23.8,2691.56,62.67,202,306,TRANSITION,50.0,58.0,WORKLOAD_STEP
2026-07-09 21:18:38.910915700+05:30,50.2,30,23.0,2862.29,62.66,202,306,TRANSITION,50.0,58.0,WORKLOAD_STEP
2026-07-09 21:18:40.945257900+05:30,51.6,39,14.4,2791.98,62.67,202,306,TRANSITION,50.0,59.0,WORKLOAD_STEP
2026-07-09 21:18:42.963281400+05:30,51.1,36,18.8,2962.73,62.89,202,308,TRANSITION,50.0,59.0,WORKLOAD_STEP
2026-07-09 21:18:44.983627300+05:30,49.6,37,20.6,2651.38,62.75,202,306,TRANSITION,50.0,59.0,WORKLOAD_STEP
2026-07-09 21:18:47.018156900+05:30,55.2,24,23.8,2651.37,62.66,202,306,TRANSITION,50.0,59.0,WORKLOAD_STEP
2026-07-09 21:18:49.039010700+05:30,52.3,33,23.1,2540.9,62.68,202,306,TRANSITION,50.0,59.0,WORKLOAD_STEP
2026-07-09 21:18:51.060400200+05:30,52.9,32,23.6,2701.59,62.69,202,306,TRANSITION,50.0,59.0,WORKLOAD_STEP
2026-07-09 21:18:53.087537100+05:30,50.9,30,23.7,2862.28,62.69,202,306,TRANSITION,50.0,59.0,WORKLOAD_STEP
2026-07-09 21:18:55.118478700+05:30,51.5,36,21.3,2711.64,62.69,202,306,TRANSITION,50.0,59.0,WORKLOAD_STEP
2026-07-09 21:18:57.150758500+05:30,50.3,36,23.6,2812.08,62.68,202,306,TRANSITION,50.0,59.0,WORKLOAD_STEP
2026-07-09 21:18:59.178423700+05:30,52.6,33,24.3,2972.74,62.68,202,306,TRANSITION,50.0,59.0,WORKLOAD_STEP
2026-07-09 21:19:01.200810200+05:30,51.3,33,25.4,2631.28,62.7,204,306,TRANSITION,50.0,59.0,WORKLOAD_STEP
2026-07-09 21:19:03.223431200+05:30,52.3,34,25.8,2731.74,62.69,204,306,TRANSITION,50.0,59.0,WORKLOAD_STEP
2026-07-09 21:19:05.247411800+05:30,52.2,32,23.3,2751.82,62.71,204,306,TRANSITION,50.0,59.0,WORKLOAD_STEP
2026-07-09 21:19:07.271883700+05:30,52.6,27,22.7,2791.99,62.69,204,306,TRANSITION,50.0,59.0,WORKLOAD_STEP
2026-07-09 21:19:09.298322100+05:30,52.3,27,26.2,2651.39,62.71,204,306,TRANSITION,50.0,59.0,WORKLOAD_STEP
2026-07-09 21:19:11.326553800+05:30,51.8,34,24.2,2741.78,62.69,204,306,TRANSITION,50.0,59.0,WORKLOAD_STEP
2026-07-09 21:19:13.368012700+05:30,55.3,34,22.4,2591.11,62.68,206,306,TRANSITION,50.0,59.0,WORKLOAD_STEP
2026-07-09 21:19:15.395608900+05:30,51.0,32,23.5,2731.74,62.72,206,306,TRANSITION,50.0,59.0,WORKLOAD_STEP
2026-07-09 21:19:17.423141700+05:30,50.5,32,22.2,2802.03,62.72,206,306,TRANSITION,50.0,59.0,WORKLOAD_STEP
2026-07-09 21:19:19.450804900+05:30,87.1,32,23.7,2480.64,62.7,206,306,TRANSITION,100.0,60.0,WORKLOAD_STEP
2026-07-09 21:19:21.546787600+05:30,100.0,33,24.1,2500.72,62.68,206,306,TRANSITION,100.0,60.0,WORKLOAD_STEP
2026-07-09 21:19:23.623461300+05:30,100.0,32,24.9,2530.84,62.68,206,306,TRANSITION,100.0,60.0,WORKLOAD_STEP
2026-07-09 21:19:25.694418200+05:30,100.0,33,23.6,2490.68,62.65,205,306,TRANSITION,100.0,60.0,WORKLOAD_STEP
2026-07-09 21:19:27.763903500+05:30,100.0,32,24.9,2500.72,62.69,205,306,TRANSITION,100.0,60.0,WORKLOAD_STEP
2026-07-09 21:19:29.881379+05:30,100.0,33,23.7,2480.64,62.68,203,306,TRANSITION,100.0,60.0,WORKLOAD_STEP
2026-07-09 21:19:31.962975800+05:30,100.0,33,23.8,2490.68,62.67,203,306,TRANSITION,100.0,60.0,WORKLOAD_STEP
2026-07-09 21:19:34.062229+05:30,100.0,33,25.9,2530.84,62.66,203,306,TRANSITION,100.0,60.0,WORKLOAD_STEP
2026-07-09 21:19:36.134730500+05:30,100.0,33,23.6,2490.68,62.66,203,306,TRANSITION,100.0,60.0,WORKLOAD_STEP
2026-07-09 21:19:38.197936300+05:30,100.0,33,25.7,2500.72,62.65,203,306,TRANSITION,100.0,60.0,WORKLOAD_STEP
2026-07-09 21:19:40.251666700+05:30,100.0,32,23.6,2490.68,62.64,203,306,TRANSITION,100.0,60.0,WORKLOAD_STEP
2026-07-09 21:19:42.308458700+05:30,100.0,32,24.1,2470.59,62.64,201,306,TRANSITION,100.0,60.0,WORKLOAD_STEP
2026-07-09 21:19:44.381447+05:30,100.0,33,24.6,2440.47,62.64,201,306,TRANSITION,100.0,60.0,WORKLOAD_STEP
2026-07-09 21:19:46.462420800+05:30,100.0,33,24.0,2480.63,62.64,201,307,TRANSITION,100.0,60.0,WORKLOAD_STEP
2026-07-09 21:19:48.541080900+05:30,100.0,34,24.6,2500.72,62.64,201,307,TRANSITION,100.0,60.0,WORKLOAD_STEP
2026-07-09 21:19:50.639315400+05:30,100.0,33,25.0,2490.68,62.64,201,307,TRANSITION,100.0,60.0,WORKLOAD_STEP
2026-07-09 21:19:52.713317+05:30,100.0,33,25.4,2480.63,62.64,201,307,TRANSITION,100.0,60.0,WORKLOAD_STEP
2026-07-09 21:19:54.841052500+05:30,100.0,32,24.2,2480.64,62.63,201,307,TRANSITION,100.0,60.0,WORKLOAD_STEP
2026-07-09 21:19:56.889491400+05:30,100.0,33,23.6,2480.64,62.63,201,307,TRANSITION,100.0,60.0,WORKLOAD_STEP
2026-07-09 21:19:58.934932100+05:30,100.0,33,24.2,2480.63,62.63,201,307,TRANSITION,100.0,60.0,WORKLOAD_STEP
2026-07-09 21:20:00.996012300+05:30,100.0,32,25.3,2500.72,62.64,201,307,TRANSITION,100.0,60.0,WORKLOAD_STEP
2026-07-09 21:20:03.057427900+05:30,100.0,32,25.4,2510.76,62.64,201,308,TRANSITION,100.0,60.0,WORKLOAD_STEP
2026-07-09 21:20:05.135594200+05:30,100.0,34,25.3,2500.72,62.64,201,308,TRANSITION,100.0,60.0,WORKLOAD_STEP
2026-07-09 21:20:07.199044400+05:30,100.0,32,25.1,2510.76,62.65,201,308,TRANSITION,100.0,60.0,WORKLOAD_STEP
2026-07-09 21:20:09.267083+05:30,100.0,33,24.6,2490.68,62.64,201,308,TRANSITION,100.0,60.0,WORKLOAD_STEP
2026-07-09 21:20:11.332489200+05:30,100.0,33,24.8,2490.68,62.66,201,308,TRANSITION,100.0,60.0,WORKLOAD_STEP
2026-07-09 21:20:13.428948700+05:30,100.0,32,24.0,2480.63,62.65,201,308,TRANSITION,100.0,60.0,WORKLOAD_STEP
2026-07-09 21:20:15.503448400+05:30,100.0,33,23.5,2430.44,62.66,201,309,TRANSITION,100.0,60.0,WORKLOAD_STEP
2026-07-09 21:20:17.586684900+05:30,100.0,33,25.0,2480.64,62.66,201,309,TRANSITION,100.0,60.0,WORKLOAD_STEP
2026-07-09 21:20:19.653242100+05:30,100.0,33,25.0,2440.48,62.66,201,309,TRANSITION,100.0,60.0,WORKLOAD_STEP
2026-07-09 21:20:21.744011300+05:30,100.0,34,24.3,2440.47,62.66,201,309,TRANSITION,100.0,60.0,WORKLOAD_STEP
2026-07-09 21:20:23.804915900+05:30,100.0,33,25.1,2470.6,62.66,201,309,TRANSITION,100.0,60.0,WORKLOAD_STEP
2026-07-09 21:20:25.882114500+05:30,100.0,33,24.5,2440.47,62.66,201,309,TRANSITION,100.0,60.0,WORKLOAD_STEP
2026-07-09 21:20:27.972653400+05:30,100.0,33,23.3,2440.47,62.93,201,310,TRANSITION,100.0,60.0,WORKLOAD_STEP
2026-07-09 21:20:30.049691400+05:30,100.0,33,23.8,2450.51,62.72,201,310,TRANSITION,100.0,60.0,WORKLOAD_STEP
2026-07-09 21:20:32.121570400+05:30,100.0,33,24.4,2430.42,62.72,204,310,TRANSITION,100.0,60.0,WORKLOAD_STEP
2026-07-09 21:20:34.173017600+05:30,100.0,33,24.1,2460.56,62.71,204,309,TRANSITION,100.0,60.0,WORKLOAD_STEP
2026-07-09 21:20:36.248361400+05:30,100.0,33,24.3,2490.68,62.7,201,310,TRANSITION,100.0,60.0,WORKLOAD_STEP
2026-07-09 21:20:38.336487700+05:30,100.0,33,24.4,2490.68,62.71,201,310,TRANSITION,100.0,60.0,WORKLOAD_STEP
2026-07-09 21:20:40.420868400+05:30,100.0,33,26.1,2460.54,62.71,201,310,TRANSITION,100.0,60.0,WORKLOAD_STEP
2026-07-09 21:20:42.489400200+05:30,100.0,33,25.4,2490.67,62.71,201,310,TRANSITION,100.0,60.0,WORKLOAD_STEP
2026-07-09 21:20:44.583701300+05:30,100.0,34,24.5,2480.63,62.7,201,310,TRANSITION,100.0,60.0,WORKLOAD_STEP
2026-07-09 21:20:46.672936700+05:30,100.0,33,24.2,2510.76,62.71,201,311,TRANSITION,100.0,60.0,WORKLOAD_STEP
2026-07-09 21:20:48.738937400+05:30,100.0,33,24.2,2510.76,62.7,201,311,TRANSITION,100.0,60.0,WORKLOAD_STEP
2026-07-09 21:20:50.824515500+05:30,100.0,33,25.3,2490.68,62.71,201,311,TRANSITION,100.0,60.0,WORKLOAD_STEP
2026-07-09 21:20:52.890741300+05:30,100.0,33,24.1,2500.72,62.71,201,311,TRANSITION,100.0,60.0,WORKLOAD_STEP
2026-07-09 21:20:54.942750800+05:30,100.0,32,24.1,2480.64,62.71,201,311,TRANSITION,100.0,60.0,WORKLOAD_STEP
2026-07-09 21:20:57.032763100+05:30,100.0,33,24.2,2480.64,62.72,201,312,TRANSITION,100.0,60.0,WORKLOAD_STEP
2026-07-09 21:20:59.097119+05:30,100.0,33,25.0,2490.68,62.72,201,312,TRANSITION,100.0,60.0,WORKLOAD_STEP
2026-07-09 21:21:01.157970400+05:30,100.0,33,24.8,2480.64,62.74,200,312,TRANSITION,100.0,60.0,WORKLOAD_STEP
2026-07-09 21:21:03.243379200+05:30,100.0,34,24.9,2500.72,62.74,200,312,TRANSITION,100.0,60.0,WORKLOAD_STEP
2026-07-09 21:21:05.326735900+05:30,100.0,33,25.7,2490.68,62.74,200,312,TRANSITION,100.0,60.0,WORKLOAD_STEP
2026-07-09 21:21:07.420530500+05:30,100.0,33,24.5,2510.76,62.74,200,312,TRANSITION,100.0,60.0,WORKLOAD_STEP
2026-07-09 21:21:09.487871400+05:30,100.0,34,23.8,2510.76,62.74,200,312,TRANSITION,100.0,60.0,WORKLOAD_STEP
2026-07-09 21:21:11.555558+05:30,100.0,33,25.6,2480.63,62.74,200,312,TRANSITION,100.0,60.0,WORKLOAD_STEP
2026-07-09 21:21:13.602353400+05:30,100.0,33,24.1,2540.88,62.74,200,312,TRANSITION,100.0,60.0,WORKLOAD_STEP
2026-07-09 21:21:15.658099900+05:30,100.0,33,25.1,2480.64,62.73,200,312,TRANSITION,100.0,60.0,WORKLOAD_STEP
2026-07-09 21:21:17.734827600+05:30,100.0,33,25.1,2470.59,62.74,200,312,TRANSITION,100.0,60.0,WORKLOAD_STEP
2026-07-09 21:21:19.787405800+05:30,100.0,36,25.3,2460.56,62.74,200,312,TRANSITION,100.0,60.0,WORKLOAD_STEP
2026-07-09 21:21:21.858520500+05:30,100.0,34,25.4,2500.71,62.74,200,313,TRANSITION,100.0,60.0,WORKLOAD_STEP
2026-07-09 21:21:23.917332+05:30,100.0,34,24.6,2540.89,62.73,200,313,TRANSITION,100.0,60.0,WORKLOAD_STEP
2026-07-09 21:21:26.009661+05:30,100.0,33,25.0,2500.72,62.74,200,313,TRANSITION,100.0,60.0,WORKLOAD_STEP
2026-07-09 21:21:28.064721+05:30,100.0,33,25.8,2480.64,62.73,200,313,TRANSITION,100.0,60.0,WORKLOAD_STEP
2026-07-09 21:21:30.146750900+05:30,100.0,33,25.0,2490.68,62.75,200,314,TRANSITION,100.0,60.0,WORKLOAD_STEP
2026-07-09 21:21:32.213110400+05:30,100.0,34,24.1,2490.68,62.74,200,314,TRANSITION,100.0,60.0,WORKLOAD_STEP
2026-07-09 21:21:34.292828+05:30,100.0,33,24.6,2500.73,62.74,200,314,TRANSITION,100.0,60.0,WORKLOAD_STEP
2026-07-09 21:21:36.397320+05:30,100.0,34,25.1,2470.59,62.74,200,314,TRANSITION,100.0,60.0,WORKLOAD_STEP
2026-07-09 21:21:38.457507800+05:30,100.0,33,24.5,2490.67,62.74,200,314,TRANSITION,100.0,60.0,WORKLOAD_STEP
2026-07-09 21:21:40.515131100+05:30,100.0,33,26.1,2530.84,62.77,201,314,TRANSITION,100.0,60.0,WORKLOAD_STEP
2026-07-09 21:21:42.608675300+05:30,100.0,33,24.1,2540.88,62.77,203,314,TRANSITION,100.0,60.0,WORKLOAD_STEP
2026-07-09 21:21:44.703510600+05:30,100.0,33,25.9,2510.77,62.78,203,314,TRANSITION,100.0,60.0,WORKLOAD_STEP
2026-07-09 21:21:46.773818900+05:30,100.0,33,24.7,2490.67,62.76,203,314,TRANSITION,100.0,60.0,WORKLOAD_STEP
2026-07-09 21:21:48.858727400+05:30,100.0,34,24.4,2500.72,62.76,203,314,TRANSITION,100.0,60.0,WORKLOAD_STEP
2026-07-09 21:21:50.914903600+05:30,100.0,33,24.7,2500.71,62.76,203,314,TRANSITION,100.0,60.0,WORKLOAD_STEP
2026-07-09 21:21:52.980292400+05:30,100.0,33,23.5,2520.8,62.77,203,314,TRANSITION,100.0,60.0,WORKLOAD_STEP
2026-07-09 21:21:55.041775400+05:30,100.0,33,23.4,2530.84,62.77,203,314,TRANSITION,100.0,60.0,WORKLOAD_STEP
2026-07-09 21:21:57.084745200+05:30,100.0,34,26.2,2490.68,62.78,203,314,TRANSITION,100.0,60.0,WORKLOAD_STEP
2026-07-09 21:21:59.168364700+05:30,100.0,33,24.9,2490.68,62.77,203,314,TRANSITION,100.0,60.0,WORKLOAD_STEP
2026-07-09 21:22:01.241790900+05:30,100.0,33,26.5,2500.72,62.78,203,314,TRANSITION,100.0,60.0,WORKLOAD_STEP
2026-07-09 21:22:03.298756900+05:30,100.0,33,24.1,2540.88,62.78,204,315,TRANSITION,100.0,60.0,WORKLOAD_STEP
2026-07-09 21:22:05.390264900+05:30,100.0,33,23.7,2510.76,62.78,204,315,TRANSITION,100.0,60.0,WORKLOAD_STEP
2026-07-09 21:22:07.437654400+05:30,100.0,34,25.6,2520.8,62.77,204,315,TRANSITION,100.0,60.0,WORKLOAD_STEP
2026-07-09 21:22:09.519583200+05:30,100.0,34,24.6,2530.84,62.78,204,315,TRANSITION,100.0,60.0,WORKLOAD_STEP
2026-07-09 21:22:11.580277800+05:30,100.0,33,25.1,2530.85,62.78,202,315,TRANSITION,100.0,60.0,WORKLOAD_STEP
2026-07-09 21:22:13.636254+05:30,100.0,33,25.0,2500.72,62.78,202,315,TRANSITION,100.0,60.0,WORKLOAD_STEP
2026-07-09 21:22:15.690007800+05:30,100.0,33,25.6,2510.76,62.78,202,315,TRANSITION,100.0,60.0,WORKLOAD_STEP
2026-07-09 21:22:17.750066200+05:30,100.0,33,26.2,2520.81,62.85,203,315,TRANSITION,100.0,60.0,WORKLOAD_STEP
2026-07-09 21:22:19.847348200+05:30,100.0,33,25.3,2490.67,62.78,202,315,TRANSITION,100.0,60.0,WORKLOAD_STEP
2026-07-09 21:22:21.926535900+05:30,100.0,34,25.6,2500.72,62.78,203,316,TRANSITION,100.0,60.0,WORKLOAD_STEP
2026-07-09 21:22:24.001784600+05:30,100.0,33,25.1,2520.81,62.79,202,316,TRANSITION,100.0,60.0,WORKLOAD_STEP
2026-07-09 21:22:26.073537500+05:30,100.0,34,25.4,2530.86,62.79,202,316,TRANSITION,100.0,60.0,WORKLOAD_STEP
2026-07-09 21:22:28.159421200+05:30,100.0,33,25.0,2500.73,62.78,202,315,TRANSITION,100.0,60.0,WORKLOAD_STEP
2026-07-09 21:22:30.211998200+05:30,100.0,34,25.8,2490.68,62.78,202,315,TRANSITION,100.0,60.0,WORKLOAD_STEP
2026-07-09 21:22:32.295968600+05:30,100.0,33,24.3,2510.77,62.79,205,315,TRANSITION,100.0,60.0,WORKLOAD_STEP
2026-07-09 21:22:34.379380200+05:30,100.0,33,24.5,2510.76,62.78,205,315,TRANSITION,100.0,60.0,WORKLOAD_STEP
2026-07-09 21:22:36.437263400+05:30,100.0,36,24.4,2460.54,62.79,202,316,TRANSITION,100.0,60.0,WORKLOAD_STEP
2026-07-09 21:22:38.563867300+05:30,100.0,33,26.1,2540.89,62.79,202,316,TRANSITION,100.0,60.0,WORKLOAD_STEP
2026-07-09 21:22:40.611349600+05:30,100.0,34,24.8,2520.81,62.79,202,316,TRANSITION,100.0,60.0,WORKLOAD_STEP
2026-07-09 21:22:42.681617500+05:30,100.0,34,25.0,2530.84,62.79,202,316,TRANSITION,100.0,60.0,WORKLOAD_STEP
2026-07-09 21:22:44.764071400+05:30,100.0,33,25.5,2500.73,62.8,202,316,TRANSITION,100.0,60.0,WORKLOAD_STEP
2026-07-09 21:22:46.851036+05:30,100.0,33,26.4,2510.76,62.79,202,316,TRANSITION,100.0,60.0,WORKLOAD_STEP
2026-07-09 21:22:48.901491700+05:30,100.0,34,24.9,2500.72,62.8,202,316,TRANSITION,100.0,60.0,WORKLOAD_STEP
2026-07-09 21:22:50.966285100+05:30,100.0,34,24.5,2530.84,62.8,202,316,TRANSITION,100.0,60.0,WORKLOAD_STEP
2026-07-09 21:22:53.023074500+05:30,100.0,34,24.8,2480.63,62.81,202,316,TRANSITION,100.0,60.0,WORKLOAD_STEP
2026-07-09 21:22:55.116898300+05:30,100.0,33,24.0,2560.96,62.8,202,316,TRANSITION,100.0,60.0,WORKLOAD_STEP
2026-07-09 21:22:57.181721100+05:30,100.0,33,25.9,2490.68,62.87,202,316,TRANSITION,100.0,60.0,WORKLOAD_STEP
2026-07-09 21:22:59.293096800+05:30,100.0,33,25.4,2500.72,62.8,202,316,TRANSITION,100.0,60.0,WORKLOAD_STEP
2026-07-09 21:23:01.366745800+05:30,100.0,34,26.3,2550.92,62.81,202,317,TRANSITION,100.0,60.0,WORKLOAD_STEP
2026-07-09 21:23:03.469985200+05:30,100.0,33,25.7,2550.94,62.82,202,317,TRANSITION,100.0,60.0,WORKLOAD_STEP
2026-07-09 21:23:05.524723200+05:30,100.0,34,25.5,2540.89,62.82,202,317,TRANSITION,100.0,60.0,WORKLOAD_STEP
2026-07-09 21:23:07.610678800+05:30,100.0,34,26.1,2540.89,62.82,202,317,TRANSITION,100.0,60.0,WORKLOAD_STEP
2026-07-09 21:23:09.678476+05:30,100.0,34,26.1,2540.89,62.82,202,317,TRANSITION,100.0,60.0,WORKLOAD_STEP
2026-07-09 21:23:11.771547600+05:30,100.0,33,26.3,2500.72,62.82,202,317,TRANSITION,100.0,60.0,WORKLOAD_STEP
2026-07-09 21:23:13.832731300+05:30,100.0,33,25.0,2571.0,62.82,202,317,TRANSITION,100.0,60.0,WORKLOAD_STEP
2026-07-09 21:23:15.881728200+05:30,100.0,33,22.8,2500.72,62.82,202,317,TRANSITION,100.0,60.0,WORKLOAD_STEP
2026-07-09 21:23:17.957733+05:30,100.0,33,24.9,2500.72,62.83,203,317,TRANSITION,100.0,60.0,WORKLOAD_STEP
2026-07-09 21:23:20.017646700+05:30,30.8,46,9.4,2109.06,63.57,203,319,TRANSITION,0.0,61.0,WORKLOAD_STEP
2026-07-09 21:23:22.045100800+05:30,17.2,52,6.7,2109.06,62.84,203,305,TRANSITION,0.0,61.0,WORKLOAD_STEP
2026-07-09 21:23:24.073298+05:30,2.5,52,4.7,2109.06,62.81,202,305,TRANSITION,0.0,61.0,WORKLOAD_STEP
2026-07-09 21:23:26.099619200+05:30,1.3,52,3.9,2109.06,62.8,202,305,TRANSITION,0.0,61.0,WORKLOAD_STEP
2026-07-09 21:23:28.126371900+05:30,3.4,52,4.5,2109.06,62.8,202,305,TRANSITION,0.0,61.0,WORKLOAD_STEP
2026-07-09 21:23:30.154264600+05:30,3.8,52,5.1,2109.06,62.71,202,305,TRANSITION,0.0,61.0,WORKLOAD_STEP
2026-07-09 21:23:32.182455900+05:30,1.6,52,4.6,2109.06,62.73,202,305,TRANSITION,0.0,61.0,WORKLOAD_STEP
2026-07-09 21:23:34.212063900+05:30,1.1,53,3.9,2109.06,62.74,202,305,TRANSITION,0.0,61.0,WORKLOAD_STEP
2026-07-09 21:23:36.236529800+05:30,1.6,53,3.9,2109.06,62.77,202,305,TRANSITION,0.0,61.0,WORKLOAD_STEP
2026-07-09 21:23:38.264797900+05:30,1.2,54,3.7,2109.06,62.74,202,305,TRANSITION,0.0,61.0,WORKLOAD_STEP
2026-07-09 21:23:40.292293200+05:30,2.5,53,3.9,2109.06,62.81,202,305,TRANSITION,0.0,61.0,WORKLOAD_STEP
2026-07-09 21:23:42.340312+05:30,1.3,54,3.9,2109.06,62.73,202,305,TRANSITION,0.0,61.0,WORKLOAD_STEP
2026-07-09 21:23:44.366015700+05:30,1.9000000000000001,53,4.6,2109.06,62.76,202,305,TRANSITION,0.0,61.0,WORKLOAD_STEP
2026-07-09 21:23:46.407589900+05:30,2.2,53,3.8,2109.06,62.73,202,305,TRANSITION,0.0,61.0,WORKLOAD_STEP
2026-07-09 21:23:48.435553200+05:30,4.5,53,6.2,2109.06,62.71,202,305,TRANSITION,0.0,61.0,WORKLOAD_STEP
2026-07-09 21:23:50.458667800+05:30,1.6,54,3.8,2109.06,62.7,202,305,TRANSITION,0.0,61.0,WORKLOAD_STEP
2026-07-09 21:23:52.485560100+05:30,0.6000000000000001,54,3.7,1958.41,62.71,204,305,TRANSITION,0.0,61.0,WORKLOAD_STEP
2026-07-09 21:23:54.509989300+05:30,3.4,54,4.1,2109.06,62.7,204,305,TRANSITION,0.0,61.0,WORKLOAD_STEP
2026-07-09 21:23:56.535301500+05:30,2.1,54,3.8,2109.06,62.7,204,305,TRANSITION,0.0,61.0,WORKLOAD_STEP
2026-07-09 21:23:58.561381300+05:30,3.9,54,4.3,2109.06,62.71,202,305,TRANSITION,0.0,61.0,WORKLOAD_STEP
2026-07-09 21:24:00.586803800+05:30,1.0,53,3.7,2109.06,62.72,202,305,TRANSITION,0.0,61.0,WORKLOAD_STEP
2026-07-09 21:24:02.610673400+05:30,2.2,53,6.0,2109.06,62.73,202,305,TRANSITION,0.0,61.0,WORKLOAD_STEP
2026-07-09 21:24:04.638513100+05:30,4.5,58,5.2,2340.05,62.72,202,305,TRANSITION,0.0,61.0,WORKLOAD_STEP
2026-07-09 21:24:06.666425600+05:30,4.9,57,6.4,2109.02,62.81,202,305,TRANSITION,0.0,61.0,WORKLOAD_STEP
2026-07-09 21:24:08.692997100+05:30,0.7000000000000001,54,3.6,2109.06,62.79,202,305,TRANSITION,0.0,61.0,WORKLOAD_STEP
2026-07-09 21:24:10.711794600+05:30,2.2,53,4.4,2109.06,62.79,202,305,TRANSITION,0.0,61.0,WORKLOAD_STEP
2026-07-09 21:24:12.735849100+05:30,0.8,55,3.7,2109.02,62.77,202,305,TRANSITION,0.0,61.0,WORKLOAD_STEP
2026-07-09 21:24:14.759718500+05:30,1.2,54,3.7,2109.06,62.77,202,305,TRANSITION,0.0,61.0,WORKLOAD_STEP
2026-07-09 21:24:16.799341300+05:30,2.2,57,3.9,2109.06,62.76,203,305,TRANSITION,0.0,61.0,WORKLOAD_STEP
2026-07-09 21:24:18.820170600+05:30,5.6,53,5.8,2109.06,62.79,203,305,TRANSITION,0.0,61.0,WORKLOAD_STEP
2026-07-09 21:24:20.857644800+05:30,5.5,55,4.2,2109.06,62.78,202,305,TRANSITION,0.0,61.0,WORKLOAD_STEP
2026-07-09 21:24:22.881798800+05:30,1.3,55,3.7,2109.06,62.81,202,305,TRANSITION,0.0,61.0,WORKLOAD_STEP
2026-07-09 21:24:24.903627200+05:30,2.8,34,16.9,2902.47,62.76,201,305,TRANSITION,100.0,62.0,WORKLOAD_STEP
2026-07-09 21:24:27.034100700+05:30,98.3,37,30.7,2731.74,62.76,201,305,TRANSITION,100.0,62.0,WORKLOAD_STEP
2026-07-09 21:24:29.096370400+05:30,100.0,37,27.8,2721.69,62.76,201,305,TRANSITION,100.0,62.0,WORKLOAD_STEP
2026-07-09 21:24:31.198799700+05:30,100.0,36,29.5,2691.56,62.76,204,305,TRANSITION,100.0,62.0,WORKLOAD_STEP
2026-07-09 21:24:33.271266400+05:30,100.0,36,28.3,2701.59,62.76,204,305,TRANSITION,100.0,62.0,WORKLOAD_STEP
2026-07-09 21:24:35.326691300+05:30,100.0,34,28.5,2691.56,62.76,204,305,TRANSITION,100.0,62.0,WORKLOAD_STEP
2026-07-09 21:24:37.394247400+05:30,100.0,37,28.3,2661.42,62.76,201,305,TRANSITION,100.0,62.0,WORKLOAD_STEP
2026-07-09 21:24:39.475535900+05:30,100.0,36,26.4,2681.5,62.76,201,305,TRANSITION,100.0,62.0,WORKLOAD_STEP
2026-07-09 21:24:41.563228600+05:30,100.0,36,27.2,2641.33,62.76,203,305,TRANSITION,100.0,62.0,WORKLOAD_STEP
2026-07-09 21:24:43.610933400+05:30,100.0,36,27.5,2651.37,62.76,203,305,TRANSITION,100.0,62.0,WORKLOAD_STEP
2026-07-09 21:24:45.659735500+05:30,100.0,36,28.3,2631.28,62.76,203,305,TRANSITION,100.0,62.0,WORKLOAD_STEP
2026-07-09 21:24:47.727433600+05:30,100.0,34,27.3,2641.33,62.77,203,306,TRANSITION,100.0,62.0,WORKLOAD_STEP
2026-07-09 21:24:49.770555+05:30,100.0,36,27.3,2631.28,62.76,203,306,TRANSITION,100.0,62.0,WORKLOAD_STEP
2026-07-09 21:24:51.849195800+05:30,100.0,36,27.5,2611.21,62.76,203,306,TRANSITION,100.0,62.0,WORKLOAD_STEP
2026-07-09 21:24:53.913003700+05:30,100.0,34,27.1,2651.38,62.77,203,306,TRANSITION,100.0,62.0,WORKLOAD_STEP
2026-07-09 21:24:56.016378+05:30,100.0,36,26.5,2581.05,62.8,203,307,TRANSITION,100.0,63.0,WORKLOAD_STEP
2026-07-09 21:24:58.075606200+05:30,100.0,36,25.8,2591.1,62.81,203,307,TRANSITION,100.0,63.0,WORKLOAD_STEP
2026-07-09 21:25:00.137191100+05:30,100.0,34,26.7,2560.97,62.8,203,307,TRANSITION,100.0,63.0,WORKLOAD_STEP
2026-07-09 21:25:02.199169700+05:30,100.0,36,26.7,2601.15,62.8,203,307,TRANSITION,100.0,63.0,WORKLOAD_STEP
2026-07-09 21:25:04.255302600+05:30,100.0,36,26.2,2591.1,62.78,203,307,TRANSITION,100.0,63.0,WORKLOAD_STEP
2026-07-09 21:25:06.328559400+05:30,100.0,34,26.6,2550.94,62.79,203,307,TRANSITION,100.0,63.0,WORKLOAD_STEP
2026-07-09 21:25:08.423789100+05:30,100.0,34,26.7,2540.89,62.77,203,307,TRANSITION,100.0,63.0,WORKLOAD_STEP
2026-07-09 21:25:10.476864200+05:30,100.0,34,25.9,2581.06,62.77,201,307,TRANSITION,100.0,63.0,WORKLOAD_STEP
2026-07-09 21:25:12.577197100+05:30,100.0,34,26.9,2530.84,62.75,201,307,TRANSITION,100.0,63.0,WORKLOAD_STEP
2026-07-09 21:25:14.660654500+05:30,100.0,34,26.6,2611.19,62.74,201,307,TRANSITION,100.0,63.0,WORKLOAD_STEP
2026-07-09 21:25:16.719633800+05:30,100.0,34,26.1,2560.98,62.74,202,307,TRANSITION,100.0,63.0,WORKLOAD_STEP
2026-07-09 21:25:18.761941300+05:30,100.0,34,25.6,2581.06,62.72,202,307,TRANSITION,100.0,63.0,WORKLOAD_STEP
2026-07-09 21:25:20.836306100+05:30,100.0,34,26.5,2571.02,62.72,202,308,TRANSITION,100.0,63.0,WORKLOAD_STEP
2026-07-09 21:25:22.886835200+05:30,100.0,34,27.2,2520.8,62.72,201,309,TRANSITION,100.0,63.0,WORKLOAD_STEP
2026-07-09 21:25:24.939401200+05:30,100.0,34,25.3,2540.88,62.78,201,310,TRANSITION,100.0,63.0,WORKLOAD_STEP
2026-07-09 21:25:27.024340400+05:30,100.0,34,26.3,2591.1,62.75,201,308,TRANSITION,100.0,63.0,WORKLOAD_STEP
2026-07-09 21:25:29.089226+05:30,100.0,34,26.1,2601.15,62.75,200,308,TRANSITION,100.0,63.0,WORKLOAD_STEP
2026-07-09 21:25:31.146257+05:30,100.0,34,25.9,2560.97,62.75,200,308,TRANSITION,100.0,63.0,WORKLOAD_STEP
2026-07-09 21:25:33.205156900+05:30,100.0,34,26.7,2540.89,62.75,200,308,TRANSITION,100.0,63.0,WORKLOAD_STEP
2026-07-09 21:25:35.273992700+05:30,100.0,34,27.1,2540.9,62.76,200,308,TRANSITION,100.0,63.0,WORKLOAD_STEP
2026-07-09 21:25:37.328413800+05:30,100.0,34,25.8,2560.98,62.76,200,308,TRANSITION,100.0,63.0,WORKLOAD_STEP
2026-07-09 21:25:39.419934800+05:30,100.0,34,25.2,2550.94,62.76,200,308,TRANSITION,100.0,63.0,WORKLOAD_STEP
2026-07-09 21:25:41.481316700+05:30,100.0,34,26.6,2520.8,62.77,200,308,TRANSITION,100.0,63.0,WORKLOAD_STEP
2026-07-09 21:25:43.544007100+05:30,100.0,33,26.8,2520.8,62.76,200,308,TRANSITION,100.0,63.0,WORKLOAD_STEP
2026-07-09 21:25:45.612994200+05:30,100.0,34,26.2,2540.88,62.78,200,309,TRANSITION,100.0,63.0,WORKLOAD_STEP
2026-07-09 21:25:47.701183100+05:30,100.0,34,24.9,2550.93,62.76,200,309,TRANSITION,100.0,63.0,WORKLOAD_STEP
2026-07-09 21:25:49.758534+05:30,100.0,33,25.0,2520.8,62.76,200,310,TRANSITION,100.0,63.0,WORKLOAD_STEP
2026-07-09 21:25:51.869969700+05:30,100.0,34,25.2,2540.88,62.76,200,310,TRANSITION,100.0,63.0,WORKLOAD_STEP
2026-07-09 21:25:53.949331900+05:30,100.0,34,25.6,2540.89,62.79,200,310,TRANSITION,100.0,63.0,WORKLOAD_STEP
2026-07-09 21:25:56.026939100+05:30,100.0,33,25.8,2520.8,62.77,200,310,TRANSITION,100.0,63.0,WORKLOAD_STEP
2026-07-09 21:25:58.097700200+05:30,100.0,33,25.7,2530.84,62.76,200,311,TRANSITION,100.0,63.0,WORKLOAD_STEP
2026-07-09 21:26:00.179644+05:30,100.0,34,24.8,2540.87,62.76,200,310,TRANSITION,100.0,63.0,WORKLOAD_STEP
2026-07-09 21:26:02.235866300+05:30,100.0,33,24.8,2520.8,62.75,200,310,TRANSITION,100.0,63.0,WORKLOAD_STEP
2026-07-09 21:26:04.326632+05:30,100.0,34,24.9,2540.89,62.75,200,310,TRANSITION,100.0,63.0,WORKLOAD_STEP
2026-07-09 21:26:06.403674200+05:30,62.5,43,9.2,1958.41,62.76,200,305,TRANSITION,0.0,64.0,WORKLOAD_STEP
2026-07-09 21:26:08.431048900+05:30,3.3,50,4.9,2109.06,62.75,200,305,TRANSITION,0.0,64.0,WORKLOAD_STEP
2026-07-09 21:26:10.456132500+05:30,0.9,50,3.9,2109.06,62.75,200,305,TRANSITION,0.0,64.0,WORKLOAD_STEP
2026-07-09 21:26:12.482297800+05:30,4.0,50,4.6,2109.06,62.77,200,305,TRANSITION,0.0,64.0,WORKLOAD_STEP
2026-07-09 21:26:14.505687200+05:30,7.4,52,5.6,2550.96,62.75,200,305,TRANSITION,0.0,64.0,WORKLOAD_STEP
2026-07-09 21:26:16.523331500+05:30,8.3,49,6.5,2651.39,62.75,201,305,TRANSITION,0.0,64.0,WORKLOAD_STEP
2026-07-09 21:26:18.551216600+05:30,4.0,50,5.3,2109.06,62.74,201,307,TRANSITION,0.0,64.0,WORKLOAD_STEP
2026-07-09 21:26:20.578889900+05:30,4.1,52,4.7,2169.31,62.76,200,305,TRANSITION,0.0,64.0,WORKLOAD_STEP
2026-07-09 21:26:22.606654200+05:30,3.3,53,4.3,2109.06,62.72,199,305,TRANSITION,0.0,64.0,WORKLOAD_STEP
2026-07-09 21:26:24.634832200+05:30,1.6,52,3.8,2109.06,62.73,199,305,TRANSITION,0.0,64.0,WORKLOAD_STEP
2026-07-09 21:26:26.661952200+05:30,2.2,53,3.8,2109.06,62.73,199,305,TRANSITION,0.0,64.0,WORKLOAD_STEP
2026-07-09 21:26:28.683556500+05:30,17.6,46,13.8,2882.39,62.75,200,305,TRANSITION,20.0,65.0,WORKLOAD_STEP
2026-07-09 21:26:30.713571200+05:30,23.9,46,14.8,2330.01,62.75,199,305,TRANSITION,20.0,65.0,WORKLOAD_STEP
2026-07-09 21:26:32.748450800+05:30,24.2,43,18.6,2330.01,62.81,201,305,TRANSITION,20.0,65.0,WORKLOAD_STEP
2026-07-09 21:26:34.774038200+05:30,21.4,37,14.3,2581.08,62.73,201,305,TRANSITION,20.0,65.0,WORKLOAD_STEP
2026-07-09 21:26:36.795741500+05:30,22.0,43,15.6,2611.2,62.73,198,305,TRANSITION,20.0,65.0,WORKLOAD_STEP
2026-07-09 21:26:38.827353600+05:30,24.4,26,21.5,3063.14,62.75,198,305,TRANSITION,20.0,65.0,WORKLOAD_STEP
2026-07-09 21:26:40.846101500+05:30,21.1,45,15.5,2812.07,62.77,198,305,TRANSITION,20.0,65.0,WORKLOAD_STEP
2026-07-09 21:26:42.866840900+05:30,23.8,45,18.6,2852.25,62.75,198,305,TRANSITION,20.0,65.0,WORKLOAD_STEP
2026-07-09 21:26:44.890057600+05:30,21.7,45,19.6,2671.47,62.74,198,305,TRANSITION,20.0,65.0,WORKLOAD_STEP
2026-07-09 21:26:46.912945900+05:30,25.6,43,17.9,2832.17,62.73,198,305,TRANSITION,20.0,65.0,WORKLOAD_STEP
2026-07-09 21:26:48.932868900+05:30,20.6,30,22.6,3294.14,62.99,198,307,TRANSITION,20.0,65.0,WORKLOAD_STEP
2026-07-09 21:26:50.964484700+05:30,23.4,43,19.4,2751.83,62.81,198,305,TRANSITION,20.0,65.0,WORKLOAD_STEP
2026-07-09 21:26:52.984927400+05:30,22.4,40,21.5,3143.52,62.81,198,305,TRANSITION,20.0,65.0,WORKLOAD_STEP
2026-07-09 21:26:55.010749+05:30,21.6,40,19.6,2962.74,62.8,198,305,TRANSITION,20.0,65.0,WORKLOAD_STEP
2026-07-09 21:26:57.033824100+05:30,20.1,42,20.0,3223.84,62.8,198,305,TRANSITION,20.0,65.0,WORKLOAD_STEP
2026-07-09 21:26:59.054598500+05:30,20.2,39,20.1,3002.91,62.79,198,305,TRANSITION,20.0,65.0,WORKLOAD_STEP
2026-07-09 21:27:01.075056500+05:30,21.7,26,20.7,2972.77,62.75,198,305,TRANSITION,20.0,65.0,WORKLOAD_STEP
2026-07-09 21:27:03.093336200+05:30,22.2,41,19.3,3153.54,62.76,198,305,TRANSITION,20.0,65.0,WORKLOAD_STEP
2026-07-09 21:27:05.113460600+05:30,21.2,40,20.5,3253.99,62.77,198,305,TRANSITION,20.0,65.0,WORKLOAD_STEP
2026-07-09 21:27:07.135079400+05:30,29.4,40,23.7,2711.65,62.91,198,305,TRANSITION,20.0,65.0,WORKLOAD_STEP
2026-07-09 21:27:09.153192+05:30,21.1,40,19.7,3223.85,62.91,198,305,TRANSITION,20.0,65.0,WORKLOAD_STEP
2026-07-09 21:27:11.172629400+05:30,21.1,40,19.1,3073.2,62.92,198,305,TRANSITION,20.0,65.0,WORKLOAD_STEP
2026-07-09 21:27:13.201261200+05:30,23.0,30,20.6,3233.87,62.87,198,305,TRANSITION,20.0,65.0,WORKLOAD_STEP
2026-07-09 21:27:15.219703900+05:30,21.8,40,20.9,2862.3,62.86,198,305,TRANSITION,20.0,65.0,WORKLOAD_STEP
2026-07-09 21:27:17.237183200+05:30,20.3,27,19.9,2802.05,62.89,201,305,TRANSITION,20.0,65.0,WORKLOAD_STEP
2026-07-09 21:27:19.263804600+05:30,31.7,39,23.1,2731.73,62.86,200,305,TRANSITION,20.0,65.0,WORKLOAD_STEP
2026-07-09 21:27:21.282829200+05:30,25.2,27,19.9,2802.05,62.8,201,305,TRANSITION,20.0,65.0,WORKLOAD_STEP
2026-07-09 21:27:23.301443700+05:30,24.1,27,22.5,2942.63,62.89,200,305,TRANSITION,20.0,65.0,WORKLOAD_STEP
2026-07-09 21:27:25.321048300+05:30,20.4,37,24.0,3113.38,62.88,200,305,TRANSITION,20.0,65.0,WORKLOAD_STEP
2026-07-09 21:27:27.339263300+05:30,20.9,36,21.7,3163.59,62.87,200,305,TRANSITION,20.0,65.0,WORKLOAD_STEP
2026-07-09 21:27:29.362993700+05:30,20.6,47,23.2,2932.6,62.85,200,305,TRANSITION,20.0,65.0,WORKLOAD_STEP
2026-07-09 21:27:31.386123900+05:30,20.8,33,21.4,3284.11,62.9,200,305,TRANSITION,20.0,65.0,WORKLOAD_STEP
2026-07-09 21:27:33.408945500+05:30,22.3,29,21.6,3012.95,62.89,201,305,TRANSITION,20.0,65.0,WORKLOAD_STEP
2026-07-09 21:27:35.430295600+05:30,21.3,22,24.1,2711.65,62.9,201,305,TRANSITION,20.0,65.0,WORKLOAD_STEP
2026-07-09 21:27:37.451700600+05:30,23.7,24,22.9,2932.6,62.88,201,305,TRANSITION,20.0,65.0,WORKLOAD_STEP
2026-07-09 21:27:39.471990200+05:30,20.5,32,24.9,3022.99,62.86,203,305,TRANSITION,20.0,65.0,WORKLOAD_STEP
2026-07-09 21:27:41.490263300+05:30,21.5,26,22.6,2761.85,62.86,203,305,TRANSITION,20.0,65.0,WORKLOAD_STEP
2026-07-09 21:27:43.509487800+05:30,20.8,32,22.9,3002.9,62.86,203,305,TRANSITION,20.0,65.0,WORKLOAD_STEP
2026-07-09 21:27:45.543660+05:30,24.9,32,22.1,2741.78,62.9,203,305,TRANSITION,20.0,65.0,WORKLOAD_STEP
2026-07-09 21:27:47.560866600+05:30,22.2,36,22.0,2922.55,62.91,203,305,TRANSITION,20.0,65.0,WORKLOAD_STEP
2026-07-09 21:27:49.578193200+05:30,25.9,36,22.7,2822.13,62.87,203,305,TRANSITION,20.0,65.0,WORKLOAD_STEP
2026-07-09 21:27:51.596184600+05:30,20.8,29,21.6,3123.41,62.84,203,305,TRANSITION,20.0,65.0,WORKLOAD_STEP
2026-07-09 21:27:53.615278900+05:30,21.2,21,23.0,2952.68,62.85,203,305,TRANSITION,20.0,65.0,WORKLOAD_STEP
2026-07-09 21:27:55.647904500+05:30,21.1,22,23.2,3193.73,62.86,203,305,TRANSITION,20.0,65.0,WORKLOAD_STEP
2026-07-09 21:27:57.668676800+05:30,22.0,22,22.8,2802.05,62.86,203,305,TRANSITION,20.0,65.0,WORKLOAD_STEP
2026-07-09 21:27:59.693162800+05:30,22.2,22,23.5,3294.14,62.9,203,305,TRANSITION,20.0,65.0,WORKLOAD_STEP
2026-07-09 21:28:01.713234400+05:30,20.9,24,22.7,3133.45,62.94,203,305,TRANSITION,20.0,65.0,WORKLOAD_STEP
2026-07-09 21:28:03.737256300+05:30,21.7,27,20.7,2992.84,62.93,203,305,TRANSITION,20.0,65.0,WORKLOAD_STEP
2026-07-09 21:28:05.761350700+05:30,20.9,22,22.8,2761.86,62.92,203,305,TRANSITION,20.0,65.0,WORKLOAD_STEP
2026-07-09 21:28:07.781781500+05:30,23.4,38,19.9,3043.07,62.89,203,305,TRANSITION,20.0,65.0,WORKLOAD_STEP
2026-07-09 21:28:09.804224+05:30,20.7,23,19.9,2741.78,62.89,201,305,TRANSITION,20.0,65.0,WORKLOAD_STEP
2026-07-09 21:28:11.823647900+05:30,22.5,36,20.5,2691.55,62.96,201,305,TRANSITION,20.0,65.0,WORKLOAD_STEP
2026-07-09 21:28:13.843052400+05:30,21.2,44,21.3,2832.17,62.97,201,305,TRANSITION,20.0,65.0,WORKLOAD_STEP
2026-07-09 21:28:15.862246900+05:30,22.1,23,23.0,2721.7,62.95,201,305,TRANSITION,20.0,65.0,WORKLOAD_STEP
2026-07-09 21:28:17.881475200+05:30,20.2,30,18.6,2731.74,62.93,202,305,TRANSITION,20.0,65.0,WORKLOAD_STEP
2026-07-09 21:28:19.915847700+05:30,29.9,29,20.5,3073.21,62.92,202,305,TRANSITION,20.0,65.0,WORKLOAD_STEP
2026-07-09 21:28:21.934196300+05:30,20.8,29,21.1,3123.42,62.89,202,305,TRANSITION,20.0,65.0,WORKLOAD_STEP
2026-07-09 21:28:23.953646300+05:30,21.9,23,21.9,2972.77,62.93,201,305,TRANSITION,20.0,65.0,WORKLOAD_STEP
2026-07-09 21:28:25.976922500+05:30,25.0,24,21.7,2731.72,62.94,201,305,TRANSITION,20.0,65.0,WORKLOAD_STEP
2026-07-09 21:28:28.001191700+05:30,22.0,26,23.6,3022.97,62.99,201,305,TRANSITION,20.0,65.0,WORKLOAD_STEP
2026-07-09 21:28:30.024810+05:30,23.0,23,20.1,3123.42,62.96,201,305,TRANSITION,20.0,65.0,WORKLOAD_STEP
2026-07-09 21:28:32.045066+05:30,20.9,27,19.6,2591.13,62.95,204,305,TRANSITION,20.0,65.0,WORKLOAD_STEP
2026-07-09 21:28:34.067007200+05:30,20.9,29,20.7,2942.65,62.92,204,305,TRANSITION,20.0,65.0,WORKLOAD_STEP
2026-07-09 21:28:36.086686400+05:30,21.4,29,21.7,2982.81,62.92,201,305,TRANSITION,20.0,65.0,WORKLOAD_STEP
2026-07-09 21:28:38.105636700+05:30,22.8,27,21.2,2942.63,62.91,201,305,TRANSITION,20.0,65.0,WORKLOAD_STEP
2026-07-09 21:28:40.123987500+05:30,20.8,27,20.6,3043.08,62.9,201,305,TRANSITION,20.0,65.0,WORKLOAD_STEP
2026-07-09 21:28:42.142767100+05:30,23.6,32,20.4,3053.11,62.96,201,305,TRANSITION,20.0,65.0,WORKLOAD_STEP
2026-07-09 21:28:44.162704100+05:30,22.2,24,21.9,3033.01,62.95,201,305,TRANSITION,20.0,65.0,WORKLOAD_STEP
2026-07-09 21:28:46.181094800+05:30,27.5,23,22.2,3123.42,62.92,201,305,TRANSITION,20.0,65.0,WORKLOAD_STEP
2026-07-09 21:28:48.200286900+05:30,21.4,18,21.4,3394.56,62.91,201,305,TRANSITION,20.0,65.0,WORKLOAD_STEP
2026-07-09 21:28:50.217707700+05:30,24.3,24,23.6,3233.89,62.88,201,305,TRANSITION,20.0,65.0,WORKLOAD_STEP
2026-07-09 21:28:52.235002+05:30,22.0,30,19.2,3002.89,62.9,201,305,TRANSITION,20.0,65.0,WORKLOAD_STEP
2026-07-09 21:28:54.269236400+05:30,22.9,24,23.9,2671.48,62.99,201,305,TRANSITION,20.0,65.0,WORKLOAD_STEP
2026-07-09 21:28:56.289558400+05:30,20.9,33,25.7,2932.58,62.97,201,305,TRANSITION,20.0,65.0,WORKLOAD_STEP
2026-07-09 21:28:58.312283300+05:30,23.4,33,23.2,2892.41,62.97,201,305,TRANSITION,20.0,65.0,WORKLOAD_STEP
2026-07-09 21:29:00.331108900+05:30,20.5,23,25.3,3414.68,62.94,201,305,TRANSITION,20.0,65.0,WORKLOAD_STEP
2026-07-09 21:29:02.355897200+05:30,21.0,26,23.8,3053.11,62.96,201,305,TRANSITION,20.0,65.0,WORKLOAD_STEP
2026-07-09 21:29:04.375310700+05:30,20.9,19,22.8,2852.25,62.93,201,305,TRANSITION,20.0,65.0,WORKLOAD_STEP
2026-07-09 21:29:06.395445700+05:30,20.9,24,22.8,2902.48,62.96,201,305,TRANSITION,20.0,65.0,WORKLOAD_STEP
2026-07-09 21:29:08.413935400+05:30,20.9,18,22.2,2822.13,62.94,201,305,TRANSITION,20.0,65.0,WORKLOAD_STEP
2026-07-09 21:29:10.432443200+05:30,20.8,24,24.8,3605.46,63.04,201,305,TRANSITION,20.0,65.0,WORKLOAD_STEP
2026-07-09 21:29:12.450596900+05:30,20.5,24,23.2,2982.81,62.93,201,305,TRANSITION,20.0,65.0,WORKLOAD_STEP
2026-07-09 21:29:14.469216200+05:30,20.8,26,22.8,2982.82,62.92,201,305,TRANSITION,20.0,65.0,WORKLOAD_STEP
2026-07-09 21:29:16.487173400+05:30,20.7,23,22.6,2922.56,62.9,202,305,TRANSITION,20.0,65.0,WORKLOAD_STEP
2026-07-09 21:29:18.505101700+05:30,60.1,33,24.5,2581.06,62.97,202,305,TRANSITION,80.0,66.0,WORKLOAD_STEP
2026-07-09 21:29:20.538104800+05:30,86.1,33,25.2,2571.03,62.98,202,305,TRANSITION,80.0,66.0,WORKLOAD_STEP
2026-07-09 21:29:22.567828100+05:30,80.6,33,25.6,2681.5,62.98,202,305,TRANSITION,80.0,66.0,WORKLOAD_STEP
2026-07-09 21:29:24.595859700+05:30,81.9,34,26.0,2651.36,62.97,201,305,TRANSITION,80.0,66.0,WORKLOAD_STEP
2026-07-09 21:29:26.625773+05:30,80.3,33,25.2,2621.26,62.98,201,305,TRANSITION,80.0,66.0,WORKLOAD_STEP
2026-07-09 21:29:28.670770800+05:30,82.5,33,25.4,2651.38,62.98,201,305,TRANSITION,80.0,66.0,WORKLOAD_STEP
2026-07-09 21:29:30.703681800+05:30,80.2,33,24.8,2591.12,62.99,201,305,TRANSITION,80.0,66.0,WORKLOAD_STEP
2026-07-09 21:29:32.734232200+05:30,85.8,33,23.3,2460.56,62.92,201,305,TRANSITION,80.0,66.0,WORKLOAD_STEP
2026-07-09 21:29:34.771217900+05:30,83.2,33,25.1,2691.54,62.92,201,305,TRANSITION,80.0,66.0,WORKLOAD_STEP
2026-07-09 21:29:36.800074200+05:30,83.5,32,24.7,2601.17,62.92,201,305,TRANSITION,80.0,66.0,WORKLOAD_STEP
2026-07-09 21:29:38.828282800+05:30,81.2,34,24.6,2621.26,62.92,201,305,TRANSITION,80.0,66.0,WORKLOAD_STEP
2026-07-09 21:29:40.857250700+05:30,81.4,32,25.7,2611.19,62.93,201,305,TRANSITION,80.0,66.0,WORKLOAD_STEP
2026-07-09 21:29:42.888208400+05:30,81.5,34,24.4,2661.42,62.92,201,305,TRANSITION,80.0,66.0,WORKLOAD_STEP
2026-07-09 21:29:44.923202500+05:30,83.0,33,25.0,2591.12,62.93,201,305,TRANSITION,80.0,66.0,WORKLOAD_STEP
2026-07-09 21:29:46.957163700+05:30,81.5,32,25.2,2661.41,62.92,201,305,TRANSITION,80.0,66.0,WORKLOAD_STEP
2026-07-09 21:29:48.985735300+05:30,84.9,34,23.9,2701.57,63.14,201,307,TRANSITION,80.0,66.0,WORKLOAD_STEP
2026-07-09 21:29:51.015918100+05:30,88.5,33,25.4,2631.29,62.93,201,305,TRANSITION,80.0,66.0,WORKLOAD_STEP
2026-07-09 21:29:53.049173200+05:30,84.1,33,25.4,2601.16,62.93,201,305,TRANSITION,80.0,66.0,WORKLOAD_STEP
2026-07-09 21:29:55.078109500+05:30,81.2,34,24.4,2681.51,62.91,201,305,TRANSITION,80.0,66.0,WORKLOAD_STEP
2026-07-09 21:29:57.110726100+05:30,82.3,33,26.6,2591.11,62.91,201,305,TRANSITION,80.0,66.0,WORKLOAD_STEP
2026-07-09 21:29:59.137730900+05:30,79.8,33,23.8,2661.42,62.91,201,305,TRANSITION,80.0,66.0,WORKLOAD_STEP
2026-07-09 21:30:01.186692900+05:30,80.7,34,23.0,2651.38,62.91,201,305,TRANSITION,80.0,66.0,WORKLOAD_STEP
2026-07-09 21:30:03.215578400+05:30,80.7,32,25.4,2751.81,62.91,201,305,TRANSITION,80.0,66.0,WORKLOAD_STEP
2026-07-09 21:30:05.246688800+05:30,81.3,36,24.9,2721.66,62.91,201,305,TRANSITION,80.0,66.0,WORKLOAD_STEP
2026-07-09 21:30:07.275790900+05:30,81.0,33,23.9,2611.2,62.92,201,305,TRANSITION,80.0,66.0,WORKLOAD_STEP
2026-07-09 21:30:09.309757900+05:30,83.7,33,25.9,2510.77,62.93,201,305,TRANSITION,80.0,66.0,WORKLOAD_STEP
2026-07-09 21:30:11.357867700+05:30,96.2,34,26.6,2440.47,63.04,202,305,TRANSITION,80.0,66.0,WORKLOAD_STEP
2026-07-09 21:30:13.393310500+05:30,96.9,34,25.9,2490.67,63.1,202,305,TRANSITION,80.0,66.0,WORKLOAD_STEP
2026-07-09 21:30:15.430501500+05:30,97.0,36,25.4,2350.08,64.17,207,305,TRANSITION,80.0,66.0,WORKLOAD_STEP
2026-07-09 21:30:17.464711100+05:30,96.2,33,24.8,2490.67,64.31,211,305,TRANSITION,80.0,66.0,WORKLOAD_STEP
2026-07-09 21:30:19.497824100+05:30,97.7,34,24.4,2370.16,64.47,211,307,TRANSITION,80.0,66.0,WORKLOAD_STEP
2026-07-09 21:30:21.534007100+05:30,91.6,33,27.0,2510.76,64.3,211,305,TRANSITION,80.0,66.0,WORKLOAD_STEP
2026-07-09 21:30:23.565698400+05:30,91.6,36,25.1,2550.93,64.3,211,305,TRANSITION,80.0,66.0,WORKLOAD_STEP
2026-07-09 21:30:25.604384400+05:30,86.3,34,24.1,2510.76,64.18,211,305,TRANSITION,80.0,66.0,WORKLOAD_STEP
2026-07-09 21:30:27.676570300+05:30,89.0,33,25.4,2581.06,64.18,213,305,TRANSITION,80.0,66.0,WORKLOAD_STEP
2026-07-09 21:30:29.708163400+05:30,84.3,34,24.3,2621.25,64.17,213,305,TRANSITION,80.0,67.0,WORKLOAD_STEP
2026-07-09 21:30:31.755295400+05:30,91.5,33,24.1,2550.93,64.17,216,305,TRANSITION,80.0,67.0,WORKLOAD_STEP
2026-07-09 21:30:33.787781400+05:30,87.3,34,26.1,2510.77,64.18,216,305,TRANSITION,80.0,67.0,WORKLOAD_STEP
2026-07-09 21:30:35.833923100+05:30,87.6,33,27.3,2500.73,64.19,212,305,TRANSITION,80.0,67.0,WORKLOAD_STEP
2026-07-09 21:30:37.865761200+05:30,88.8,34,24.2,2480.65,64.19,212,305,TRANSITION,80.0,67.0,WORKLOAD_STEP
2026-07-09 21:30:39.897459500+05:30,93.1,34,25.8,2400.3,64.19,212,305,TRANSITION,80.0,67.0,WORKLOAD_STEP
2026-07-09 21:30:41.932946500+05:30,91.4,34,23.1,2470.6,64.19,212,305,TRANSITION,80.0,67.0,WORKLOAD_STEP
2026-07-09 21:30:43.968127700+05:30,8.9,40,16.8,2761.84,64.25,212,305,COOLING_AFTER_TRANSITION,0.0,,SESSION
2026-07-09 21:30:46.011879200+05:30,8.0,40,15.4,2691.56,64.19,210,305,COOLING_AFTER_TRANSITION,0.0,,SESSION
2026-07-09 21:30:48.033392300+05:30,7.3,41,13.7,2761.87,64.19,210,305,COOLING_AFTER_TRANSITION,0.0,,SESSION
2026-07-09 21:30:50.051281300+05:30,17.4,18,15.5,2550.97,64.13,210,305,COOLING_AFTER_TRANSITION,0.0,,SESSION
2026-07-09 21:30:52.071297800+05:30,11.5,36,16.5,3063.15,64.13,210,305,COOLING_AFTER_TRANSITION,0.0,,SESSION
2026-07-09 21:30:54.089494600+05:30,12.2,41,16.0,2330.01,64.12,210,305,COOLING_AFTER_TRANSITION,0.0,,SESSION
2026-07-09 21:30:56.110330500+05:30,8.9,41,14.3,2741.79,64.11,209,305,COOLING_AFTER_TRANSITION,0.0,,SESSION
2026-07-09 21:30:58.133511200+05:30,15.5,40,13.6,2561.0,64.14,207,305,COOLING_AFTER_TRANSITION,0.0,,SESSION
2026-07-09 21:31:00.153237100+05:30,7.5,41,17.3,2872.32,64.14,207,305,COOLING_AFTER_TRANSITION,0.0,,SESSION
2026-07-09 21:31:02.171811900+05:30,9.0,40,19.7,2611.22,64.01,208,305,COOLING_AFTER_TRANSITION,0.0,,SESSION
2026-07-09 21:31:04.190986+05:30,7.3,41,14.0,2480.64,64.03,208,305,COOLING_AFTER_TRANSITION,0.0,,SESSION
2026-07-09 21:31:06.215950+05:30,9.7,19,14.3,3183.66,64.05,208,305,COOLING_AFTER_TRANSITION,0.0,,SESSION
2026-07-09 21:31:08.247596600+05:30,75.6,34,26.5,2530.86,64.29,208,305,COOLING_AFTER_TRANSITION,0.0,,SESSION
2026-07-09 21:31:10.306977900+05:30,72.7,33,25.3,2380.2,64.43,210,305,COOLING_AFTER_TRANSITION,0.0,,SESSION
2026-07-09 21:31:12.336252200+05:30,38.4,33,25.3,2450.51,64.43,214,305,COOLING_AFTER_TRANSITION,0.0,,SESSION
2026-07-09 21:31:14.360703600+05:30,43.0,34,24.8,2460.54,64.42,218,305,COOLING_AFTER_TRANSITION,0.0,,SESSION
2026-07-09 21:31:16.386935400+05:30,16.0,34,18.2,2791.99,64.53,214,305,COOLING_AFTER_TRANSITION,0.0,,SESSION
2026-07-09 21:31:18.407932200+05:30,17.2,39,18.3,2440.48,64.54,214,305,COOLING_AFTER_TRANSITION,0.0,,SESSION
2026-07-09 21:31:20.431526500+05:30,16.5,37,17.0,3033.02,64.61,214,305,COOLING_AFTER_TRANSITION,0.0,,SESSION
2026-07-09 21:31:22.451720+05:30,4.3,51,5.8,2109.06,64.61,214,305,COOLING_AFTER_TRANSITION,0.0,,SESSION
2026-07-09 21:31:24.480386400+05:30,1.4,49,4.0,2109.06,64.61,214,305,COOLING_AFTER_TRANSITION,0.0,,SESSION
2026-07-09 21:31:26.505886100+05:30,1.7,50,4.2,2109.06,64.68,213,305,COOLING_AFTER_TRANSITION,0.0,,SESSION
2026-07-09 21:31:28.576431700+05:30,2.0,49,4.3,2109.06,64.61,213,305,COOLING_AFTER_TRANSITION,0.0,,SESSION
2026-07-09 21:31:30.604070900+05:30,1.2,50,4.3,2109.06,64.61,213,305,COOLING_AFTER_TRANSITION,0.0,,SESSION
2026-07-09 21:31:32.634164400+05:30,1.7,54,6.2,2330.01,64.6,213,305,COOLING_AFTER_TRANSITION,0.0,,SESSION
2026-07-09 21:31:34.659111600+05:30,1.4,52,4.1,2109.06,64.6,213,305,COOLING_AFTER_TRANSITION,0.0,,SESSION
2026-07-09 21:31:36.685074+05:30,1.1,52,4.8,2109.06,64.57,212,305,COOLING_AFTER_TRANSITION,0.0,,SESSION
2026-07-09 21:31:38.711802900+05:30,1.1,52,4.1,2109.06,64.57,212,305,COOLING_AFTER_TRANSITION,0.0,,SESSION
2026-07-09 21:31:40.733507500+05:30,0.7000000000000001,52,4.8,2109.06,64.57,212,305,COOLING_AFTER_TRANSITION,0.0,,SESSION
2026-07-09 21:31:42.772142400+05:30,1.8,52,4.2,2109.06,64.56,212,305,COOLING_AFTER_TRANSITION,0.0,,SESSION
2026-07-09 21:31:44.790780500+05:30,9.8,48,5.7,2109.06,64.56,212,305,COOLING_AFTER_TRANSITION,0.0,,SESSION
2026-07-09 21:31:46.818901700+05:30,5.8,53,6.1,2109.06,64.14,212,305,COOLING_AFTER_TRANSITION,0.0,,SESSION
2026-07-09 21:31:48.844611600+05:30,6.3,46,5.9,2340.05,64.42,212,307,COOLING_AFTER_TRANSITION,0.0,,SESSION
2026-07-09 21:31:50.863752800+05:30,0.9,53,4.8,2159.28,64.18,212,305,COOLING_AFTER_TRANSITION,0.0,,SESSION
2026-07-09 21:31:52.889148400+05:30,4.4,53,4.1,2109.06,64.19,212,305,COOLING_AFTER_TRANSITION,0.0,,SESSION
2026-07-09 21:31:54.918318900+05:30,1.2,54,3.8,2109.06,64.18,212,305,COOLING_AFTER_TRANSITION,0.0,,SESSION
2026-07-09 21:31:56.946022300+05:30,1.9000000000000001,54,6.7,2109.06,64.21,212,305,COOLING_AFTER_TRANSITION,0.0,,SESSION
2026-07-09 21:31:58.973812900+05:30,3.9,54,5.1,1958.41,64.19,212,305,COOLING_AFTER_TRANSITION,0.0,,SESSION
2026-07-09 21:32:01.000052200+05:30,2.6,53,4.5,2109.06,64.19,210,305,COOLING_AFTER_TRANSITION,0.0,,SESSION
2026-07-09 21:32:03.026344500+05:30,3.7,53,5.0,2109.06,64.19,209,305,COOLING_AFTER_TRANSITION,0.0,,SESSION
2026-07-09 21:32:05.054610600+05:30,1.2,54,3.8,2109.06,64.18,209,305,COOLING_AFTER_TRANSITION,0.0,,SESSION
2026-07-09 21:32:07.082555500+05:30,14.5,50,4.0,2109.06,64.68,210,312,COOLING_AFTER_TRANSITION,0.0,,SESSION
2026-07-09 21:32:09.109944300+05:30,7.1,54,6.8,2109.06,64.79,211,312,COOLING_AFTER_TRANSITION,0.0,,SESSION
2026-07-09 21:32:11.137919300+05:30,0.8,55,4.9,2109.06,64.67,211,312,COOLING_AFTER_TRANSITION,0.0,,SESSION
2026-07-09 21:32:13.158863600+05:30,7.1,53,5.6,2109.06,64.85,211,318,COOLING_AFTER_TRANSITION,0.0,,SESSION
2026-07-09 21:32:15.187942100+05:30,1.1,54,4.3,2109.06,64.84,211,318,COOLING_AFTER_TRANSITION,0.0,,SESSION
2026-07-09 21:32:17.224952200+05:30,5.1,54,4.8,2109.06,64.89,211,317,COOLING_AFTER_TRANSITION,0.0,,SESSION
2026-07-09 21:32:19.250627200+05:30,4.5,53,7.0,2109.06,64.89,211,316,COOLING_AFTER_TRANSITION,0.0,,SESSION
2026-07-09 21:32:21.279045300+05:30,3.3,54,4.5,2109.06,64.88,211,316,COOLING_AFTER_TRANSITION,0.0,,SESSION
2026-07-09 21:32:23.304867200+05:30,0.9,55,3.8,2109.06,64.86,211,316,COOLING_AFTER_TRANSITION,0.0,,SESSION
2026-07-09 21:32:25.332439600+05:30,4.1,55,4.3,2109.06,64.87,211,316,COOLING_AFTER_TRANSITION,0.0,,SESSION
2026-07-09 21:32:27.363546200+05:30,1.1,54,4.0,2109.06,64.77,211,312,COOLING_AFTER_TRANSITION,0.0,,SESSION
2026-07-09 21:32:29.386191400+05:30,1.0,55,4.3,2179.36,64.76,211,312,COOLING_AFTER_TRANSITION,0.0,,SESSION
2026-07-09 21:32:31.415755900+05:30,2.4,54,4.2,2109.06,64.76,214,312,COOLING_AFTER_TRANSITION,0.0,,SESSION
2026-07-09 21:32:33.435890500+05:30,0.9,55,3.7,2109.06,64.71,215,312,COOLING_AFTER_TRANSITION,0.0,,SESSION
2026-07-09 21:32:35.473455300+05:30,1.0,55,3.8,2109.06,64.71,214,312,COOLING_AFTER_TRANSITION,0.0,,SESSION
2026-07-09 21:32:37.497180+05:30,1.5,57,3.7,2109.06,64.71,211,312,COOLING_AFTER_TRANSITION,0.0,,SESSION
2026-07-09 21:32:39.525387400+05:30,2.0,55,4.4,2340.05,64.71,211,312,COOLING_AFTER_TRANSITION,0.0,,SESSION
2026-07-09 21:32:41.553524900+05:30,1.6,55,3.7,2109.06,64.7,211,312,COOLING_AFTER_TRANSITION,0.0,,SESSION
2026-07-09 21:32:43.583222400+05:30,1.6,57,3.9,2109.06,64.75,211,312,COOLING_AFTER_TRANSITION,0.0,,SESSION
2026-07-09 21:32:45.611188200+05:30,2.8,57,4.4,2109.06,64.72,211,312,COOLING_AFTER_TRANSITION,0.0,,SESSION
2026-07-09 21:32:47.641597100+05:30,2.9,55,3.8,2109.06,64.7,211,312,COOLING_AFTER_TRANSITION,0.0,,SESSION
2026-07-09 21:32:49.679609600+05:30,8.7,54,8.6,2330.01,64.74,211,312,COOLING_AFTER_TRANSITION,0.0,,SESSION
2026-07-09 21:32:51.711558400+05:30,5.1,54,5.1,1958.41,64.73,211,312,COOLING_AFTER_TRANSITION,0.0,,SESSION
2026-07-09 21:32:53.739092900+05:30,6.2,55,5.6,2109.06,64.71,211,312,COOLING_AFTER_TRANSITION,0.0,,SESSION
2026-07-09 21:32:55.762616800+05:30,3.4,57,4.4,2109.06,64.74,211,312,COOLING_AFTER_TRANSITION,0.0,,SESSION
2026-07-09 21:32:57.789639+05:30,0.8,57,3.7,2109.06,64.72,211,312,COOLING_AFTER_TRANSITION,0.0,,SESSION
2026-07-09 21:32:59.818388300+05:30,2.8,55,4.3,2109.06,64.72,211,312,COOLING_AFTER_TRANSITION,0.0,,SESSION
2026-07-09 21:33:01.845801800+05:30,5.3,57,4.6,2109.06,64.71,211,312,COOLING_AFTER_TRANSITION,0.0,,SESSION
2026-07-09 21:33:03.871126500+05:30,1.7,57,4.2,1958.41,64.71,211,312,COOLING_AFTER_TRANSITION,0.0,,SESSION
2026-07-09 21:33:05.899622300+05:30,3.7,55,5.5,2109.06,64.71,213,312,COOLING_AFTER_TRANSITION,0.0,,SESSION
2026-07-09 21:33:07.927706800+05:30,3.9,55,5.5,2109.06,64.55,214,309,COOLING_AFTER_TRANSITION,0.0,,SESSION
2026-07-09 21:33:09.953034100+05:30,2.8,57,4.7,2109.06,64.37,212,308,COOLING_AFTER_TRANSITION,0.0,,SESSION
2026-07-09 21:33:11.981016500+05:30,0.8,57,3.6,1958.41,64.43,210,308,COOLING_AFTER_TRANSITION,0.0,,SESSION
2026-07-09 21:33:14.000859300+05:30,2.7,55,4.5,2109.06,64.38,210,308,COOLING_AFTER_TRANSITION,0.0,,SESSION
2026-07-09 21:33:16.033611+05:30,1.9000000000000001,57,3.9,2109.06,64.41,212,308,COOLING_AFTER_TRANSITION,0.0,,SESSION
2026-07-09 21:33:18.061571200+05:30,2.2,57,3.8,2109.06,64.41,212,308,COOLING_AFTER_TRANSITION,0.0,,SESSION
2026-07-09 21:33:20.090399200+05:30,6.1,61,8.5,2109.06,64.44,212,308,COOLING_AFTER_TRANSITION,0.0,,SESSION
2026-07-09 21:33:22.127918400+05:30,2.2,57,3.6,2109.06,64.42,210,308,COOLING_AFTER_TRANSITION,0.0,,SESSION
2026-07-09 21:33:24.156282600+05:30,0.9,57,3.6,2109.06,64.42,210,308,COOLING_AFTER_TRANSITION,0.0,,SESSION
2026-07-09 21:33:26.183944100+05:30,3.6,57,4.3,2109.06,64.44,209,308,COOLING_AFTER_TRANSITION,0.0,,SESSION
2026-07-09 21:33:28.206442200+05:30,1.9000000000000001,57,3.8,2109.06,64.43,209,308,COOLING_AFTER_TRANSITION,0.0,,SESSION
2026-07-09 21:33:30.233588500+05:30,3.2,55,5.1,2109.06,64.5,209,308,COOLING_AFTER_TRANSITION,0.0,,SESSION
2026-07-09 21:33:32.262229400+05:30,2.8,55,4.4,2109.06,64.57,209,308,COOLING_AFTER_TRANSITION,0.0,,SESSION
2026-07-09 21:33:34.290997300+05:30,9.5,54,5.1,2109.06,64.57,208,309,COOLING_AFTER_TRANSITION,0.0,,SESSION
2026-07-09 21:33:36.319053800+05:30,2.1,58,3.8,2109.06,64.58,207,309,COOLING_AFTER_TRANSITION,0.0,,SESSION
2026-07-09 21:33:38.344858400+05:30,3.6,57,4.5,2109.06,64.58,206,308,COOLING_AFTER_TRANSITION,0.0,,SESSION
2026-07-09 21:33:40.375485900+05:30,1.0,57,3.7,2109.06,64.54,206,307,COOLING_AFTER_TRANSITION,0.0,,SESSION
2026-07-09 21:33:42.403487+05:30,2.3,57,3.8,2109.06,64.53,206,307,COOLING_AFTER_TRANSITION,0.0,,SESSION
2026-07-09 21:33:44.432132+05:30,1.4,57,3.7,2109.06,64.52,206,307,COOLING_AFTER_TRANSITION,0.0,,SESSION
2026-07-09 21:33:46.451311300+05:30,2.6,57,3.7,2109.06,64.53,204,307,COOLING_AFTER_TRANSITION,0.0,,SESSION
2026-07-09 21:33:48.478689+05:30,1.3,57,3.7,2109.06,64.51,204,307,COOLING_AFTER_TRANSITION,0.0,,SESSION
2026-07-09 21:33:50.503267600+05:30,6.2,58,4.6,2109.06,64.59,204,307,COOLING_AFTER_TRANSITION,0.0,,SESSION
2026-07-09 21:33:52.574462800+05:30,2.1,57,4.3,2169.31,64.67,204,307,COOLING_AFTER_TRANSITION,0.0,,SESSION
2026-07-09 21:33:54.601479300+05:30,2.6,57,3.8,2109.06,64.61,204,307,COOLING_AFTER_TRANSITION,0.0,,SESSION
2026-07-09 21:33:56.640843800+05:30,1.6,57,5.3,2109.06,64.6,204,307,COOLING_AFTER_TRANSITION,0.0,,SESSION
2026-07-09 21:33:58.658143300+05:30,6.4,57,5.8,2109.06,64.59,204,307,COOLING_AFTER_TRANSITION,0.0,,SESSION
2026-07-09 21:34:00.686382400+05:30,8.2,57,7.2,1958.41,64.61,204,307,COOLING_AFTER_TRANSITION,0.0,,SESSION
2026-07-09 21:34:02.716359800+05:30,1.6,57,4.0,2109.06,64.59,204,307,COOLING_AFTER_TRANSITION,0.0,,SESSION
2026-07-09 21:34:04.743191200+05:30,3.7,57,4.6,2109.06,64.59,204,307,COOLING_AFTER_TRANSITION,0.0,,SESSION
2026-07-09 21:34:06.772960800+05:30,0.7000000000000001,57,4.0,2109.06,64.59,204,307,COOLING_AFTER_TRANSITION,0.0,,SESSION
2026-07-09 21:34:08.800510600+05:30,3.8,55,4.7,2109.06,64.59,204,307,COOLING_AFTER_TRANSITION,0.0,,SESSION
2026-07-09 21:34:10.826520800+05:30,1.5,58,3.8,2109.06,64.58,204,307,COOLING_AFTER_TRANSITION,0.0,,SESSION
2026-07-09 21:34:12.850997900+05:30,4.8,57,6.2,2109.06,65.08,205,311,COOLING_AFTER_TRANSITION,0.0,,SESSION
2026-07-09 21:34:14.874029700+05:30,3.5,57,12.2,2209.49,64.87,204,310,COOLING_AFTER_TRANSITION,0.0,,SESSION
2026-07-09 21:34:16.892043900+05:30,4.1,59,4.4,2169.32,64.86,204,310,COOLING_AFTER_TRANSITION,0.0,,SESSION
2026-07-09 21:34:18.920849100+05:30,4.3,53,4.2,2229.57,65.09,204,312,COOLING_AFTER_TRANSITION,0.0,,SESSION
2026-07-09 21:34:20.941899200+05:30,2.7,58,4.3,2109.06,64.81,204,310,COOLING_AFTER_TRANSITION,0.0,,SESSION
2026-07-09 21:34:22.964813800+05:30,1.2,58,4.1,2109.06,64.8,202,310,COOLING_AFTER_TRANSITION,0.0,,SESSION
2026-07-09 21:34:24.992010600+05:30,2.8,58,4.1,2109.06,64.8,202,310,COOLING_AFTER_TRANSITION,0.0,,SESSION
2026-07-09 21:34:27.011676500+05:30,1.1,58,4.0,2159.28,64.79,201,310,COOLING_AFTER_TRANSITION,0.0,,SESSION
2026-07-09 21:34:29.040132900+05:30,2.3,62,4.0,2129.15,64.8,202,310,COOLING_AFTER_TRANSITION,0.0,,SESSION
2026-07-09 21:34:31.082259500+05:30,2.0,58,4.0,2330.01,64.79,204,310,COOLING_AFTER_TRANSITION,0.0,,SESSION
2026-07-09 21:34:33.122637100+05:30,1.5,58,4.4,2109.06,64.86,203,310,COOLING_AFTER_TRANSITION,0.0,,SESSION
2026-07-09 21:34:35.150844200+05:30,2.5,62,4.1,2109.06,64.79,203,310,COOLING_AFTER_TRANSITION,0.0,,SESSION
2026-07-09 21:34:37.178552200+05:30,1.0,58,4.2,2109.06,64.79,200,310,COOLING_AFTER_TRANSITION,0.0,,SESSION
2026-07-09 21:34:39.205894700+05:30,0.5,58,4.5,2109.06,64.79,200,310,COOLING_AFTER_TRANSITION,0.0,,SESSION
2026-07-09 21:34:41.232818500+05:30,2.1,58,4.2,2109.06,64.78,200,310,COOLING_AFTER_TRANSITION,0.0,,SESSION
2026-07-09 21:34:43.260591700+05:30,1.9000000000000001,58,4.5,2109.06,64.78,200,310,COOLING_AFTER_TRANSITION,0.0,,SESSION
2026-07-09 21:34:45.288516800+05:30,3.2,57,5.6,1958.41,64.77,200,310,COOLING_AFTER_TRANSITION,0.0,,SESSION
2026-07-09 21:34:47.316889200+05:30,0.9,58,3.8,2109.06,64.77,200,310,COOLING_AFTER_TRANSITION,0.0,,SESSION
2026-07-09 21:34:49.351079500+05:30,6.0,55,6.8,2109.06,64.81,200,310,COOLING_AFTER_TRANSITION,0.0,,SESSION
2026-07-09 21:34:51.371828600+05:30,2.6,57,3.6,2109.06,64.78,200,310,COOLING_AFTER_TRANSITION,0.0,,SESSION
2026-07-09 21:34:53.398318100+05:30,2.8,57,4.6,2149.23,65.07,200,309,COOLING_AFTER_TRANSITION,0.0,,SESSION
2026-07-09 21:34:55.425834700+05:30,7.9,61,5.8,2340.05,65.07,200,309,COOLING_AFTER_TRANSITION,0.0,,SESSION
2026-07-09 21:34:57.451498400+05:30,2.5,58,3.7,2109.06,64.05,200,309,COOLING_AFTER_TRANSITION,0.0,,SESSION
2026-07-09 21:34:59.481439600+05:30,1.7,58,4.2,2109.06,64.04,200,309,COOLING_AFTER_TRANSITION,0.0,,SESSION
2026-07-09 21:35:01.509259300+05:30,3.2,55,5.4,2309.92,63.93,200,309,COOLING_AFTER_TRANSITION,0.0,,SESSION
2026-07-09 21:35:03.539292100+05:30,7.8,62,6.3,2119.1,63.97,200,309,COOLING_AFTER_TRANSITION,0.0,,SESSION
2026-07-09 21:35:05.560941100+05:30,6.5,55,5.7,2109.06,63.98,200,309,COOLING_AFTER_TRANSITION,0.0,,SESSION
2026-07-09 21:35:07.579651900+05:30,3.6,57,4.2,2109.06,64.0,200,309,COOLING_AFTER_TRANSITION,0.0,,SESSION
2026-07-09 21:35:09.606058+05:30,2.7,58,3.6,2109.06,63.99,200,309,COOLING_AFTER_TRANSITION,0.0,,SESSION
2026-07-09 21:35:11.623093500+05:30,2.1,62,6.2,2109.06,64.01,200,309,COOLING_AFTER_TRANSITION,0.0,,SESSION
2026-07-09 21:35:13.650082+05:30,1.7,58,4.0,2109.06,63.93,200,307,COOLING_AFTER_TRANSITION,0.0,,SESSION
2026-07-09 21:35:15.677898+05:30,2.0,58,3.7,2109.06,63.98,202,307,COOLING_AFTER_TRANSITION,0.0,,SESSION
2026-07-09 21:35:17.719020800+05:30,1.2,59,3.9,2109.06,63.93,198,308,COOLING_AFTER_TRANSITION,0.0,,SESSION
2026-07-09 21:35:19.745423200+05:30,6.6,55,7.5,2109.06,63.97,202,308,COOLING_AFTER_TRANSITION,0.0,,SESSION
2026-07-09 21:35:21.773800200+05:30,2.0,57,4.5,2109.06,63.95,202,308,COOLING_AFTER_TRANSITION,0.0,,SESSION
2026-07-09 21:35:23.801778700+05:30,3.6,58,4.6,2109.06,63.96,202,308,COOLING_AFTER_TRANSITION,0.0,,SESSION
2026-07-09 21:35:25.828876600+05:30,3.3,50,8.4,2109.06,64.02,202,308,COOLING_AFTER_TRANSITION,0.0,,SESSION
2026-07-09 21:35:27.857051800+05:30,1.1,58,3.7,2109.06,64.01,202,308,COOLING_AFTER_TRANSITION,0.0,,SESSION
2026-07-09 21:35:29.884085800+05:30,2.1,58,3.6,2109.06,64.01,202,308,COOLING_AFTER_TRANSITION,0.0,,SESSION
2026-07-09 21:35:31.911673100+05:30,1.5,58,4.0,2109.06,64.02,202,308,COOLING_AFTER_TRANSITION,0.0,,SESSION
2026-07-09 21:35:33.938455400+05:30,4.1,58,4.4,2109.06,64.05,202,308,COOLING_AFTER_TRANSITION,0.0,,SESSION
2026-07-09 21:35:35.965611+05:30,1.3,58,3.6,2109.06,64.02,202,308,COOLING_AFTER_TRANSITION,0.0,,SESSION
2026-07-09 21:35:38.007300800+05:30,3.0,59,4.4,2109.06,64.0,202,307,COOLING_AFTER_TRANSITION,0.0,,SESSION
2026-07-09 21:35:40.034528400+05:30,1.4,59,3.6,2109.06,63.99,202,307,COOLING_AFTER_TRANSITION,0.0,,SESSION
2026-07-09 21:35:42.062509400+05:30,2.8,58,4.3,2109.06,64.01,201,307,MIXED,0.0,1.0,WORKLOAD_STEP
2026-07-09 21:35:44.083698100+05:30,1.5,59,3.9,2269.74,64.01,202,307,MIXED,0.0,1.0,WORKLOAD_STEP
2026-07-09 21:35:46.113253500+05:30,9.0,57,6.7,2450.52,64.46,203,307,MIXED,0.0,1.0,WORKLOAD_STEP
2026-07-09 21:35:48.141511100+05:30,2.0,58,4.0,2109.06,64.41,203,307,MIXED,0.0,1.0,WORKLOAD_STEP
2026-07-09 21:35:50.168252900+05:30,5.5,58,5.2,2109.06,64.43,203,307,MIXED,0.0,1.0,WORKLOAD_STEP
2026-07-09 21:35:52.194425+05:30,1.1,58,3.7,2109.06,64.39,203,307,MIXED,0.0,1.0,WORKLOAD_STEP
2026-07-09 21:35:54.223772100+05:30,5.1,57,4.8,2109.06,64.38,203,307,MIXED,0.0,1.0,WORKLOAD_STEP
2026-07-09 21:35:56.291397300+05:30,1.6,59,3.6,2109.06,64.36,203,307,MIXED,0.0,1.0,WORKLOAD_STEP
2026-07-09 21:35:58.318312200+05:30,1.1,58,3.7,2109.06,64.35,203,307,MIXED,0.0,1.0,WORKLOAD_STEP
2026-07-09 21:36:00.343892200+05:30,5.0,59,3.6,2109.06,64.35,203,307,MIXED,0.0,1.0,WORKLOAD_STEP
2026-07-09 21:36:02.369725700+05:30,1.3,59,3.6,2109.06,64.34,203,307,MIXED,0.0,1.0,WORKLOAD_STEP
2026-07-09 21:36:04.395030500+05:30,2.3,58,3.7,2109.06,64.34,203,307,MIXED,0.0,1.0,WORKLOAD_STEP
2026-07-09 21:36:06.422659300+05:30,2.1,59,3.8,2109.06,64.34,207,307,MIXED,0.0,1.0,WORKLOAD_STEP
2026-07-09 21:36:08.446690700+05:30,3.7,59,4.3,2109.06,64.34,206,307,MIXED,0.0,1.0,WORKLOAD_STEP
2026-07-09 21:36:10.471439+05:30,4.7,58,4.9,2340.05,64.35,206,307,MIXED,0.0,1.0,WORKLOAD_STEP
2026-07-09 21:36:12.500854200+05:30,5.6,59,4.8,2109.06,64.35,206,307,MIXED,0.0,1.0,WORKLOAD_STEP
2026-07-09 21:36:14.536486600+05:30,6.9,61,5.1,2109.06,64.32,206,307,MIXED,0.0,1.0,WORKLOAD_STEP
2026-07-09 21:36:16.560808500+05:30,2.7,58,4.4,2109.06,64.32,203,307,MIXED,0.0,1.0,WORKLOAD_STEP
2026-07-09 21:36:18.587810400+05:30,5.2,59,3.9,2109.06,64.45,203,307,MIXED,0.0,1.0,WORKLOAD_STEP
2026-07-09 21:36:20.614758200+05:30,4.3,61,4.7,2109.06,64.46,202,307,MIXED,0.0,1.0,WORKLOAD_STEP
2026-07-09 21:36:22.643272700+05:30,1.5,64,3.6,2109.06,64.47,202,307,MIXED,0.0,1.0,WORKLOAD_STEP
2026-07-09 21:36:24.671371900+05:30,4.8,59,5.2,2129.15,64.48,202,307,MIXED,0.0,1.0,WORKLOAD_STEP
2026-07-09 21:36:26.701097500+05:30,4.5,59,4.9,2109.06,64.47,201,307,MIXED,0.0,1.0,WORKLOAD_STEP
2026-07-09 21:36:28.727898100+05:30,4.9,59,4.8,2109.06,64.47,201,307,MIXED,0.0,1.0,WORKLOAD_STEP
2026-07-09 21:36:30.755561100+05:30,1.7,59,3.6,2109.06,64.45,201,307,MIXED,0.0,1.0,WORKLOAD_STEP
2026-07-09 21:36:32.779531900+05:30,2.2,59,3.6,2109.06,64.45,204,307,MIXED,0.0,1.0,WORKLOAD_STEP
2026-07-09 21:36:34.808641700+05:30,1.4,59,3.6,2109.06,64.44,204,307,MIXED,0.0,1.0,WORKLOAD_STEP
2026-07-09 21:36:36.835529300+05:30,2.5,59,3.6,2109.06,64.51,201,307,MIXED,0.0,1.0,WORKLOAD_STEP
2026-07-09 21:36:38.860601200+05:30,2.2,59,3.7,2109.06,64.48,201,307,MIXED,0.0,1.0,WORKLOAD_STEP
2026-07-09 21:36:40.889893+05:30,1.8,59,3.6,2109.06,64.45,201,307,MIXED,0.0,1.0,WORKLOAD_STEP
2026-07-09 21:36:42.917748800+05:30,3.5,59,3.6,2109.06,64.42,201,307,MIXED,0.0,1.0,WORKLOAD_STEP
2026-07-09 21:36:44.956692300+05:30,2.7,59,3.7,2109.06,64.42,201,307,MIXED,0.0,1.0,WORKLOAD_STEP
2026-07-09 21:36:46.984950+05:30,5.8,59,4.6,2109.06,64.39,204,307,MIXED,0.0,1.0,WORKLOAD_STEP
2026-07-09 21:36:49.014286+05:30,8.0,57,8.0,2109.06,64.73,206,309,MIXED,0.0,1.0,WORKLOAD_STEP
2026-07-09 21:36:51.045140200+05:30,48.9,37,34.2,2812.08,64.57,206,307,MIXED,0.0,1.0,WORKLOAD_STEP
2026-07-09 21:36:53.064739100+05:30,15.6,52,21.1,2641.35,64.58,206,307,MIXED,0.0,1.0,WORKLOAD_STEP
2026-07-09 21:36:55.089818300+05:30,10.5,33,16.4,3253.98,64.82,210,307,MIXED,0.0,1.0,WORKLOAD_STEP
2026-07-09 21:36:57.120131200+05:30,78.7,40,33.0,2621.25,65.49,210,307,MIXED,0.0,1.0,WORKLOAD_STEP
2026-07-09 21:36:59.198540200+05:30,36.8,37,31.0,2751.81,65.62,210,307,MIXED,0.0,1.0,WORKLOAD_STEP
2026-07-09 21:37:01.229712500+05:30,43.9,40,31.0,2530.87,65.79,210,307,MIXED,0.0,1.0,WORKLOAD_STEP
2026-07-09 21:37:03.266097400+05:30,26.8,37,28.2,2791.98,66.09,210,307,MIXED,0.0,1.0,WORKLOAD_STEP
2026-07-09 21:37:05.292496900+05:30,22.7,36,24.7,3002.89,66.09,210,307,MIXED,0.0,1.0,WORKLOAD_STEP
2026-07-09 21:37:07.311240300+05:30,12.5,49,24.6,2299.87,66.1,210,307,MIXED,0.0,1.0,WORKLOAD_STEP
2026-07-09 21:37:09.336530200+05:30,1.4,54,4.7,2109.06,66.08,210,307,MIXED,0.0,1.0,WORKLOAD_STEP
2026-07-09 21:37:11.364996200+05:30,2.0,55,4.3,2109.06,66.09,210,307,MIXED,0.0,1.0,WORKLOAD_STEP
2026-07-09 21:37:13.394833800+05:30,2.6,55,3.9,2109.06,66.08,210,307,MIXED,0.0,1.0,WORKLOAD_STEP
2026-07-09 21:37:15.425021400+05:30,7.2,50,10.0,2370.18,66.08,210,307,MIXED,0.0,1.0,WORKLOAD_STEP
2026-07-09 21:37:17.447215300+05:30,11.4,54,7.9,2149.23,66.07,210,307,MIXED,0.0,1.0,WORKLOAD_STEP
2026-07-09 21:37:19.487808500+05:30,7.8,54,7.5,2109.06,66.12,208,307,MIXED,0.0,1.0,WORKLOAD_STEP
2026-07-09 21:37:21.516837900+05:30,1.0,57,3.5,2109.06,66.09,207,307,MIXED,0.0,1.0,WORKLOAD_STEP
2026-07-09 21:37:23.543642600+05:30,1.3,60,3.6,1958.41,66.08,207,307,MIXED,0.0,1.0,WORKLOAD_STEP
2026-07-09 21:37:25.572243800+05:30,0.9,57,4.0,2109.06,66.08,206,307,MIXED,0.0,1.0,WORKLOAD_STEP
2026-07-09 21:37:27.603184600+05:30,1.0,57,3.8,2109.06,66.08,206,307,MIXED,0.0,1.0,WORKLOAD_STEP
2026-07-09 21:37:29.638642400+05:30,3.0,57,4.8,2189.4,66.07,206,307,MIXED,0.0,1.0,WORKLOAD_STEP
2026-07-09 21:37:31.659909+05:30,4.4,55,5.6,2109.06,66.07,206,307,MIXED,0.0,1.0,WORKLOAD_STEP
2026-07-09 21:37:33.683304700+05:30,5.6,57,4.5,2109.06,66.07,207,307,MIXED,0.0,1.0,WORKLOAD_STEP
2026-07-09 21:37:35.707011800+05:30,0.8,57,3.6,2109.06,66.07,207,307,MIXED,0.0,1.0,WORKLOAD_STEP
2026-07-09 21:37:37.740104300+05:30,2.9,57,4.4,2109.06,66.09,207,307,MIXED,0.0,1.0,WORKLOAD_STEP
2026-07-09 21:37:39.767846300+05:30,0.8,57,3.6,2109.06,66.09,207,307,MIXED,0.0,1.0,WORKLOAD_STEP
2026-07-09 21:37:41.816070+05:30,3.3,57,4.3,2008.62,66.09,207,307,MIXED,0.0,1.0,WORKLOAD_STEP
2026-07-09 21:37:43.848174400+05:30,0.7000000000000001,58,3.7,2109.06,66.06,207,306,MIXED,0.0,1.0,WORKLOAD_STEP
2026-07-09 21:37:45.878367500+05:30,4.3,58,5.4,2109.06,66.06,207,306,MIXED,0.0,1.0,WORKLOAD_STEP
2026-07-09 21:37:47.906307400+05:30,1.2,58,3.8,2109.06,66.05,207,306,MIXED,0.0,1.0,WORKLOAD_STEP
2026-07-09 21:37:49.932680500+05:30,5.7,57,6.3,2109.06,66.1,207,306,MIXED,0.0,1.0,WORKLOAD_STEP
2026-07-09 21:37:51.960859700+05:30,1.1,58,3.6,2109.06,66.06,207,306,MIXED,0.0,1.0,WORKLOAD_STEP
2026-07-09 21:37:54.001357+05:30,1.0,58,3.6,2109.06,66.09,207,306,MIXED,0.0,1.0,WORKLOAD_STEP
2026-07-09 21:37:56.048407800+05:30,2.0,58,3.6,2109.06,66.08,207,306,MIXED,0.0,1.0,WORKLOAD_STEP
2026-07-09 21:37:58.080771200+05:30,0.7000000000000001,58,3.5,2109.06,66.06,207,306,MIXED,0.0,1.0,WORKLOAD_STEP
2026-07-09 21:38:00.103571600+05:30,0.8,58,3.5,2109.06,66.05,207,306,MIXED,0.0,1.0,WORKLOAD_STEP
2026-07-09 21:38:02.130477600+05:30,1.4,59,3.6,2109.06,66.05,207,306,MIXED,0.0,1.0,WORKLOAD_STEP
2026-07-09 21:38:04.157751200+05:30,0.9,58,3.7,2109.06,66.05,207,306,MIXED,0.0,1.0,WORKLOAD_STEP
2026-07-09 21:38:06.186269500+05:30,2.5,59,3.5,2109.06,66.04,207,306,MIXED,0.0,1.0,WORKLOAD_STEP
2026-07-09 21:38:08.213616700+05:30,13.4,54,18.6,2109.06,66.04,211,306,MIXED,0.0,1.0,WORKLOAD_STEP
2026-07-09 21:38:10.241521300+05:30,0.9,59,3.5,2109.06,66.0,211,305,MIXED,0.0,1.0,WORKLOAD_STEP
2026-07-09 21:38:12.269352100+05:30,2.9,58,4.2,2109.06,66.01,211,305,MIXED,0.0,1.0,WORKLOAD_STEP
2026-07-09 21:38:14.295251+05:30,1.4,58,4.0,2109.06,65.99,211,305,MIXED,0.0,1.0,WORKLOAD_STEP
2026-07-09 21:38:16.322008300+05:30,2.9,59,4.5,2109.06,66.0,211,305,MIXED,0.0,1.0,WORKLOAD_STEP
2026-07-09 21:38:18.349538+05:30,1.3,59,3.7,2109.06,65.99,212,304,MIXED,0.0,1.0,WORKLOAD_STEP
2026-07-09 21:38:20.381207600+05:30,7.3,58,5.7,2109.06,66.0,210,304,MIXED,0.0,1.0,WORKLOAD_STEP
2026-07-09 21:38:22.398106+05:30,4.8,58,4.7,2109.06,65.98,210,304,MIXED,0.0,1.0,WORKLOAD_STEP
2026-07-09 21:38:24.427115700+05:30,5.3,58,5.0,2269.74,65.99,210,304,MIXED,0.0,1.0,WORKLOAD_STEP
2026-07-09 21:38:26.460015400+05:30,4.2,58,4.0,2109.06,66.0,209,304,MIXED,0.0,1.0,WORKLOAD_STEP
2026-07-09 21:38:28.484893800+05:30,1.2,58,3.7,2109.06,66.0,209,304,MIXED,0.0,1.0,WORKLOAD_STEP
2026-07-09 21:38:30.514759400+05:30,1.6,58,4.2,2109.06,65.98,209,304,MIXED,0.0,1.0,WORKLOAD_STEP
2026-07-09 21:38:32.541725100+05:30,1.5,59,3.9,2109.06,65.98,212,304,MIXED,0.0,1.0,WORKLOAD_STEP
2026-07-09 21:38:34.570935+05:30,1.1,58,3.6,2109.06,65.97,212,304,MIXED,0.0,1.0,WORKLOAD_STEP
2026-07-09 21:38:36.598614900+05:30,2.9,62,4.3,2109.06,66.04,209,304,MIXED,0.0,1.0,WORKLOAD_STEP
2026-07-09 21:38:38.642729900+05:30,4.4,58,5.2,2109.06,66.08,209,309,MIXED,0.0,1.0,WORKLOAD_STEP
2026-07-09 21:38:40.663040200+05:30,16.3,54,10.9,2561.0,66.52,215,311,MIXED,0.0,1.0,WORKLOAD_STEP
2026-07-09 21:38:42.694231700+05:30,4.2,58,4.8,2109.06,66.47,215,311,MIXED,0.0,1.0,WORKLOAD_STEP
2026-07-09 21:38:44.717852800+05:30,1.4,58,3.9,1958.41,66.46,215,311,MIXED,0.0,1.0,WORKLOAD_STEP
2026-07-09 21:38:46.742292700+05:30,4.3,59,3.9,2109.06,66.46,215,311,MIXED,0.0,1.0,WORKLOAD_STEP
2026-07-09 21:38:48.769219800+05:30,1.3,64,3.6,2109.06,66.47,215,313,MIXED,0.0,1.0,WORKLOAD_STEP
2026-07-09 21:38:50.794239700+05:30,4.8,59,4.4,2109.06,66.46,215,311,MIXED,0.0,1.0,WORKLOAD_STEP
2026-07-09 21:38:52.822034200+05:30,1.2,59,3.7,2109.06,66.45,215,311,MIXED,0.0,1.0,WORKLOAD_STEP
2026-07-09 21:38:54.849461300+05:30,3.9,58,4.4,2109.06,66.45,215,311,MIXED,0.0,1.0,WORKLOAD_STEP
2026-07-09 21:38:56.876961300+05:30,1.5,59,3.6,2109.06,66.43,215,311,MIXED,0.0,1.0,WORKLOAD_STEP
2026-07-09 21:38:58.902827800+05:30,3.5,59,4.4,1958.41,66.46,215,311,MIXED,0.0,1.0,WORKLOAD_STEP
2026-07-09 21:39:00.943504800+05:30,1.4,59,3.8,2109.06,66.45,215,311,MIXED,0.0,1.0,WORKLOAD_STEP
2026-07-09 21:39:02.972466300+05:30,2.4,58,4.5,2179.36,66.43,215,311,MIXED,0.0,2.0,WORKLOAD_STEP
2026-07-09 21:39:04.999262500+05:30,1.5,59,3.6,2109.06,66.43,215,311,MIXED,0.0,2.0,WORKLOAD_STEP
2026-07-09 21:39:07.025681900+05:30,2.0,59,3.7,2109.06,66.42,215,311,MIXED,0.0,2.0,WORKLOAD_STEP
2026-07-09 21:39:09.051153400+05:30,1.5,59,3.7,2109.06,66.42,213,311,MIXED,0.0,2.0,WORKLOAD_STEP
2026-07-09 21:39:11.078683100+05:30,1.9000000000000001,59,3.8,2109.06,66.42,213,311,MIXED,0.0,2.0,WORKLOAD_STEP
2026-07-09 21:39:13.106681700+05:30,4.7,59,3.8,2109.06,66.41,213,311,MIXED,0.0,2.0,WORKLOAD_STEP
2026-07-09 21:39:15.137772100+05:30,2.6,58,4.3,2109.06,66.47,213,311,MIXED,0.0,2.0,WORKLOAD_STEP
2026-07-09 21:39:17.180847800+05:30,1.8,59,3.8,2109.06,66.41,213,311,MIXED,0.0,2.0,WORKLOAD_STEP
2026-07-09 21:39:19.209704500+05:30,1.4,59,4.1,2109.06,66.43,211,311,MIXED,0.0,2.0,WORKLOAD_STEP
2026-07-09 21:39:21.245015700+05:30,3.2,59,3.9,2109.06,66.39,211,311,MIXED,0.0,2.0,WORKLOAD_STEP
2026-07-09 21:39:23.273383600+05:30,4.6,58,4.3,2109.06,66.69,211,311,MIXED,0.0,2.0,WORKLOAD_STEP
2026-07-09 21:39:25.301428200+05:30,6.6,59,4.7,2109.06,66.27,210,311,MIXED,0.0,2.0,WORKLOAD_STEP
2026-07-09 21:39:27.322056900+05:30,1.7,59,4.9,2109.06,66.28,210,311,MIXED,0.0,2.0,WORKLOAD_STEP
2026-07-09 21:39:29.339756300+05:30,9.5,57,7.3,2109.06,66.29,210,311,MIXED,0.0,2.0,WORKLOAD_STEP
2026-07-09 21:39:31.367652300+05:30,5.8,51,4.5,2109.06,66.3,210,311,MIXED,0.0,2.0,WORKLOAD_STEP
2026-07-09 21:39:33.400259200+05:30,1.7,59,4.6,2109.06,66.31,210,311,MIXED,0.0,2.0,WORKLOAD_STEP
2026-07-09 21:39:35.433673100+05:30,0.9,59,3.8,2109.06,66.32,210,311,MIXED,0.0,2.0,WORKLOAD_STEP
2026-07-09 21:39:37.460982900+05:30,2.3,59,4.4,2109.06,66.32,210,311,MIXED,0.0,2.0,WORKLOAD_STEP
2026-07-09 21:39:39.487457200+05:30,2.0,59,3.8,2109.06,66.24,210,309,MIXED,0.0,2.0,WORKLOAD_STEP
2026-07-09 21:39:41.514813500+05:30,2.6,61,4.5,2109.06,66.24,210,309,MIXED,0.0,2.0,WORKLOAD_STEP
2026-07-09 21:39:43.542075600+05:30,6.5,58,5.5,2109.06,66.06,206,308,MIXED,0.0,2.0,WORKLOAD_STEP
2026-07-09 21:39:45.566288400+05:30,6.6,58,4.7,2109.06,66.14,206,308,MIXED,0.0,2.0,WORKLOAD_STEP
2026-07-09 21:39:47.590311300+05:30,21.1,54,8.3,2319.97,66.15,206,308,MIXED,20.0,3.0,WORKLOAD_STEP
2026-07-09 21:39:49.610785900+05:30,33.0,53,11.2,2109.06,66.11,206,308,MIXED,20.0,3.0,WORKLOAD_STEP
2026-07-09 21:39:51.633603600+05:30,20.9,54,13.6,2480.65,66.15,206,308,MIXED,20.0,3.0,WORKLOAD_STEP
2026-07-09 21:39:53.658345300+05:30,23.3,55,9.4,2219.53,66.21,206,308,MIXED,20.0,3.0,WORKLOAD_STEP
2026-07-09 21:39:55.685883100+05:30,22.1,52,12.3,2319.97,66.15,206,308,MIXED,20.0,3.0,WORKLOAD_STEP
2026-07-09 21:39:57.712862200+05:30,21.9,53,13.7,2822.11,66.15,206,308,MIXED,20.0,3.0,WORKLOAD_STEP
2026-07-09 21:39:59.737493+05:30,20.4,52,15.0,2400.31,66.15,206,308,MIXED,20.0,3.0,WORKLOAD_STEP
2026-07-09 21:40:01.761882700+05:30,21.1,54,11.7,2691.57,66.15,206,308,MIXED,20.0,3.0,WORKLOAD_STEP
2026-07-09 21:40:03.790083400+05:30,22.0,52,13.2,2460.56,66.13,206,308,MIXED,20.0,3.0,WORKLOAD_STEP
2026-07-09 21:40:05.826430100+05:30,20.6,48,11.9,2330.01,66.12,206,308,MIXED,20.0,3.0,WORKLOAD_STEP
2026-07-09 21:40:07.872087+05:30,23.5,46,19.4,2430.44,66.25,204,314,MIXED,20.0,3.0,WORKLOAD_STEP
2026-07-09 21:40:09.890597800+05:30,21.4,48,14.8,2912.51,66.25,204,313,MIXED,20.0,3.0,WORKLOAD_STEP
2026-07-09 21:40:11.908213700+05:30,21.3,49,14.7,2641.34,66.22,204,310,MIXED,20.0,3.0,WORKLOAD_STEP
2026-07-09 21:40:13.926233500+05:30,21.8,46,19.4,3053.12,66.17,204,310,MIXED,20.0,3.0,WORKLOAD_STEP
2026-07-09 21:40:15.946058800+05:30,21.8,23,22.1,2520.84,66.16,204,310,MIXED,20.0,3.0,WORKLOAD_STEP
2026-07-09 21:40:17.964987+05:30,21.9,48,15.9,2852.26,66.17,203,310,MIXED,20.0,3.0,WORKLOAD_STEP
2026-07-09 21:40:19.985583700+05:30,27.5,46,17.4,2500.75,66.17,203,310,MIXED,20.0,3.0,WORKLOAD_STEP
2026-07-09 21:40:22.012929300+05:30,23.3,45,21.7,2982.81,66.05,203,306,MIXED,20.0,3.0,WORKLOAD_STEP
2026-07-09 21:40:24.033127700+05:30,21.9,29,22.5,3434.75,66.1,202,306,MIXED,20.0,3.0,WORKLOAD_STEP
2026-07-09 21:40:26.049516200+05:30,20.4,29,21.7,3053.11,66.08,202,306,MIXED,20.0,3.0,WORKLOAD_STEP
2026-07-09 21:40:28.067832900+05:30,22.6,43,24.6,2972.77,66.1,204,306,MIXED,20.0,3.0,WORKLOAD_STEP
2026-07-09 21:40:30.090634200+05:30,21.1,40,23.9,3153.54,66.07,204,306,MIXED,20.0,3.0,WORKLOAD_STEP
2026-07-09 21:40:32.108203900+05:30,21.5,33,23.1,2581.08,66.1,207,306,MIXED,20.0,3.0,WORKLOAD_STEP
2026-07-09 21:40:34.129044200+05:30,22.9,33,25.0,3093.28,66.12,207,306,MIXED,20.0,3.0,WORKLOAD_STEP
2026-07-09 21:40:36.150111800+05:30,27.5,34,27.6,2932.6,66.12,203,306,MIXED,20.0,3.0,WORKLOAD_STEP
2026-07-09 21:40:38.173521700+05:30,24.5,26,24.7,3063.16,66.08,203,306,MIXED,20.0,3.0,WORKLOAD_STEP
2026-07-09 21:40:40.207424500+05:30,20.9,29,20.8,2560.99,66.07,203,306,MIXED,20.0,3.0,WORKLOAD_STEP
2026-07-09 21:40:42.227304300+05:30,20.9,27,23.8,3113.36,66.07,203,306,MIXED,20.0,3.0,WORKLOAD_STEP
2026-07-09 21:40:44.247056300+05:30,20.2,30,22.0,3043.09,66.06,203,306,MIXED,20.0,3.0,WORKLOAD_STEP
2026-07-09 21:40:46.265095+05:30,23.2,32,23.7,2852.26,66.06,203,306,MIXED,20.0,3.0,WORKLOAD_STEP
2026-07-09 21:40:48.283560300+05:30,21.3,27,23.1,2962.72,66.06,203,306,MIXED,20.0,3.0,WORKLOAD_STEP
2026-07-09 21:40:50.305424500+05:30,28.1,30,21.1,2882.38,66.04,203,306,MIXED,20.0,3.0,WORKLOAD_STEP
2026-07-09 21:40:52.322033600+05:30,22.2,32,21.5,2982.81,66.04,203,306,MIXED,20.0,3.0,WORKLOAD_STEP
2026-07-09 21:40:54.349896600+05:30,24.0,23,26.2,2681.53,66.15,206,307,MIXED,20.0,3.0,WORKLOAD_STEP
2026-07-09 21:40:56.365767300+05:30,21.5,23,26.3,3374.49,66.16,206,307,MIXED,20.0,3.0,WORKLOAD_STEP
2026-07-09 21:40:58.384027100+05:30,22.7,34,23.1,3143.51,66.15,206,307,MIXED,20.0,3.0,WORKLOAD_STEP
2026-07-09 21:41:00.402668400+05:30,22.0,50,7.8,2340.06,66.22,206,307,MIXED,20.0,4.0,WORKLOAD_STEP
2026-07-09 21:41:02.429523600+05:30,21.6,48,10.1,2480.65,66.21,206,307,MIXED,20.0,4.0,WORKLOAD_STEP
2026-07-09 21:41:04.459377700+05:30,20.7,50,11.3,2691.56,66.18,206,307,MIXED,20.0,4.0,WORKLOAD_STEP
2026-07-09 21:41:06.492100100+05:30,22.1,48,12.2,2591.13,66.17,206,307,MIXED,20.0,4.0,WORKLOAD_STEP
2026-07-09 21:41:08.527249300+05:30,19.4,50,9.7,2661.44,66.21,206,307,MIXED,20.0,4.0,WORKLOAD_STEP
2026-07-09 21:41:10.565117500+05:30,22.3,46,13.9,2289.84,66.21,206,307,MIXED,20.0,4.0,WORKLOAD_STEP
2026-07-09 21:41:12.584182400+05:30,20.8,37,14.7,2571.05,66.2,205,307,MIXED,20.0,4.0,WORKLOAD_STEP
2026-07-09 21:41:14.619970800+05:30,21.1,42,14.8,2109.06,66.2,205,307,MIXED,20.0,4.0,WORKLOAD_STEP
2026-07-09 21:41:16.641524900+05:30,21.6,30,22.6,3113.37,66.17,206,307,MIXED,20.0,4.0,WORKLOAD_STEP
2026-07-09 21:41:18.660772400+05:30,29.4,40,25.9,2852.26,66.57,206,310,MIXED,20.0,4.0,WORKLOAD_STEP
2026-07-09 21:41:20.678547700+05:30,23.4,26,25.4,2942.64,66.31,206,310,MIXED,20.0,4.0,WORKLOAD_STEP
2026-07-09 21:41:22.695829500+05:30,20.5,33,24.6,3284.12,66.29,206,310,MIXED,20.0,4.0,WORKLOAD_STEP
2026-07-09 21:41:24.713609200+05:30,20.7,27,25.6,2982.82,66.31,205,310,MIXED,20.0,4.0,WORKLOAD_STEP
2026-07-09 21:41:26.733348100+05:30,21.4,36,25.6,3002.91,66.31,205,310,MIXED,20.0,4.0,WORKLOAD_STEP
2026-07-09 21:41:28.751194600+05:30,21.8,39,26.0,3314.24,66.29,206,310,MIXED,20.0,4.0,WORKLOAD_STEP
2026-07-09 21:41:30.769022200+05:30,21.2,37,25.2,3233.88,66.28,206,310,MIXED,20.0,4.0,WORKLOAD_STEP
2026-07-09 21:41:32.786587500+05:30,22.4,29,22.6,2892.41,66.29,206,310,MIXED,20.0,4.0,WORKLOAD_STEP
2026-07-09 21:41:34.805520800+05:30,22.8,21,25.5,2460.57,66.29,206,310,MIXED,20.0,4.0,WORKLOAD_STEP
2026-07-09 21:41:36.823069500+05:30,22.4,26,22.0,2581.04,66.29,206,310,MIXED,20.0,4.0,WORKLOAD_STEP
2026-07-09 21:41:38.840046600+05:30,20.3,24,25.6,2952.67,66.27,208,310,MIXED,20.0,4.0,WORKLOAD_STEP
2026-07-09 21:41:40.857864300+05:30,27.9,33,24.5,3053.12,66.34,208,310,MIXED,20.0,4.0,WORKLOAD_STEP
2026-07-09 21:41:42.877008500+05:30,24.9,26,24.7,2992.85,66.32,208,310,MIXED,20.0,4.0,WORKLOAD_STEP
2026-07-09 21:41:44.899062900+05:30,24.2,26,23.8,2751.82,66.26,208,310,MIXED,20.0,4.0,WORKLOAD_STEP
2026-07-09 21:41:46.918097600+05:30,21.2,27,25.5,3505.06,66.24,208,310,MIXED,20.0,4.0,WORKLOAD_STEP
2026-07-09 21:41:48.950971800+05:30,20.4,21,26.0,3012.93,66.48,208,312,MIXED,20.0,4.0,WORKLOAD_STEP
2026-07-09 21:41:50.974340200+05:30,21.0,32,25.5,3274.07,66.24,208,310,MIXED,20.0,4.0,WORKLOAD_STEP
2026-07-09 21:41:52.991628800+05:30,20.0,27,24.8,2791.99,66.22,208,310,MIXED,20.0,4.0,WORKLOAD_STEP
2026-07-09 21:41:55.010965700+05:30,22.8,27,23.4,2902.48,66.21,208,310,MIXED,20.0,4.0,WORKLOAD_STEP
2026-07-09 21:41:57.027647600+05:30,22.7,27,23.8,2912.5,66.21,208,310,MIXED,20.0,4.0,WORKLOAD_STEP
2026-07-09 21:41:59.057547+05:30,23.8,32,22.6,2932.6,66.2,208,309,MIXED,20.0,4.0,WORKLOAD_STEP
2026-07-09 21:42:01.075691300+05:30,21.1,36,21.6,2932.61,66.19,208,309,MIXED,20.0,4.0,WORKLOAD_STEP
2026-07-09 21:42:03.093487500+05:30,21.1,22,25.8,3324.27,66.19,208,309,MIXED,20.0,4.0,WORKLOAD_STEP
2026-07-09 21:42:05.112415600+05:30,20.9,29,21.1,2792.0,66.19,208,309,MIXED,20.0,4.0,WORKLOAD_STEP
2026-07-09 21:42:07.130910600+05:30,22.7,37,23.6,2962.74,66.2,208,309,MIXED,20.0,4.0,WORKLOAD_STEP
2026-07-09 21:42:09.148862+05:30,21.9,27,21.7,3123.4,66.2,206,309,MIXED,20.0,4.0,WORKLOAD_STEP
2026-07-09 21:42:11.166088400+05:30,23.5,29,25.1,3053.1,66.19,206,309,MIXED,20.0,4.0,WORKLOAD_STEP
2026-07-09 21:42:13.185796500+05:30,20.9,23,22.7,2761.85,66.2,206,309,MIXED,20.0,4.0,WORKLOAD_STEP
2026-07-09 21:42:15.206868900+05:30,23.8,27,23.8,2932.6,66.19,206,309,MIXED,20.0,4.0,WORKLOAD_STEP
2026-07-09 21:42:17.225570500+05:30,21.8,33,22.9,2691.56,66.19,207,309,MIXED,20.0,4.0,WORKLOAD_STEP
2026-07-09 21:42:19.244718900+05:30,26.1,40,20.9,2731.73,66.14,207,307,MIXED,20.0,4.0,WORKLOAD_STEP
2026-07-09 21:42:21.278265+05:30,21.9,26,22.8,3314.24,66.09,208,307,MIXED,20.0,4.0,WORKLOAD_STEP
2026-07-09 21:42:23.301464300+05:30,21.5,27,21.5,2972.78,66.1,207,307,MIXED,20.0,4.0,WORKLOAD_STEP
2026-07-09 21:42:25.322146800+05:30,22.1,29,22.0,3193.72,66.09,207,307,MIXED,20.0,4.0,WORKLOAD_STEP
2026-07-09 21:42:27.344119800+05:30,22.2,27,22.4,3113.38,66.08,207,307,MIXED,20.0,4.0,WORKLOAD_STEP
2026-07-09 21:42:29.363593800+05:30,21.5,23,20.2,3404.63,66.08,207,307,MIXED,20.0,4.0,WORKLOAD_STEP
2026-07-09 21:42:31.381326200+05:30,21.3,32,21.5,2852.26,66.15,210,307,MIXED,20.0,4.0,WORKLOAD_STEP
2026-07-09 21:42:33.400697100+05:30,29.8,16,21.4,2611.22,66.2,210,307,MIXED,40.0,5.0,WORKLOAD_STEP
2026-07-09 21:42:35.424565200+05:30,42.4,40,21.0,2771.91,66.27,210,307,MIXED,40.0,5.0,WORKLOAD_STEP
2026-07-09 21:42:37.447964400+05:30,40.8,34,21.9,2571.03,66.17,207,307,MIXED,40.0,5.0,WORKLOAD_STEP
2026-07-09 21:42:39.471910300+05:30,40.9,32,24.5,2892.42,66.2,207,307,MIXED,40.0,5.0,WORKLOAD_STEP
2026-07-09 21:42:41.493966500+05:30,42.4,32,23.1,2741.78,66.2,207,307,MIXED,40.0,5.0,WORKLOAD_STEP
2026-07-09 21:42:43.514254900+05:30,40.4,34,23.4,2942.63,66.19,207,307,MIXED,40.0,5.0,WORKLOAD_STEP
2026-07-09 21:42:45.535654+05:30,45.2,32,23.2,2319.96,66.19,207,307,MIXED,40.0,5.0,WORKLOAD_STEP
2026-07-09 21:42:47.553637400+05:30,46.9,34,23.6,2701.61,66.19,207,307,MIXED,40.0,5.0,WORKLOAD_STEP
2026-07-09 21:42:49.571565+05:30,48.1,36,24.3,2902.44,66.14,207,307,MIXED,40.0,5.0,WORKLOAD_STEP
2026-07-09 21:42:51.590906200+05:30,42.4,36,22.2,2962.72,66.19,207,307,MIXED,40.0,5.0,WORKLOAD_STEP
2026-07-09 21:42:53.612223700+05:30,43.1,32,23.6,2882.36,66.18,207,307,MIXED,40.0,5.0,WORKLOAD_STEP
2026-07-09 21:42:55.651624+05:30,41.2,32,24.7,2882.36,66.19,207,307,MIXED,40.0,5.0,WORKLOAD_STEP
2026-07-09 21:42:57.673345200+05:30,43.1,29,25.3,2972.75,66.17,207,307,MIXED,40.0,5.0,WORKLOAD_STEP
2026-07-09 21:42:59.696354200+05:30,44.1,29,23.4,2942.63,66.18,207,307,MIXED,40.0,5.0,WORKLOAD_STEP
2026-07-09 21:43:01.725333600+05:30,44.8,32,24.3,2882.37,66.19,206,307,MIXED,40.0,5.0,WORKLOAD_STEP
2026-07-09 21:43:03.752606400+05:30,43.3,33,24.8,2761.86,66.19,207,307,MIXED,40.0,5.0,WORKLOAD_STEP
2026-07-09 21:43:05.774717800+05:30,42.7,32,22.5,2942.63,66.18,207,307,MIXED,40.0,5.0,WORKLOAD_STEP
2026-07-09 21:43:07.805084+05:30,41.8,30,24.5,3012.93,66.17,207,307,MIXED,40.0,5.0,WORKLOAD_STEP
2026-07-09 21:43:09.835618400+05:30,40.6,30,20.9,2802.02,66.18,207,307,MIXED,40.0,5.0,WORKLOAD_STEP
2026-07-09 21:43:11.860747400+05:30,41.3,33,22.9,2802.02,66.18,207,307,MIXED,40.0,5.0,WORKLOAD_STEP
2026-07-09 21:43:13.884437900+05:30,42.5,33,22.5,2701.62,66.18,207,307,MIXED,40.0,5.0,WORKLOAD_STEP
2026-07-09 21:43:15.907453800+05:30,43.0,32,24.8,2771.9,66.16,207,307,MIXED,40.0,5.0,WORKLOAD_STEP
2026-07-09 21:43:17.940877400+05:30,41.8,32,22.7,2842.2,66.25,208,307,MIXED,40.0,5.0,WORKLOAD_STEP
2026-07-09 21:43:19.963610+05:30,47.1,33,25.8,2631.29,66.22,208,307,MIXED,40.0,5.0,WORKLOAD_STEP
2026-07-09 21:43:21.989954400+05:30,41.5,34,25.1,2711.65,66.19,208,307,MIXED,40.0,5.0,WORKLOAD_STEP
2026-07-09 21:43:24.019476200+05:30,41.4,33,23.6,2802.03,66.2,207,307,MIXED,40.0,5.0,WORKLOAD_STEP
2026-07-09 21:43:26.075350400+05:30,42.8,29,21.5,2882.36,66.2,207,307,MIXED,40.0,5.0,WORKLOAD_STEP
2026-07-09 21:43:28.113551300+05:30,41.4,27,24.2,3012.91,66.2,207,307,MIXED,40.0,5.0,WORKLOAD_STEP
2026-07-09 21:43:30.137662500+05:30,40.8,32,24.4,2691.56,66.18,207,307,MIXED,40.0,5.0,WORKLOAD_STEP
2026-07-09 21:43:32.159001900+05:30,42.0,30,25.8,2761.86,66.19,207,307,MIXED,40.0,5.0,WORKLOAD_STEP
2026-07-09 21:43:34.184783300+05:30,40.8,33,22.9,2802.03,66.21,207,307,MIXED,40.0,5.0,WORKLOAD_STEP
2026-07-09 21:43:36.207159+05:30,42.1,34,23.0,2862.28,66.21,207,307,MIXED,40.0,5.0,WORKLOAD_STEP
2026-07-09 21:43:38.230096300+05:30,42.5,34,23.7,2761.86,66.2,207,307,MIXED,40.0,5.0,WORKLOAD_STEP
2026-07-09 21:43:40.252692700+05:30,42.1,32,22.8,2842.2,66.19,208,307,MIXED,40.0,5.0,WORKLOAD_STEP
2026-07-09 21:43:42.277904100+05:30,40.5,34,22.8,2611.22,66.3,208,307,MIXED,40.0,6.0,WORKLOAD_STEP
2026-07-09 21:43:44.307443300+05:30,42.7,27,17.7,3033.03,66.28,208,307,MIXED,40.0,6.0,WORKLOAD_STEP
2026-07-09 21:43:46.335999200+05:30,41.0,36,21.3,2781.95,66.26,208,307,MIXED,40.0,6.0,WORKLOAD_STEP
2026-07-09 21:43:48.360773500+05:30,42.0,36,20.1,3193.71,66.27,208,307,MIXED,40.0,6.0,WORKLOAD_STEP
2026-07-09 21:43:50.382699800+05:30,41.8,36,23.1,2962.72,66.31,208,307,MIXED,40.0,6.0,WORKLOAD_STEP
2026-07-09 21:43:52.405453100+05:30,46.8,37,23.2,2540.92,66.31,208,307,MIXED,40.0,6.0,WORKLOAD_STEP
2026-07-09 21:43:54.423948600+05:30,43.8,33,22.4,2480.65,66.26,208,306,MIXED,40.0,6.0,WORKLOAD_STEP
2026-07-09 21:43:56.442288900+05:30,41.6,37,21.8,2862.29,66.26,208,306,MIXED,40.0,6.0,WORKLOAD_STEP
2026-07-09 21:43:58.460638200+05:30,40.7,32,21.8,2621.26,66.26,208,306,MIXED,40.0,6.0,WORKLOAD_STEP
2026-07-09 21:44:00.480131100+05:30,41.3,37,21.0,2681.5,66.26,208,306,MIXED,40.0,6.0,WORKLOAD_STEP
2026-07-09 21:44:02.516694100+05:30,40.8,34,24.2,2591.13,66.24,208,306,MIXED,40.0,6.0,WORKLOAD_STEP
2026-07-09 21:44:04.541023200+05:30,41.6,33,25.1,2972.76,66.33,208,306,MIXED,40.0,6.0,WORKLOAD_STEP
2026-07-09 21:44:06.566476100+05:30,43.2,33,22.6,2832.15,66.26,208,306,MIXED,40.0,6.0,WORKLOAD_STEP
2026-07-09 21:44:08.598150100+05:30,42.6,27,22.9,2771.89,66.25,208,306,MIXED,40.0,6.0,WORKLOAD_STEP
2026-07-09 21:44:10.624262500+05:30,42.2,34,24.4,2500.73,66.27,208,306,MIXED,40.0,6.0,WORKLOAD_STEP
2026-07-09 21:44:12.651854900+05:30,40.0,37,23.8,2791.98,66.26,208,306,MIXED,40.0,6.0,WORKLOAD_STEP
2026-07-09 21:44:14.674885800+05:30,42.0,37,22.4,2731.72,66.22,208,306,MIXED,40.0,6.0,WORKLOAD_STEP
2026-07-09 21:44:16.694899600+05:30,40.3,43,24.4,2872.33,66.26,209,306,MIXED,40.0,6.0,WORKLOAD_STEP
2026-07-09 21:44:18.716853800+05:30,41.2,37,23.3,2862.27,66.23,207,306,MIXED,40.0,6.0,WORKLOAD_STEP
2026-07-09 21:44:20.737715500+05:30,40.8,36,21.9,2872.33,66.26,207,306,MIXED,40.0,6.0,WORKLOAD_STEP
2026-07-09 21:44:22.760784100+05:30,41.7,32,22.3,2621.26,66.25,206,306,MIXED,40.0,6.0,WORKLOAD_STEP
2026-07-09 21:44:24.781449100+05:30,42.3,32,23.8,2671.47,66.24,206,306,MIXED,40.0,6.0,WORKLOAD_STEP
2026-07-09 21:44:26.805248400+05:30,42.6,32,22.7,2711.65,66.24,206,306,MIXED,40.0,6.0,WORKLOAD_STEP
2026-07-09 21:44:28.826469700+05:30,40.6,32,23.5,2711.64,66.24,206,306,MIXED,40.0,6.0,WORKLOAD_STEP
2026-07-09 21:44:30.849433700+05:30,42.0,33,22.7,2731.72,66.24,209,306,MIXED,40.0,6.0,WORKLOAD_STEP
2026-07-09 21:44:32.879535100+05:30,40.3,33,21.5,2641.36,66.23,211,306,MIXED,40.0,6.0,WORKLOAD_STEP
2026-07-09 21:44:34.903548600+05:30,42.0,34,22.3,2711.63,66.24,211,306,MIXED,40.0,6.0,WORKLOAD_STEP
2026-07-09 21:44:36.939884100+05:30,40.4,34,22.6,2761.86,66.23,208,306,MIXED,40.0,6.0,WORKLOAD_STEP
2026-07-09 21:44:38.965599300+05:30,40.9,33,22.8,2862.29,66.24,208,306,MIXED,40.0,6.0,WORKLOAD_STEP
2026-07-09 21:44:40.990775100+05:30,40.7,32,23.2,2601.18,66.21,208,306,MIXED,40.0,6.0,WORKLOAD_STEP
2026-07-09 21:44:43.017718400+05:30,41.0,29,24.4,2842.2,66.21,207,305,MIXED,40.0,6.0,WORKLOAD_STEP
2026-07-09 21:44:45.044232600+05:30,40.8,34,22.1,2781.94,66.2,207,305,MIXED,40.0,6.0,WORKLOAD_STEP
2026-07-09 21:44:47.074938500+05:30,40.9,34,23.2,2832.16,66.27,207,305,MIXED,40.0,6.0,WORKLOAD_STEP
2026-07-09 21:44:49.105992400+05:30,48.1,37,23.1,2771.89,66.43,207,307,MIXED,40.0,6.0,WORKLOAD_STEP
2026-07-09 21:44:51.130753900+05:30,45.0,36,24.1,2791.97,66.22,207,305,MIXED,40.0,6.0,WORKLOAD_STEP
2026-07-09 21:44:53.164235300+05:30,40.7,32,21.2,2581.1,66.21,207,305,MIXED,40.0,6.0,WORKLOAD_STEP
2026-07-09 21:44:55.191072100+05:30,40.4,30,23.1,2701.6,66.2,207,305,MIXED,40.0,6.0,WORKLOAD_STEP
2026-07-09 21:44:57.218135200+05:30,43.6,34,22.5,2641.34,66.19,207,305,MIXED,40.0,6.0,WORKLOAD_STEP
2026-07-09 21:44:59.246979500+05:30,44.2,32,24.1,2621.26,66.2,207,305,MIXED,40.0,6.0,WORKLOAD_STEP
2026-07-09 21:45:01.274118+05:30,46.9,33,23.4,2550.96,66.21,204,305,MIXED,40.0,6.0,WORKLOAD_STEP
2026-07-09 21:45:03.298249300+05:30,42.6,33,22.7,2761.85,66.2,204,305,MIXED,40.0,6.0,WORKLOAD_STEP
2026-07-09 21:45:05.325661900+05:30,42.5,32,23.1,2581.08,66.18,204,305,MIXED,40.0,6.0,WORKLOAD_STEP
2026-07-09 21:45:07.350976+05:30,40.8,36,23.3,2942.61,66.16,204,305,MIXED,40.0,6.0,WORKLOAD_STEP
2026-07-09 21:45:09.393119300+05:30,42.8,34,22.2,2671.47,66.18,204,305,MIXED,40.0,6.0,WORKLOAD_STEP
2026-07-09 21:45:11.417717300+05:30,41.1,32,22.3,2912.5,66.16,204,305,MIXED,40.0,6.0,WORKLOAD_STEP
2026-07-09 21:45:13.448910400+05:30,42.9,34,23.0,2621.25,66.2,204,305,MIXED,40.0,6.0,WORKLOAD_STEP
2026-07-09 21:45:15.476003100+05:30,42.2,34,23.7,2781.95,66.19,204,305,MIXED,40.0,6.0,WORKLOAD_STEP
2026-07-09 21:45:17.501397100+05:30,41.1,32,24.2,2691.55,66.2,204,305,MIXED,40.0,6.0,WORKLOAD_STEP
2026-07-09 21:45:19.526134400+05:30,42.3,34,22.4,2671.47,66.18,202,305,MIXED,40.0,6.0,WORKLOAD_STEP
2026-07-09 21:45:21.549092800+05:30,41.9,32,22.2,2771.91,66.21,202,305,MIXED,40.0,6.0,WORKLOAD_STEP
2026-07-09 21:45:23.570439700+05:30,41.5,34,21.2,2791.99,66.18,202,305,MIXED,40.0,6.0,WORKLOAD_STEP
2026-07-09 21:45:25.594717400+05:30,42.2,33,23.5,2611.23,66.23,202,305,MIXED,40.0,6.0,WORKLOAD_STEP
2026-07-09 21:45:27.619332700+05:30,42.3,32,23.4,2721.69,66.24,202,305,MIXED,40.0,6.0,WORKLOAD_STEP
2026-07-09 21:45:29.643014600+05:30,41.2,32,23.7,2641.36,66.25,202,305,MIXED,40.0,6.0,WORKLOAD_STEP
2026-07-09 21:45:31.666679600+05:30,40.7,33,22.9,2822.13,66.23,202,305,MIXED,40.0,6.0,WORKLOAD_STEP
2026-07-09 21:45:33.690646400+05:30,40.4,32,23.1,2922.55,66.24,202,305,MIXED,40.0,6.0,WORKLOAD_STEP
2026-07-09 21:45:35.713843500+05:30,41.8,32,24.2,2691.57,66.22,202,305,MIXED,40.0,6.0,WORKLOAD_STEP
2026-07-09 21:45:37.745585600+05:30,41.2,33,24.0,2822.11,66.23,202,305,MIXED,40.0,6.0,WORKLOAD_STEP
2026-07-09 21:45:39.770010900+05:30,43.0,33,25.1,2771.91,66.22,202,305,MIXED,40.0,6.0,WORKLOAD_STEP
2026-07-09 21:45:41.793016700+05:30,41.4,33,23.5,2761.86,66.2,202,305,MIXED,40.0,6.0,WORKLOAD_STEP
2026-07-09 21:45:43.834427200+05:30,42.8,33,23.1,2892.42,66.22,202,305,MIXED,40.0,6.0,WORKLOAD_STEP
2026-07-09 21:45:45.862620400+05:30,42.8,33,22.8,2721.7,66.23,202,305,MIXED,40.0,6.0,WORKLOAD_STEP
2026-07-09 21:45:47.890342600+05:30,42.9,30,22.9,2701.61,66.23,202,305,MIXED,40.0,6.0,WORKLOAD_STEP
2026-07-09 21:45:49.917687300+05:30,43.5,36,25.3,2731.74,66.19,202,305,MIXED,40.0,6.0,WORKLOAD_STEP
2026-07-09 21:45:51.945231500+05:30,42.9,27,23.0,2691.58,66.23,202,305,MIXED,40.0,6.0,WORKLOAD_STEP
2026-07-09 21:45:53.970553500+05:30,41.4,33,22.6,2631.31,66.22,202,305,MIXED,40.0,6.0,WORKLOAD_STEP
2026-07-09 21:45:55.995081500+05:30,45.3,33,23.1,2581.1,66.22,202,305,MIXED,40.0,6.0,WORKLOAD_STEP
2026-07-09 21:45:58.022620100+05:30,42.1,33,23.3,2691.56,66.21,202,305,MIXED,40.0,6.0,WORKLOAD_STEP
2026-07-09 21:46:00.046567800+05:30,43.2,34,25.9,2661.44,66.19,202,305,MIXED,40.0,6.0,WORKLOAD_STEP
2026-07-09 21:46:02.068256300+05:30,41.8,30,22.8,2691.56,66.22,202,305,MIXED,40.0,6.0,WORKLOAD_STEP
2026-07-09 21:46:04.091363800+05:30,44.5,32,22.6,2500.76,66.2,202,305,MIXED,40.0,6.0,WORKLOAD_STEP
2026-07-09 21:46:06.116465200+05:30,46.1,36,22.7,2842.19,66.22,202,305,MIXED,40.0,6.0,WORKLOAD_STEP
2026-07-09 21:46:08.144579700+05:30,48.7,33,24.6,2882.37,66.23,202,305,MIXED,40.0,6.0,WORKLOAD_STEP
2026-07-09 21:46:10.170679600+05:30,41.5,33,22.8,2731.74,66.23,202,305,MIXED,40.0,6.0,WORKLOAD_STEP
2026-07-09 21:46:12.193268400+05:30,41.8,33,23.7,2902.45,66.24,202,305,MIXED,40.0,6.0,WORKLOAD_STEP
2026-07-09 21:46:14.217939800+05:30,42.4,33,24.8,2802.03,66.25,202,305,MIXED,40.0,6.0,WORKLOAD_STEP
2026-07-09 21:46:16.243238+05:30,41.5,34,23.8,2902.46,66.23,202,305,MIXED,40.0,6.0,WORKLOAD_STEP
2026-07-09 21:46:18.298441500+05:30,43.2,33,23.1,2711.65,66.23,202,305,MIXED,40.0,6.0,WORKLOAD_STEP
2026-07-09 21:46:20.323135800+05:30,41.9,29,24.3,2611.22,66.21,202,305,MIXED,40.0,6.0,WORKLOAD_STEP
2026-07-09 21:46:22.345706800+05:30,42.4,33,22.7,2611.23,66.21,202,305,MIXED,40.0,6.0,WORKLOAD_STEP
2026-07-09 21:46:24.367659800+05:30,41.0,27,23.4,2671.47,65.84,202,305,MIXED,40.0,6.0,WORKLOAD_STEP
2026-07-09 21:46:26.392354+05:30,40.4,30,22.7,2631.3,65.56,202,305,MIXED,40.0,6.0,WORKLOAD_STEP
2026-07-09 21:46:28.416064100+05:30,41.9,32,24.1,2751.81,65.56,202,305,MIXED,40.0,6.0,WORKLOAD_STEP
2026-07-09 21:46:30.439499+05:30,40.2,27,24.9,2771.91,65.61,202,305,MIXED,40.0,6.0,WORKLOAD_STEP
2026-07-09 21:46:32.464864300+05:30,40.5,29,23.2,2781.94,65.61,205,305,MIXED,40.0,6.0,WORKLOAD_STEP
2026-07-09 21:46:34.491353+05:30,42.8,30,25.7,2641.34,65.61,205,305,MIXED,40.0,6.0,WORKLOAD_STEP
2026-07-09 21:46:36.519699+05:30,40.5,32,23.4,2691.56,65.6,202,305,MIXED,40.0,6.0,WORKLOAD_STEP
2026-07-09 21:46:38.546311+05:30,41.8,27,23.6,2741.77,65.61,202,305,MIXED,40.0,6.0,WORKLOAD_STEP
2026-07-09 21:46:40.605470800+05:30,40.9,27,23.3,2721.69,65.6,202,305,MIXED,40.0,6.0,WORKLOAD_STEP
2026-07-09 21:46:42.629892700+05:30,43.3,33,23.2,2771.9,65.6,201,305,MIXED,40.0,6.0,WORKLOAD_STEP
2026-07-09 21:46:44.654238400+05:30,41.2,30,23.4,2922.54,65.6,201,305,MIXED,40.0,6.0,WORKLOAD_STEP
2026-07-09 21:46:46.676134500+05:30,45.0,29,23.9,2701.61,65.61,201,305,MIXED,40.0,6.0,WORKLOAD_STEP
2026-07-09 21:46:48.702809800+05:30,40.8,27,24.7,2731.74,65.59,201,305,MIXED,40.0,6.0,WORKLOAD_STEP
2026-07-09 21:46:50.734292100+05:30,41.5,34,23.7,2771.91,65.65,201,305,MIXED,40.0,6.0,WORKLOAD_STEP
2026-07-09 21:46:52.776691700+05:30,41.0,32,25.2,2771.91,65.64,201,305,MIXED,40.0,6.0,WORKLOAD_STEP
2026-07-09 21:46:54.803798+05:30,40.6,32,22.5,2751.81,65.71,201,305,MIXED,40.0,6.0,WORKLOAD_STEP
2026-07-09 21:46:56.828958700+05:30,40.6,32,22.3,2641.34,65.64,201,305,MIXED,40.0,6.0,WORKLOAD_STEP
2026-07-09 21:46:58.854598900+05:30,41.2,34,23.8,2832.16,65.64,201,305,MIXED,40.0,6.0,WORKLOAD_STEP
2026-07-09 21:47:00.879114400+05:30,40.3,32,23.4,2581.1,65.62,201,305,MIXED,40.0,6.0,WORKLOAD_STEP
2026-07-09 21:47:02.905415700+05:30,40.4,33,24.6,2661.43,65.64,201,305,MIXED,40.0,6.0,WORKLOAD_STEP
2026-07-09 21:47:04.931964300+05:30,42.2,32,21.8,2671.49,65.62,201,305,MIXED,40.0,6.0,WORKLOAD_STEP
2026-07-09 21:47:06.955079700+05:30,40.8,33,23.2,2741.78,65.63,201,305,MIXED,40.0,6.0,WORKLOAD_STEP
2026-07-09 21:47:08.986173300+05:30,48.7,32,23.8,2912.52,65.61,201,305,MIXED,40.0,6.0,WORKLOAD_STEP
2026-07-09 21:47:11.014134500+05:30,43.1,32,24.2,2651.4,65.67,201,308,MIXED,40.0,6.0,WORKLOAD_STEP
2026-07-09 21:47:13.046859700+05:30,44.8,32,23.9,2832.15,65.66,201,308,MIXED,40.0,6.0,WORKLOAD_STEP
2026-07-09 21:47:15.076623500+05:30,40.9,32,24.2,2791.99,65.68,201,308,MIXED,40.0,6.0,WORKLOAD_STEP
2026-07-09 21:47:17.101339100+05:30,42.8,32,22.4,2812.06,65.69,201,308,MIXED,40.0,6.0,WORKLOAD_STEP
2026-07-09 21:47:19.123833100+05:30,39.9,32,22.4,2822.13,65.86,201,310,MIXED,40.0,6.0,WORKLOAD_STEP
2026-07-09 21:47:21.155983100+05:30,43.8,36,23.4,2832.16,65.75,203,308,MIXED,40.0,6.0,WORKLOAD_STEP
2026-07-09 21:47:23.204920100+05:30,41.1,33,21.8,2882.37,65.75,202,308,MIXED,60.0,7.0,WORKLOAD_STEP
2026-07-09 21:47:25.236522800+05:30,63.4,37,26.5,2651.38,65.75,202,308,MIXED,60.0,7.0,WORKLOAD_STEP
2026-07-09 21:47:27.255760200+05:30,61.6,33,22.9,2802.02,65.75,202,308,MIXED,60.0,7.0,WORKLOAD_STEP
2026-07-09 21:47:29.281136400+05:30,62.9,36,22.2,2711.65,65.73,202,308,MIXED,60.0,7.0,WORKLOAD_STEP
2026-07-09 21:47:31.301601400+05:30,59.6,32,24.2,2862.27,65.74,203,308,MIXED,60.0,7.0,WORKLOAD_STEP
2026-07-09 21:47:33.325922600+05:30,60.8,34,25.4,2661.42,65.74,203,308,MIXED,60.0,7.0,WORKLOAD_STEP
2026-07-09 21:47:35.350205500+05:30,59.8,34,23.6,2691.54,65.74,203,308,MIXED,60.0,7.0,WORKLOAD_STEP
2026-07-09 21:47:37.377868800+05:30,60.4,30,24.3,2771.9,65.74,203,308,MIXED,60.0,7.0,WORKLOAD_STEP
2026-07-09 21:47:39.407011300+05:30,61.5,32,23.8,2852.23,65.74,203,308,MIXED,60.0,7.0,WORKLOAD_STEP
2026-07-09 21:47:41.439679400+05:30,61.6,34,24.6,2701.58,65.78,203,308,MIXED,60.0,7.0,WORKLOAD_STEP
2026-07-09 21:47:43.468748700+05:30,61.8,33,23.5,2741.76,65.74,203,309,MIXED,60.0,7.0,WORKLOAD_STEP
2026-07-09 21:47:45.509898400+05:30,61.1,36,23.0,2601.15,65.74,203,309,MIXED,60.0,8.0,WORKLOAD_STEP
2026-07-09 21:47:47.531671500+05:30,62.2,39,21.4,2571.05,65.74,203,309,MIXED,60.0,8.0,WORKLOAD_STEP
2026-07-09 21:47:49.554381+05:30,60.5,23,23.8,2681.5,65.72,203,309,MIXED,60.0,8.0,WORKLOAD_STEP
2026-07-09 21:47:51.574230800+05:30,62.6,29,22.7,2781.93,65.7,203,309,MIXED,60.0,8.0,WORKLOAD_STEP
2026-07-09 21:47:53.599109800+05:30,60.9,36,23.2,2550.94,65.76,203,309,MIXED,60.0,8.0,WORKLOAD_STEP
2026-07-09 21:47:55.623356+05:30,61.9,33,24.5,2681.5,65.75,203,309,MIXED,60.0,8.0,WORKLOAD_STEP
2026-07-09 21:47:57.653259+05:30,61.2,32,23.2,2661.4,65.78,203,311,MIXED,60.0,8.0,WORKLOAD_STEP
2026-07-09 21:47:59.698703500+05:30,63.0,36,25.0,2671.46,65.8,203,312,MIXED,60.0,8.0,WORKLOAD_STEP
2026-07-09 21:48:01.730444500+05:30,63.3,30,24.3,2661.42,65.84,203,312,MIXED,60.0,8.0,WORKLOAD_STEP
2026-07-09 21:48:03.754311200+05:30,62.5,36,23.0,2822.11,65.78,203,311,MIXED,60.0,8.0,WORKLOAD_STEP
2026-07-09 21:48:05.785578300+05:30,60.7,33,23.9,2791.98,65.83,203,311,MIXED,60.0,8.0,WORKLOAD_STEP
2026-07-09 21:48:07.813397300+05:30,61.0,33,24.4,2651.39,65.83,203,311,MIXED,60.0,8.0,WORKLOAD_STEP
2026-07-09 21:48:09.878858800+05:30,61.4,33,22.3,2721.68,65.8,203,310,MIXED,60.0,8.0,WORKLOAD_STEP
2026-07-09 21:48:11.908870400+05:30,62.0,33,24.3,2661.41,65.81,203,310,MIXED,60.0,8.0,WORKLOAD_STEP
2026-07-09 21:48:13.940187700+05:30,60.3,33,23.1,2661.42,65.81,203,310,MIXED,60.0,8.0,WORKLOAD_STEP
2026-07-09 21:48:15.963723700+05:30,68.5,30,25.0,2550.94,65.78,203,310,MIXED,60.0,8.0,WORKLOAD_STEP
2026-07-09 21:48:17.999002700+05:30,63.8,33,23.8,2641.34,65.75,203,310,MIXED,60.0,8.0,WORKLOAD_STEP
2026-07-09 21:48:20.032878900+05:30,68.9,29,25.4,2500.73,65.73,203,310,MIXED,60.0,8.0,WORKLOAD_STEP
2026-07-09 21:48:22.068362100+05:30,60.2,34,22.7,2751.8,65.78,203,310,MIXED,60.0,8.0,WORKLOAD_STEP
2026-07-09 21:48:24.097498600+05:30,63.1,30,23.4,2741.76,65.79,203,310,MIXED,60.0,8.0,WORKLOAD_STEP
2026-07-09 21:48:26.129559400+05:30,60.6,30,24.1,2791.98,65.78,203,310,MIXED,60.0,8.0,WORKLOAD_STEP
2026-07-09 21:48:28.162548800+05:30,61.4,33,24.4,2852.23,65.79,203,310,MIXED,60.0,8.0,WORKLOAD_STEP
2026-07-09 21:48:30.196970400+05:30,63.6,30,24.0,2611.2,65.74,203,309,MIXED,60.0,8.0,WORKLOAD_STEP
2026-07-09 21:48:32.245856400+05:30,62.4,30,23.7,2771.89,65.74,206,309,MIXED,60.0,8.0,WORKLOAD_STEP
2026-07-09 21:48:34.274081+05:30,61.7,33,25.7,2701.59,65.73,206,309,MIXED,60.0,8.0,WORKLOAD_STEP
2026-07-09 21:48:36.307841800+05:30,59.9,29,24.8,2761.85,65.78,203,309,MIXED,60.0,8.0,WORKLOAD_STEP
2026-07-09 21:48:38.337321500+05:30,60.5,33,24.1,2691.55,65.72,203,308,MIXED,60.0,8.0,WORKLOAD_STEP
2026-07-09 21:48:40.372972700+05:30,60.1,32,23.5,2791.98,65.71,203,307,MIXED,60.0,8.0,WORKLOAD_STEP
2026-07-09 21:48:42.404631600+05:30,59.9,32,24.0,2781.93,65.71,203,307,MIXED,60.0,8.0,WORKLOAD_STEP
2026-07-09 21:48:44.435143600+05:30,61.2,32,24.2,2802.02,65.7,203,307,MIXED,60.0,8.0,WORKLOAD_STEP
2026-07-09 21:48:46.464115300+05:30,60.8,33,23.8,2761.86,65.7,203,307,MIXED,60.0,8.0,WORKLOAD_STEP
2026-07-09 21:48:48.508263600+05:30,61.4,32,26.7,2651.37,65.7,203,307,MIXED,60.0,8.0,WORKLOAD_STEP
2026-07-09 21:48:50.538316300+05:30,63.8,33,23.6,2791.98,65.74,203,307,MIXED,60.0,8.0,WORKLOAD_STEP
2026-07-09 21:48:52.566654900+05:30,60.5,33,24.2,2661.41,65.72,203,307,MIXED,60.0,8.0,WORKLOAD_STEP
2026-07-09 21:48:54.598297600+05:30,61.9,33,25.2,2812.06,65.71,203,307,MIXED,60.0,8.0,WORKLOAD_STEP
2026-07-09 21:48:56.629312400+05:30,61.1,30,23.8,2621.25,65.72,203,307,MIXED,60.0,8.0,WORKLOAD_STEP
2026-07-09 21:48:58.664009100+05:30,62.4,33,25.0,2701.59,65.69,203,307,MIXED,60.0,8.0,WORKLOAD_STEP
2026-07-09 21:49:00.691206600+05:30,61.3,34,25.5,2611.21,65.71,203,307,MIXED,60.0,8.0,WORKLOAD_STEP
2026-07-09 21:49:02.723844300+05:30,66.0,34,22.3,2530.86,65.7,203,307,MIXED,80.0,9.0,WORKLOAD_STEP
2026-07-09 21:49:04.752837100+05:30,80.1,34,24.1,2550.95,65.7,203,307,MIXED,80.0,9.0,WORKLOAD_STEP
2026-07-09 21:49:06.816159400+05:30,80.5,37,22.0,2641.33,65.7,203,307,MIXED,80.0,9.0,WORKLOAD_STEP
2026-07-09 21:49:08.864110400+05:30,80.8,36,24.1,2611.19,65.7,203,307,MIXED,80.0,9.0,WORKLOAD_STEP
2026-07-09 21:49:10.893183100+05:30,81.2,34,23.4,2571.02,65.67,203,307,MIXED,80.0,9.0,WORKLOAD_STEP
2026-07-09 21:49:12.916485200+05:30,80.3,33,25.0,2721.66,65.7,203,307,MIXED,80.0,9.0,WORKLOAD_STEP
2026-07-09 21:49:14.941340800+05:30,80.6,34,25.8,2601.17,65.69,203,307,MIXED,80.0,9.0,WORKLOAD_STEP
2026-07-09 21:49:16.968637100+05:30,80.7,33,25.4,2611.21,65.69,203,307,MIXED,80.0,9.0,WORKLOAD_STEP
2026-07-09 21:49:18.997107400+05:30,80.3,32,24.5,2661.41,65.73,203,309,MIXED,80.0,9.0,WORKLOAD_STEP
2026-07-09 21:49:21.030206600+05:30,85.6,33,25.1,2520.81,65.73,202,307,MIXED,80.0,9.0,WORKLOAD_STEP
2026-07-09 21:49:23.060853500+05:30,84.8,33,25.5,2560.98,65.73,202,307,MIXED,80.0,9.0,WORKLOAD_STEP
2026-07-09 21:49:25.089063500+05:30,84.5,33,24.7,2440.47,65.73,202,307,MIXED,80.0,9.0,WORKLOAD_STEP
2026-07-09 21:49:27.117653900+05:30,80.7,33,26.2,2611.2,65.79,202,307,MIXED,80.0,9.0,WORKLOAD_STEP
2026-07-09 21:49:29.151025400+05:30,80.4,32,24.3,2581.07,65.72,202,307,MIXED,80.0,9.0,WORKLOAD_STEP
2026-07-09 21:49:31.185346300+05:30,80.8,32,23.3,2711.63,65.72,202,307,MIXED,80.0,9.0,WORKLOAD_STEP
2026-07-09 21:49:33.220169100+05:30,81.3,33,24.6,2510.76,65.99,202,309,MIXED,80.0,9.0,WORKLOAD_STEP
2026-07-09 21:49:35.255356500+05:30,83.5,33,24.2,2490.68,65.86,202,309,MIXED,80.0,9.0,WORKLOAD_STEP
2026-07-09 21:49:37.286880100+05:30,85.8,33,24.8,2621.24,65.84,202,309,MIXED,80.0,9.0,WORKLOAD_STEP
2026-07-09 21:49:39.317894900+05:30,88.5,36,24.5,2380.2,65.97,202,309,MIXED,80.0,9.0,WORKLOAD_STEP
2026-07-09 21:49:41.377869500+05:30,92.5,34,22.6,2601.15,65.86,202,309,MIXED,80.0,9.0,WORKLOAD_STEP
2026-07-09 21:49:43.414769+05:30,88.9,33,26.7,2420.4,69.84,235,330,MIXED,80.0,9.0,WORKLOAD_STEP
2026-07-09 21:49:45.825792300+05:30,77.0,34,26.9,2279.78,70.78,239,336,MIXED,80.0,9.0,WORKLOAD_STEP
2026-07-09 21:49:47.864092+05:30,99.6,34,25.8,2350.1,68.73,250,336,MIXED,80.0,9.0,WORKLOAD_STEP
2026-07-09 21:49:49.903436800+05:30,99.4,34,25.3,2420.39,67.5,249,333,MIXED,80.0,9.0,WORKLOAD_STEP
2026-07-09 21:49:51.941203900+05:30,84.6,32,22.6,2621.23,63.04,248,313,MIXED,80.0,9.0,WORKLOAD_STEP
2026-07-09 21:49:53.972209100+05:30,82.2,32,25.8,2791.96,62.98,247,312,MIXED,80.0,9.0,WORKLOAD_STEP
2026-07-09 21:49:56.004909200+05:30,80.3,33,22.2,2681.51,62.97,247,312,MIXED,80.0,9.0,WORKLOAD_STEP
2026-07-09 21:49:58.037852300+05:30,81.1,33,24.5,2621.26,63.24,247,312,MIXED,80.0,9.0,WORKLOAD_STEP
2026-07-09 21:50:00.078515800+05:30,93.1,33,24.4,2430.43,63.39,247,312,MIXED,80.0,9.0,WORKLOAD_STEP
2026-07-09 21:50:02.111417600+05:30,87.1,33,23.0,2530.85,63.44,246,312,MIXED,80.0,9.0,WORKLOAD_STEP
2026-07-09 21:50:04.144157600+05:30,80.6,34,22.8,2641.32,63.42,246,312,MIXED,80.0,9.0,WORKLOAD_STEP
2026-07-09 21:50:06.172165600+05:30,80.7,33,23.7,2500.71,63.42,245,312,MIXED,80.0,9.0,WORKLOAD_STEP
2026-07-09 21:50:08.203696800+05:30,83.6,30,23.1,2641.32,63.41,245,312,MIXED,80.0,9.0,WORKLOAD_STEP
2026-07-09 21:50:10.233445700+05:30,80.5,32,24.2,2661.42,63.42,245,312,MIXED,80.0,9.0,WORKLOAD_STEP
2026-07-09 21:50:12.277893400+05:30,80.4,32,25.3,2661.44,63.42,244,312,MIXED,80.0,9.0,WORKLOAD_STEP
2026-07-09 21:50:14.310808900+05:30,86.2,33,24.0,2641.36,63.41,244,312,MIXED,80.0,9.0,WORKLOAD_STEP
2026-07-09 21:50:16.341489400+05:30,80.1,30,23.2,2621.23,63.46,244,312,MIXED,80.0,9.0,WORKLOAD_STEP
2026-07-09 21:50:18.374241500+05:30,81.5,32,24.1,2691.55,63.46,244,312,MIXED,80.0,9.0,WORKLOAD_STEP
2026-07-09 21:50:20.409605600+05:30,87.2,33,23.6,2611.19,63.49,244,312,MIXED,80.0,9.0,WORKLOAD_STEP
2026-07-09 21:50:22.443368300+05:30,81.3,37,22.7,2540.88,63.43,246,311,MIXED,80.0,9.0,WORKLOAD_STEP
2026-07-09 21:50:24.472731500+05:30,85.6,39,21.4,2591.12,63.5,246,311,MIXED,80.0,9.0,WORKLOAD_STEP
2026-07-09 21:50:26.502324+05:30,81.4,33,23.2,2581.06,63.49,246,311,MIXED,80.0,9.0,WORKLOAD_STEP
2026-07-09 21:50:28.529323800+05:30,93.2,34,24.0,2400.3,63.5,246,311,MIXED,80.0,9.0,WORKLOAD_STEP
2026-07-09 21:50:30.562656900+05:30,84.8,34,25.0,2550.92,63.5,246,311,MIXED,80.0,9.0,WORKLOAD_STEP
2026-07-09 21:50:32.592023700+05:30,84.4,33,24.0,2711.64,63.49,249,311,MIXED,80.0,9.0,WORKLOAD_STEP
2026-07-09 21:50:34.618008600+05:30,81.2,36,23.3,2591.12,63.49,249,311,MIXED,80.0,9.0,WORKLOAD_STEP
2026-07-09 21:50:36.645810200+05:30,81.6,33,25.1,2771.9,63.49,246,311,MIXED,80.0,9.0,WORKLOAD_STEP
2026-07-09 21:50:38.673985900+05:30,80.8,37,22.8,2550.93,63.47,246,310,MIXED,80.0,9.0,WORKLOAD_STEP
2026-07-09 21:50:40.710016800+05:30,81.0,39,21.1,2711.64,63.41,246,309,MIXED,80.0,9.0,WORKLOAD_STEP
2026-07-09 21:50:42.740013+05:30,81.8,39,23.8,2510.76,63.42,248,309,MIXED,80.0,10.0,WORKLOAD_STEP
2026-07-09 21:50:44.816712100+05:30,83.1,36,23.1,2500.74,63.43,248,308,MIXED,80.0,10.0,WORKLOAD_STEP
2026-07-09 21:50:46.851854600+05:30,81.9,34,24.5,2510.76,63.4,248,308,MIXED,80.0,10.0,WORKLOAD_STEP
2026-07-09 21:50:48.880703700+05:30,82.5,36,24.4,2711.64,63.4,253,308,MIXED,80.0,10.0,WORKLOAD_STEP
2026-07-09 21:50:50.909999900+05:30,81.0,33,24.5,2631.27,63.42,252,308,MIXED,80.0,10.0,WORKLOAD_STEP
2026-07-09 21:50:52.938954800+05:30,81.8,34,25.0,2671.47,63.42,252,308,MIXED,80.0,10.0,WORKLOAD_STEP
2026-07-09 21:50:54.967427300+05:30,81.3,32,23.0,2651.38,63.41,252,308,MIXED,80.0,10.0,WORKLOAD_STEP
2026-07-09 21:50:56.998597+05:30,84.6,37,23.9,2581.08,63.83,252,308,MIXED,80.0,10.0,WORKLOAD_STEP
2026-07-09 21:50:59.026966900+05:30,88.3,32,26.9,2671.46,63.99,252,308,MIXED,80.0,10.0,WORKLOAD_STEP
2026-07-09 21:51:01.055444100+05:30,80.5,32,24.7,2641.33,64.02,252,308,MIXED,80.0,10.0,WORKLOAD_STEP
2026-07-09 21:51:03.085238500+05:30,81.9,33,22.9,2540.89,64.11,252,308,MIXED,80.0,10.0,WORKLOAD_STEP
2026-07-09 21:51:05.116224800+05:30,79.5,30,27.1,2641.34,64.22,252,308,MIXED,80.0,10.0,WORKLOAD_STEP
2026-07-09 21:51:07.148646800+05:30,80.0,32,23.6,2781.95,64.16,252,308,MIXED,80.0,10.0,WORKLOAD_STEP
2026-07-09 21:51:09.179325600+05:30,80.2,33,23.7,2550.93,64.17,252,308,MIXED,80.0,10.0,WORKLOAD_STEP
2026-07-09 21:51:11.208763800+05:30,79.8,33,25.3,2701.6,64.17,252,308,MIXED,80.0,10.0,WORKLOAD_STEP
2026-07-09 21:51:13.241132900+05:30,89.8,33,25.7,2611.19,64.17,252,308,MIXED,80.0,10.0,WORKLOAD_STEP
2026-07-09 21:51:15.285873500+05:30,80.9,36,22.7,2651.37,64.17,252,308,MIXED,80.0,10.0,WORKLOAD_STEP
2026-07-09 21:51:17.315367600+05:30,80.2,32,26.1,2681.51,64.17,252,308,MIXED,80.0,10.0,WORKLOAD_STEP
2026-07-09 21:51:19.347330800+05:30,81.5,34,24.5,2460.55,64.43,252,310,MIXED,80.0,10.0,WORKLOAD_STEP
2026-07-09 21:51:21.381006900+05:30,80.4,39,21.7,2550.95,64.2,252,308,MIXED,80.0,10.0,WORKLOAD_STEP
2026-07-09 21:51:23.413958300+05:30,81.5,39,23.4,2731.71,64.2,252,308,MIXED,80.0,10.0,WORKLOAD_STEP
2026-07-09 21:51:25.444687800+05:30,80.9,27,25.1,2822.12,64.19,252,308,MIXED,80.0,10.0,WORKLOAD_STEP
2026-07-09 21:51:27.478024400+05:30,82.4,33,23.4,2530.85,64.17,252,308,MIXED,100.0,11.0,WORKLOAD_STEP
2026-07-09 21:51:29.554181300+05:30,99.7,34,23.6,2500.72,64.15,252,308,MIXED,100.0,11.0,WORKLOAD_STEP
2026-07-09 21:51:31.604685400+05:30,100.0,33,24.7,2520.8,64.14,252,308,MIXED,100.0,11.0,WORKLOAD_STEP
2026-07-09 21:51:33.649518500+05:30,100.0,33,24.1,2430.42,64.12,252,308,MIXED,100.0,11.0,WORKLOAD_STEP
2026-07-09 21:51:35.709300300+05:30,100.0,33,24.7,2470.6,64.12,252,308,MIXED,100.0,11.0,WORKLOAD_STEP
2026-07-09 21:51:37.759993600+05:30,100.0,33,22.2,2480.64,64.12,252,308,MIXED,100.0,11.0,WORKLOAD_STEP
2026-07-09 21:51:39.814536400+05:30,100.0,33,25.3,2480.64,64.15,252,308,MIXED,100.0,11.0,WORKLOAD_STEP
2026-07-09 21:51:41.868551700+05:30,100.0,33,24.6,2500.72,64.12,252,308,MIXED,100.0,11.0,WORKLOAD_STEP
2026-07-09 21:51:43.919715700+05:30,100.0,34,24.8,2470.6,64.11,250,308,MIXED,100.0,11.0,WORKLOAD_STEP
2026-07-09 21:51:45.968593700+05:30,100.0,33,25.6,2500.72,64.11,213,308,MIXED,100.0,11.0,WORKLOAD_STEP
2026-07-09 21:51:48.034681900+05:30,100.0,34,27.8,2460.56,64.14,212,308,MIXED,100.0,11.0,WORKLOAD_STEP
2026-07-09 21:51:50.080320700+05:30,100.0,33,25.9,2470.6,64.12,211,308,MIXED,100.0,11.0,WORKLOAD_STEP
2026-07-09 21:51:52.126422300+05:30,100.0,34,25.6,2520.8,64.16,212,308,MIXED,100.0,11.0,WORKLOAD_STEP
2026-07-09 21:51:54.192799300+05:30,100.0,32,25.6,2480.64,64.07,212,308,MIXED,100.0,11.0,WORKLOAD_STEP
2026-07-09 21:51:56.253933100+05:30,100.0,34,25.6,2550.92,64.08,212,308,MIXED,100.0,11.0,WORKLOAD_STEP
2026-07-09 21:51:58.337687+05:30,100.0,34,25.3,2500.72,64.1,212,309,MIXED,100.0,11.0,WORKLOAD_STEP
2026-07-09 21:52:00.380127500+05:30,100.0,33,24.4,2490.68,64.13,214,309,MIXED,100.0,11.0,WORKLOAD_STEP
2026-07-09 21:52:02.428757500+05:30,100.0,34,27.3,2460.56,64.12,214,309,MIXED,100.0,11.0,WORKLOAD_STEP
2026-07-09 21:52:04.488742+05:30,100.0,33,23.2,2490.68,64.11,213,309,MIXED,100.0,11.0,WORKLOAD_STEP
2026-07-09 21:52:06.547660+05:30,100.0,33,24.5,2480.63,64.11,213,310,MIXED,100.0,11.0,WORKLOAD_STEP
2026-07-09 21:52:08.601228500+05:30,100.0,33,24.6,2470.6,64.11,213,310,MIXED,100.0,11.0,WORKLOAD_STEP
2026-07-09 21:52:10.655517100+05:30,100.0,33,25.3,2520.8,64.47,212,310,MIXED,100.0,11.0,WORKLOAD_STEP
2026-07-09 21:52:12.695897900+05:30,100.0,33,25.5,2490.68,64.39,211,310,MIXED,100.0,11.0,WORKLOAD_STEP
2026-07-09 21:52:14.764650200+05:30,100.0,33,25.1,2490.68,64.85,213,310,MIXED,100.0,12.0,WORKLOAD_STEP
2026-07-09 21:52:16.815188+05:30,100.0,33,23.6,2480.64,64.83,213,310,MIXED,100.0,12.0,WORKLOAD_STEP
2026-07-09 21:52:18.881543500+05:30,100.0,33,26.4,2490.67,64.89,213,309,MIXED,100.0,12.0,WORKLOAD_STEP
2026-07-09 21:52:21.002656300+05:30,100.0,33,24.0,2510.75,64.89,213,309,MIXED,100.0,12.0,WORKLOAD_STEP
2026-07-09 21:52:23.065950900+05:30,100.0,33,27.4,2490.68,64.96,213,310,MIXED,100.0,12.0,WORKLOAD_STEP
2026-07-09 21:52:25.124679300+05:30,100.0,33,22.1,2530.84,64.92,212,310,MIXED,100.0,12.0,WORKLOAD_STEP
2026-07-09 21:52:27.176811100+05:30,100.0,33,24.0,2520.8,64.93,212,310,MIXED,100.0,12.0,WORKLOAD_STEP
2026-07-09 21:52:29.231974400+05:30,100.0,33,25.0,2460.55,64.83,213,310,MIXED,100.0,12.0,WORKLOAD_STEP
2026-07-09 21:52:31.286691600+05:30,100.0,33,23.1,2480.64,64.85,215,310,MIXED,100.0,12.0,WORKLOAD_STEP
2026-07-09 21:52:33.334835600+05:30,100.0,33,24.8,2510.77,64.8,215,310,MIXED,100.0,12.0,WORKLOAD_STEP
2026-07-09 21:52:35.385490500+05:30,100.0,32,23.3,2510.76,64.88,215,310,MIXED,100.0,12.0,WORKLOAD_STEP
2026-07-09 21:52:37.453563100+05:30,100.0,33,24.6,2470.59,64.81,212,311,MIXED,100.0,12.0,WORKLOAD_STEP
2026-07-09 21:52:39.513392100+05:30,100.0,34,24.2,2480.64,64.8,212,310,MIXED,100.0,12.0,WORKLOAD_STEP
2026-07-09 21:52:41.586846200+05:30,100.0,33,25.8,2530.84,64.8,211,310,MIXED,100.0,12.0,WORKLOAD_STEP
2026-07-09 21:52:43.637251200+05:30,100.0,32,24.5,2480.63,64.79,209,310,MIXED,100.0,12.0,WORKLOAD_STEP
2026-07-09 21:52:45.702611200+05:30,100.0,33,24.3,2490.67,64.79,209,310,MIXED,100.0,12.0,WORKLOAD_STEP
2026-07-09 21:52:47.755417400+05:30,100.0,32,23.4,2500.72,64.8,209,310,MIXED,100.0,12.0,WORKLOAD_STEP
2026-07-09 21:52:49.804029100+05:30,100.0,33,26.4,2480.64,64.8,209,310,MIXED,100.0,12.0,WORKLOAD_STEP
2026-07-09 21:52:51.850172600+05:30,100.0,33,24.3,2500.72,64.8,209,310,MIXED,100.0,12.0,WORKLOAD_STEP
2026-07-09 21:52:53.896870700+05:30,100.0,33,25.2,2510.76,64.8,207,310,MIXED,100.0,12.0,WORKLOAD_STEP
2026-07-09 21:52:55.975899400+05:30,100.0,33,24.6,2520.8,64.79,207,311,MIXED,100.0,12.0,WORKLOAD_STEP
2026-07-09 21:52:58.015699100+05:30,100.0,33,25.5,2490.68,64.81,209,311,MIXED,100.0,12.0,WORKLOAD_STEP
2026-07-09 21:53:00.055092500+05:30,100.0,33,25.1,2500.72,64.81,209,311,MIXED,100.0,12.0,WORKLOAD_STEP
2026-07-09 21:53:02.096647+05:30,100.0,33,24.9,2510.76,64.82,210,311,MIXED,100.0,12.0,WORKLOAD_STEP
2026-07-09 21:53:04.138228700+05:30,100.0,33,24.9,2450.52,64.81,210,311,MIXED,100.0,12.0,WORKLOAD_STEP
2026-07-09 21:53:06.179216200+05:30,100.0,33,24.8,2460.56,64.81,210,311,MIXED,100.0,12.0,WORKLOAD_STEP
2026-07-09 21:53:08.237385800+05:30,100.0,33,24.5,2530.85,64.8,210,311,MIXED,100.0,12.0,WORKLOAD_STEP
2026-07-09 21:53:10.289182400+05:30,100.0,33,24.2,2490.67,64.81,210,311,MIXED,100.0,12.0,WORKLOAD_STEP
2026-07-09 21:53:12.345645600+05:30,100.0,32,25.3,2510.76,64.82,210,312,MIXED,100.0,12.0,WORKLOAD_STEP
2026-07-09 21:53:14.389556900+05:30,100.0,32,24.4,2490.68,64.86,210,313,MIXED,100.0,12.0,WORKLOAD_STEP
2026-07-09 21:53:16.461377400+05:30,100.0,32,24.7,2470.6,64.84,210,313,MIXED,100.0,12.0,WORKLOAD_STEP
2026-07-09 21:53:18.517134900+05:30,100.0,32,24.8,2470.6,64.83,210,313,MIXED,100.0,12.0,WORKLOAD_STEP
2026-07-09 21:53:20.602370700+05:30,100.0,32,25.7,2480.64,64.84,210,312,MIXED,100.0,12.0,WORKLOAD_STEP
2026-07-09 21:53:22.728121300+05:30,100.0,33,24.8,2450.52,65.46,208,313,MIXED,100.0,12.0,WORKLOAD_STEP
2026-07-09 21:53:24.803126100+05:30,100.0,33,25.3,2470.59,65.41,208,313,MIXED,100.0,12.0,WORKLOAD_STEP
2026-07-09 21:53:26.878541+05:30,100.0,34,25.9,2400.31,65.4,210,313,MIXED,100.0,12.0,WORKLOAD_STEP
2026-07-09 21:53:28.950483200+05:30,100.0,32,25.9,2400.3,65.68,210,313,MIXED,100.0,12.0,WORKLOAD_STEP
2026-07-09 21:53:31.001828400+05:30,100.0,32,24.2,2400.31,65.7,210,313,MIXED,100.0,12.0,WORKLOAD_STEP
2026-07-09 21:53:33.090621300+05:30,100.0,32,24.2,2400.31,65.91,210,315,MIXED,100.0,12.0,WORKLOAD_STEP
2026-07-09 21:53:35.146475200+05:30,100.0,33,25.8,2420.37,65.52,213,312,MIXED,100.0,12.0,WORKLOAD_STEP
2026-07-09 21:53:37.238168900+05:30,100.0,33,25.8,2420.37,65.52,213,312,MIXED,100.0,12.0,WORKLOAD_STEP
2026-07-09 21:53:39.339449600+05:30,100.0,33,25.8,2430.41,65.52,213,312,MIXED,100.0,12.0,WORKLOAD_STEP
2026-07-09 21:53:41.478604600+05:30,100.0,33,24.9,2400.28,65.53,213,312,MIXED,100.0,12.0,WORKLOAD_STEP
2026-07-09 21:53:43.565569100+05:30,100.0,33,24.9,2400.28,65.52,213,312,MIXED,100.0,12.0,WORKLOAD_STEP
2026-07-09 21:53:45.628857400+05:30,100.0,33,25.5,2420.38,65.54,213,312,MIXED,100.0,12.0,WORKLOAD_STEP
2026-07-09 21:53:47.697798100+05:30,100.0,32,25.5,2430.43,65.51,213,311,MIXED,100.0,12.0,WORKLOAD_STEP
2026-07-09 21:53:49.787540500+05:30,100.0,32,24.9,2420.38,65.5,209,311,MIXED,100.0,12.0,WORKLOAD_STEP
2026-07-09 21:53:51.851252600+05:30,100.0,32,24.9,2420.38,65.57,209,312,MIXED,100.0,12.0,WORKLOAD_STEP
2026-07-09 21:53:53.899328500+05:30,100.0,32,24.8,2430.44,65.5,209,310,MIXED,100.0,12.0,WORKLOAD_STEP
2026-07-09 21:53:56.024659400+05:30,100.0,33,26.5,2440.47,65.48,207,310,MIXED,100.0,12.0,WORKLOAD_STEP
2026-07-09 21:53:58.095026400+05:30,100.0,33,26.5,2440.47,65.4,207,310,MIXED,100.0,12.0,WORKLOAD_STEP
2026-07-09 21:54:00.181487800+05:30,100.0,33,26.5,2400.3,65.44,207,310,MIXED,100.0,12.0,WORKLOAD_STEP
2026-07-09 21:54:02.275019900+05:30,100.0,33,25.1,2370.17,65.47,207,312,MIXED,100.0,12.0,WORKLOAD_STEP
2026-07-09 21:54:04.348005400+05:30,100.0,33,25.1,2370.17,65.48,207,310,MIXED,100.0,12.0,WORKLOAD_STEP
2026-07-09 21:54:06.416630600+05:30,100.0,33,25.1,2390.25,65.48,207,310,MIXED,100.0,12.0,WORKLOAD_STEP
2026-07-09 21:54:08.504402600+05:30,97.2,36,25.4,2591.11,65.79,207,311,MIXED,0.0,13.0,WORKLOAD_STEP
2026-07-09 21:54:10.529345300+05:30,6.8,40,15.1,2852.25,65.43,207,308,MIXED,0.0,13.0,WORKLOAD_STEP
2026-07-09 21:54:12.553296900+05:30,8.2,39,17.7,2410.34,65.43,207,308,MIXED,0.0,13.0,WORKLOAD_STEP
2026-07-09 21:54:14.570876200+05:30,13.3,18,17.3,2992.82,65.43,207,308,MIXED,0.0,13.0,WORKLOAD_STEP
2026-07-09 21:54:16.588524400+05:30,13.2,39,15.4,2641.35,65.42,207,308,MIXED,0.0,13.0,WORKLOAD_STEP
2026-07-09 21:54:18.606201400+05:30,6.8,19,13.7,2500.75,65.41,207,308,MIXED,0.0,13.0,WORKLOAD_STEP
2026-07-09 21:54:20.624251+05:30,9.4,40,17.9,2480.66,65.42,207,308,MIXED,0.0,13.0,WORKLOAD_STEP
2026-07-09 21:54:22.643699+05:30,15.2,47,18.8,2430.44,65.5,207,308,MIXED,0.0,13.0,WORKLOAD_STEP
2026-07-09 21:54:24.664375800+05:30,8.6,18,14.6,2962.7,65.5,206,308,MIXED,0.0,13.0,WORKLOAD_STEP
2026-07-09 21:54:26.685534900+05:30,10.5,32,15.2,2802.04,65.47,210,308,MIXED,0.0,13.0,WORKLOAD_STEP
2026-07-09 21:54:28.709636100+05:30,8.0,19,16.8,2540.92,65.46,210,308,MIXED,0.0,13.0,WORKLOAD_STEP
2026-07-09 21:54:30.727482900+05:30,10.1,39,20.1,2711.64,65.43,210,308,MIXED,0.0,13.0,WORKLOAD_STEP
2026-07-09 21:54:32.772078+05:30,7.7,40,17.6,2802.02,65.42,213,308,MIXED,100.0,14.0,WORKLOAD_STEP
2026-07-09 21:54:34.897473400+05:30,72.6,40,17.6,2802.02,65.41,213,308,MIXED,100.0,14.0,WORKLOAD_STEP
2026-07-09 21:54:37.025181+05:30,72.6,33,17.6,2490.69,65.41,210,308,MIXED,100.0,14.0,WORKLOAD_STEP
2026-07-09 21:54:39.141713+05:30,100.0,33,25.6,2450.52,65.4,210,308,MIXED,100.0,14.0,WORKLOAD_STEP
2026-07-09 21:54:41.223976400+05:30,100.0,33,25.6,2450.51,65.4,209,310,MIXED,100.0,14.0,WORKLOAD_STEP
2026-07-09 21:54:43.316415700+05:30,100.0,33,24.9,2410.34,65.39,209,309,MIXED,100.0,14.0,WORKLOAD_STEP
2026-07-09 21:54:45.388838500+05:30,100.0,33,24.9,2410.34,66.57,211,309,MIXED,100.0,14.0,WORKLOAD_STEP
2026-07-09 21:54:47.544755900+05:30,100.0,34,25.0,2460.55,66.59,214,309,MIXED,100.0,14.0,WORKLOAD_STEP
2026-07-09 21:54:49.847358800+05:30,100.0,33,25.0,2460.56,66.59,214,309,MIXED,100.0,14.0,WORKLOAD_STEP
2026-07-09 21:54:53.563233100+05:30,100.0,33,24.8,2410.35,66.87,214,309,MIXED,100.0,14.0,WORKLOAD_STEP
2026-07-09 21:54:55.618618200+05:30,100.0,34,24.9,2329.98,66.89,214,309,MIXED,100.0,14.0,WORKLOAD_STEP
2026-07-09 21:54:57.678920+05:30,100.0,34,24.9,2329.99,66.88,214,309,MIXED,100.0,14.0,WORKLOAD_STEP
2026-07-09 21:54:59.768145400+05:30,100.0,34,25.4,2350.09,66.89,214,309,MIXED,100.0,14.0,WORKLOAD_STEP
2026-07-09 21:55:01.959521600+05:30,100.0,34,25.4,2329.98,66.89,214,309,MIXED,100.0,14.0,WORKLOAD_STEP
2026-07-09 21:55:04.102058700+05:30,100.0,34,24.3,2319.94,66.88,214,309,MIXED,100.0,14.0,WORKLOAD_STEP
2026-07-09 21:55:06.269669700+05:30,100.0,34,24.9,2350.07,66.88,214,309,MIXED,100.0,14.0,WORKLOAD_STEP
2026-07-09 21:55:08.384443600+05:30,100.0,34,25.7,2340.04,66.88,214,309,MIXED,100.0,14.0,WORKLOAD_STEP
2026-07-09 21:55:10.532287500+05:30,100.0,34,25.7,2340.04,66.88,213,309,MIXED,100.0,14.0,WORKLOAD_STEP
2026-07-09 21:55:12.746772900+05:30,100.0,34,24.6,2350.07,66.64,211,308,MIXED,100.0,15.0,WORKLOAD_STEP
2026-07-09 21:55:14.829168700+05:30,100.0,34,24.6,2350.07,66.63,211,308,MIXED,100.0,15.0,WORKLOAD_STEP
2026-07-09 21:55:16.914071900+05:30,100.0,33,25.1,2360.12,66.64,214,308,MIXED,100.0,15.0,WORKLOAD_STEP
2026-07-09 21:55:19.017222800+05:30,100.0,33,24.1,2330.0,66.64,214,309,MIXED,100.0,15.0,WORKLOAD_STEP
2026-07-09 21:55:21.091045900+05:30,100.0,36,24.4,2350.08,66.65,216,309,MIXED,100.0,15.0,WORKLOAD_STEP
2026-07-09 21:55:23.156827800+05:30,100.0,36,24.4,2350.08,66.64,215,309,MIXED,100.0,15.0,WORKLOAD_STEP
2026-07-09 21:55:25.213984900+05:30,100.0,34,24.6,2319.93,66.64,215,309,MIXED,100.0,15.0,WORKLOAD_STEP
2026-07-09 21:55:27.312421500+05:30,100.0,34,24.6,2319.93,66.64,214,310,MIXED,100.0,15.0,WORKLOAD_STEP
2026-07-09 21:55:29.411707700+05:30,100.0,33,23.9,2319.95,66.67,214,311,MIXED,100.0,15.0,WORKLOAD_STEP
2026-07-09 21:55:31.567957500+05:30,100.0,34,24.3,2279.79,66.92,216,311,MIXED,100.0,15.0,WORKLOAD_STEP
2026-07-09 21:55:33.769551800+05:30,100.0,34,23.5,2319.94,66.88,216,309,MIXED,100.0,15.0,WORKLOAD_STEP
2026-07-09 21:55:35.910303600+05:30,100.0,33,23.5,2340.04,66.87,218,309,MIXED,100.0,15.0,WORKLOAD_STEP
2026-07-09 21:55:38.081993300+05:30,100.0,33,23.8,2330.0,66.68,218,307,MIXED,100.0,15.0,WORKLOAD_STEP
2026-07-09 21:55:40.231942800+05:30,100.0,33,25.0,2360.12,66.65,218,307,MIXED,100.0,15.0,WORKLOAD_STEP
2026-07-09 21:55:42.386389200+05:30,100.0,33,24.1,2410.34,66.67,217,307,MIXED,100.0,15.0,WORKLOAD_STEP
2026-07-09 21:55:44.567579500+05:30,100.0,33,24.1,2360.12,66.66,217,307,MIXED,100.0,15.0,WORKLOAD_STEP
2026-07-09 21:55:46.686951500+05:30,100.0,33,24.1,2289.82,66.66,217,308,MIXED,100.0,15.0,WORKLOAD_STEP
2026-07-09 21:55:48.895285800+05:30,100.0,34,24.8,2360.13,66.66,217,308,MIXED,100.0,15.0,WORKLOAD_STEP
2026-07-09 21:55:51.055642200+05:30,100.0,34,24.8,2360.13,66.66,216,308,MIXED,100.0,15.0,WORKLOAD_STEP
2026-07-09 21:55:53.192330900+05:30,100.0,33,24.6,2329.99,66.66,216,308,MIXED,100.0,15.0,WORKLOAD_STEP
2026-07-09 21:55:55.244509300+05:30,100.0,33,24.6,2329.99,66.67,214,308,MIXED,100.0,15.0,WORKLOAD_STEP
2026-07-09 21:55:57.343731900+05:30,100.0,33,24.0,2309.9,66.66,213,308,MIXED,100.0,15.0,WORKLOAD_STEP
2026-07-09 21:55:59.424405800+05:30,100.0,34,24.2,2370.18,66.66,213,308,MIXED,100.0,15.0,WORKLOAD_STEP
2026-07-09 21:56:01.522461900+05:30,100.0,34,24.2,2370.18,66.66,211,308,MIXED,100.0,15.0,WORKLOAD_STEP
2026-07-09 21:56:03.661946700+05:30,100.0,34,25.2,2330.01,66.65,211,308,MIXED,100.0,15.0,WORKLOAD_STEP
2026-07-09 21:56:05.835709800+05:30,100.0,34,25.2,2330.01,66.65,211,308,MIXED,100.0,15.0,WORKLOAD_STEP
2026-07-09 21:56:08.002461500+05:30,100.0,34,24.3,2400.29,66.65,211,309,MIXED,100.0,15.0,WORKLOAD_STEP
2026-07-09 21:56:10.092598300+05:30,100.0,34,24.9,2340.03,66.65,210,309,MIXED,100.0,15.0,WORKLOAD_STEP
2026-07-09 21:56:12.161027400+05:30,100.0,34,25.4,2400.31,66.66,210,309,MIXED,100.0,15.0,WORKLOAD_STEP
2026-07-09 21:56:14.231357200+05:30,100.0,33,24.8,2370.17,66.66,212,309,MIXED,100.0,15.0,WORKLOAD_STEP
2026-07-09 21:56:16.306026100+05:30,100.0,34,23.9,2340.03,66.66,213,309,MIXED,100.0,15.0,WORKLOAD_STEP
2026-07-09 21:56:18.400874900+05:30,100.0,34,24.8,2319.96,66.66,213,310,MIXED,100.0,15.0,WORKLOAD_STEP
2026-07-09 21:56:20.487065+05:30,100.0,34,24.8,2319.96,66.65,213,310,MIXED,100.0,15.0,WORKLOAD_STEP
2026-07-09 21:56:22.589075800+05:30,100.0,34,24.6,2309.9,66.66,213,310,MIXED,100.0,15.0,WORKLOAD_STEP
2026-07-09 21:56:24.688623800+05:30,100.0,34,24.6,2309.9,66.65,212,310,MIXED,100.0,15.0,WORKLOAD_STEP
2026-07-09 21:56:26.840350900+05:30,100.0,34,24.7,2319.95,66.72,211,310,MIXED,100.0,15.0,WORKLOAD_STEP
2026-07-09 21:56:29.004804200+05:30,100.0,33,25.1,2360.13,66.65,210,311,MIXED,100.0,15.0,WORKLOAD_STEP
2026-07-09 21:56:31.159934100+05:30,100.0,34,25.1,2330.01,66.65,214,311,MIXED,100.0,15.0,WORKLOAD_STEP
2026-07-09 21:56:33.400659700+05:30,100.0,34,24.9,2330.01,66.64,214,311,MIXED,100.0,15.0,WORKLOAD_STEP
2026-07-09 21:56:35.551751800+05:30,100.0,34,24.1,2299.86,66.64,214,311,MIXED,100.0,15.0,WORKLOAD_STEP
2026-07-09 21:56:37.645543200+05:30,100.0,34,24.1,2299.86,66.64,208,311,MIXED,100.0,15.0,WORKLOAD_STEP
2026-07-09 21:56:39.820765600+05:30,100.0,34,24.5,2309.91,66.63,207,311,MIXED,100.0,15.0,WORKLOAD_STEP
2026-07-09 21:56:41.949535400+05:30,100.0,36,24.5,2319.96,66.63,207,311,MIXED,100.0,15.0,WORKLOAD_STEP
2026-07-09 21:56:44.090121700+05:30,100.0,36,24.8,2360.14,66.63,207,311,MIXED,100.0,15.0,WORKLOAD_STEP
2026-07-09 21:56:46.252863700+05:30,100.0,36,24.8,2299.86,66.63,206,311,MIXED,100.0,15.0,WORKLOAD_STEP
2026-07-09 21:56:48.455906900+05:30,100.0,36,24.6,2370.16,66.63,206,311,MIXED,100.0,15.0,WORKLOAD_STEP
2026-07-09 21:56:50.558173300+05:30,100.0,36,24.6,2370.16,66.64,206,312,MIXED,100.0,15.0,WORKLOAD_STEP
2026-07-09 21:56:52.641850200+05:30,100.0,34,24.4,2340.02,66.71,206,312,MIXED,100.0,15.0,WORKLOAD_STEP
2026-07-09 21:56:54.844082900+05:30,100.0,34,26.3,2209.47,66.74,208,312,MIXED,100.0,15.0,WORKLOAD_STEP
2026-07-09 21:57:01.998704100+05:30,100.0,34,26.3,2209.47,66.83,208,312,MIXED,100.0,15.0,WORKLOAD_STEP
2026-07-09 21:57:05.262762200+05:30,100.0,34,26.3,2209.47,66.71,208,311,MIXED,100.0,15.0,WORKLOAD_STEP
2026-07-09 21:57:07.442904300+05:30,100.0,34,26.3,2380.21,66.73,208,311,MIXED,100.0,15.0,WORKLOAD_STEP
2026-07-09 21:57:09.556861900+05:30,100.0,34,25.0,2410.34,66.74,209,312,MIXED,100.0,15.0,WORKLOAD_STEP
2026-07-09 21:57:11.642050200+05:30,100.0,34,25.0,2410.34,66.75,209,312,MIXED,100.0,15.0,WORKLOAD_STEP
2026-07-09 21:57:13.791618900+05:30,100.0,34,24.2,2360.12,66.76,209,312,MIXED,100.0,15.0,WORKLOAD_STEP
2026-07-09 21:57:15.865218500+05:30,100.0,34,24.2,2380.21,66.75,209,312,MIXED,100.0,15.0,WORKLOAD_STEP
2026-07-09 21:57:17.931868400+05:30,100.0,33,24.0,2430.44,66.76,210,312,MIXED,100.0,15.0,WORKLOAD_STEP
2026-07-09 21:57:19.988139600+05:30,100.0,33,23.5,2450.52,66.75,210,312,MIXED,100.0,15.0,WORKLOAD_STEP
2026-07-09 21:57:22.048114800+05:30,100.0,33,25.3,2470.6,66.76,210,313,MIXED,100.0,15.0,WORKLOAD_STEP
2026-07-09 21:57:24.098999900+05:30,100.0,32,25.3,2480.63,66.76,209,313,MIXED,100.0,15.0,WORKLOAD_STEP
2026-07-09 21:57:26.239324600+05:30,100.0,33,24.2,2480.64,66.76,206,313,MIXED,100.0,15.0,WORKLOAD_STEP
2026-07-09 21:57:28.283880+05:30,100.0,33,25.3,2490.67,66.75,206,313,MIXED,100.0,15.0,WORKLOAD_STEP
2026-07-09 21:57:30.362219200+05:30,100.0,33,23.0,2470.59,66.75,206,313,MIXED,100.0,15.0,WORKLOAD_STEP
2026-07-09 21:57:32.433521300+05:30,100.0,32,23.9,2490.68,66.74,206,313,MIXED,100.0,15.0,WORKLOAD_STEP
2026-07-09 21:57:34.518652500+05:30,100.0,33,23.9,2440.47,66.73,206,314,MIXED,100.0,15.0,WORKLOAD_STEP
2026-07-09 21:57:36.595733+05:30,100.0,33,24.9,2510.76,66.72,206,314,MIXED,100.0,15.0,WORKLOAD_STEP
2026-07-09 21:57:38.678896400+05:30,100.0,32,23.8,2500.72,66.73,206,314,MIXED,100.0,15.0,WORKLOAD_STEP
2026-07-09 21:57:40.751689600+05:30,100.0,32,24.8,2520.8,66.73,206,314,MIXED,100.0,15.0,WORKLOAD_STEP
2026-07-09 21:57:42.844045100+05:30,100.0,32,25.2,2500.72,66.73,205,314,MIXED,100.0,15.0,WORKLOAD_STEP
2026-07-09 21:57:44.927898900+05:30,100.0,32,24.7,2510.76,66.73,205,315,MIXED,100.0,15.0,WORKLOAD_STEP
2026-07-09 21:57:46.991839800+05:30,100.0,33,25.9,2520.8,66.74,205,315,MIXED,100.0,15.0,WORKLOAD_STEP
2026-07-09 21:57:49.050790800+05:30,100.0,33,25.9,2490.67,66.74,205,315,MIXED,100.0,15.0,WORKLOAD_STEP
2026-07-09 21:57:51.130210200+05:30,100.0,33,25.4,2520.8,66.74,205,316,MIXED,100.0,15.0,WORKLOAD_STEP
2026-07-09 21:57:53.196523700+05:30,100.0,34,24.8,2510.76,66.75,205,316,MIXED,100.0,15.0,WORKLOAD_STEP
2026-07-09 21:57:55.245102700+05:30,100.0,32,23.3,2480.63,66.75,204,316,MIXED,100.0,15.0,WORKLOAD_STEP
2026-07-09 21:57:57.297143700+05:30,100.0,33,26.0,2490.68,66.75,204,316,MIXED,100.0,15.0,WORKLOAD_STEP
2026-07-09 21:57:59.341569600+05:30,100.0,33,24.9,2480.65,66.75,204,316,MIXED,100.0,15.0,WORKLOAD_STEP
2026-07-09 21:58:01.435806500+05:30,100.0,33,24.3,2510.76,66.75,204,316,MIXED,100.0,15.0,WORKLOAD_STEP
2026-07-09 21:58:03.498527900+05:30,100.0,33,24.6,2470.6,66.75,205,316,MIXED,100.0,15.0,WORKLOAD_STEP
2026-07-09 21:58:05.559814+05:30,100.0,33,24.8,2500.72,67.11,205,317,MIXED,0.0,16.0,WORKLOAD_STEP
2026-07-09 21:58:07.589218500+05:30,24.7,45,8.7,2109.06,66.66,205,307,MIXED,0.0,16.0,WORKLOAD_STEP
2026-07-09 21:58:09.620119900+05:30,4.9,48,6.3,2109.06,66.64,204,307,MIXED,0.0,16.0,WORKLOAD_STEP
2026-07-09 21:58:11.647449700+05:30,6.1,48,6.0,2109.06,66.61,206,307,MIXED,0.0,16.0,WORKLOAD_STEP
2026-07-09 21:58:13.689933900+05:30,7.3,48,6.2,2109.06,66.61,206,307,MIXED,0.0,16.0,WORKLOAD_STEP
2026-07-09 21:58:15.718002600+05:30,1.2,50,3.9,2109.06,66.59,206,307,MIXED,0.0,16.0,WORKLOAD_STEP
2026-07-09 21:58:17.738135300+05:30,2.3,50,3.8,2109.06,66.6,207,307,MIXED,0.0,16.0,WORKLOAD_STEP
2026-07-09 21:58:19.768049500+05:30,4.0,49,5.6,2109.06,66.59,209,307,MIXED,0.0,16.0,WORKLOAD_STEP
2026-07-09 21:58:21.795541+05:30,5.9,50,7.4,2109.06,66.63,209,307,MIXED,0.0,16.0,WORKLOAD_STEP
2026-07-09 21:58:23.863421600+05:30,3.4,50,5.3,2109.06,66.65,208,307,MIXED,0.0,16.0,WORKLOAD_STEP
2026-07-09 21:58:25.885423800+05:30,2.7,52,4.8,2109.06,66.65,208,307,MIXED,0.0,16.0,WORKLOAD_STEP
2026-07-09 21:58:27.913066+05:30,3.4,52,5.6,2430.44,66.65,208,307,MIXED,0.0,16.0,WORKLOAD_STEP
2026-07-09 21:58:29.936766800+05:30,1.7,53,4.0,2109.06,66.62,208,307,MIXED,0.0,16.0,WORKLOAD_STEP
2026-07-09 21:58:31.962554300+05:30,4.8,53,4.2,2109.06,66.61,211,307,MIXED,0.0,16.0,WORKLOAD_STEP
2026-07-09 21:58:33.989604900+05:30,1.8,53,4.2,2109.06,66.62,211,307,MIXED,0.0,16.0,WORKLOAD_STEP
2026-07-09 21:58:36.013775200+05:30,3.3,53,4.9,2109.06,66.61,208,307,MIXED,0.0,16.0,WORKLOAD_STEP
2026-07-09 21:58:38.041008600+05:30,1.8,53,5.0,1958.41,66.61,206,307,MIXED,0.0,16.0,WORKLOAD_STEP
2026-07-09 21:58:40.069233200+05:30,4.6,52,4.8,2109.06,66.6,204,307,MIXED,0.0,16.0,WORKLOAD_STEP
2026-07-09 21:58:42.094210300+05:30,1.8,53,3.9,1958.41,66.6,204,307,MIXED,0.0,16.0,WORKLOAD_STEP
2026-07-09 21:58:44.121146100+05:30,4.0,55,4.9,2109.06,66.6,204,307,MIXED,0.0,16.0,WORKLOAD_STEP
2026-07-09 21:58:46.149636900+05:30,1.3,53,3.9,2109.06,66.59,208,307,MIXED,0.0,16.0,WORKLOAD_STEP
2026-07-09 21:58:48.179691200+05:30,8.4,48,7.4,2330.01,66.6,208,307,MIXED,20.0,17.0,WORKLOAD_STEP
2026-07-09 21:58:50.211839800+05:30,19.8,46,11.1,2611.22,66.6,208,307,MIXED,20.0,17.0,WORKLOAD_STEP
2026-07-09 21:58:52.256057400+05:30,24.2,46,13.0,2731.74,66.66,208,307,MIXED,20.0,17.0,WORKLOAD_STEP
2026-07-09 21:58:54.277430200+05:30,20.7,40,22.9,3304.2,66.69,208,307,MIXED,20.0,17.0,WORKLOAD_STEP
2026-07-09 21:58:56.296908100+05:30,21.1,37,24.0,3474.93,66.69,208,307,MIXED,20.0,17.0,WORKLOAD_STEP
2026-07-09 21:58:58.321083800+05:30,21.7,34,25.7,3203.75,66.66,208,307,MIXED,20.0,17.0,WORKLOAD_STEP
2026-07-09 21:59:00.340522+05:30,22.7,37,24.7,3304.18,66.68,208,307,MIXED,20.0,17.0,WORKLOAD_STEP
2026-07-09 21:59:02.358304500+05:30,21.0,30,28.9,3043.08,66.67,208,307,MIXED,20.0,17.0,WORKLOAD_STEP
2026-07-09 21:59:04.375863+05:30,21.7,24,26.5,2952.69,66.71,208,307,MIXED,20.0,17.0,WORKLOAD_STEP
2026-07-09 21:59:06.399920400+05:30,22.1,26,25.8,3012.94,66.7,208,307,MIXED,20.0,17.0,WORKLOAD_STEP
2026-07-09 21:59:08.417968500+05:30,20.9,26,27.6,3193.73,66.68,208,307,MIXED,20.0,17.0,WORKLOAD_STEP
2026-07-09 21:59:10.435763100+05:30,20.3,24,24.5,3073.21,66.65,208,307,MIXED,20.0,17.0,WORKLOAD_STEP
2026-07-09 21:59:12.453213700+05:30,20.8,27,27.5,2691.57,66.64,208,307,MIXED,20.0,17.0,WORKLOAD_STEP
2026-07-09 21:59:14.470666700+05:30,24.2,22,23.6,3022.99,66.69,208,307,MIXED,20.0,17.0,WORKLOAD_STEP
2026-07-09 21:59:16.490115500+05:30,25.6,24,23.5,3183.67,66.68,209,307,MIXED,20.0,17.0,WORKLOAD_STEP
2026-07-09 21:59:18.511084+05:30,23.6,26,25.4,2832.16,66.67,209,307,MIXED,20.0,17.0,WORKLOAD_STEP
2026-07-09 21:59:20.544152600+05:30,24.9,36,25.5,2802.05,66.95,209,309,MIXED,20.0,17.0,WORKLOAD_STEP
2026-07-09 21:59:22.569656800+05:30,24.1,19,25.5,3043.08,66.69,209,307,MIXED,20.0,17.0,WORKLOAD_STEP
2026-07-09 21:59:24.589729800+05:30,48.2,34,25.6,2671.48,66.68,207,307,MIXED,80.0,18.0,WORKLOAD_STEP
2026-07-09 21:59:26.626639800+05:30,81.9,32,24.3,2500.73,66.73,206,307,MIXED,80.0,18.0,WORKLOAD_STEP
2026-07-09 21:59:28.657591200+05:30,80.1,32,24.2,2621.24,66.71,206,307,MIXED,80.0,18.0,WORKLOAD_STEP
2026-07-09 21:59:30.689696300+05:30,87.6,34,25.8,2631.29,66.72,206,307,MIXED,80.0,18.0,WORKLOAD_STEP
2026-07-09 21:59:32.716528800+05:30,82.8,33,23.6,2611.19,66.71,206,307,MIXED,80.0,18.0,WORKLOAD_STEP
2026-07-09 21:59:34.744441500+05:30,83.1,34,25.7,2601.14,66.71,206,307,MIXED,80.0,18.0,WORKLOAD_STEP
2026-07-09 21:59:36.773280400+05:30,79.9,34,24.4,2751.81,66.68,206,307,MIXED,80.0,18.0,WORKLOAD_STEP
2026-07-09 21:59:38.803695900+05:30,82.3,36,27.3,2661.4,66.69,206,307,MIXED,80.0,18.0,WORKLOAD_STEP
2026-07-09 21:59:40.832681300+05:30,80.2,34,25.7,2641.33,66.68,206,307,MIXED,80.0,18.0,WORKLOAD_STEP
2026-07-09 21:59:42.864934400+05:30,82.4,34,23.5,2540.9,66.66,206,307,MIXED,80.0,18.0,WORKLOAD_STEP
2026-07-09 21:59:44.896156300+05:30,80.3,30,25.9,2641.34,66.65,206,307,MIXED,80.0,18.0,WORKLOAD_STEP
2026-07-09 21:59:46.927896300+05:30,80.4,33,24.8,2581.06,66.72,207,307,MIXED,80.0,18.0,WORKLOAD_STEP
2026-07-09 21:59:48.955401900+05:30,80.6,34,25.8,2560.99,66.65,207,307,MIXED,80.0,18.0,WORKLOAD_STEP
2026-07-09 21:59:50.990192500+05:30,87.1,34,25.1,2661.43,66.63,207,307,MIXED,80.0,18.0,WORKLOAD_STEP
2026-07-09 21:59:53.020820400+05:30,80.6,33,24.8,2631.29,66.66,207,307,MIXED,80.0,18.0,WORKLOAD_STEP
2026-07-09 21:59:55.074895700+05:30,80.2,34,25.7,2621.24,66.66,207,307,MIXED,80.0,18.0,WORKLOAD_STEP
2026-07-09 21:59:57.104364600+05:30,80.2,33,26.0,2641.34,66.66,207,307,MIXED,80.0,18.0,WORKLOAD_STEP
2026-07-09 21:59:59.138641600+05:30,79.9,33,25.2,2661.41,66.65,207,307,MIXED,80.0,18.0,WORKLOAD_STEP
2026-07-09 22:00:01.170954100+05:30,82.2,33,24.6,2681.49,66.65,207,307,MIXED,80.0,18.0,WORKLOAD_STEP
2026-07-09 22:00:03.204261600+05:30,80.1,32,25.1,2621.23,66.65,207,307,MIXED,80.0,18.0,WORKLOAD_STEP
2026-07-09 22:00:05.246207200+05:30,80.6,32,23.4,2611.21,66.64,207,307,MIXED,80.0,18.0,WORKLOAD_STEP
2026-07-09 22:00:07.276761300+05:30,92.3,34,26.0,2400.3,66.85,207,311,MIXED,80.0,18.0,WORKLOAD_STEP
2026-07-09 22:00:09.317784400+05:30,93.4,34,25.2,2420.37,67.01,206,311,MIXED,80.0,18.0,WORKLOAD_STEP
2026-07-09 22:00:11.351614700+05:30,91.8,34,25.8,2560.98,67.93,214,311,MIXED,80.0,19.0,WORKLOAD_STEP
2026-07-09 22:00:13.383919900+05:30,88.7,33,24.3,2560.98,67.88,218,311,MIXED,80.0,19.0,WORKLOAD_STEP
2026-07-09 22:00:15.418137+05:30,83.9,34,24.5,2530.85,67.91,218,311,MIXED,80.0,19.0,WORKLOAD_STEP
2026-07-09 22:00:17.442964900+05:30,82.0,33,25.3,2641.32,67.9,218,311,MIXED,80.0,19.0,WORKLOAD_STEP
2026-07-09 22:00:19.475642+05:30,81.2,30,24.0,2591.1,67.9,218,311,MIXED,80.0,19.0,WORKLOAD_STEP
2026-07-09 22:00:21.508965700+05:30,88.3,34,25.7,2520.82,67.94,218,311,MIXED,80.0,19.0,WORKLOAD_STEP
2026-07-09 22:00:23.539466900+05:30,86.6,33,25.2,2581.07,67.91,218,311,MIXED,80.0,19.0,WORKLOAD_STEP
2026-07-09 22:00:25.568855800+05:30,84.2,33,23.2,2581.06,67.91,218,311,MIXED,80.0,19.0,WORKLOAD_STEP
2026-07-09 22:00:27.614606400+05:30,80.1,33,24.4,2661.41,67.9,218,311,MIXED,80.0,19.0,WORKLOAD_STEP
2026-07-09 22:00:29.645438700+05:30,81.0,33,23.8,2470.61,67.91,219,311,MIXED,80.0,19.0,WORKLOAD_STEP
2026-07-09 22:00:31.682071500+05:30,81.2,33,24.4,2661.41,67.9,221,311,MIXED,80.0,19.0,WORKLOAD_STEP
2026-07-09 22:00:33.713163500+05:30,82.5,34,26.3,2621.24,67.9,221,311,MIXED,80.0,19.0,WORKLOAD_STEP
2026-07-09 22:00:35.742774400+05:30,80.4,33,25.3,2711.63,67.9,221,311,MIXED,80.0,19.0,WORKLOAD_STEP
2026-07-09 22:00:37.777234400+05:30,84.3,33,23.8,2611.19,67.9,218,311,MIXED,80.0,19.0,WORKLOAD_STEP
2026-07-09 22:00:39.807799300+05:30,82.8,34,25.9,2641.33,67.9,217,311,MIXED,80.0,19.0,WORKLOAD_STEP
2026-07-09 22:00:41.844320100+05:30,82.5,32,25.9,2621.24,67.91,213,311,MIXED,80.0,19.0,WORKLOAD_STEP
2026-07-09 22:00:43.873717+05:30,86.2,34,24.4,2400.3,67.9,213,311,MIXED,80.0,19.0,WORKLOAD_STEP
2026-07-09 22:00:45.908719200+05:30,87.4,34,24.8,2530.86,67.89,213,311,MIXED,80.0,19.0,WORKLOAD_STEP
2026-07-09 22:00:47.942198800+05:30,89.9,33,25.0,2460.56,67.47,213,311,MIXED,80.0,19.0,WORKLOAD_STEP
2026-07-09 22:00:49.981543400+05:30,86.3,33,23.7,2551.07,67.47,213,311,MIXED,80.0,19.0,WORKLOAD_STEP
2026-07-09 22:00:52.016224+05:30,82.0,34,27.1,2520.81,67.49,209,311,MIXED,80.0,19.0,WORKLOAD_STEP
2026-07-09 22:00:54.048481400+05:30,81.4,30,22.1,2641.33,67.49,209,311,MIXED,80.0,19.0,WORKLOAD_STEP
2026-07-09 22:00:56.079235+05:30,80.1,33,24.3,2671.45,67.48,207,311,MIXED,80.0,19.0,WORKLOAD_STEP
2026-07-09 22:00:58.116470700+05:30,79.8,33,24.1,2681.5,67.47,207,311,MIXED,80.0,19.0,WORKLOAD_STEP
2026-07-09 22:01:00.153129100+05:30,89.8,36,26.1,2480.64,67.49,207,311,MIXED,80.0,19.0,WORKLOAD_STEP
2026-07-09 22:01:02.201426700+05:30,86.9,34,26.3,2490.68,67.48,207,311,MIXED,80.0,19.0,WORKLOAD_STEP
2026-07-09 22:01:04.234768600+05:30,87.6,34,25.6,2500.73,67.48,207,311,MIXED,80.0,19.0,WORKLOAD_STEP
2026-07-09 22:01:06.274520+05:30,87.8,33,24.6,2470.6,67.48,207,311,MIXED,80.0,19.0,WORKLOAD_STEP
2026-07-09 22:01:08.313483600+05:30,89.1,33,26.1,2460.56,67.43,207,310,MIXED,80.0,19.0,WORKLOAD_STEP
2026-07-09 22:01:10.347578700+05:30,28.5,40,14.8,2530.88,67.43,207,310,MIXED,20.0,20.0,WORKLOAD_STEP
2026-07-09 22:01:12.369101900+05:30,31.4,27,19.9,2812.07,67.29,205,309,MIXED,20.0,20.0,WORKLOAD_STEP
2026-07-09 22:01:14.393521100+05:30,21.6,44,8.9,1968.45,67.3,207,309,MIXED,20.0,20.0,WORKLOAD_STEP
2026-07-09 22:01:16.424665500+05:30,23.6,32,10.7,2550.96,67.31,207,309,MIXED,20.0,20.0,WORKLOAD_STEP
2026-07-09 22:01:18.455155800+05:30,24.0,29,14.3,2350.1,67.3,207,309,MIXED,20.0,20.0,WORKLOAD_STEP
2026-07-09 22:01:20.488658200+05:30,24.9,29,21.9,2611.21,67.62,207,311,MIXED,20.0,20.0,WORKLOAD_STEP
2026-07-09 22:01:22.514572+05:30,21.7,37,19.0,2420.4,67.26,206,309,MIXED,20.0,20.0,WORKLOAD_STEP
2026-07-09 22:01:24.535846300+05:30,22.2,42,15.6,2771.91,67.29,206,309,MIXED,20.0,20.0,WORKLOAD_STEP
2026-07-09 22:01:26.558935100+05:30,22.8,32,20.2,2671.49,67.3,206,309,MIXED,20.0,20.0,WORKLOAD_STEP
2026-07-09 22:01:28.578685800+05:30,27.0,36,20.9,2309.92,67.39,206,309,MIXED,20.0,20.0,WORKLOAD_STEP
2026-07-09 22:01:30.604312+05:30,44.4,34,29.2,2410.36,70.58,236,323,MIXED,20.0,20.0,WORKLOAD_STEP
2026-07-09 22:01:32.685361+05:30,65.9,34,26.9,2259.71,73.47,254,330,MIXED,20.0,20.0,WORKLOAD_STEP
2026-07-09 22:01:35.286221100+05:30,49.1,34,26.2,2540.92,75.35,271,342,MIXED,20.0,20.0,WORKLOAD_STEP
2026-07-09 22:01:38.341881100+05:30,42.9,32,27.1,2631.31,71.49,287,343,MIXED,20.0,20.0,WORKLOAD_STEP
2026-07-09 22:01:40.425657600+05:30,40.2,46,21.4,2741.79,71.73,289,339,MIXED,20.0,20.0,WORKLOAD_STEP
2026-07-09 22:01:42.511447+05:30,36.9,40,14.8,2591.14,71.6,290,338,MIXED,20.0,20.0,WORKLOAD_STEP
2026-07-09 22:01:44.584506100+05:30,44.6,40,22.1,2319.97,72.51,295,339,MIXED,20.0,20.0,WORKLOAD_STEP
2026-07-09 22:01:47.883789700+05:30,38.3,40,15.5,2109.06,72.97,298,340,MIXED,20.0,20.0,WORKLOAD_STEP
2026-07-09 22:01:50.451178600+05:30,32.1,41,13.3,3063.15,73.72,299,342,MIXED,20.0,20.0,WORKLOAD_STEP
2026-07-09 22:01:52.523312+05:30,35.7,40,14.3,2330.01,73.59,306,334,MIXED,20.0,20.0,WORKLOAD_STEP
2026-07-09 22:01:54.612026800+05:30,42.5,37,22.0,2942.64,73.21,315,334,MIXED,20.0,20.0,WORKLOAD_STEP
2026-07-09 22:01:56.657292600+05:30,39.0,18,24.0,2671.48,73.64,317,335,MIXED,20.0,20.0,WORKLOAD_STEP
2026-07-09 22:01:58.737158900+05:30,33.8,40,17.9,2279.77,73.7,317,336,MIXED,20.0,20.0,WORKLOAD_STEP
2026-07-09 22:02:00.814651700+05:30,27.5,41,11.8,2691.56,73.83,317,336,MIXED,20.0,20.0,WORKLOAD_STEP
2026-07-09 22:02:03.046007800+05:30,35.3,40,17.2,2319.97,73.69,312,337,MIXED,20.0,20.0,WORKLOAD_STEP
2026-07-09 22:02:05.137851500+05:30,43.9,41,20.0,3464.89,75.28,313,337,MIXED,40.0,21.0,WORKLOAD_STEP
2026-07-09 22:02:07.266595500+05:30,43.2,39,24.6,2269.75,76.07,332,336,MIXED,40.0,21.0,WORKLOAD_STEP
2026-07-09 22:02:09.372204300+05:30,43.9,34,25.8,2802.03,76.41,334,336,MIXED,40.0,21.0,WORKLOAD_STEP
2026-07-09 22:02:11.458376500+05:30,62.0,34,24.7,2279.8,77.44,336,336,MIXED,40.0,21.0,WORKLOAD_STEP
2026-07-09 22:02:13.496337+05:30,99.8,36,26.6,2309.89,78.18,338,336,MIXED,40.0,21.0,WORKLOAD_STEP
2026-07-09 22:02:18.151237600+05:30,46.6,51,16.1,2319.97,79.18,331,337,MIXED,40.0,21.0,WORKLOAD_STEP
2026-07-09 22:02:25.211021800+05:30,93.8,36,28.0,2440.46,81.13,330,339,MIXED,40.0,21.0,WORKLOAD_STEP
2026-07-09 22:02:27.292686+05:30,83.5,36,25.0,2520.83,80.59,331,335,MIXED,40.0,21.0,WORKLOAD_STEP
2026-07-09 22:02:29.335871200+05:30,67.3,34,23.7,2591.12,81.06,332,335,MIXED,40.0,21.0,WORKLOAD_STEP
2026-07-09 22:02:31.374032500+05:30,54.1,37,23.6,2721.69,82.68,337,335,MIXED,40.0,21.0,WORKLOAD_STEP
2026-07-09 22:02:33.402862+05:30,69.0,36,28.0,2500.74,83.3,337,336,MIXED,40.0,21.0,WORKLOAD_STEP
2026-07-09 22:02:35.444332200+05:30,77.6,36,27.4,2440.49,83.46,337,337,MIXED,40.0,21.0,WORKLOAD_STEP
2026-07-09 22:02:37.600413200+05:30,54.4,33,29.7,2691.56,82.73,328,337,MIXED,40.0,21.0,WORKLOAD_STEP
2026-07-09 22:02:39.700898800+05:30,32.5,42,11.8,2751.83,82.04,325,337,MIXED,40.0,21.0,WORKLOAD_STEP
2026-07-09 22:02:41.844450600+05:30,35.5,39,17.1,2962.71,80.43,326,335,MIXED,40.0,21.0,WORKLOAD_STEP
2026-07-09 22:02:43.885897400+05:30,66.0,32,27.1,2571.03,80.65,327,336,MIXED,40.0,21.0,WORKLOAD_STEP
2026-07-09 22:02:45.921725200+05:30,32.7,42,18.8,2480.65,81.03,325,336,MIXED,40.0,21.0,WORKLOAD_STEP
2026-07-09 22:02:48.065956400+05:30,28.6,46,10.1,2912.51,80.82,325,336,MIXED,40.0,21.0,WORKLOAD_STEP
2026-07-09 22:02:50.169397100+05:30,29.3,45,10.4,3133.46,80.67,325,335,MIXED,40.0,21.0,WORKLOAD_STEP
2026-07-09 22:02:52.293919600+05:30,30.4,46,11.1,2109.06,80.47,325,335,MIXED,40.0,21.0,WORKLOAD_STEP
2026-07-09 22:02:54.404097300+05:30,30.2,43,12.1,2691.56,80.66,324,337,MIXED,40.0,21.0,WORKLOAD_STEP
2026-07-09 22:02:56.550642200+05:30,71.2,34,26.8,2319.97,78.7,313,330,MIXED,40.0,21.0,WORKLOAD_STEP
2026-07-09 22:02:58.590464300+05:30,61.8,34,25.8,2611.22,70.31,306,317,MIXED,40.0,21.0,WORKLOAD_STEP
2026-07-09 22:03:00.619545800+05:30,49.3,32,24.3,2791.98,70.3,307,315,MIXED,40.0,21.0,WORKLOAD_STEP
2026-07-09 22:03:02.651334900+05:30,48.6,36,23.4,2520.81,68.17,306,315,MIXED,40.0,21.0,WORKLOAD_STEP
2026-07-09 22:03:04.698090700+05:30,87.5,34,28.1,2410.35,74.06,334,334,MIXED,40.0,21.0,WORKLOAD_STEP
2026-07-09 22:03:06.939953900+05:30,42.0,37,20.9,2892.4,75.33,341,338,MIXED,40.0,21.0,WORKLOAD_STEP
2026-07-09 22:03:09.106029500+05:30,32.8,50,13.6,2330.01,74.99,351,345,MIXED,40.0,21.0,WORKLOAD_STEP
2026-07-09 22:03:11.307368600+05:30,30.7,43,11.8,2269.74,74.91,358,344,MIXED,40.0,21.0,WORKLOAD_STEP
2026-07-09 22:03:13.413239600+05:30,31.6,45,10.6,2330.01,75.0,357,344,MIXED,40.0,21.0,WORKLOAD_STEP
2026-07-09 22:03:15.522703800+05:30,32.9,50,11.5,2530.88,73.28,357,345,MIXED,40.0,21.0,WORKLOAD_STEP
2026-07-09 22:03:17.633569700+05:30,28.7,46,7.6,2390.26,73.29,357,345,MIXED,40.0,21.0,WORKLOAD_STEP
2026-07-09 22:03:19.790544200+05:30,33.5,42,16.2,2319.97,73.32,359,345,MIXED,40.0,21.0,WORKLOAD_STEP
2026-07-09 22:03:21.895422100+05:30,25.8,48,8.8,3043.07,73.33,361,345,MIXED,40.0,21.0,WORKLOAD_STEP
2026-07-09 22:03:23.994361600+05:30,26.6,49,6.9,2802.03,73.36,359,345,MIXED,40.0,21.0,WORKLOAD_STEP
2026-07-09 22:03:26.091026600+05:30,27.0,48,7.1,2269.74,73.37,359,345,MIXED,40.0,21.0,WORKLOAD_STEP
2026-07-09 22:03:28.220170200+05:30,33.2,48,11.8,2109.06,73.36,360,344,MIXED,40.0,21.0,WORKLOAD_STEP
2026-07-09 22:03:30.331017500+05:30,28.1,49,7.4,2109.06,73.26,358,344,MIXED,40.0,21.0,WORKLOAD_STEP
2026-07-09 22:03:32.582006500+05:30,27.2,49,7.1,2109.06,73.33,359,344,MIXED,40.0,21.0,WORKLOAD_STEP
2026-07-09 22:03:34.696937900+05:30,26.8,49,7.5,2109.06,73.12,329,343,MIXED,40.0,21.0,WORKLOAD_STEP
2026-07-09 22:03:36.842996300+05:30,27.3,50,7.0,2340.05,73.11,326,343,MIXED,40.0,21.0,WORKLOAD_STEP
2026-07-09 22:03:39.102595+05:30,27.3,50,7.2,2109.06,73.1,304,343,MIXED,40.0,21.0,WORKLOAD_STEP
2026-07-09 22:03:41.230222400+05:30,29.1,49,9.3,2400.31,73.09,301,343,MIXED,40.0,21.0,WORKLOAD_STEP
2026-07-09 22:03:43.345872500+05:30,30.1,48,9.5,2109.06,73.14,301,343,MIXED,40.0,21.0,WORKLOAD_STEP
2026-07-09 22:03:45.493224700+05:30,32.4,50,7.1,2109.06,73.17,301,344,MIXED,90.0,22.0,WORKLOAD_STEP
2026-07-09 22:03:47.719579400+05:30,27.9,55,7.3,2109.06,73.16,301,344,MIXED,90.0,22.0,WORKLOAD_STEP
2026-07-09 22:03:49.952230400+05:30,25.8,50,7.5,2109.06,73.17,300,343,MIXED,90.0,22.0,WORKLOAD_STEP
2026-07-09 22:03:52.190601900+05:30,25.7,53,7.2,2109.06,73.16,298,343,MIXED,90.0,22.0,WORKLOAD_STEP
2026-07-09 22:03:54.435651+05:30,25.7,52,7.0,2109.06,73.19,298,343,MIXED,90.0,22.0,WORKLOAD_STEP
2026-07-09 22:03:56.656089700+05:30,26.1,52,6.8,2109.06,73.16,298,342,MIXED,90.0,22.0,WORKLOAD_STEP
2026-07-09 22:03:58.881778400+05:30,27.2,52,7.7,2109.06,73.13,298,340,MIXED,90.0,22.0,WORKLOAD_STEP
2026-07-09 22:04:01.126347+05:30,27.2,53,7.4,2109.06,73.12,298,341,MIXED,90.0,22.0,WORKLOAD_STEP
2026-07-09 22:04:03.367534100+05:30,27.4,53,6.5,2109.06,73.05,296,340,MIXED,90.0,22.0,WORKLOAD_STEP
2026-07-09 22:04:05.693251+05:30,26.7,53,7.2,2109.06,73.03,298,340,MIXED,90.0,22.0,WORKLOAD_STEP
2026-07-09 22:04:07.931574300+05:30,27.5,50,7.7,2269.74,73.0,296,339,MIXED,90.0,22.0,WORKLOAD_STEP
2026-07-09 22:04:10.216380800+05:30,32.7,46,8.3,2109.06,73.13,296,340,MIXED,90.0,22.0,WORKLOAD_STEP
2026-07-09 22:04:12.417167900+05:30,30.7,54,11.1,2109.06,73.06,296,340,MIXED,90.0,22.0,WORKLOAD_STEP
2026-07-09 22:04:14.625424400+05:30,30.1,49,10.8,2109.06,73.08,296,340,MIXED,90.0,22.0,WORKLOAD_STEP
2026-07-09 22:04:16.825975+05:30,30.8,48,12.0,2340.05,73.1,296,339,MIXED,90.0,22.0,WORKLOAD_STEP
2026-07-09 22:04:19.012347400+05:30,32.5,48,11.4,2340.05,73.0,296,340,MIXED,90.0,22.0,WORKLOAD_STEP
2026-07-09 22:04:21.207923+05:30,31.1,48,12.0,2812.05,73.03,296,340,MIXED,90.0,22.0,WORKLOAD_STEP
2026-07-09 22:04:23.644775500+05:30,30.5,42,13.9,2109.06,73.94,301,340,MIXED,90.0,22.0,WORKLOAD_STEP
2026-07-09 22:04:25.851446+05:30,32.6,48,12.6,3043.08,74.22,301,341,MIXED,90.0,22.0,WORKLOAD_STEP
2026-07-09 22:04:28.078083100+05:30,32.0,45,12.8,2882.38,74.26,305,343,MIXED,90.0,22.0,WORKLOAD_STEP
2026-07-09 22:04:30.292917+05:30,29.8,50,9.0,2109.06,74.21,309,344,MIXED,90.0,22.0,WORKLOAD_STEP
2026-07-09 22:04:33.196955700+05:30,30.0,48,9.3,2109.06,74.07,312,343,MIXED,90.0,22.0,WORKLOAD_STEP
2026-07-09 22:04:35.491400200+05:30,32.0,49,9.8,2109.06,74.47,312,343,MIXED,90.0,22.0,WORKLOAD_STEP
2026-07-09 22:04:37.807009800+05:30,52.3,37,22.4,2581.08,76.04,310,343,MIXED,90.0,22.0,WORKLOAD_STEP
2026-07-09 22:04:39.871515+05:30,99.8,36,29.3,2550.94,76.18,308,344,MIXED,90.0,22.0,WORKLOAD_STEP
2026-07-09 22:04:41.934572+05:30,90.1,36,31.3,2530.86,76.29,307,343,MIXED,10.0,23.0,WORKLOAD_STEP
2026-07-09 22:04:44.049479200+05:30,86.6,34,31.5,2360.14,75.8,307,336,MIXED,10.0,23.0,WORKLOAD_STEP
2026-07-09 22:04:46.094539600+05:30,78.5,37,28.9,2370.16,75.9,308,337,MIXED,10.0,23.0,WORKLOAD_STEP
2026-07-09 22:04:48.120656700+05:30,81.2,36,28.3,2259.69,76.16,309,340,MIXED,10.0,23.0,WORKLOAD_STEP
2026-07-09 22:04:50.254453800+05:30,84.5,36,28.3,2480.64,76.49,315,339,MIXED,10.0,23.0,WORKLOAD_STEP
2026-07-09 22:04:52.302333700+05:30,91.4,34,24.6,2259.7,79.96,316,342,MIXED,10.0,23.0,WORKLOAD_STEP
2026-07-09 22:04:54.353501700+05:30,58.0,37,25.8,2611.22,79.5,316,342,MIXED,10.0,23.0,WORKLOAD_STEP
2026-07-09 22:04:56.454940800+05:30,44.5,40,16.1,3073.21,79.7,289,343,MIXED,10.0,23.0,WORKLOAD_STEP
2026-07-09 22:04:58.565485200+05:30,37.6,34,22.2,3495.01,80.79,292,343,MIXED,10.0,23.0,WORKLOAD_STEP
2026-07-09 22:05:00.682728600+05:30,22.4,41,22.0,2581.09,80.75,291,343,MIXED,10.0,23.0,WORKLOAD_STEP
2026-07-09 22:05:02.707234100+05:30,61.3,36,27.2,2370.17,80.74,291,343,UNASSIGNED,,,
2026-07-09 22:05:05.550786400+05:30,32.2,41,13.4,2802.01,81.11,289,344,UNASSIGNED,,,
2026-07-09 22:05:12.962440400+05:30,50.7,45,11.8,2319.97,80.29,255,344,UNASSIGNED,,,
2026-07-09 22:05:15.073061400+05:30,99.6,36,24.9,2781.94,80.71,255,345,UNASSIGNED,,,
2026-07-09 22:05:17.263548600+05:30,28.1,45,11.3,1958.41,80.49,255,347,UNASSIGNED,,,
2026-07-09 22:05:19.557895500+05:30,35.4,40,16.3,2741.79,80.69,257,346,UNASSIGNED,,,
2026-07-09 22:05:21.740090100+05:30,69.3,37,30.7,2450.51,77.04,256,347,UNASSIGNED,,,
2026-07-09 22:05:23.823669900+05:30,99.3,34,28.3,2400.3,77.41,253,348,UNASSIGNED,,,
2026-07-09 22:05:26.002911400+05:30,99.4,34,27.8,2420.39,76.78,255,346,UNASSIGNED,,,
2026-07-09 22:05:28.657171700+05:30,69.6,34,19.7,2802.01,77.87,255,348,UNASSIGNED,,,
2026-07-09 22:05:32.030071700+05:30,37.0,41,17.7,2109.06,78.53,255,347,UNASSIGNED,,,
2026-07-09 22:05:34.139412100+05:30,74.7,33,27.7,2390.25,78.86,254,346,UNASSIGNED,,,
2026-07-09 22:05:36.203286700+05:30,99.9,34,28.0,2319.95,78.95,254,346,UNASSIGNED,,,
2026-07-09 22:05:38.399277300+05:30,100.0,36,27.9,2299.84,78.99,255,348,UNASSIGNED,,,
2026-07-09 22:05:40.819234400+05:30,100.0,36,25.3,2380.23,79.15,252,343,UNASSIGNED,,,
